policy,date,material,unit,opening,received,consumed,waste,closing,purchased,pending_quantity,waste_cost,purchase_cost,holding_cost,closing_value
manual,2025-07-20,coffee_beans,g,19935.79714285714,0.0,6507.539999999999,0.0,13428.257142857141,56000.0,56000.0,0.0,67200.0,16.113908571428567,16113.908571428568
manual,2025-07-20,milk,ml,190152.0,0.0,57666.0,0.0,132486.0,115000.0,115000.0,0.0,6900.0,7.94916,7949.16
manual,2025-07-20,sugar,g,10670.21142857143,0.0,3174.46,0.0,7495.751428571428,28000.0,28000.0,0.0,1260.0,0.33730881428571424,337.3088142857142
manual,2025-07-20,chocolate_syrup,ml,3436.4571428571435,0.0,1185.6000000000001,0.0,2250.857142857143,9000.0,9000.0,0.0,2700.0,0.6752571428571429,675.2571428571429
manual,2025-07-20,tea_leaves,g,881.0914285714287,0.0,226.6,0.0,654.4914285714286,2500.0,2500.0,0.0,1500.0,0.3926948571428572,392.6948571428572
manual,2025-07-20,ice,g,32899.885714285716,0.0,9763.2,0.0,23136.685714285715,60000.0,60000.0,0.0,600.0,0.23136685714285715,231.36685714285716
manual,2025-07-20,croissant_dough,pcs,38.417142857142856,0.0,28.080000000000002,0.0,10.337142857142855,50.0,50.0,0.0,2250.0,0.46517142857142846,465.17142857142846
manual,2025-07-20,bread,pcs,85.86,0.0,84.80000000000001,0.0,1.059999999999988,110.0,110.0,0.0,880.0,0.008479999999999904,8.479999999999905
manual,2025-07-20,cup_hot,pcs,1151.2457142857145,0.0,371.83,0.0,779.4157142857146,3300.0,3300.0,0.0,13200.0,3.117662857142858,3117.6628571428582
manual,2025-07-20,cup_cold,pcs,290.0185714285714,0.0,85.49000000000001,0.0,204.5285714285714,900.0,900.0,0.0,4500.0,1.0226428571428572,1022.6428571428571
manual,2025-07-21,coffee_beans,g,13428.257142857141,0.0,5784.48,0.0,7643.777142857143,8000.0,64000.0,0.0,9600.0,9.172532571428572,9172.532571428572
manual,2025-07-21,milk,ml,132486.0,115000.0,56679.0,0.0,190807.0,57000.0,57000.0,0.0,3420.0,11.44842,11448.42
manual,2025-07-21,sugar,g,7495.751428571428,0.0,3109.57,0.0,4386.181428571428,3000.0,31000.0,0.0,135.0,0.19737816428571428,197.37816428571426
manual,2025-07-21,chocolate_syrup,ml,2250.857142857143,0.0,1029.6000000000001,0.0,1221.257142857143,1500.0,10500.0,0.0,450.0,0.3663771428571429,366.37714285714287
manual,2025-07-21,tea_leaves,g,654.4914285714286,0.0,255.44,0.0,399.05142857142863,500.0,3000.0,0.0,300.0,0.2394308571428572,239.43085714285718
manual,2025-07-21,ice,g,23136.685714285715,60000.0,10130.400000000001,0.0,73006.28571428571,9000.0,9000.0,0.0,90.0,0.7300628571428571,730.0628571428571
manual,2025-07-21,croissant_dough,pcs,10.337142857142855,50.0,28.080000000000002,0.0,32.25714285714285,40.0,40.0,0.0,1800.0,1.4515714285714285,1451.5714285714284
manual,2025-07-21,bread,pcs,1.059999999999988,110.0,61.480000000000004,0.0,49.579999999999984,100.0,100.0,0.0,800.0,0.3966399999999999,396.6399999999999
manual,2025-07-21,cup_hot,pcs,779.4157142857146,0.0,331.66,0.0,447.7557142857146,400.0,3700.0,0.0,1600.0,1.7910228571428584,1791.0228571428584
manual,2025-07-21,cup_cold,pcs,204.5285714285714,0.0,87.55000000000001,0.0,116.9785714285714,100.0,1000.0,0.0,500.0,0.584892857142857,584.892857142857
manual,2025-07-22,coffee_beans,g,7643.777142857143,0.0,5506.379999999999,0.0,2137.3971428571435,8000.0,72000.0,0.0,9600.0,2.5648765714285724,2564.8765714285723
manual,2025-07-22,milk,ml,190807.0,57000.0,45664.5,0.0,202142.5,57000.0,57000.0,0.0,3420.0,12.128549999999999,12128.55
manual,2025-07-22,sugar,g,4386.181428571428,28000.0,2502.9,0.0,29883.281428571427,4000.0,7000.0,0.0,180.0,1.3447476642857141,1344.747664285714
manual,2025-07-22,chocolate_syrup,ml,1221.257142857143,9000.0,842.4000000000001,0.0,9378.857142857143,1000.0,2500.0,0.0,300.0,2.813657142857143,2813.657142857143
manual,2025-07-22,tea_leaves,g,399.05142857142863,0.0,247.20000000000002,0.0,151.8514285714286,500.0,3500.0,0.0,300.0,0.09111085714285717,91.11085714285717
manual,2025-07-22,ice,g,73006.28571428571,9000.0,6264.000000000001,0.0,75742.28571428571,11000.0,11000.0,0.0,110.0,0.7574228571428571,757.4228571428571
manual,2025-07-22,croissant_dough,pcs,32.25714285714285,40.0,21.6,0.0,50.65714285714285,20.0,20.0,0.0,900.0,2.2795714285714284,2279.5714285714284
manual,2025-07-22,bread,pcs,49.579999999999984,100.0,89.04,0.0,60.53999999999998,60.0,60.0,0.0,480.0,0.4843199999999998,484.3199999999998
manual,2025-07-22,cup_hot,pcs,447.7557142857146,0.0,341.96000000000004,0.0,105.79571428571455,500.0,4200.0,0.0,2000.0,0.4231828571428582,423.1828571428582
manual,2025-07-22,cup_cold,pcs,116.9785714285714,0.0,53.56,0.0,63.4185714285714,100.0,1100.0,0.0,500.0,0.317092857142857,317.092857142857
manual,2025-07-23,coffee_beans,g,2137.3971428571435,56000.0,2836.62,0.0,55300.77714285714,6000.0,22000.0,0.0,7200.0,66.36093257142856,66360.93257142857
manual,2025-07-23,milk,ml,202142.5,57000.0,19299.0,0.0,239843.5,46000.0,46000.0,0.0,2760.0,14.390609999999999,14390.609999999999
manual,2025-07-23,sugar,g,29883.281428571427,3000.0,1131.97,0.0,31751.31142857143,2000.0,6000.0,0.0,90.0,1.4288090142857144,1428.8090142857143
manual,2025-07-23,chocolate_syrup,ml,9378.857142857143,1500.0,0.0,0.0,10878.857142857143,500.0,1500.0,0.0,150.0,3.263657142857143,3263.657142857143
manual,2025-07-23,tea_leaves,g,151.8514285714286,2500.0,0.0,0.0,2651.8514285714286,0.0,1000.0,0.0,0.0,1.5911108571428572,1591.1108571428572
manual,2025-07-23,ice,g,75742.28571428571,11000.0,6069.6,0.0,80672.6857142857,7000.0,7000.0,0.0,70.0,0.8067268571428571,806.726857142857
manual,2025-07-23,croissant_dough,pcs,50.65714285714285,20.0,29.160000000000004,10.657142857142851,30.839999999999996,40.0,40.0,479.5714285714283,1800.0,1.3877999999999997,1387.7999999999997
manual,2025-07-23,bread,pcs,60.53999999999998,60.0,91.16000000000001,0.0,29.379999999999967,90.0,90.0,0.0,720.0,0.23503999999999975,235.03999999999974
manual,2025-07-23,cup_hot,pcs,105.79571428571455,0.0,105.06,0.0,0.7357142857145504,500.0,4700.0,0.0,2000.0,0.002942857142858202,2.9428571428582018
manual,2025-07-23,cup_cold,pcs,63.4185714285714,0.0,52.53,0.0,10.888571428571396,100.0,1200.0,0.0,500.0,0.05444285714285698,54.44285714285698
manual,2025-07-24,coffee_beans,g,55300.77714285714,8000.0,5209.74,0.0,58091.03714285715,3000.0,17000.0,0.0,3600.0,69.70924457142858,69709.24457142859
manual,2025-07-24,milk,ml,239843.5,46000.0,41044.5,10843.5,233955.5,69000.0,69000.0,650.61,4140.0,14.03733,14037.33
manual,2025-07-24,sugar,g,31751.31142857143,4000.0,2376.21,0.0,33375.101428571434,1000.0,3000.0,0.0,45.0,1.5018795642857146,1501.8795642857144
manual,2025-07-24,chocolate_syrup,ml,10878.857142857143,1000.0,592.8000000000001,0.0,11286.057142857142,0.0,500.0,0.0,0.0,3.385817142857143,3385.8171428571427
manual,2025-07-24,tea_leaves,g,2651.8514285714286,500.0,276.04,0.0,2875.8114285714287,0.0,500.0,0.0,0.0,1.7254868571428572,1725.4868571428572
manual,2025-07-24,ice,g,80672.6857142857,7000.0,5335.200000000001,0.0,82337.4857142857,13000.0,13000.0,0.0,130.0,0.8233748571428571,823.3748571428571
manual,2025-07-24,croissant_dough,pcs,30.839999999999996,40.0,41.040000000000006,10.839999999999996,18.959999999999994,40.0,40.0,487.79999999999984,1800.0,0.8531999999999997,853.1999999999997
manual,2025-07-24,bread,pcs,29.379999999999967,90.0,59.36,0.0,60.01999999999997,90.0,90.0,0.0,720.0,0.48015999999999975,480.15999999999974
manual,2025-07-24,cup_hot,pcs,0.7357142857145504,3300.0,331.65999999999997,0.0,2969.075714285714,400.0,1800.0,0.0,1600.0,11.876302857142857,11876.302857142857
manual,2025-07-24,cup_cold,pcs,10.888571428571396,900.0,46.35,0.0,864.5385714285715,100.0,400.0,0.0,500.0,4.322692857142857,4322.692857142857
manual,2025-07-25,coffee_beans,g,58091.03714285715,8000.0,6340.6799999999985,0.0,59750.35714285715,5000.0,14000.0,0.0,6000.0,71.70042857142857,71700.42857142858
manual,2025-07-25,milk,ml,233955.5,69000.0,65121.0,73955.5,163879.0,76000.0,76000.0,4437.33,4560.0,9.83274,9832.74
manual,2025-07-25,sugar,g,33375.101428571434,2000.0,3774.95,0.0,31600.15142857143,3000.0,4000.0,0.0,135.0,1.4220068142857143,1422.0068142857142
manual,2025-07-25,chocolate_syrup,ml,11286.057142857142,500.0,1248.0,0.0,10538.057142857142,1000.0,1000.0,0.0,300.0,3.1614171428571427,3161.4171428571426
manual,2025-07-25,tea_leaves,g,2875.8114285714287,500.0,420.24,0.0,2955.5714285714284,500.0,500.0,0.0,300.0,1.7733428571428569,1773.342857142857
manual,2025-07-25,ice,g,82337.4857142857,13000.0,11210.400000000001,0.0,84127.0857142857,13000.0,13000.0,0.0,130.0,0.8412708571428571,841.270857142857
manual,2025-07-25,croissant_dough,pcs,18.959999999999994,40.0,25.92,0.0,33.03999999999999,40.0,40.0,0.0,1800.0,1.4867999999999997,1486.7999999999997
manual,2025-07-25,bread,pcs,60.01999999999997,90.0,67.84,0.0,82.17999999999996,60.0,60.0,0.0,480.0,0.6574399999999997,657.4399999999997
manual,2025-07-25,cup_hot,pcs,2969.075714285714,400.0,399.64000000000004,0.0,2969.4357142857143,300.0,1700.0,0.0,1200.0,11.877742857142858,11877.742857142857
manual,2025-07-25,cup_cold,pcs,864.5385714285715,100.0,98.88,0.0,865.6585714285715,100.0,400.0,0.0,500.0,4.328292857142857,4328.292857142857
manual,2025-07-26,coffee_beans,g,59750.35714285715,6000.0,6581.700000000001,0.0,59168.65714285715,6000.0,14000.0,0.0,7200.0,71.00238857142857,71002.38857142857
manual,2025-07-26,milk,ml,163879.0,76000.0,68922.0,0.0,170957.0,65000.0,65000.0,0.0,3900.0,10.25742,10257.42
manual,2025-07-26,sugar,g,31600.15142857143,1000.0,3877.95,0.0,28722.201428571432,3000.0,6000.0,0.0,135.0,1.2924990642857144,1292.4990642857144
manual,2025-07-26,chocolate_syrup,ml,10538.057142857142,0.0,2028.0000000000002,0.0,8510.057142857142,1000.0,2000.0,0.0,300.0,2.5530171428571427,2553.0171428571425
manual,2025-07-26,tea_leaves,g,2955.5714285714284,0.0,379.04,0.0,2576.5314285714285,500.0,1000.0,0.0,300.0,1.545918857142857,1545.918857142857
manual,2025-07-26,ice,g,84127.0857142857,13000.0,11728.800000000001,0.0,85398.28571428571,13000.0,13000.0,0.0,130.0,0.8539828571428572,853.9828571428571
manual,2025-07-26,croissant_dough,pcs,33.03999999999999,40.0,45.36,0.0,27.679999999999993,20.0,20.0,0.0,900.0,1.2455999999999998,1245.5999999999997
manual,2025-07-26,bread,pcs,82.17999999999996,60.0,76.32000000000001,0.0,65.85999999999996,70.0,70.0,0.0,560.0,0.5268799999999997,526.8799999999997
manual,2025-07-26,cup_hot,pcs,2969.4357142857143,500.0,425.39,0.0,3044.0457142857144,400.0,1600.0,0.0,1600.0,12.176182857142859,12176.182857142858
manual,2025-07-26,cup_cold,pcs,865.6585714285715,100.0,101.97,0.0,863.6885714285715,100.0,400.0,0.0,500.0,4.318442857142858,4318.442857142858
manual,2025-07-27,coffee_beans,g,59168.65714285715,3000.0,8398.619999999999,0.0,53770.03714285715,0.0,11000.0,0.0,0.0,64.52404457142859,64524.04457142858
manual,2025-07-27,milk,ml,170957.0,65000.0,79989.0,0.0,155968.0,29000.0,29000.0,0.0,1740.0,9.35808,9358.08
manual,2025-07-27,sugar,g,28722.201428571432,3000.0,4418.700000000001,0.0,27303.501428571428,0.0,3000.0,0.0,0.0,1.2286575642857143,1228.6575642857142
manual,2025-07-27,chocolate_syrup,ml,8510.057142857142,1000.0,1591.2,0.0,7918.857142857142,2000.0,3000.0,0.0,600.0,2.3756571428571425,2375.6571428571424
manual,2025-07-27,tea_leaves,g,2576.5314285714285,0.0,346.08,0.0,2230.4514285714286,500.0,1500.0,0.0,300.0,1.338270857142857,1338.270857142857
manual,2025-07-27,ice,g,85398.28571428571,13000.0,12571.2,0.0,85827.0857142857,0.0,0.0,0.0,0.0,0.858270857142857,858.270857142857
manual,2025-07-27,croissant_dough,pcs,27.679999999999993,20.0,34.56,0.0,13.11999999999999,30.0,30.0,0.0,1350.0,0.5903999999999995,590.3999999999995
manual,2025-07-27,bread,pcs,65.85999999999996,70.0,76.32000000000001,5.859999999999957,53.67999999999999,70.0,70.0,46.879999999999654,560.0,0.42943999999999993,429.43999999999994
manual,2025-07-27,cup_hot,pcs,3044.0457142857144,500.0,495.43000000000006,0.0,3048.6157142857146,200.0,1300.0,0.0,800.0,12.19446285714286,12194.462857142858
manual,2025-07-27,cup_cold,pcs,863.6885714285715,100.0,110.21000000000001,0.0,853.4785714285716,0.0,300.0,0.0,0.0,4.267392857142858,4267.392857142858
manual,2025-07-28,coffee_beans,g,53770.03714285715,5000.0,5432.219999999999,0.0,53337.81714285715,6000.0,12000.0,0.0,7200.0,64.00538057142857,64005.38057142858
manual,2025-07-28,milk,ml,155968.0,29000.0,47365.5,0.0,137602.5,79000.0,79000.0,0.0,4740.0,8.25615,8256.15
manual,2025-07-28,sugar,g,27303.501428571428,3000.0,2702.7200000000003,0.0,27600.781428571427,3000.0,3000.0,0.0,135.0,1.2420351642857144,1242.0351642857142
manual,2025-07-28,chocolate_syrup,ml,7918.857142857142,1000.0,686.4000000000001,0.0,8232.457142857142,2000.0,4000.0,0.0,600.0,2.4697371428571424,2469.7371428571423
manual,2025-07-28,tea_leaves,g,2230.4514285714286,500.0,243.08,0.0,2487.3714285714286,0.0,1000.0,0.0,0.0,1.492422857142857,1492.422857142857
manual,2025-07-28,ice,g,85827.0857142857,0.0,7214.400000000001,19827.085714285702,58785.6,11000.0,11000.0,198.27085714285704,110.0,0.587856,587.856
manual,2025-07-28,croissant_dough,pcs,13.11999999999999,30.0,25.92,0.0,17.19999999999999,40.0,40.0,0.0,1800.0,0.7739999999999996,773.9999999999995
manual,2025-07-28,bread,pcs,53.67999999999999,70.0,76.32000000000001,0.0,47.359999999999985,70.0,70.0,0.0,560.0,0.3788799999999999,378.8799999999999
manual,2025-07-28,cup_hot,pcs,3048.6157142857146,400.0,319.29999999999995,0.0,3129.3157142857144,500.0,1400.0,0.0,2000.0,12.517262857142859,12517.262857142858
manual,2025-07-28,cup_cold,pcs,853.4785714285716,100.0,65.92,0.0,887.5585714285717,0.0,200.0,0.0,0.0,4.437792857142859,4437.792857142858
manual,2025-07-29,coffee_beans,g,53337.81714285715,6000.0,7082.280000000001,0.0,52255.53714285715,6000.0,12000.0,0.0,7200.0,62.70664457142858,62706.64457142858
manual,2025-07-29,milk,ml,137602.5,79000.0,62874.0,0.0,153728.5,48000.0,48000.0,0.0,2880.0,9.223709999999999,9223.71
manual,2025-07-29,sugar,g,27600.781428571427,0.0,3500.9700000000003,0.0,24099.811428571425,3000.0,6000.0,0.0,135.0,1.084491514285714,1084.4915142857142
manual,2025-07-29,chocolate_syrup,ml,8232.457142857142,2000.0,1372.8000000000002,0.0,8859.657142857142,500.0,2500.0,0.0,150.0,2.6578971428571427,2657.8971428571426
manual,2025-07-29,tea_leaves,g,2487.3714285714286,500.0,321.36,0.0,2666.011428571429,500.0,1000.0,0.0,300.0,1.5996068571428572,1599.6068571428573
manual,2025-07-29,ice,g,58785.6,11000.0,10044.0,1785.5999999999997,57956.0,10000.0,10000.0,17.855999999999998,100.0,0.5795600000000001,579.5600000000001
manual,2025-07-29,croissant_dough,pcs,17.19999999999999,40.0,37.800000000000004,0.0,19.399999999999984,20.0,20.0,0.0,900.0,0.8729999999999993,872.9999999999993
manual,2025-07-29,bread,pcs,47.359999999999985,70.0,99.64,0.0,17.719999999999985,80.0,80.0,0.0,640.0,0.14175999999999989,141.75999999999988
manual,2025-07-29,cup_hot,pcs,3129.3157142857144,300.0,431.57000000000005,0.0,2997.7457142857147,300.0,1400.0,0.0,1200.0,11.990982857142859,11990.982857142859
manual,2025-07-29,cup_cold,pcs,887.5585714285717,100.0,87.55000000000001,0.0,900.0085714285716,0.0,100.0,0.0,0.0,4.500042857142859,4500.042857142858
manual,2025-07-30,coffee_beans,g,52255.53714285715,0.0,5877.18,0.0,46378.35714285715,7000.0,19000.0,0.0,8400.0,55.65402857142858,55654.02857142858
manual,2025-07-30,milk,ml,153728.5,48000.0,53613.0,0.0,148115.5,63000.0,63000.0,0.0,3780.0,8.886930000000001,8886.93
manual,2025-07-30,sugar,g,24099.811428571425,3000.0,2927.2600000000007,0.0,24172.55142857143,4000.0,7000.0,0.0,180.0,1.0877648142857144,1087.7648142857142
manual,2025-07-30,chocolate_syrup,ml,8859.657142857142,2000.0,811.2,0.0,10048.457142857142,1500.0,2000.0,0.0,450.0,3.0145371428571424,3014.5371428571425
manual,2025-07-30,tea_leaves,g,2666.011428571429,500.0,197.76,0.0,2968.2514285714287,0.0,500.0,0.0,0.0,1.7809508571428572,1780.950857142857
manual,2025-07-30,ice,g,57956.0,10000.0,9460.800000000001,955.9999999999991,57539.2,11000.0,11000.0,9.559999999999992,110.0,0.5753919999999999,575.3919999999999
manual,2025-07-30,croissant_dough,pcs,19.399999999999984,20.0,34.56,0.0,4.839999999999982,40.0,40.0,0.0,1800.0,0.2177999999999992,217.7999999999992
manual,2025-07-30,bread,pcs,17.719999999999985,80.0,86.92,0.0,10.799999999999983,100.0,100.0,0.0,800.0,0.08639999999999987,86.39999999999986
manual,2025-07-30,cup_hot,pcs,2997.7457142857147,400.0,320.33,0.0,3077.415714285715,500.0,1500.0,0.0,2000.0,12.30966285714286,12309.66285714286
manual,2025-07-30,cup_cold,pcs,900.0085714285716,100.0,82.4,0.0,917.6085714285716,0.0,0.0,0.0,0.0,4.588042857142859,4588.042857142858
manual,2025-07-31,coffee_beans,g,46378.35714285715,6000.0,7212.0599999999995,0.0,45166.29714285715,6000.0,19000.0,0.0,7200.0,54.19955657142858,54199.55657142858
manual,2025-07-31,milk,ml,148115.5,63000.0,67798.5,0.0,143317.0,53000.0,53000.0,0.0,3180.0,8.599020000000001,8599.02
manual,2025-07-31,sugar,g,24172.55142857143,3000.0,3664.7400000000007,0.0,23507.81142857143,3000.0,7000.0,0.0,135.0,1.0578515142857143,1057.8515142857143
manual,2025-07-31,chocolate_syrup,ml,10048.457142857142,500.0,1029.6000000000001,0.0,9518.857142857141,500.0,2000.0,0.0,150.0,2.8556571428571424,2855.6571428571424
manual,2025-07-31,tea_leaves,g,2968.2514285714287,0.0,243.08,0.0,2725.171428571429,500.0,1000.0,0.0,300.0,1.6351028571428572,1635.1028571428571
manual,2025-07-31,ice,g,57539.2,11000.0,11059.2,0.0,57480.0,10000.0,10000.0,0.0,100.0,0.5748000000000001,574.8000000000001
manual,2025-07-31,croissant_dough,pcs,4.839999999999982,40.0,43.2,0.0,1.6399999999999793,40.0,40.0,0.0,1800.0,0.07379999999999907,73.79999999999907
manual,2025-07-31,bread,pcs,10.799999999999983,100.0,65.72,0.0,45.079999999999984,90.0,90.0,0.0,720.0,0.3606399999999999,360.6399999999999
manual,2025-07-31,cup_hot,pcs,3077.415714285715,200.0,397.58000000000004,0.0,2879.8357142857144,300.0,1600.0,0.0,1200.0,11.519342857142858,11519.342857142858
manual,2025-07-31,cup_cold,pcs,917.6085714285716,0.0,97.85,0.0,819.7585714285716,100.0,100.0,0.0,500.0,4.0987928571428585,4098.792857142858
manual,2025-08-01,coffee_beans,g,45166.29714285715,6000.0,7990.74,0.0,43175.55714285715,7000.0,20000.0,0.0,8400.0,51.81066857142858,51810.66857142858
manual,2025-08-01,milk,ml,143317.0,53000.0,73437.0,0.0,122880.0,68000.0,68000.0,0.0,4080.0,7.3728,7372.799999999999
manual,2025-08-01,sugar,g,23507.81142857143,4000.0,4133.39,0.0,23374.421428571426,3000.0,6000.0,0.0,135.0,1.051848964285714,1051.8489642857141
manual,2025-08-01,chocolate_syrup,ml,9518.857142857141,1500.0,1216.8000000000002,0.0,9802.057142857142,1000.0,1500.0,0.0,300.0,2.9406171428571426,2940.6171428571424
manual,2025-08-01,tea_leaves,g,2725.171428571429,500.0,337.84000000000003,0.0,2887.3314285714287,0.0,500.0,0.0,0.0,1.7323988571428572,1732.3988571428572
manual,2025-08-01,ice,g,57480.0,10000.0,12679.2,0.0,54800.799999999996,10000.0,10000.0,0.0,100.0,0.5480079999999999,548.0079999999999
manual,2025-08-01,croissant_dough,pcs,1.6399999999999793,40.0,41.040000000000006,0.0,0.599999999999973,40.0,40.0,0.0,1800.0,0.026999999999998785,26.999999999998785
manual,2025-08-01,bread,pcs,45.079999999999984,90.0,82.68,0.0,52.39999999999998,60.0,60.0,0.0,480.0,0.41919999999999985,419.1999999999998
manual,2025-08-01,cup_hot,pcs,2879.8357142857144,500.0,457.32000000000005,0.0,2922.5157142857142,400.0,1500.0,0.0,1600.0,11.690062857142857,11690.062857142857
manual,2025-08-01,cup_cold,pcs,819.7585714285716,0.0,111.24000000000001,0.0,708.5185714285716,100.0,200.0,0.0,500.0,3.542592857142858,3542.592857142858
manual,2025-08-02,coffee_beans,g,43175.55714285715,7000.0,6359.22,0.0,43816.337142857155,8000.0,21000.0,0.0,9600.0,52.57960457142859,52579.60457142859
manual,2025-08-02,milk,ml,122880.0,68000.0,62265.0,0.0,128615.0,74000.0,74000.0,0.0,4440.0,7.7169,7716.9
manual,2025-08-02,sugar,g,23374.421428571426,3000.0,3381.4900000000002,0.0,22992.931428571428,4000.0,7000.0,0.0,180.0,1.0346819142857142,1034.6819142857141
manual,2025-08-02,chocolate_syrup,ml,9802.057142857142,500.0,1560.0000000000002,0.0,8742.057142857142,1500.0,2500.0,0.0,450.0,2.6226171428571425,2622.6171428571424
manual,2025-08-02,tea_leaves,g,2887.3314285714287,0.0,238.96,0.0,2648.3714285714286,500.0,1000.0,0.0,300.0,1.5890228571428573,1589.0228571428572
manual,2025-08-02,ice,g,54800.799999999996,10000.0,12204.0,0.0,52596.799999999996,11000.0,11000.0,0.0,110.0,0.525968,525.968
manual,2025-08-02,croissant_dough,pcs,0.599999999999973,40.0,39.96,0.0,0.6399999999999721,40.0,40.0,0.0,1800.0,0.028799999999998747,28.799999999998747
manual,2025-08-02,bread,pcs,52.39999999999998,60.0,97.52000000000001,0.0,14.879999999999967,80.0,80.0,0.0,640.0,0.11903999999999974,119.03999999999974
manual,2025-08-02,cup_hot,pcs,2922.5157142857142,300.0,358.44000000000005,0.0,2864.0757142857146,400.0,1600.0,0.0,1600.0,11.456302857142859,11456.302857142859
manual,2025-08-02,cup_cold,pcs,708.5185714285716,0.0,106.09,0.0,602.4285714285716,100.0,300.0,0.0,500.0,3.012142857142858,3012.142857142858
manual,2025-08-03,coffee_beans,g,43816.337142857155,6000.0,8658.18,0.0,41158.15714285715,19000.0,34000.0,0.0,22800.0,49.389788571428575,49389.78857142857
manual,2025-08-03,milk,ml,128615.0,74000.0,87108.0,0.0,115507.0,105000.0,105000.0,0.0,6300.0,6.93042,6930.42
manual,2025-08-03,sugar,g,22992.931428571428,3000.0,5159.27,0.0,20833.661428571428,9000.0,13000.0,0.0,405.0,0.9375147642857142,937.5147642857143
manual,2025-08-03,chocolate_syrup,ml,8742.057142857142,1000.0,1372.8000000000002,0.0,8369.257142857141,2000.0,3500.0,0.0,600.0,2.510777142857142,2510.7771428571423
manual,2025-08-03,tea_leaves,g,2648.3714285714286,500.0,428.48,0.0,2719.8914285714286,0.0,500.0,0.0,0.0,1.6319348571428571,1631.934857142857
manual,2025-08-03,ice,g,52596.799999999996,11000.0,19245.600000000002,596.7999999999965,43754.399999999994,28000.0,28000.0,5.967999999999965,280.0,0.43754399999999993,437.5439999999999
manual,2025-08-03,croissant_dough,pcs,0.6399999999999721,40.0,39.96,0.0,0.6799999999999713,50.0,50.0,0.0,2250.0,0.030599999999998708,30.59999999999871
manual,2025-08-03,bread,pcs,14.879999999999967,80.0,93.28,0.0,1.599999999999966,110.0,110.0,0.0,880.0,0.012799999999999728,12.799999999999727
manual,2025-08-03,cup_hot,pcs,2864.0757142857146,500.0,461.44,0.0,2902.635714285714,800.0,1900.0,0.0,3200.0,11.610542857142857,11610.542857142857
manual,2025-08-03,cup_cold,pcs,602.4285714285716,0.0,172.01,0.0,430.4185714285716,400.0,700.0,0.0,2000.0,2.152092857142858,2152.092857142858
manual,2025-08-04,coffee_beans,g,41158.15714285715,7000.0,5005.8,0.0,43152.35714285715,8000.0,35000.0,0.0,9600.0,51.78282857142858,51782.82857142858
manual,2025-08-04,milk,ml,115507.0,105000.0,49686.0,0.0,170821.0,87000.0,87000.0,0.0,5220.0,10.24926,10249.26
manual,2025-08-04,sugar,g,20833.661428571428,4000.0,2797.4800000000005,0.0,22036.181428571428,5000.0,14000.0,0.0,225.0,0.9916281642857142,991.6281642857142
manual,2025-08-04,chocolate_syrup,ml,8369.257142857141,1500.0,1029.6000000000001,0.0,8839.65714285714,1000.0,3000.0,0.0,300.0,2.651897142857142,2651.897142857142
manual,2025-08-04,tea_leaves,g,2719.8914285714286,0.0,304.88,0.0,2415.0114285714285,500.0,1000.0,0.0,300.0,1.4490068571428572,1449.0068571428571
manual,2025-08-04,ice,g,43754.399999999994,28000.0,7603.200000000001,0.0,64151.2,19000.0,19000.0,0.0,190.0,0.641512,641.512
manual,2025-08-04,croissant_dough,pcs,0.6799999999999713,50.0,38.88,0.0,11.799999999999969,50.0,50.0,0.0,2250.0,0.5309999999999987,530.9999999999986
manual,2025-08-04,bread,pcs,1.599999999999966,110.0,80.56,0.0,31.039999999999964,90.0,90.0,0.0,720.0,0.2483199999999997,248.3199999999997
manual,2025-08-04,cup_hot,pcs,2902.635714285714,300.0,322.39,0.0,2880.2457142857143,500.0,2100.0,0.0,2000.0,11.520982857142858,11520.982857142857
manual,2025-08-04,cup_cold,pcs,430.4185714285716,100.0,65.92,0.0,464.4985714285716,200.0,800.0,0.0,1000.0,2.322492857142858,2322.492857142858
manual,2025-08-05,coffee_beans,g,43152.35714285715,8000.0,5487.84,0.0,45664.51714285715,5000.0,32000.0,0.0,6000.0,54.79742057142858,54797.42057142858
manual,2025-08-05,milk,ml,170821.0,87000.0,50431.5,0.0,207389.5,49000.0,49000.0,0.0,2940.0,12.44337,12443.369999999999
manual,2025-08-05,sugar,g,22036.181428571428,9000.0,2721.26,0.0,28314.921428571426,3000.0,8000.0,0.0,135.0,1.2741714642857143,1274.1714642857141
manual,2025-08-05,chocolate_syrup,ml,8839.65714285714,2000.0,873.6000000000001,0.0,9966.057142857142,1000.0,2000.0,0.0,300.0,2.989817142857143,2989.8171428571427
manual,2025-08-05,tea_leaves,g,2415.0114285714285,500.0,140.08,0.0,2774.9314285714286,0.0,500.0,0.0,0.0,1.664958857142857,1664.9588571428571
manual,2025-08-05,ice,g,64151.2,19000.0,8510.400000000001,0.0,74640.79999999999,8000.0,8000.0,0.0,80.0,0.746408,746.4079999999999
manual,2025-08-05,croissant_dough,pcs,11.799999999999969,50.0,24.840000000000003,0.0,36.959999999999965,40.0,40.0,0.0,1800.0,1.6631999999999985,1663.1999999999985
manual,2025-08-05,bread,pcs,31.039999999999964,90.0,57.24,0.0,63.79999999999996,80.0,80.0,0.0,640.0,0.5103999999999997,510.3999999999997
manual,2025-08-05,cup_hot,pcs,2880.2457142857143,400.0,292.52,0.0,2987.7257142857143,300.0,2000.0,0.0,1200.0,11.950902857142857,11950.902857142857
manual,2025-08-05,cup_cold,pcs,464.4985714285716,100.0,76.22,0.0,488.2785714285716,0.0,700.0,0.0,0.0,2.441392857142858,2441.392857142858
manual,2025-08-06,coffee_beans,g,45664.51714285715,19000.0,6396.299999999999,0.0,58268.21714285715,6000.0,19000.0,0.0,7200.0,69.92186057142858,69921.86057142858
manual,2025-08-06,milk,ml,207389.5,49000.0,63462.0,0.0,192927.5,51000.0,51000.0,0.0,3060.0,11.57565,11575.65
manual,2025-08-06,sugar,g,28314.921428571426,5000.0,3529.8100000000004,0.0,29785.11142857143,2000.0,5000.0,0.0,90.0,1.3403300142857142,1340.3300142857142
manual,2025-08-06,chocolate_syrup,ml,9966.057142857142,1000.0,1092.0,0.0,9874.057142857142,1000.0,2000.0,0.0,300.0,2.9622171428571424,2962.2171428571423
manual,2025-08-06,tea_leaves,g,2774.9314285714286,0.0,321.36,0.0,2453.5714285714284,500.0,1000.0,0.0,300.0,1.4721428571428572,1472.142857142857
manual,2025-08-06,ice,g,74640.79999999999,8000.0,10648.800000000001,0.0,71992.0,8000.0,8000.0,0.0,80.0,0.71992,719.92
manual,2025-08-06,croissant_dough,pcs,36.959999999999965,40.0,41.040000000000006,0.0,35.91999999999996,30.0,30.0,0.0,1350.0,1.6163999999999983,1616.3999999999983
manual,2025-08-06,bread,pcs,63.79999999999996,80.0,72.08,0.0,71.71999999999997,60.0,60.0,0.0,480.0,0.5737599999999998,573.7599999999998
manual,2025-08-06,cup_hot,pcs,2987.7257142857143,400.0,380.07000000000005,0.0,3007.6557142857146,300.0,1900.0,0.0,1200.0,12.030622857142859,12030.622857142858
manual,2025-08-06,cup_cold,pcs,488.2785714285716,100.0,91.67,0.0,496.6085714285716,100.0,700.0,0.0,500.0,2.483042857142858,2483.0428571428583
manual,2025-08-07,coffee_beans,g,58268.21714285715,8000.0,5320.98,0.0,60947.23714285715,6000.0,17000.0,0.0,7200.0,73.13668457142857,73136.68457142857
manual,2025-08-07,milk,ml,192927.5,51000.0,47481.0,0.0,196446.5,63000.0,63000.0,0.0,3780.0,11.78679,11786.789999999999
manual,2025-08-07,sugar,g,29785.11142857143,3000.0,2725.3799999999997,0.0,30059.731428571427,4000.0,6000.0,0.0,180.0,1.3526879142857142,1352.6879142857142
manual,2025-08-07,chocolate_syrup,ml,9874.057142857142,1000.0,686.4000000000001,0.0,10187.65714285714,1000.0,2000.0,0.0,300.0,3.0562971428571424,3056.2971428571423
manual,2025-08-07,tea_leaves,g,2453.5714285714284,500.0,152.44,0.0,2801.131428571429,0.0,500.0,0.0,0.0,1.6806788571428573,1680.6788571428572
manual,2025-08-07,ice,g,71992.0,8000.0,11145.6,0.0,68846.4,11000.0,11000.0,0.0,110.0,0.688464,688.4639999999999
manual,2025-08-07,croissant_dough,pcs,35.91999999999996,30.0,17.28,0.0,48.63999999999996,40.0,40.0,0.0,1800.0,2.188799999999998,2188.799999999998
manual,2025-08-07,bread,pcs,71.71999999999997,60.0,57.24,0.0,74.47999999999996,70.0,70.0,0.0,560.0,0.5958399999999997,595.8399999999997
manual,2025-08-07,cup_hot,pcs,3007.6557142857146,800.0,257.5,0.0,3550.1557142857146,400.0,1500.0,0.0,1600.0,14.200622857142859,14200.622857142858
manual,2025-08-07,cup_cold,pcs,496.6085714285716,400.0,98.88,0.0,797.7285714285716,100.0,400.0,0.0,500.0,3.9886428571428585,3988.6428571428582
manual,2025-08-08,coffee_beans,g,60947.23714285715,5000.0,6767.1,0.0,59180.13714285715,5000.0,17000.0,0.0,6000.0,71.01616457142859,71016.16457142858
manual,2025-08-08,milk,ml,196446.5,63000.0,60417.0,9446.5,189583.0,68000.0,68000.0,566.79,4080.0,11.374979999999999,11374.98
manual,2025-08-08,sugar,g,30059.731428571427,2000.0,3443.29,0.0,28616.441428571427,3000.0,7000.0,0.0,135.0,1.2877398642857143,1287.7398642857142
manual,2025-08-08,chocolate_syrup,ml,10187.65714285714,1000.0,936.0000000000001,0.0,10251.65714285714,1000.0,2000.0,0.0,300.0,3.075497142857142,3075.497142857142
manual,2025-08-08,tea_leaves,g,2801.131428571429,0.0,296.64,0.0,2504.4914285714285,500.0,1000.0,0.0,300.0,1.502694857142857,1502.694857142857
manual,2025-08-08,ice,g,68846.4,11000.0,10648.800000000001,0.0,69197.59999999999,12000.0,12000.0,0.0,120.0,0.6919759999999999,691.9759999999999
manual,2025-08-08,croissant_dough,pcs,48.63999999999996,40.0,34.56,18.639999999999958,35.44,30.0,30.0,838.7999999999981,1350.0,1.5948,1594.8
manual,2025-08-08,bread,pcs,74.47999999999996,70.0,74.2,14.479999999999968,55.8,80.0,80.0,115.83999999999975,640.0,0.44639999999999996,446.4
manual,2025-08-08,cup_hot,pcs,3550.1557142857146,500.0,388.31000000000006,0.0,3661.845714285714,200.0,1200.0,0.0,800.0,14.647382857142857,14647.382857142857
manual,2025-08-08,cup_cold,pcs,797.7285714285716,200.0,92.7,0.0,905.0285714285716,100.0,300.0,0.0,500.0,4.525142857142858,4525.142857142858
manual,2025-08-09,coffee_beans,g,59180.13714285715,6000.0,6637.319999999999,0.0,58542.81714285715,7000.0,18000.0,0.0,8400.0,70.25138057142858,70251.38057142858
manual,2025-08-09,milk,ml,189583.0,68000.0,73962.0,26583.0,157038.0,76000.0,76000.0,1594.98,4560.0,9.422279999999999,9422.279999999999
manual,2025-08-09,sugar,g,28616.441428571427,4000.0,3876.9200000000005,0.0,28739.52142857143,3000.0,6000.0,0.0,135.0,1.2932784642857145,1293.2784642857143
manual,2025-08-09,chocolate_syrup,ml,10251.65714285714,1000.0,3057.6000000000004,0.0,8194.05714285714,1000.0,2000.0,0.0,300.0,2.458217142857142,2458.217142857142
manual,2025-08-09,tea_leaves,g,2504.4914285714285,500.0,247.20000000000002,0.0,2757.2914285714287,0.0,500.0,0.0,0.0,1.6543748571428571,1654.374857142857
manual,2025-08-09,ice,g,69197.59999999999,12000.0,11145.6,0.0,70052.0,13000.0,13000.0,0.0,130.0,0.70052,700.52
manual,2025-08-09,croissant_dough,pcs,35.44,30.0,49.68000000000001,0.0,15.759999999999991,40.0,40.0,0.0,1800.0,0.7091999999999996,709.1999999999996
manual,2025-08-09,bread,pcs,55.8,80.0,95.4,0.0,40.39999999999999,70.0,70.0,0.0,560.0,0.32319999999999993,323.19999999999993
manual,2025-08-09,cup_hot,pcs,3661.845714285714,300.0,431.57,0.0,3530.2757142857145,400.0,1300.0,0.0,1600.0,14.121102857142859,14121.102857142858
manual,2025-08-09,cup_cold,pcs,905.0285714285716,0.0,99.91,0.0,805.1185714285716,100.0,400.0,0.0,500.0,4.0255928571428585,4025.592857142858
manual,2025-08-10,coffee_beans,g,58542.81714285715,6000.0,6859.799999999999,0.0,57683.01714285715,0.0,12000.0,0.0,0.0,69.21962057142858,69219.62057142858
manual,2025-08-10,milk,ml,157038.0,76000.0,69657.0,0.0,163381.0,61000.0,61000.0,0.0,3660.0,9.802859999999999,9802.859999999999
manual,2025-08-10,sugar,g,28739.52142857143,3000.0,3951.08,0.0,27788.441428571427,3000.0,6000.0,0.0,135.0,1.2504798642857142,1250.4798642857143
manual,2025-08-10,chocolate_syrup,ml,8194.05714285714,1000.0,1185.6000000000001,0.0,8008.45714285714,4000.0,5000.0,0.0,1200.0,2.4025371428571423,2402.537142857142
manual,2025-08-10,tea_leaves,g,2757.2914285714287,0.0,346.08,0.0,2411.2114285714288,0.0,500.0,0.0,0.0,1.446726857142857,1446.7268571428572
manual,2025-08-10,ice,g,70052.0,13000.0,11145.600000000002,0.0,71906.4,14000.0,14000.0,0.0,140.0,0.7190639999999999,719.064
manual,2025-08-10,croissant_dough,pcs,15.759999999999991,40.0,48.6,0.0,7.1599999999999895,50.0,50.0,0.0,2250.0,0.32219999999999954,322.19999999999953
manual,2025-08-10,bread,pcs,40.39999999999999,70.0,99.64,0.0,10.759999999999991,80.0,80.0,0.0,640.0,0.08607999999999993,86.07999999999993
manual,2025-08-10,cup_hot,pcs,3530.2757142857145,300.0,408.90999999999997,0.0,3421.3657142857146,0.0,1000.0,0.0,0.0,13.68546285714286,13685.462857142858
manual,2025-08-10,cup_cold,pcs,805.1185714285716,100.0,97.85000000000001,0.0,807.2685714285716,100.0,400.0,0.0,500.0,4.036342857142858,4036.342857142858
manual,2025-08-11,coffee_beans,g,57683.01714285715,5000.0,7156.4400000000005,0.0,55526.57714285715,7000.0,14000.0,0.0,8400.0,66.6318925714286,66631.89257142859
manual,2025-08-11,milk,ml,163381.0,61000.0,71505.0,0.0,152876.0,69000.0,69000.0,0.0,4140.0,9.172559999999999,9172.56
manual,2025-08-11,sugar,g,27788.441428571427,3000.0,3883.1,0.0,26905.341428571428,4000.0,7000.0,0.0,180.0,1.2107403642857142,1210.7403642857141
manual,2025-08-11,chocolate_syrup,ml,8008.45714285714,1000.0,1310.4,0.0,7698.05714285714,1000.0,5000.0,0.0,300.0,2.3094171428571424,2309.417142857142
manual,2025-08-11,tea_leaves,g,2411.2114285714288,500.0,412.0,0.0,2499.2114285714288,500.0,500.0,0.0,300.0,1.499526857142857,1499.5268571428571
manual,2025-08-11,ice,g,71906.4,14000.0,5659.200000000001,906.3999999999933,79340.8,13000.0,13000.0,9.063999999999933,130.0,0.793408,793.408
manual,2025-08-11,croissant_dough,pcs,7.1599999999999895,50.0,48.6,0.0,8.559999999999988,40.0,40.0,0.0,1800.0,0.3851999999999995,385.1999999999995
manual,2025-08-11,bread,pcs,10.759999999999991,80.0,55.120000000000005,0.0,35.639999999999986,100.0,100.0,0.0,800.0,0.2851199999999999,285.1199999999999
manual,2025-08-11,cup_hot,pcs,3421.3657142857146,400.0,493.37,0.0,3327.9957142857143,400.0,1000.0,0.0,1600.0,13.311982857142857,13311.982857142857
manual,2025-08-11,cup_cold,pcs,807.2685714285716,100.0,50.47,0.0,856.7985714285716,100.0,400.0,0.0,500.0,4.2839928571428585,4283.992857142858
manual,2025-08-12,coffee_beans,g,55526.57714285715,7000.0,5728.86,0.0,56797.71714285715,7000.0,14000.0,0.0,8400.0,68.15726057142858,68157.26057142857
manual,2025-08-12,milk,ml,152876.0,69000.0,55902.0,0.0,165974.0,72000.0,72000.0,0.0,4320.0,9.958440000000001,9958.44
manual,2025-08-12,sugar,g,26905.341428571428,3000.0,3195.06,0.0,26710.281428571427,4000.0,8000.0,0.0,180.0,1.2019626642857142,1201.9626642857143
manual,2025-08-12,chocolate_syrup,ml,7698.05714285714,4000.0,1216.8000000000002,0.0,10481.25714285714,1500.0,2500.0,0.0,450.0,3.1443771428571416,3144.3771428571417
manual,2025-08-12,tea_leaves,g,2499.2114285714288,0.0,288.40000000000003,0.0,2210.8114285714287,500.0,1000.0,0.0,300.0,1.3264868571428572,1326.4868571428572
manual,2025-08-12,ice,g,79340.8,13000.0,8251.2,13340.8,70748.8,13000.0,13000.0,133.408,130.0,0.7074880000000001,707.488
manual,2025-08-12,croissant_dough,pcs,8.559999999999988,40.0,36.72,0.0,11.83999999999999,50.0,50.0,0.0,2250.0,0.5327999999999995,532.7999999999995
manual,2025-08-12,bread,pcs,35.639999999999986,100.0,106.0,0.0,29.639999999999986,60.0,60.0,0.0,480.0,0.2371199999999999,237.1199999999999
manual,2025-08-12,cup_hot,pcs,3327.9957142857143,200.0,356.38000000000005,0.0,3171.615714285714,500.0,1300.0,0.0,2000.0,12.686462857142857,12686.462857142857
manual,2025-08-12,cup_cold,pcs,856.7985714285716,100.0,74.16,0.0,882.6385714285716,100.0,400.0,0.0,500.0,4.4131928571428585,4413.192857142858
manual,2025-08-13,coffee_beans,g,56797.71714285715,0.0,6563.159999999999,0.0,50234.55714285716,5000.0,19000.0,0.0,6000.0,60.28146857142859,60281.46857142859
manual,2025-08-13,milk,ml,165974.0,72000.0,58831.5,0.0,179142.5,56000.0,56000.0,0.0,3360.0,10.74855,10748.55
manual,2025-08-13,sugar,g,26710.281428571427,4000.0,3472.13,0.0,27238.151428571426,3000.0,7000.0,0.0,135.0,1.225716814285714,1225.716814285714
manual,2025-08-13,chocolate_syrup,ml,10481.25714285714,1000.0,967.2,0.0,10514.05714285714,1000.0,2500.0,0.0,300.0,3.154217142857142,3154.217142857142
manual,2025-08-13,tea_leaves,g,2210.8114285714287,0.0,436.72,0.0,1774.0914285714284,0.0,1000.0,0.0,0.0,1.064454857142857,1064.454857142857
manual,2025-08-13,ice,g,70748.8,13000.0,7711.200000000001,0.0,76037.6,8000.0,8000.0,0.0,80.0,0.760376,760.3760000000001
manual,2025-08-13,croissant_dough,pcs,11.83999999999999,50.0,44.28,0.0,17.559999999999988,40.0,40.0,0.0,1800.0,0.7901999999999995,790.1999999999995
manual,2025-08-13,bread,pcs,29.639999999999986,60.0,89.04,0.0,0.5999999999999801,100.0,100.0,0.0,800.0,0.004799999999999841,4.799999999999841
manual,2025-08-13,cup_hot,pcs,3171.615714285714,400.0,436.72,0.0,3134.8957142857143,400.0,1300.0,0.0,1600.0,12.539582857142857,12539.582857142857
manual,2025-08-13,cup_cold,pcs,882.6385714285716,100.0,69.01,0.0,913.6285714285716,0.0,300.0,0.0,0.0,4.568142857142858,4568.142857142858
manual,2025-08-14,coffee_beans,g,50234.55714285716,7000.0,7898.04,0.0,49336.517142857156,7000.0,19000.0,0.0,8400.0,59.20382057142859,59203.82057142859
manual,2025-08-14,milk,ml,179142.5,56000.0,75463.5,0.0,159679.0,59000.0,59000.0,0.0,3540.0,9.58074,9580.74
manual,2025-08-14,sugar,g,27238.151428571426,4000.0,4173.56,0.0,27064.591428571424,3000.0,6000.0,0.0,135.0,1.2179066142857142,1217.906614285714
manual,2025-08-14,chocolate_syrup,ml,10514.05714285714,1500.0,1435.2,0.0,10578.85714285714,1000.0,2000.0,0.0,300.0,3.173657142857142,3173.657142857142
manual,2025-08-14,tea_leaves,g,1774.0914285714284,500.0,457.32,0.0,1816.7714285714285,500.0,1000.0,0.0,300.0,1.090062857142857,1090.062857142857
manual,2025-08-14,ice,g,76037.6,8000.0,6264.0,37.599999999998545,77736.0,8000.0,8000.0,0.37599999999998546,80.0,0.77736,777.36
manual,2025-08-14,croissant_dough,pcs,17.559999999999988,40.0,32.400000000000006,0.0,25.159999999999982,40.0,40.0,0.0,1800.0,1.1321999999999992,1132.1999999999991
manual,2025-08-14,bread,pcs,0.5999999999999801,100.0,99.64,0.0,0.9599999999999795,90.0,90.0,0.0,720.0,0.007679999999999836,7.679999999999836
manual,2025-08-14,cup_hot,pcs,3134.8957142857143,0.0,544.87,0.0,2590.0257142857145,400.0,1700.0,0.0,1600.0,10.360102857142858,10360.102857142858
manual,2025-08-14,cup_cold,pcs,913.6285714285716,100.0,55.620000000000005,0.0,958.0085714285715,100.0,300.0,0.0,500.0,4.790042857142858,4790.042857142857
manual,2025-08-15,coffee_beans,g,49336.517142857156,7000.0,5562.0,0.0,50774.517142857156,8000.0,20000.0,0.0,9600.0,60.92942057142859,60929.420571428585
manual,2025-08-15,milk,ml,159679.0,59000.0,62842.5,0.0,155836.5,75000.0,75000.0,0.0,4500.0,9.350190000000001,9350.19
manual,2025-08-15,sugar,g,27064.591428571424,3000.0,3519.51,0.0,26545.081428571426,4000.0,7000.0,0.0,180.0,1.194528664285714,1194.528664285714
manual,2025-08-15,chocolate_syrup,ml,10578.85714285714,1000.0,1310.4,0.0,10268.45714285714,1500.0,2500.0,0.0,450.0,3.080537142857142,3080.537142857142
manual,2025-08-15,tea_leaves,g,1816.7714285714285,500.0,288.40000000000003,0.0,2028.3714285714286,500.0,1000.0,0.0,300.0,1.2170228571428572,1217.0228571428572
manual,2025-08-15,ice,g,77736.0,8000.0,10519.2,4736.0,70480.8,11000.0,11000.0,47.36,110.0,0.704808,704.808
manual,2025-08-15,croissant_dough,pcs,25.159999999999982,40.0,27.0,0.0,38.15999999999998,40.0,40.0,0.0,1800.0,1.7171999999999992,1717.1999999999991
manual,2025-08-15,bread,pcs,0.9599999999999795,90.0,67.84,0.0,23.119999999999976,100.0,100.0,0.0,800.0,0.18495999999999982,184.9599999999998
manual,2025-08-15,cup_hot,pcs,2590.0257142857145,400.0,330.63,0.0,2659.3957142857143,500.0,1800.0,0.0,2000.0,10.637582857142858,10637.582857142857
manual,2025-08-15,cup_cold,pcs,958.0085714285715,100.0,93.73,0.0,964.2785714285715,100.0,300.0,0.0,500.0,4.821392857142857,4821.392857142857
manual,2025-08-16,coffee_beans,g,50774.517142857156,5000.0,6637.319999999999,0.0,49137.197142857156,5000.0,20000.0,0.0,6000.0,58.964636571428585,58964.636571428586
manual,2025-08-16,milk,ml,155836.5,75000.0,67116.0,0.0,163720.5,63000.0,63000.0,0.0,3780.0,9.82323,9823.23
manual,2025-08-16,sugar,g,26545.081428571426,3000.0,3722.4199999999996,0.0,25822.661428571424,4000.0,8000.0,0.0,180.0,1.162019764285714,1162.019764285714
manual,2025-08-16,chocolate_syrup,ml,10268.45714285714,1000.0,1591.2,0.0,9677.25714285714,1500.0,3000.0,0.0,450.0,2.9031771428571416,2903.1771428571415
manual,2025-08-16,tea_leaves,g,2028.3714285714286,0.0,255.44,0.0,1772.9314285714286,500.0,1500.0,0.0,300.0,1.0637588571428571,1063.758857142857
manual,2025-08-16,ice,g,70480.8,11000.0,12744.0,1480.7999999999993,67256.0,13000.0,13000.0,14.807999999999993,130.0,0.67256,672.5600000000001
manual,2025-08-16,croissant_dough,pcs,38.15999999999998,40.0,24.840000000000003,0.0,53.31999999999998,20.0,20.0,0.0,900.0,2.399399999999999,2399.399999999999
manual,2025-08-16,bread,pcs,23.119999999999976,100.0,122.96000000000001,0.0,0.15999999999996817,70.0,70.0,0.0,560.0,0.0012799999999997453,1.2799999999997453
manual,2025-08-16,cup_hot,pcs,2659.3957142857143,500.0,371.83000000000004,0.0,2787.5657142857144,400.0,1700.0,0.0,1600.0,11.150262857142858,11150.262857142858
manual,2025-08-16,cup_cold,pcs,964.2785714285715,100.0,113.30000000000001,0.0,950.9785714285715,100.0,300.0,0.0,500.0,4.754892857142858,4754.892857142858
manual,2025-08-17,coffee_beans,g,49137.197142857156,7000.0,8676.72,0.0,47460.477142857155,12000.0,25000.0,0.0,14400.0,56.95257257142859,56952.57257142859
manual,2025-08-17,milk,ml,163720.5,63000.0,88515.0,0.0,138205.5,91000.0,91000.0,0.0,5460.0,8.29233,8292.33
manual,2025-08-17,sugar,g,25822.661428571424,4000.0,4941.9400000000005,0.0,24880.721428571425,7000.0,11000.0,0.0,315.0,1.1196324642857143,1119.6324642857141
manual,2025-08-17,chocolate_syrup,ml,9677.25714285714,1500.0,1716.0000000000002,0.0,9461.25714285714,1500.0,3000.0,0.0,450.0,2.8383771428571416,2838.3771428571417
manual,2025-08-17,tea_leaves,g,1772.9314285714286,500.0,626.24,0.0,1646.6914285714286,1000.0,2000.0,0.0,600.0,0.9880148571428571,988.0148571428571
manual,2025-08-17,ice,g,67256.0,13000.0,7992.000000000001,255.9999999999991,72008.0,3000.0,3000.0,2.559999999999991,30.0,0.72008,720.08
manual,2025-08-17,croissant_dough,pcs,53.31999999999998,20.0,59.400000000000006,13.319999999999979,0.5999999999999943,30.0,30.0,599.3999999999991,1350.0,0.026999999999999746,26.999999999999744
manual,2025-08-17,bread,pcs,0.15999999999996817,70.0,69.96000000000001,0.0,0.1999999999999602,120.0,120.0,0.0,960.0,0.0015999999999996818,1.5999999999996817
manual,2025-08-17,cup_hot,pcs,2787.5657142857144,400.0,625.21,0.0,2562.3557142857144,1200.0,2500.0,0.0,4800.0,10.249422857142857,10249.422857142858
manual,2025-08-17,cup_cold,pcs,950.9785714285715,0.0,70.04,0.0,880.9385714285715,0.0,300.0,0.0,0.0,4.404692857142858,4404.692857142858
manual,2025-08-18,coffee_beans,g,47460.477142857155,8000.0,6581.7,0.0,48878.77714285716,8000.0,25000.0,0.0,9600.0,58.65453257142859,58654.53257142859
manual,2025-08-18,milk,ml,138205.5,91000.0,62811.0,0.0,166394.5,88000.0,88000.0,0.0,5280.0,9.98367,9983.67
manual,2025-08-18,sugar,g,24880.721428571425,4000.0,3349.56,0.0,25531.161428571424,5000.0,12000.0,0.0,225.0,1.148902264285714,1148.902264285714
manual,2025-08-18,chocolate_syrup,ml,9461.25714285714,1500.0,1092.0,0.0,9869.25714285714,1500.0,3000.0,0.0,450.0,2.960777142857142,2960.777142857142
manual,2025-08-18,tea_leaves,g,1646.6914285714286,500.0,276.04,0.0,1870.6514285714284,1000.0,2500.0,0.0,600.0,1.122390857142857,1122.390857142857
manual,2025-08-18,ice,g,72008.0,3000.0,6782.400000000001,6007.999999999999,62217.6,11000.0,11000.0,60.07999999999999,110.0,0.6221760000000001,622.176
manual,2025-08-18,croissant_dough,pcs,0.5999999999999943,30.0,30.240000000000002,0.0,0.3599999999999923,50.0,50.0,0.0,2250.0,0.016199999999999656,16.199999999999655
manual,2025-08-18,bread,pcs,0.1999999999999602,120.0,118.72,0.0,1.4799999999999613,110.0,110.0,0.0,880.0,0.011839999999999691,11.83999999999969
manual,2025-08-18,cup_hot,pcs,2562.3557142857144,400.0,412.0,0.0,2550.3557142857144,600.0,2700.0,0.0,2400.0,10.201422857142857,10201.422857142858
manual,2025-08-18,cup_cold,pcs,880.9385714285715,100.0,58.71,0.0,922.2285714285715,0.0,200.0,0.0,0.0,4.611142857142858,4611.142857142858
manual,2025-08-19,coffee_beans,g,48878.77714285716,5000.0,4783.32,0.0,49095.45714285716,7000.0,27000.0,0.0,8400.0,58.91454857142859,58914.54857142859
manual,2025-08-19,milk,ml,166394.5,88000.0,43302.0,0.0,211092.5,63000.0,63000.0,0.0,3780.0,12.66555,12665.55
manual,2025-08-19,sugar,g,25531.161428571424,7000.0,2472.0,0.0,30059.161428571424,3000.0,8000.0,0.0,135.0,1.352662264285714,1352.662264285714
manual,2025-08-19,chocolate_syrup,ml,9869.25714285714,1500.0,904.8000000000001,0.0,10464.45714285714,1500.0,3000.0,0.0,450.0,3.139337142857142,3139.3371428571418
manual,2025-08-19,tea_leaves,g,1870.6514285714284,500.0,238.96,0.0,2131.6914285714283,0.0,2000.0,0.0,0.0,1.279014857142857,1279.014857142857
manual,2025-08-19,ice,g,62217.6,11000.0,6307.200000000001,6217.599999999999,60692.8,11000.0,11000.0,62.175999999999995,110.0,0.606928,606.928
manual,2025-08-19,croissant_dough,pcs,0.3599999999999923,50.0,49.68000000000001,0.0,0.6799999999999855,40.0,40.0,0.0,1800.0,0.03059999999999935,30.599999999999348
manual,2025-08-19,bread,pcs,1.4799999999999613,110.0,57.24,0.0,54.23999999999996,110.0,110.0,0.0,880.0,0.4339199999999997,433.9199999999997
manual,2025-08-19,cup_hot,pcs,2550.3557142857144,500.0,298.7,0.0,2751.655714285714,400.0,2600.0,0.0,1600.0,11.006622857142856,11006.622857142856
manual,2025-08-19,cup_cold,pcs,922.2285714285715,100.0,56.650000000000006,0.0,965.5785714285715,0.0,100.0,0.0,0.0,4.827892857142858,4827.892857142858
manual,2025-08-20,coffee_beans,g,49095.45714285716,12000.0,4616.46,0.0,56478.99714285716,5000.0,20000.0,0.0,6000.0,67.77479657142858,67774.79657142858
manual,2025-08-20,milk,ml,211092.5,63000.0,37369.5,0.0,236723.0,43000.0,43000.0,0.0,2580.0,14.20338,14203.38
manual,2025-08-20,sugar,g,30059.161428571424,5000.0,2026.01,0.0,33033.15142857142,2000.0,5000.0,0.0,90.0,1.486491814285714,1486.4918142857139
manual,2025-08-20,chocolate_syrup,ml,10464.45714285714,1500.0,655.2,0.0,11309.25714285714,500.0,2000.0,0.0,150.0,3.392777142857142,3392.777142857142
manual,2025-08-20,tea_leaves,g,2131.6914285714283,1000.0,177.16,0.0,2954.5314285714285,500.0,1500.0,0.0,300.0,1.7727188571428572,1772.7188571428571
manual,2025-08-20,ice,g,60692.8,11000.0,4730.400000000001,6692.799999999999,60269.6,10000.0,10000.0,66.928,100.0,0.602696,602.696
manual,2025-08-20,croissant_dough,pcs,0.6799999999999855,40.0,34.56,0.0,6.119999999999983,50.0,50.0,0.0,2250.0,0.27539999999999926,275.39999999999924
manual,2025-08-20,bread,pcs,54.23999999999996,110.0,65.72,0.0,98.51999999999995,60.0,60.0,0.0,480.0,0.7881599999999996,788.1599999999996
manual,2025-08-20,cup_hot,pcs,2751.655714285714,400.0,282.22,0.0,2869.4357142857143,300.0,2500.0,0.0,1200.0,11.477742857142857,11477.742857142857
manual,2025-08-20,cup_cold,pcs,965.5785714285715,100.0,40.17,0.0,1025.4085714285716,0.0,0.0,0.0,0.0,5.127042857142858,5127.042857142858
manual,2025-08-21,coffee_beans,g,56478.99714285716,8000.0,5840.1,0.0,58638.89714285715,4000.0,16000.0,0.0,4800.0,70.36667657142858,70366.67657142859
manual,2025-08-21,milk,ml,236723.0,43000.0,53760.0,0.0,225963.0,53000.0,53000.0,0.0,3180.0,13.55778,13557.779999999999
manual,2025-08-21,sugar,g,33033.15142857142,3000.0,3084.85,0.0,32948.30142857142,3000.0,5000.0,0.0,135.0,1.482673564285714,1482.673564285714
manual,2025-08-21,chocolate_syrup,ml,11309.25714285714,1500.0,998.4000000000001,0.0,11810.857142857138,1000.0,1500.0,0.0,300.0,3.5432571428571413,3543.2571428571414
manual,2025-08-21,tea_leaves,g,2954.5314285714285,1000.0,288.40000000000003,0.0,3666.1314285714284,0.0,500.0,0.0,0.0,2.199678857142857,2199.678857142857
manual,2025-08-21,ice,g,60269.6,10000.0,10303.2,3269.5999999999995,56696.8,8000.0,8000.0,32.696,80.0,0.5669680000000001,566.9680000000001
manual,2025-08-21,croissant_dough,pcs,6.119999999999983,50.0,51.84,0.0,4.27999999999998,40.0,40.0,0.0,1800.0,0.19259999999999908,192.59999999999908
manual,2025-08-21,bread,pcs,98.51999999999995,60.0,86.92,0.0,71.59999999999995,70.0,70.0,0.0,560.0,0.5727999999999996,572.7999999999996
manual,2025-08-21,cup_hot,pcs,2869.4357142857143,1200.0,338.87000000000006,0.0,3730.5657142857144,300.0,1600.0,0.0,1200.0,14.922262857142858,14922.262857142858
manual,2025-08-21,cup_cold,pcs,1025.4085714285716,0.0,90.64,0.0,934.7685714285715,100.0,100.0,0.0,500.0,4.673842857142858,4673.842857142858
manual,2025-08-22,coffee_beans,g,58638.89714285715,7000.0,6210.9,0.0,59427.99714285716,6000.0,15000.0,0.0,7200.0,71.31359657142859,71313.59657142858
manual,2025-08-22,milk,ml,225963.0,53000.0,59524.5,31963.0,187475.5,79000.0,79000.0,1917.78,4740.0,11.248529999999999,11248.529999999999
manual,2025-08-22,sugar,g,32948.30142857142,2000.0,3201.24,0.0,31747.061428571425,3000.0,6000.0,0.0,135.0,1.4286177642857143,1428.6177642857142
manual,2025-08-22,chocolate_syrup,ml,11810.857142857138,500.0,1341.6000000000001,0.0,10969.25714285714,1000.0,2000.0,0.0,300.0,3.290777142857142,3290.777142857142
manual,2025-08-22,tea_leaves,g,3666.1314285714284,0.0,296.64,0.0,3369.4914285714285,500.0,1000.0,0.0,300.0,2.0216948571428572,2021.694857142857
manual,2025-08-22,ice,g,56696.8,8000.0,8553.600000000002,0.0,56143.2,11000.0,11000.0,0.0,110.0,0.561432,561.432
manual,2025-08-22,croissant_dough,pcs,4.27999999999998,40.0,44.27999999999998,0.0,0.0,50.0,50.0,0.0,2250.0,0.0,0.0
manual,2025-08-22,bread,pcs,71.59999999999995,70.0,69.96000000000001,11.599999999999952,60.03999999999999,100.0,100.0,92.79999999999961,800.0,0.48031999999999997,480.31999999999994
manual,2025-08-22,cup_hot,pcs,3730.5657142857144,600.0,390.37,0.0,3940.195714285714,300.0,1300.0,0.0,1200.0,15.760782857142857,15760.782857142856
manual,2025-08-22,cup_cold,pcs,934.7685714285715,0.0,73.13000000000001,0.0,861.6385714285715,100.0,200.0,0.0,500.0,4.308192857142857,4308.192857142857
manual,2025-08-23,coffee_beans,g,59427.99714285716,5000.0,7230.599999999999,0.0,57197.39714285715,7000.0,17000.0,0.0,8400.0,68.63687657142859,68636.87657142858
manual,2025-08-23,milk,ml,187475.5,79000.0,67074.0,28475.5,170926.0,80000.0,80000.0,1708.53,4800.0,10.25556,10255.56
manual,2025-08-23,sugar,g,31747.061428571425,3000.0,3797.6100000000006,0.0,30949.451428571425,3000.0,6000.0,0.0,135.0,1.3927253142857141,1392.7253142857141
manual,2025-08-23,chocolate_syrup,ml,10969.25714285714,1000.0,936.0000000000001,0.0,11033.25714285714,1000.0,2000.0,0.0,300.0,3.3099771428571416,3309.9771428571416
manual,2025-08-23,tea_leaves,g,3369.4914285714285,500.0,288.40000000000003,0.0,3581.0914285714284,0.0,500.0,0.0,0.0,2.148654857142857,2148.654857142857
manual,2025-08-23,ice,g,56143.2,11000.0,12117.6,143.199999999998,54882.4,11000.0,11000.0,1.43199999999998,110.0,0.5488240000000001,548.8240000000001
manual,2025-08-23,croissant_dough,pcs,0.0,50.0,41.040000000000006,0.0,8.959999999999994,40.0,40.0,0.0,1800.0,0.4031999999999997,403.1999999999997
manual,2025-08-23,bread,pcs,60.03999999999999,100.0,125.08000000000001,0.0,34.95999999999998,70.0,70.0,0.0,560.0,0.2796799999999998,279.67999999999984
manual,2025-08-23,cup_hot,pcs,3940.195714285714,400.0,396.55000000000007,0.0,3943.6457142857143,400.0,1300.0,0.0,1600.0,15.774582857142859,15774.582857142857
manual,2025-08-23,cup_cold,pcs,861.6385714285715,0.0,108.15,0.0,753.4885714285715,0.0,200.0,0.0,0.0,3.7674428571428575,3767.4428571428575
manual,2025-08-24,coffee_beans,g,57197.39714285715,4000.0,6340.68,0.0,54856.71714285716,1000.0,14000.0,0.0,1200.0,65.8280605714286,65828.06057142859
manual,2025-08-24,milk,ml,170926.0,80000.0,52962.0,0.0,197964.0,30000.0,30000.0,0.0,1800.0,11.87784,11877.84
manual,2025-08-24,sugar,g,30949.451428571425,3000.0,2868.55,0.0,31080.901428571422,0.0,3000.0,0.0,0.0,1.398640564285714,1398.640564285714
manual,2025-08-24,chocolate_syrup,ml,11033.25714285714,1000.0,748.8000000000001,0.0,11284.457142857138,0.0,1000.0,0.0,0.0,3.3853371428571415,3385.3371428571413
manual,2025-08-24,tea_leaves,g,3581.0914285714284,0.0,210.12,0.0,3370.9714285714285,0.0,500.0,0.0,0.0,2.022582857142857,2022.582857142857
manual,2025-08-24,ice,g,54882.4,11000.0,9007.2,882.3999999999996,55992.8,2000.0,2000.0,8.823999999999996,20.0,0.559928,559.928
manual,2025-08-24,croissant_dough,pcs,8.959999999999994,40.0,33.480000000000004,0.0,15.47999999999999,60.0,60.0,0.0,2700.0,0.6965999999999996,696.5999999999996
manual,2025-08-24,bread,pcs,34.95999999999998,70.0,74.2,0.0,30.759999999999977,120.0,120.0,0.0,960.0,0.24607999999999983,246.0799999999998
manual,2025-08-24,cup_hot,pcs,3943.6457142857143,300.0,352.26,0.0,3891.385714285714,0.0,1000.0,0.0,0.0,15.565542857142857,15565.542857142857
manual,2025-08-24,cup_cold,pcs,753.4885714285715,0.0,77.25,0.0,676.2385714285715,0.0,200.0,0.0,0.0,3.3811928571428576,3381.1928571428575
manual,2025-08-25,coffee_beans,g,54856.71714285716,6000.0,5469.299999999999,0.0,55387.41714285716,6000.0,14000.0,0.0,7200.0,66.46490057142859,66464.90057142859
manual,2025-08-25,milk,ml,197964.0,30000.0,52647.0,0.0,175317.0,53000.0,53000.0,0.0,3180.0,10.519020000000001,10519.02
manual,2025-08-25,sugar,g,31080.901428571422,3000.0,2839.7100000000005,0.0,31241.191428571423,1000.0,1000.0,0.0,45.0,1.405853614285714,1405.853614285714
manual,2025-08-25,chocolate_syrup,ml,11284.457142857138,1000.0,936.0000000000001,0.0,11348.457142857138,0.0,0.0,0.0,0.0,3.404537142857141,3404.537142857141
manual,2025-08-25,tea_leaves,g,3370.9714285714285,500.0,238.96,0.0,3632.0114285714285,0.0,0.0,0.0,0.0,2.1792068571428573,2179.206857142857
manual,2025-08-25,ice,g,55992.8,2000.0,6112.8,0.0,51880.0,9000.0,9000.0,0.0,90.0,0.5187999999999999,518.8
manual,2025-08-25,croissant_dough,pcs,15.47999999999999,60.0,32.400000000000006,0.0,43.079999999999984,40.0,40.0,0.0,1800.0,1.9385999999999992,1938.5999999999992
manual,2025-08-25,bread,pcs,30.759999999999977,120.0,61.480000000000004,0.0,89.27999999999997,70.0,70.0,0.0,560.0,0.7142399999999998,714.2399999999998
manual,2025-08-25,cup_hot,pcs,3891.385714285714,300.0,339.90000000000003,0.0,3851.4857142857145,300.0,1000.0,0.0,1200.0,15.405942857142858,15405.942857142858
manual,2025-08-25,cup_cold,pcs,676.2385714285715,100.0,54.59,0.0,721.6485714285715,100.0,200.0,0.0,500.0,3.6082428571428573,3608.2428571428572
manual,2025-08-26,coffee_beans,g,55387.41714285716,7000.0,7137.9,0.0,55249.51714285716,6000.0,13000.0,0.0,7200.0,66.2994205714286,66299.42057142859
manual,2025-08-26,milk,ml,175317.0,53000.0,63262.5,0.0,165054.5,58000.0,58000.0,0.0,3480.0,9.903270000000001,9903.27
manual,2025-08-26,sugar,g,31241.191428571423,0.0,3426.81,0.0,27814.381428571425,3000.0,4000.0,0.0,135.0,1.251647164285714,1251.647164285714
manual,2025-08-26,chocolate_syrup,ml,11348.457142857138,0.0,1310.4,0.0,10038.057142857138,500.0,500.0,0.0,150.0,3.0114171428571415,3011.4171428571412
manual,2025-08-26,tea_leaves,g,3632.0114285714285,0.0,276.04,0.0,3355.9714285714285,500.0,500.0,0.0,300.0,2.013582857142857,2013.582857142857
manual,2025-08-26,ice,g,51880.0,9000.0,9223.2,0.0,51656.8,8000.0,8000.0,0.0,80.0,0.516568,516.568
manual,2025-08-26,croissant_dough,pcs,43.079999999999984,40.0,24.840000000000003,0.0,58.23999999999998,30.0,30.0,0.0,1350.0,2.620799999999999,2620.7999999999993
manual,2025-08-26,bread,pcs,89.27999999999997,70.0,116.60000000000001,0.0,42.679999999999964,70.0,70.0,0.0,560.0,0.34143999999999974,341.4399999999997
manual,2025-08-26,cup_hot,pcs,3851.4857142857145,300.0,428.48,0.0,3723.005714285714,400.0,1100.0,0.0,1600.0,14.892022857142857,14892.022857142856
manual,2025-08-26,cup_cold,pcs,721.6485714285715,100.0,80.34,0.0,741.3085714285714,0.0,100.0,0.0,0.0,3.7065428571428574,3706.5428571428574
manual,2025-08-27,coffee_beans,g,55249.51714285716,1000.0,5413.679999999999,0.0,50835.837142857155,7000.0,19000.0,0.0,8400.0,61.00300457142858,61003.00457142858
manual,2025-08-27,milk,ml,165054.5,58000.0,45570.0,2054.5,175430.0,70000.0,70000.0,123.27,4200.0,10.5258,10525.8
manual,2025-08-27,sugar,g,27814.381428571425,1000.0,2623.41,0.0,26190.97142857142,4000.0,7000.0,0.0,180.0,1.178593714285714,1178.593714285714
manual,2025-08-27,chocolate_syrup,ml,10038.057142857138,0.0,1029.6000000000001,0.0,9008.457142857138,1500.0,2000.0,0.0,450.0,2.702537142857141,2702.537142857141
manual,2025-08-27,tea_leaves,g,3355.9714285714285,0.0,238.96,0.0,3117.0114285714285,0.0,500.0,0.0,0.0,1.870206857142857,1870.206857142857
manual,2025-08-27,ice,g,51656.8,8000.0,8920.800000000001,656.7999999999993,50079.2,10000.0,10000.0,6.5679999999999925,100.0,0.500792,500.792
manual,2025-08-27,croissant_dough,pcs,58.23999999999998,30.0,37.800000000000004,18.23999999999998,32.199999999999996,50.0,50.0,820.7999999999992,2250.0,1.4489999999999998,1448.9999999999998
manual,2025-08-27,bread,pcs,42.679999999999964,70.0,33.92,0.0,78.75999999999996,110.0,110.0,0.0,880.0,0.6300799999999998,630.0799999999997
manual,2025-08-27,cup_hot,pcs,3723.005714285714,400.0,316.21000000000004,0.0,3806.795714285714,400.0,1100.0,0.0,1600.0,15.227182857142857,15227.182857142856
manual,2025-08-27,cup_cold,pcs,741.3085714285714,0.0,78.28,0.0,663.0285714285715,100.0,200.0,0.0,500.0,3.3151428571428574,3315.1428571428573
manual,2025-08-28,coffee_beans,g,50835.837142857155,6000.0,7100.82,0.0,49735.01714285716,5000.0,18000.0,0.0,6000.0,59.682020571428595,59682.02057142859
manual,2025-08-28,milk,ml,175430.0,70000.0,56322.0,34430.0,154678.0,70000.0,70000.0,2065.7999999999997,4200.0,9.28068,9280.68
manual,2025-08-28,sugar,g,26190.97142857142,3000.0,2939.62,0.0,26251.351428571423,2000.0,6000.0,0.0,90.0,1.181310814285714,1181.310814285714
manual,2025-08-28,chocolate_syrup,ml,9008.457142857138,500.0,686.4000000000001,0.0,8822.057142857138,1000.0,2500.0,0.0,300.0,2.6466171428571417,2646.6171428571415
manual,2025-08-28,tea_leaves,g,3117.0114285714285,0.0,247.20000000000002,0.0,2869.811428571428,500.0,1000.0,0.0,300.0,1.721886857142857,1721.8868571428568
manual,2025-08-28,ice,g,50079.2,10000.0,7128.000000000001,1079.199999999999,51872.0,9000.0,9000.0,10.79199999999999,90.0,0.5187200000000001,518.72
manual,2025-08-28,croissant_dough,pcs,32.199999999999996,50.0,31.32,2.1999999999999957,48.68,40.0,40.0,98.9999999999998,1800.0,2.1906,2190.6
manual,2025-08-28,bread,pcs,78.75999999999996,110.0,89.04,8.759999999999962,90.96,50.0,50.0,70.0799999999997,400.0,0.72768,727.68
manual,2025-08-28,cup_hot,pcs,3806.795714285714,0.0,418.18,0.0,3388.615714285714,300.0,1400.0,0.0,1200.0,13.554462857142857,13554.462857142857
manual,2025-08-28,cup_cold,pcs,663.0285714285715,0.0,60.77,0.0,602.2585714285715,100.0,300.0,0.0,500.0,3.0112928571428577,3011.2928571428574
manual,2025-08-29,coffee_beans,g,49735.01714285716,6000.0,7953.66,0.0,47781.35714285716,8000.0,20000.0,0.0,9600.0,57.337628571428596,57337.62857142859
manual,2025-08-29,milk,ml,154678.0,70000.0,72849.0,0.0,151829.0,56000.0,56000.0,0.0,3360.0,9.10974,9109.74
manual,2025-08-29,sugar,g,26251.351428571423,4000.0,4050.9900000000007,0.0,26200.361428571425,3000.0,5000.0,0.0,135.0,1.179016264285714,1179.016264285714
manual,2025-08-29,chocolate_syrup,ml,8822.057142857138,1500.0,1248.0,0.0,9074.057142857138,500.0,1500.0,0.0,150.0,2.7222171428571413,2722.2171428571414
manual,2025-08-29,tea_leaves,g,2869.811428571428,500.0,407.88,0.0,2961.9314285714286,0.0,500.0,0.0,0.0,1.7771588571428572,1777.1588571428572
manual,2025-08-29,ice,g,51872.0,9000.0,9957.600000000002,871.9999999999991,50042.399999999994,10000.0,10000.0,8.719999999999992,100.0,0.500424,500.424
manual,2025-08-29,croissant_dough,pcs,48.68,40.0,45.36,0.0,43.32,30.0,30.0,0.0,1350.0,1.9494,1949.4
manual,2025-08-29,bread,pcs,90.96,50.0,89.04,0.0,51.91999999999999,80.0,80.0,0.0,640.0,0.4153599999999999,415.3599999999999
manual,2025-08-29,cup_hot,pcs,3388.615714285714,300.0,498.52,0.0,3190.095714285714,400.0,1500.0,0.0,1600.0,12.760382857142856,12760.382857142857
manual,2025-08-29,cup_cold,pcs,602.2585714285715,100.0,86.52000000000001,0.0,615.7385714285715,100.0,300.0,0.0,500.0,3.078692857142858,3078.6928571428575
manual,2025-08-30,coffee_beans,g,47781.35714285716,7000.0,8120.52,0.0,46660.83714285716,7000.0,20000.0,0.0,8400.0,55.9930045714286,55993.004571428595
manual,2025-08-30,milk,ml,151829.0,56000.0,76093.5,0.0,131735.5,73000.0,73000.0,0.0,4380.0,7.90413,7904.13
manual,2025-08-30,sugar,g,26200.361428571425,2000.0,4289.950000000001,0.0,23910.411428571424,4000.0,7000.0,0.0,180.0,1.075968514285714,1075.968514285714
manual,2025-08-30,chocolate_syrup,ml,9074.057142857138,1000.0,1996.8000000000002,0.0,8077.257142857137,1500.0,2000.0,0.0,450.0,2.423177142857141,2423.177142857141
manual,2025-08-30,tea_leaves,g,2961.9314285714286,0.0,329.6,0.0,2632.3314285714287,500.0,1000.0,0.0,300.0,1.5793988571428572,1579.3988571428572
manual,2025-08-30,ice,g,50042.4,10000.0,14320.800000000001,1042.3999999999987,44679.2,9000.0,9000.0,10.423999999999987,90.0,0.44679199999999997,446.792
manual,2025-08-30,croissant_dough,pcs,43.32,30.0,62.64,3.3200000000000003,7.359999999999999,50.0,50.0,149.4,2250.0,0.3312,331.2
manual,2025-08-30,bread,pcs,51.91999999999999,80.0,95.4,1.9199999999999875,34.599999999999994,100.0,100.0,15.3599999999999,800.0,0.27679999999999993,276.79999999999995
manual,2025-08-30,cup_hot,pcs,3190.095714285714,400.0,470.71000000000004,0.0,3119.385714285714,500.0,1600.0,0.0,2000.0,12.477542857142856,12477.542857142857
manual,2025-08-30,cup_cold,pcs,615.7385714285715,0.0,128.75,0.0,486.98857142857145,0.0,300.0,0.0,0.0,2.434942857142857,2434.942857142857
manual,2025-08-31,coffee_beans,g,46660.83714285716,5000.0,9548.099999999999,0.0,42112.737142857164,15000.0,30000.0,0.0,18000.0,50.5352845714286,50535.284571428594
manual,2025-08-31,milk,ml,131735.5,73000.0,90163.5,0.0,114572.0,83000.0,83000.0,0.0,4980.0,6.87432,6874.32
manual,2025-08-31,sugar,g,23910.411428571424,3000.0,5103.65,0.0,21806.761428571423,5000.0,9000.0,0.0,225.0,0.981304264285714,981.304264285714
manual,2025-08-31,chocolate_syrup,ml,8077.257142857137,500.0,1060.8000000000002,0.0,7516.457142857138,2000.0,3500.0,0.0,600.0,2.254937142857141,2254.937142857141
manual,2025-08-31,tea_leaves,g,2632.3314285714287,500.0,424.36,0.0,2707.9714285714285,0.0,500.0,0.0,0.0,1.624782857142857,1624.782857142857
manual,2025-08-31,ice,g,44679.2,9000.0,15184.800000000001,0.0,38494.399999999994,24000.0,24000.0,0.0,240.0,0.38494399999999995,384.94399999999996
manual,2025-08-31,croissant_dough,pcs,7.359999999999999,50.0,42.120000000000005,0.0,15.239999999999995,40.0,40.0,0.0,1800.0,0.6857999999999997,685.7999999999997
manual,2025-08-31,bread,pcs,34.599999999999994,100.0,112.36,0.0,22.239999999999995,60.0,60.0,0.0,480.0,0.17791999999999997,177.91999999999996
manual,2025-08-31,cup_hot,pcs,3119.385714285714,400.0,536.63,0.0,2982.755714285714,600.0,1800.0,0.0,2400.0,11.931022857142857,11931.022857142856
manual,2025-08-31,cup_cold,pcs,486.98857142857145,100.0,134.93,0.0,452.05857142857144,300.0,500.0,0.0,1500.0,2.2602928571428573,2260.2928571428574
manual,2025-09-01,coffee_beans,g,42112.737142857164,8000.0,7360.379999999999,0.0,42752.35714285716,10000.0,32000.0,0.0,12000.0,51.30282857142859,51302.82857142859
manual,2025-09-01,milk,ml,114572.0,83000.0,61477.5,0.0,136094.5,90000.0,90000.0,0.0,5400.0,8.16567,8165.67
manual,2025-09-01,sugar,g,21806.761428571423,4000.0,3814.09,0.0,21992.671428571422,5000.0,10000.0,0.0,225.0,0.989670214285714,989.670214285714
manual,2025-09-01,chocolate_syrup,ml,7516.457142857138,1500.0,592.8000000000001,0.0,8423.657142857137,1000.0,3000.0,0.0,300.0,2.527097142857141,2527.097142857141
manual,2025-09-01,tea_leaves,g,2707.9714285714285,0.0,510.88,0.0,2197.0914285714284,500.0,1000.0,0.0,300.0,1.318254857142857,1318.254857142857
manual,2025-09-01,ice,g,38494.399999999994,24000.0,9266.400000000001,0.0,53228.0,16000.0,16000.0,0.0,160.0,0.53228,532.28
manual,2025-09-01,croissant_dough,pcs,15.239999999999995,40.0,23.76,0.0,31.479999999999993,40.0,40.0,0.0,1800.0,1.4165999999999996,1416.5999999999997
manual,2025-09-01,bread,pcs,22.239999999999995,60.0,80.56,0.0,1.6799999999999926,100.0,100.0,0.0,800.0,0.013439999999999942,13.43999999999994
manual,2025-09-01,cup_hot,pcs,2982.755714285714,300.0,473.79999999999995,0.0,2808.955714285714,600.0,2100.0,0.0,2400.0,11.235822857142855,11235.822857142855
manual,2025-09-01,cup_cold,pcs,452.05857142857144,100.0,82.4,0.0,469.65857142857146,200.0,600.0,0.0,1000.0,2.3482928571428574,2348.2928571428574
manual,2025-09-02,coffee_beans,g,42752.35714285716,7000.0,6488.999999999999,0.0,43263.35714285716,7000.0,32000.0,0.0,8400.0,51.91602857142859,51916.02857142859
manual,2025-09-02,milk,ml,136094.5,90000.0,67641.0,0.0,158453.5,61000.0,61000.0,0.0,3660.0,9.507209999999999,9507.21
manual,2025-09-02,sugar,g,21992.671428571422,5000.0,3704.9100000000003,0.0,23287.761428571423,4000.0,9000.0,0.0,180.0,1.047949264285714,1047.949264285714
manual,2025-09-02,chocolate_syrup,ml,8423.657142857137,2000.0,1840.8000000000002,0.0,8582.857142857138,1000.0,2000.0,0.0,300.0,2.5748571428571414,2574.8571428571413
manual,2025-09-02,tea_leaves,g,2197.0914285714284,500.0,403.76,0.0,2293.3314285714287,500.0,1000.0,0.0,300.0,1.3759988571428572,1375.998857142857
manual,2025-09-02,ice,g,53228.0,16000.0,6976.800000000001,0.0,62251.2,9000.0,9000.0,0.0,90.0,0.622512,622.512
manual,2025-09-02,croissant_dough,pcs,31.479999999999993,40.0,33.480000000000004,0.0,37.999999999999986,30.0,30.0,0.0,1350.0,1.7099999999999993,1709.9999999999993
manual,2025-09-02,bread,pcs,1.6799999999999926,100.0,97.52000000000001,0.0,4.159999999999982,100.0,100.0,0.0,800.0,0.03327999999999986,33.27999999999986
manual,2025-09-02,cup_hot,pcs,2808.955714285714,400.0,461.44,0.0,2747.515714285714,500.0,2200.0,0.0,2000.0,10.990062857142856,10990.062857142855
manual,2025-09-02,cup_cold,pcs,469.65857142857146,100.0,60.769999999999996,0.0,508.8885714285715,0.0,500.0,0.0,0.0,2.5444428571428577,2544.4428571428575
manual,2025-09-03,coffee_beans,g,43263.35714285716,15000.0,7323.299999999999,0.0,50940.057142857164,7000.0,24000.0,0.0,8400.0,61.12806857142859,61128.068571428594
manual,2025-09-03,milk,ml,158453.5,61000.0,71746.5,0.0,147707.0,68000.0,68000.0,0.0,4080.0,8.86242,8862.42
manual,2025-09-03,sugar,g,23287.761428571423,5000.0,3970.65,0.0,24317.11142857142,4000.0,8000.0,0.0,180.0,1.0942700142857138,1094.2700142857138
manual,2025-09-03,chocolate_syrup,ml,8582.857142857138,1000.0,1466.4,0.0,8116.457142857137,1500.0,2500.0,0.0,450.0,2.4349371428571414,2434.937142857141
manual,2025-09-03,tea_leaves,g,2293.3314285714287,0.0,383.16,0.0,1910.1714285714284,500.0,1500.0,0.0,300.0,1.1461028571428569,1146.102857142857
manual,2025-09-03,ice,g,62251.2,9000.0,10000.800000000001,0.0,61250.399999999994,7000.0,7000.0,0.0,70.0,0.6125039999999999,612.5039999999999
manual,2025-09-03,croissant_dough,pcs,37.999999999999986,30.0,43.2,0.0,24.799999999999983,30.0,30.0,0.0,1350.0,1.1159999999999994,1115.9999999999993
manual,2025-09-03,bread,pcs,4.159999999999982,100.0,78.44,0.0,25.719999999999985,90.0,90.0,0.0,720.0,0.2057599999999999,205.75999999999988
manual,2025-09-03,cup_hot,pcs,2747.515714285714,500.0,463.50000000000006,0.0,2784.015714285714,400.0,2100.0,0.0,1600.0,11.136062857142855,11136.062857142855
manual,2025-09-03,cup_cold,pcs,508.8885714285715,0.0,87.55000000000001,0.0,421.3385714285714,100.0,600.0,0.0,500.0,2.106692857142857,2106.692857142857
manual,2025-09-04,coffee_beans,g,50940.057142857164,10000.0,7823.88,0.0,53116.17714285717,7000.0,21000.0,0.0,8400.0,63.7394125714286,63739.4125714286
manual,2025-09-04,milk,ml,147707.0,68000.0,69793.5,0.0,145913.5,72000.0,72000.0,0.0,4320.0,8.754809999999999,8754.81
manual,2025-09-04,sugar,g,24317.11142857142,4000.0,3937.6900000000005,0.0,24379.421428571422,4000.0,8000.0,0.0,180.0,1.0970739642857141,1097.073964285714
manual,2025-09-04,chocolate_syrup,ml,8116.457142857137,1000.0,998.4000000000001,0.0,8118.057142857137,1500.0,3000.0,0.0,450.0,2.435417142857141,2435.417142857141
manual,2025-09-04,tea_leaves,g,1910.1714285714284,500.0,416.12,0.0,1994.0514285714285,0.0,1000.0,0.0,0.0,1.1964308571428572,1196.4308571428571
manual,2025-09-04,ice,g,61250.399999999994,7000.0,10173.600000000002,0.0,58076.799999999996,10000.0,10000.0,0.0,100.0,0.580768,580.7679999999999
manual,2025-09-04,croissant_dough,pcs,24.799999999999983,30.0,49.68000000000001,0.0,5.119999999999976,40.0,40.0,0.0,1800.0,0.23039999999999894,230.39999999999893
manual,2025-09-04,bread,pcs,25.719999999999985,90.0,114.48,0.0,1.2399999999999807,80.0,80.0,0.0,640.0,0.009919999999999846,9.919999999999845
manual,2025-09-04,cup_hot,pcs,2784.015714285714,600.0,484.1,0.0,2899.915714285714,500.0,2000.0,0.0,2000.0,11.599662857142857,11599.662857142856
manual,2025-09-04,cup_cold,pcs,421.3385714285714,300.0,87.55000000000001,0.0,633.7885714285715,100.0,400.0,0.0,500.0,3.168942857142857,3168.942857142857
manual,2025-09-05,coffee_beans,g,53116.17714285717,7000.0,6711.479999999999,0.0,53404.69714285717,8000.0,22000.0,0.0,9600.0,64.08563657142861,64085.6365714286
manual,2025-09-05,milk,ml,145913.5,72000.0,65173.5,0.0,152740.0,69000.0,69000.0,0.0,4140.0,9.1644,9164.4
manual,2025-09-05,sugar,g,24379.421428571422,4000.0,3730.6600000000003,0.0,24648.761428571423,4000.0,8000.0,0.0,180.0,1.109194264285714,1109.1942642857139
manual,2025-09-05,chocolate_syrup,ml,8118.057142857137,1500.0,1279.2,0.0,8338.857142857138,1000.0,2500.0,0.0,300.0,2.501657142857141,2501.657142857141
manual,2025-09-05,tea_leaves,g,1994.0514285714285,500.0,395.52,0.0,2098.5314285714285,500.0,1000.0,0.0,300.0,1.259118857142857,1259.118857142857
manual,2025-09-05,ice,g,58076.799999999996,10000.0,9720.0,0.0,58356.799999999996,10000.0,10000.0,0.0,100.0,0.583568,583.568
manual,2025-09-05,croissant_dough,pcs,5.119999999999976,40.0,32.400000000000006,0.0,12.71999999999997,50.0,50.0,0.0,2250.0,0.5723999999999987,572.3999999999987
manual,2025-09-05,bread,pcs,1.2399999999999807,80.0,80.56,0.0,0.6799999999999784,100.0,100.0,0.0,800.0,0.005439999999999827,5.439999999999827
manual,2025-09-05,cup_hot,pcs,2899.915714285714,600.0,427.45,0.0,3072.465714285714,500.0,1900.0,0.0,2000.0,12.289862857142856,12289.862857142856
manual,2025-09-05,cup_cold,pcs,633.7885714285715,200.0,86.52000000000001,0.0,747.2685714285715,100.0,300.0,0.0,500.0,3.7363428571428576,3736.3428571428576
manual,2025-09-06,coffee_beans,g,53404.69714285717,7000.0,6859.799999999999,0.0,53544.89714285717,7000.0,22000.0,0.0,8400.0,64.2538765714286,64253.8765714286
manual,2025-09-06,milk,ml,152740.0,69000.0,70213.5,0.0,151526.5,66000.0,66000.0,0.0,3960.0,9.09159,9091.59
manual,2025-09-06,sugar,g,24648.761428571423,4000.0,3942.8400000000006,0.0,24705.921428571422,3000.0,7000.0,0.0,135.0,1.111766464285714,1111.766464285714
manual,2025-09-06,chocolate_syrup,ml,8338.857142857138,1500.0,1310.4,0.0,8528.457142857136,1500.0,2500.0,0.0,450.0,2.5585371428571406,2558.5371428571407
manual,2025-09-06,tea_leaves,g,2098.5314285714285,500.0,374.92,0.0,2223.6114285714284,500.0,1000.0,0.0,300.0,1.334166857142857,1334.166857142857
manual,2025-09-06,ice,g,58356.799999999996,10000.0,10065.6,0.0,58291.2,10000.0,10000.0,0.0,100.0,0.5829120000000001,582.912
manual,2025-09-06,croissant_dough,pcs,12.71999999999997,50.0,62.64,0.0,0.07999999999996987,30.0,30.0,0.0,1350.0,0.003599999999998644,3.5999999999986443
manual,2025-09-06,bread,pcs,0.6799999999999784,100.0,99.64,0.0,1.0399999999999778,100.0,100.0,0.0,800.0,0.008319999999999822,8.319999999999823
manual,2025-09-06,cup_hot,pcs,3072.465714285714,500.0,429.51000000000005,0.0,3142.955714285714,400.0,1800.0,0.0,1600.0,12.571822857142855,12571.822857142855
manual,2025-09-06,cup_cold,pcs,747.2685714285715,0.0,88.58,0.0,658.6885714285714,100.0,400.0,0.0,500.0,3.2934428571428573,3293.442857142857
manual,2025-09-07,coffee_beans,g,53544.89714285717,7000.0,6748.5599999999995,0.0,53796.33714285717,15000.0,30000.0,0.0,18000.0,64.5556045714286,64555.6045714286
manual,2025-09-07,milk,ml,151526.5,66000.0,64312.5,0.0,153214.0,123000.0,123000.0,0.0,7380.0,9.19284,9192.84
manual,2025-09-07,sugar,g,24705.921428571422,4000.0,3739.9300000000003,0.0,24965.991428571422,12000.0,15000.0,0.0,540.0,1.123469614285714,1123.469614285714
manual,2025-09-07,chocolate_syrup,ml,8528.457142857136,1000.0,998.4000000000001,0.0,8530.057142857137,2500.0,4000.0,0.0,750.0,2.5590171428571407,2559.0171428571407
manual,2025-09-07,tea_leaves,g,2223.6114285714284,0.0,259.56,0.0,1964.0514285714285,2000.0,3000.0,0.0,1200.0,1.1784308571428572,1178.4308571428571
manual,2025-09-07,ice,g,58291.2,10000.0,16135.2,0.0,52155.99999999999,18000.0,18000.0,0.0,180.0,0.5215599999999999,521.56
manual,2025-09-07,croissant_dough,pcs,0.07999999999996987,30.0,29.160000000000004,0.0,0.9199999999999662,60.0,60.0,0.0,2700.0,0.04139999999999848,41.39999999999848
manual,2025-09-07,bread,pcs,1.0399999999999778,100.0,72.08,0.0,28.95999999999998,130.0,130.0,0.0,1040.0,0.23167999999999983,231.67999999999984
manual,2025-09-07,cup_hot,pcs,3142.955714285714,400.0,331.66,0.0,3211.295714285714,1300.0,2700.0,0.0,5200.0,12.845182857142856,12845.182857142856
manual,2025-09-07,cup_cold,pcs,658.6885714285714,100.0,141.11,0.0,617.5785714285714,200.0,500.0,0.0,1000.0,3.0878928571428568,3087.892857142857
manual,2025-09-08,coffee_beans,g,53796.33714285717,8000.0,5191.2,0.0,56605.137142857166,6000.0,28000.0,0.0,7200.0,67.9261645714286,67926.1645714286
manual,2025-09-08,milk,ml,153214.0,123000.0,42147.0,0.0,234067.0,64000.0,64000.0,0.0,3840.0,14.04402,14044.019999999999
manual,2025-09-08,sugar,g,24965.991428571422,3000.0,2374.15,0.0,25591.84142857142,4000.0,16000.0,0.0,180.0,1.1516328642857139,1151.6328642857138
manual,2025-09-08,chocolate_syrup,ml,8530.057142857137,1500.0,592.8000000000001,0.0,9437.257142857137,1000.0,3500.0,0.0,300.0,2.831177142857141,2831.177142857141
manual,2025-09-08,tea_leaves,g,1964.0514285714285,500.0,201.88,0.0,2262.1714285714284,500.0,3000.0,0.0,300.0,1.357302857142857,1357.302857142857
manual,2025-09-08,ice,g,52155.99999999999,18000.0,5983.200000000001,0.0,64172.799999999996,16000.0,16000.0,0.0,160.0,0.641728,641.728
manual,2025-09-08,croissant_dough,pcs,0.9199999999999662,60.0,32.400000000000006,0.0,28.51999999999996,50.0,50.0,0.0,2250.0,1.2833999999999983,1283.3999999999983
manual,2025-09-08,bread,pcs,28.95999999999998,130.0,65.72,0.0,93.23999999999998,100.0,100.0,0.0,800.0,0.7459199999999998,745.9199999999998
manual,2025-09-08,cup_hot,pcs,3211.295714285714,500.0,304.88,0.0,3406.415714285714,300.0,2500.0,0.0,1200.0,13.625662857142856,13625.662857142856
manual,2025-09-08,cup_cold,pcs,617.5785714285714,100.0,53.56,0.0,664.0185714285715,100.0,500.0,0.0,500.0,3.320092857142858,3320.0928571428576
manual,2025-09-09,coffee_beans,g,56605.137142857166,7000.0,6971.039999999999,0.0,56634.097142857165,6000.0,27000.0,0.0,7200.0,67.9609165714286,67960.91657142859
manual,2025-09-09,milk,ml,234067.0,64000.0,62296.5,0.0,235770.5,42000.0,42000.0,0.0,2520.0,14.14623,14146.23
manual,2025-09-09,sugar,g,25591.84142857142,12000.0,3459.7700000000004,0.0,34132.07142857142,2000.0,6000.0,0.0,90.0,1.535943214285714,1535.9432142857138
manual,2025-09-09,chocolate_syrup,ml,9437.257142857137,2500.0,998.4000000000001,0.0,10938.857142857138,500.0,1500.0,0.0,150.0,3.2816571428571413,3281.657142857141
manual,2025-09-09,tea_leaves,g,2262.1714285714284,500.0,271.92,0.0,2490.2514285714283,0.0,2500.0,0.0,0.0,1.494150857142857,1494.150857142857
manual,2025-09-09,ice,g,64172.799999999996,16000.0,11944.800000000001,172.79999999999336,68055.2,6000.0,6000.0,1.7279999999999336,60.0,0.680552,680.552
manual,2025-09-09,croissant_dough,pcs,28.51999999999996,50.0,42.120000000000005,0.0,36.399999999999956,30.0,30.0,0.0,1350.0,1.637999999999998,1637.999999999998
manual,2025-09-09,bread,pcs,93.23999999999998,100.0,97.52000000000001,0.0,95.71999999999997,60.0,60.0,0.0,480.0,0.7657599999999998,765.7599999999998
manual,2025-09-09,cup_hot,pcs,3406.415714285714,500.0,385.22,0.0,3521.1957142857136,300.0,2300.0,0.0,1200.0,14.084782857142855,14084.782857142854
manual,2025-09-09,cup_cold,pcs,664.0185714285715,100.0,103.0,0.0,661.0185714285715,100.0,500.0,0.0,500.0,3.3050928571428577,3305.0928571428576
manual,2025-09-10,coffee_beans,g,56634.097142857165,15000.0,5320.98,0.0,66313.11714285717,6000.0,18000.0,0.0,7200.0,79.5757405714286,79575.7405714286
manual,2025-09-10,milk,ml,235770.5,42000.0,55639.5,0.0,222131.0,64000.0,64000.0,0.0,3840.0,13.32786,13327.859999999999
manual,2025-09-10,sugar,g,34132.07142857142,4000.0,3015.84,0.0,35116.231428571424,4000.0,6000.0,0.0,180.0,1.580230414285714,1580.230414285714
manual,2025-09-10,chocolate_syrup,ml,10938.857142857138,1000.0,1248.0,0.0,10690.857142857138,1000.0,1500.0,0.0,300.0,3.2072571428571415,3207.2571428571414
manual,2025-09-10,tea_leaves,g,2490.2514285714283,2000.0,226.6,0.0,4263.651428571428,0.0,500.0,0.0,0.0,2.5581908571428573,2558.190857142857
manual,2025-09-10,ice,g,68055.2,6000.0,9460.800000000001,0.0,64594.399999999994,12000.0,12000.0,0.0,120.0,0.645944,645.944
manual,2025-09-10,croissant_dough,pcs,36.399999999999956,30.0,18.36,0.0,48.03999999999996,50.0,50.0,0.0,2250.0,2.161799999999998,2161.799999999998
manual,2025-09-10,bread,pcs,95.71999999999997,60.0,82.68,0.0,73.03999999999996,100.0,100.0,0.0,800.0,0.5843199999999997,584.3199999999997
manual,2025-09-10,cup_hot,pcs,3521.1957142857136,400.0,312.09,0.0,3609.1057142857135,400.0,2300.0,0.0,1600.0,14.436422857142855,14436.422857142854
manual,2025-09-10,cup_cold,pcs,661.0185714285715,100.0,81.37,0.0,679.6485714285714,100.0,500.0,0.0,500.0,3.398242857142857,3398.242857142857
manual,2025-09-11,coffee_beans,g,66313.11714285717,6000.0,5803.0199999999995,0.0,66510.09714285716,6000.0,18000.0,0.0,7200.0,79.81211657142859,79812.11657142859
manual,2025-09-11,milk,ml,222131.0,64000.0,47533.5,0.0,238597.5,85000.0,85000.0,0.0,5100.0,14.315850000000001,14315.85
manual,2025-09-11,sugar,g,35116.231428571424,2000.0,2766.58,0.0,34349.65142857142,3000.0,7000.0,0.0,135.0,1.545734314285714,1545.734314285714
manual,2025-09-11,chocolate_syrup,ml,10690.857142857138,500.0,780.0000000000001,0.0,10410.857142857138,1000.0,2000.0,0.0,300.0,3.1232571428571414,3123.2571428571414
manual,2025-09-11,tea_leaves,g,4263.651428571428,500.0,280.16,0.0,4483.4914285714285,500.0,500.0,0.0,300.0,2.6900948571428573,2690.094857142857
manual,2025-09-11,ice,g,64594.399999999994,12000.0,8510.400000000001,0.0,68084.0,9000.0,9000.0,0.0,90.0,0.68084,680.84
manual,2025-09-11,croissant_dough,pcs,48.03999999999996,50.0,36.72,18.039999999999957,43.28,30.0,30.0,811.799999999998,1350.0,1.9476000000000002,1947.6000000000001
manual,2025-09-11,bread,pcs,73.03999999999996,100.0,84.80000000000001,13.039999999999964,75.19999999999999,100.0,100.0,104.31999999999971,800.0,0.6015999999999999,601.5999999999999
manual,2025-09-11,cup_hot,pcs,3609.1057142857135,1300.0,342.99,0.0,4566.115714285714,300.0,1300.0,0.0,1200.0,18.264462857142856,18264.462857142855
manual,2025-09-11,cup_cold,pcs,679.6485714285714,200.0,75.19,0.0,804.4585714285714,100.0,400.0,0.0,500.0,4.022292857142857,4022.292857142857
manual,2025-09-12,coffee_beans,g,66510.09714285716,6000.0,6322.139999999999,0.0,66187.95714285717,6000.0,18000.0,0.0,7200.0,79.42554857142859,79425.54857142859
manual,2025-09-12,milk,ml,238597.5,85000.0,53056.5,68597.5,201943.5,85000.0,85000.0,4115.849999999999,5100.0,12.11661,12116.609999999999
manual,2025-09-12,sugar,g,34349.65142857142,4000.0,3056.01,0.0,35293.64142857142,3000.0,6000.0,0.0,135.0,1.588213864285714,1588.213864285714
manual,2025-09-12,chocolate_syrup,ml,10410.857142857138,1000.0,592.8000000000001,0.0,10818.057142857137,1000.0,2000.0,0.0,300.0,3.245417142857141,3245.417142857141
manual,2025-09-12,tea_leaves,g,4483.4914285714285,0.0,247.20000000000002,0.0,4236.291428571429,500.0,1000.0,0.0,300.0,2.541774857142857,2541.774857142857
manual,2025-09-12,ice,g,68084.0,9000.0,8748.0,0.0,68336.0,10000.0,10000.0,0.0,100.0,0.6833600000000001,683.36
manual,2025-09-12,croissant_dough,pcs,43.28,30.0,49.68000000000001,0.0,23.599999999999994,40.0,40.0,0.0,1800.0,1.0619999999999998,1061.9999999999998
manual,2025-09-12,bread,pcs,75.19999999999999,100.0,89.04,0.0,86.15999999999998,80.0,80.0,0.0,640.0,0.6892799999999999,689.2799999999999
manual,2025-09-12,cup_hot,pcs,4566.115714285714,300.0,355.35,0.0,4510.765714285713,400.0,1400.0,0.0,1600.0,18.043062857142854,18043.062857142853
manual,2025-09-12,cup_cold,pcs,804.4585714285714,100.0,77.25,0.0,827.2085714285714,0.0,300.0,0.0,0.0,4.136042857142858,4136.042857142857
manual,2025-09-13,coffee_beans,g,66187.95714285717,6000.0,5728.86,0.0,66459.09714285716,6000.0,18000.0,0.0,7200.0,79.75091657142859,79750.91657142859
manual,2025-09-13,milk,ml,201943.5,85000.0,56658.0,10943.5,219342.0,64000.0,64000.0,656.61,3840.0,13.160519999999998,13160.519999999999
manual,2025-09-13,sugar,g,35293.64142857142,3000.0,3123.9900000000002,0.0,35169.65142857142,3000.0,6000.0,0.0,135.0,1.582634314285714,1582.634314285714
manual,2025-09-13,chocolate_syrup,ml,10818.057142857137,1000.0,1372.8000000000002,0.0,10445.257142857135,500.0,1500.0,0.0,150.0,3.1335771428571406,3133.5771428571406
manual,2025-09-13,tea_leaves,g,4236.291428571429,0.0,259.56,0.0,3976.7314285714283,0.0,1000.0,0.0,0.0,2.3860388571428572,2386.038857142857
manual,2025-09-13,ice,g,68336.0,10000.0,9525.6,0.0,68810.4,12000.0,12000.0,0.0,120.0,0.6881039999999999,688.1039999999999
manual,2025-09-13,croissant_dough,pcs,23.599999999999994,40.0,34.56,0.0,29.039999999999992,50.0,50.0,0.0,2250.0,1.3067999999999997,1306.7999999999997
manual,2025-09-13,bread,pcs,86.15999999999998,80.0,84.80000000000001,0.0,81.35999999999997,90.0,90.0,0.0,720.0,0.6508799999999998,650.8799999999998
manual,2025-09-13,cup_hot,pcs,4510.765714285713,300.0,345.05,0.0,4465.715714285714,300.0,1400.0,0.0,1200.0,17.862862857142858,17862.862857142856
manual,2025-09-13,cup_cold,pcs,827.2085714285714,100.0,83.43,0.0,843.7785714285715,100.0,300.0,0.0,500.0,4.218892857142857,4218.892857142857
manual,2025-09-14,coffee_beans,g,66459.09714285716,6000.0,7564.319999999999,0.0,64894.777142857165,0.0,12000.0,0.0,0.0,77.8737325714286,77873.7325714286
manual,2025-09-14,milk,ml,219342.0,64000.0,68806.5,0.0,214535.5,2000.0,2000.0,0.0,120.0,12.87213,12872.13
manual,2025-09-14,sugar,g,35169.65142857142,3000.0,3932.54,0.0,34237.11142857142,0.0,3000.0,0.0,0.0,1.540670014285714,1540.670014285714
manual,2025-09-14,chocolate_syrup,ml,10445.257142857135,1000.0,1185.6000000000001,0.0,10259.657142857137,0.0,500.0,0.0,0.0,3.077897142857141,3077.897142857141
manual,2025-09-14,tea_leaves,g,3976.7314285714283,500.0,263.68,0.0,4213.051428571428,0.0,500.0,0.0,0.0,2.5278308571428565,2527.8308571428565
manual,2025-09-14,ice,g,68810.4,12000.0,14126.400000000001,0.0,66684.0,12000.0,12000.0,0.0,120.0,0.6668400000000001,666.84
manual,2025-09-14,croissant_dough,pcs,29.039999999999992,50.0,46.440000000000005,0.0,32.59999999999999,10.0,10.0,0.0,450.0,1.4669999999999994,1466.9999999999993
manual,2025-09-14,bread,pcs,81.35999999999997,90.0,118.72,1.359999999999971,51.28,30.0,30.0,10.879999999999768,240.0,0.41024,410.24
manual,2025-09-14,cup_hot,pcs,4465.715714285714,400.0,398.61000000000007,0.0,4467.1057142857135,0.0,1000.0,0.0,0.0,17.868422857142853,17868.422857142854
manual,2025-09-14,cup_cold,pcs,843.7785714285715,100.0,126.69,0.0,817.0885714285714,100.0,300.0,0.0,500.0,4.085442857142857,4085.442857142857
manual,2025-09-15,coffee_beans,g,64894.777142857165,6000.0,4987.26,0.0,65907.51714285716,0.0,6000.0,0.0,0.0,79.0890205714286,79089.0205714286
manual,2025-09-15,milk,ml,214535.5,2000.0,46840.5,0.0,169695.0,66000.0,66000.0,0.0,3960.0,10.1817,10181.699999999999
manual,2025-09-15,sugar,g,34237.11142857142,3000.0,2605.9000000000005,0.0,34631.21142857142,0.0,0.0,0.0,0.0,1.5584045142857137,1558.4045142857137
manual,2025-09-15,chocolate_syrup,ml,10259.657142857137,500.0,873.6000000000001,0.0,9886.057142857137,500.0,500.0,0.0,150.0,2.965817142857141,2965.817142857141
manual,2025-09-15,tea_leaves,g,4213.051428571428,500.0,243.08,0.0,4469.971428571428,0.0,0.0,0.0,0.0,2.681982857142857,2681.9828571428566
manual,2025-09-15,ice,g,66684.0,12000.0,7344.000000000001,1683.9999999999955,69656.0,12000.0,12000.0,16.839999999999954,120.0,0.6965600000000001,696.5600000000001
manual,2025-09-15,croissant_dough,pcs,32.59999999999999,10.0,35.64,0.0,6.959999999999987,50.0,50.0,0.0,2250.0,0.3131999999999994,313.1999999999994
manual,2025-09-15,bread,pcs,51.28,30.0,59.36,0.0,21.92,100.0,100.0,0.0,800.0,0.17536000000000002,175.36
manual,2025-09-15,cup_hot,pcs,4467.1057142857135,300.0,302.82,0.0,4464.285714285714,0.0,700.0,0.0,0.0,17.857142857142854,17857.142857142855
manual,2025-09-15,cup_cold,pcs,817.0885714285714,100.0,63.86,0.0,853.2285714285714,100.0,300.0,0.0,500.0,4.266142857142857,4266.142857142857
manual,2025-09-16,coffee_beans,g,65907.51714285716,6000.0,4356.9,0.0,67550.61714285717,1000.0,1000.0,0.0,1200.0,81.0607405714286,81060.7405714286
manual,2025-09-16,milk,ml,169695.0,66000.0,43701.0,18695.0,173299.0,66000.0,66000.0,1121.7,3960.0,10.39794,10397.94
manual,2025-09-16,sugar,g,34631.21142857142,0.0,2269.09,0.0,32362.12142857142,0.0,0.0,0.0,0.0,1.456295464285714,1456.295464285714
manual,2025-09-16,chocolate_syrup,ml,9886.057142857137,0.0,1279.2,0.0,8606.857142857136,500.0,1000.0,0.0,150.0,2.5820571428571406,2582.0571428571407
manual,2025-09-16,tea_leaves,g,4469.971428571428,0.0,214.24,0.0,4255.731428571428,0.0,0.0,0.0,0.0,2.5534388571428566,2553.4388571428567
manual,2025-09-16,ice,g,69656.0,12000.0,4860.0,8656.0,68140.0,12000.0,12000.0,86.56,120.0,0.6814,681.4
manual,2025-09-16,croissant_dough,pcs,6.959999999999987,50.0,32.400000000000006,0.0,24.55999999999998,30.0,30.0,0.0,1350.0,1.105199999999999,1105.1999999999991
manual,2025-09-16,bread,pcs,21.92,100.0,69.96000000000001,0.0,51.959999999999994,80.0,80.0,0.0,640.0,0.41567999999999994,415.67999999999995
manual,2025-09-16,cup_hot,pcs,4464.285714285714,400.0,296.64000000000004,0.0,4567.645714285713,0.0,300.0,0.0,0.0,18.270582857142855,18270.582857142854
manual,2025-09-16,cup_cold,pcs,853.2285714285714,0.0,41.2,0.0,812.0285714285715,100.0,400.0,0.0,500.0,4.060142857142857,4060.1428571428573
manual,2025-09-17,coffee_beans,g,67550.61714285717,0.0,5710.32,0.0,61840.29714285716,4000.0,5000.0,0.0,4800.0,74.2083565714286,74208.3565714286
manual,2025-09-17,milk,ml,173299.0,66000.0,55723.5,41299.0,142276.5,66000.0,66000.0,2477.94,3960.0,8.53659,8536.59
manual,2025-09-17,sugar,g,32362.12142857142,0.0,3212.57,0.0,29149.55142857142,2000.0,2000.0,0.0,90.0,1.311729814285714,1311.729814285714
manual,2025-09-17,chocolate_syrup,ml,8606.857142857136,500.0,1185.6000000000001,0.0,7921.2571428571355,1500.0,2000.0,0.0,450.0,2.3763771428571405,2376.3771428571404
manual,2025-09-17,tea_leaves,g,4255.731428571428,0.0,329.6,0.0,3926.1314285714284,0.0,0.0,0.0,0.0,2.355678857142857,2355.678857142857
manual,2025-09-17,ice,g,68140.0,12000.0,10303.2,1139.9999999999995,68696.8,6000.0,6000.0,11.399999999999995,60.0,0.6869680000000001,686.9680000000001
manual,2025-09-17,croissant_dough,pcs,24.55999999999998,30.0,47.52,0.0,7.039999999999978,40.0,40.0,0.0,1800.0,0.31679999999999897,316.799999999999
manual,2025-09-17,bread,pcs,51.959999999999994,80.0,84.80000000000001,0.0,47.15999999999998,70.0,70.0,0.0,560.0,0.3772799999999999,377.27999999999986
manual,2025-09-17,cup_hot,pcs,4567.645714285713,300.0,349.1700000000001,0.0,4518.475714285714,0.0,0.0,0.0,0.0,18.07390285714286,18073.902857142857
manual,2025-09-17,cup_cold,pcs,812.0285714285715,100.0,89.61,0.0,822.4185714285713,0.0,300.0,0.0,0.0,4.112092857142857,4112.092857142857
manual,2025-09-18,coffee_beans,g,61840.29714285716,0.0,6340.68,0.0,55499.61714285717,6000.0,11000.0,0.0,7200.0,66.5995405714286,66599.5405714286
manual,2025-09-18,milk,ml,142276.5,66000.0,58863.0,8276.5,141137.0,64000.0,64000.0,496.59,3840.0,8.468219999999999,8468.22
manual,2025-09-18,sugar,g,29149.55142857142,0.0,3142.53,0.0,26007.021428571417,3000.0,5000.0,0.0,135.0,1.1703159642857137,1170.3159642857138
manual,2025-09-18,chocolate_syrup,ml,7921.2571428571355,500.0,1310.4,0.0,7110.857142857136,1000.0,2500.0,0.0,300.0,2.1332571428571407,2133.2571428571405
manual,2025-09-18,tea_leaves,g,3926.1314285714284,0.0,234.84,0.0,3691.2914285714282,0.0,0.0,0.0,0.0,2.214774857142857,2214.774857142857
manual,2025-09-18,ice,g,68696.8,6000.0,8186.400000000001,1696.7999999999993,64813.6,12000.0,12000.0,16.967999999999993,120.0,0.6481359999999999,648.136
manual,2025-09-18,croissant_dough,pcs,7.039999999999978,40.0,33.480000000000004,0.0,13.559999999999974,40.0,40.0,0.0,1800.0,0.6101999999999989,610.1999999999988
manual,2025-09-18,bread,pcs,47.15999999999998,70.0,78.44,0.0,38.719999999999985,90.0,90.0,0.0,720.0,0.30975999999999987,309.7599999999999
manual,2025-09-18,cup_hot,pcs,4518.475714285714,0.0,381.09999999999997,0.0,4137.375714285714,0.0,0.0,0.0,0.0,16.549502857142855,16549.502857142856
manual,2025-09-18,cup_cold,pcs,822.4185714285713,100.0,73.13,0.0,849.2885714285715,100.0,300.0,0.0,500.0,4.246442857142857,4246.442857142857
manual,2025-09-19,coffee_beans,g,55499.61714285717,1000.0,7193.52,0.0,49306.097142857165,6000.0,16000.0,0.0,7200.0,59.16731657142859,59167.31657142859
manual,2025-09-19,milk,ml,141137.0,64000.0,72775.5,0.0,132361.5,59000.0,59000.0,0.0,3540.0,7.9416899999999995,7941.69
manual,2025-09-19,sugar,g,26007.021428571417,2000.0,3881.0400000000004,0.0,24125.98142857142,3000.0,6000.0,0.0,135.0,1.085669164285714,1085.6691642857138
manual,2025-09-19,chocolate_syrup,ml,7110.857142857136,1500.0,1903.2000000000003,0.0,6707.657142857135,1500.0,2500.0,0.0,450.0,2.0122971428571406,2012.2971428571404
manual,2025-09-19,tea_leaves,g,3691.2914285714282,0.0,358.44,0.0,3332.851428571428,0.0,0.0,0.0,0.0,1.999710857142857,1999.7108571428569
manual,2025-09-19,ice,g,64813.6,12000.0,9460.800000000001,813.5999999999995,66539.2,9000.0,9000.0,8.135999999999994,90.0,0.665392,665.3919999999999
manual,2025-09-19,croissant_dough,pcs,13.559999999999974,40.0,44.28,0.0,9.279999999999973,40.0,40.0,0.0,1800.0,0.4175999999999988,417.5999999999988
manual,2025-09-19,bread,pcs,38.719999999999985,90.0,69.96000000000001,0.0,58.75999999999998,70.0,70.0,0.0,560.0,0.47007999999999983,470.0799999999998
manual,2025-09-19,cup_hot,pcs,4137.375714285714,0.0,470.71000000000004,0.0,3666.665714285714,400.0,400.0,0.0,1600.0,14.666662857142855,14666.662857142856
manual,2025-09-19,cup_cold,pcs,849.2885714285715,100.0,81.37,0.0,867.9185714285713,100.0,300.0,0.0,500.0,4.339592857142857,4339.592857142857
manual,2025-09-20,coffee_beans,g,49306.097142857165,4000.0,6285.06,0.0,47021.03714285717,7000.0,19000.0,0.0,8400.0,56.4252445714286,56425.2445714286
manual,2025-09-20,milk,ml,132361.5,59000.0,66328.5,0.0,125033.0,73000.0,73000.0,0.0,4380.0,7.50198,7501.98
manual,2025-09-20,sugar,g,24125.98142857142,3000.0,3542.17,0.0,23583.81142857142,4000.0,7000.0,0.0,180.0,1.0612715142857136,1061.2715142857137
manual,2025-09-20,chocolate_syrup,ml,6707.657142857135,1000.0,1903.2000000000003,0.0,5804.457142857135,2000.0,3500.0,0.0,600.0,1.7413371428571407,1741.3371428571406
manual,2025-09-20,tea_leaves,g,3332.851428571428,0.0,280.16,0.0,3052.6914285714283,0.0,0.0,0.0,0.0,1.831614857142857,1831.6148571428569
manual,2025-09-20,ice,g,66539.2,9000.0,10476.0,539.1999999999989,64524.0,10000.0,10000.0,5.391999999999989,100.0,0.64524,645.24
manual,2025-09-20,croissant_dough,pcs,9.279999999999973,40.0,44.28,0.0,4.999999999999972,40.0,40.0,0.0,1800.0,0.22499999999999873,224.99999999999872
manual,2025-09-20,bread,pcs,58.75999999999998,70.0,116.60000000000001,0.0,12.159999999999968,70.0,70.0,0.0,560.0,0.09727999999999974,97.27999999999975
manual,2025-09-20,cup_hot,pcs,3666.665714285714,0.0,390.37000000000006,0.0,3276.295714285714,500.0,900.0,0.0,2000.0,13.105182857142855,13105.182857142856
manual,2025-09-20,cup_cold,pcs,867.9185714285713,100.0,91.67,0.0,876.2485714285714,0.0,200.0,0.0,0.0,4.381242857142857,4381.242857142857
manual,2025-09-21,coffee_beans,g,47021.03714285717,6000.0,8157.6,0.0,44863.43714285717,8000.0,21000.0,0.0,9600.0,53.8361245714286,53836.1245714286
manual,2025-09-21,milk,ml,125033.0,73000.0,63556.5,0.0,134476.5,89000.0,89000.0,0.0,5340.0,8.06859,8068.59
manual,2025-09-21,sugar,g,23583.81142857142,3000.0,3552.47,0.0,23031.34142857142,5000.0,9000.0,0.0,225.0,1.036410364285714,1036.410364285714
manual,2025-09-21,chocolate_syrup,ml,5804.457142857135,1500.0,967.2,0.0,6337.2571428571355,6000.0,8000.0,0.0,1800.0,1.9011771428571407,1901.1771428571406
manual,2025-09-21,tea_leaves,g,3052.6914285714283,0.0,276.04,0.0,2776.6514285714284,500.0,500.0,0.0,300.0,1.665990857142857,1665.990857142857
manual,2025-09-21,ice,g,64524.0,10000.0,9871.2,1523.999999999999,63128.8,10000.0,10000.0,15.239999999999991,100.0,0.6312880000000001,631.288
manual,2025-09-21,croissant_dough,pcs,4.999999999999972,40.0,44.28,0.0,0.7199999999999704,50.0,50.0,0.0,2250.0,0.03239999999999867,32.39999999999867
manual,2025-09-21,bread,pcs,12.159999999999968,70.0,63.6,0.0,18.559999999999967,110.0,110.0,0.0,880.0,0.14847999999999972,148.47999999999973
manual,2025-09-21,cup_hot,pcs,3276.295714285714,0.0,467.62,0.0,2808.675714285714,800.0,1700.0,0.0,3200.0,11.234702857142857,11234.702857142856
manual,2025-09-21,cup_cold,pcs,876.2485714285714,0.0,86.52000000000001,0.0,789.7285714285714,100.0,300.0,0.0,500.0,3.948642857142857,3948.642857142857
manual,2025-09-22,coffee_beans,g,44863.43714285717,6000.0,4987.259999999999,0.0,45876.17714285717,8000.0,23000.0,0.0,9600.0,55.0514125714286,55051.4125714286
manual,2025-09-22,milk,ml,134476.5,89000.0,55062.0,0.0,168414.5,63000.0,63000.0,0.0,3780.0,10.10487,10104.869999999999
manual,2025-09-22,sugar,g,23031.34142857142,4000.0,3281.58,0.0,23749.76142857142,4000.0,9000.0,0.0,180.0,1.0687392642857136,1068.7392642857137
manual,2025-09-22,chocolate_syrup,ml,6337.2571428571355,2000.0,1248.0,0.0,7089.2571428571355,1000.0,7000.0,0.0,300.0,2.1267771428571405,2126.7771428571405
manual,2025-09-22,tea_leaves,g,2776.6514285714284,0.0,350.2,0.0,2426.451428571428,500.0,1000.0,0.0,300.0,1.4558708571428567,1455.8708571428567
manual,2025-09-22,ice,g,63128.8,10000.0,10540.800000000001,2128.7999999999993,60459.2,11000.0,11000.0,21.287999999999993,110.0,0.604592,604.592
manual,2025-09-22,croissant_dough,pcs,0.7199999999999704,50.0,44.28,0.0,6.439999999999969,50.0,50.0,0.0,2250.0,0.2897999999999986,289.7999999999986
manual,2025-09-22,bread,pcs,18.559999999999967,110.0,76.32000000000001,0.0,52.23999999999996,80.0,80.0,0.0,640.0,0.4179199999999997,417.9199999999997
manual,2025-09-22,cup_hot,pcs,2808.675714285714,0.0,311.06,0.0,2497.6157142857137,400.0,2100.0,0.0,1600.0,9.990462857142855,9990.462857142855
manual,2025-09-22,cup_cold,pcs,789.7285714285714,100.0,94.76,0.0,794.9685714285714,100.0,300.0,0.0,500.0,3.9748428571428573,3974.842857142857
manual,2025-09-23,coffee_beans,g,45876.17714285717,7000.0,5895.719999999999,0.0,46980.457142857165,5000.0,21000.0,0.0,6000.0,56.3765485714286,56376.5485714286
manual,2025-09-23,milk,ml,168414.5,63000.0,56406.0,0.0,175008.5,55000.0,55000.0,0.0,3300.0,10.50051,10500.51
manual,2025-09-23,sugar,g,23749.76142857142,5000.0,3297.0299999999997,0.0,25452.73142857142,3000.0,7000.0,0.0,135.0,1.1453729142857139,1145.372914285714
manual,2025-09-23,chocolate_syrup,ml,7089.2571428571355,6000.0,1185.6000000000001,0.0,11903.657142857135,1000.0,2000.0,0.0,300.0,3.5710971428571407,3571.0971428571406
manual,2025-09-23,tea_leaves,g,2426.451428571428,0.0,407.88,0.0,2018.571428571428,0.0,1000.0,0.0,0.0,1.2111428571428566,1211.1428571428567
manual,2025-09-23,ice,g,60459.2,11000.0,8143.200000000001,1459.1999999999994,61856.8,12000.0,12000.0,14.591999999999993,120.0,0.6185680000000001,618.5680000000001
manual,2025-09-23,croissant_dough,pcs,6.439999999999969,50.0,44.28,0.0,12.159999999999968,40.0,40.0,0.0,1800.0,0.5471999999999986,547.1999999999986
manual,2025-09-23,bread,pcs,52.23999999999996,80.0,89.04,0.0,43.19999999999995,80.0,80.0,0.0,640.0,0.34559999999999963,345.5999999999996
manual,2025-09-23,cup_hot,pcs,2497.6157142857137,400.0,397.58000000000004,0.0,2500.0357142857138,300.0,2000.0,0.0,1200.0,10.000142857142855,10000.142857142855
manual,2025-09-23,cup_cold,pcs,794.9685714285714,100.0,71.07,0.0,823.8985714285714,100.0,300.0,0.0,500.0,4.119492857142857,4119.492857142857
manual,2025-09-24,coffee_beans,g,46980.457142857165,8000.0,6136.74,0.0,48843.71714285717,6000.0,19000.0,0.0,7200.0,58.6124605714286,58612.4605714286
manual,2025-09-24,milk,ml,175008.5,55000.0,61141.5,0.0,168867.0,57000.0,57000.0,0.0,3420.0,10.13202,10132.02
manual,2025-09-24,sugar,g,25452.73142857142,4000.0,3221.84,0.0,26230.89142857142,3000.0,6000.0,0.0,135.0,1.180390114285714,1180.390114285714
manual,2025-09-24,chocolate_syrup,ml,11903.657142857135,1000.0,2028.0000000000002,0.0,10875.657142857135,1000.0,2000.0,0.0,300.0,3.2626971428571405,3262.6971428571405
manual,2025-09-24,tea_leaves,g,2018.571428571428,500.0,271.92,0.0,2246.6514285714284,500.0,1000.0,0.0,300.0,1.3479908571428572,1347.990857142857
manual,2025-09-24,ice,g,61856.8,12000.0,6825.6,3856.7999999999993,63174.4,11000.0,11000.0,38.56799999999999,110.0,0.6317440000000001,631.744
manual,2025-09-24,croissant_dough,pcs,12.159999999999968,40.0,43.2,0.0,8.959999999999965,50.0,50.0,0.0,2250.0,0.40319999999999845,403.19999999999845
manual,2025-09-24,bread,pcs,43.19999999999995,80.0,89.04,0.0,34.15999999999995,90.0,90.0,0.0,720.0,0.2732799999999996,273.2799999999996
manual,2025-09-24,cup_hot,pcs,2500.0357142857138,500.0,416.12,0.0,2583.915714285714,400.0,1900.0,0.0,1600.0,10.335662857142855,10335.662857142856
manual,2025-09-24,cup_cold,pcs,823.8985714285714,0.0,59.74,0.0,764.1585714285713,0.0,300.0,0.0,0.0,3.8207928571428567,3820.7928571428565
manual,2025-09-25,coffee_beans,g,48843.71714285717,8000.0,4709.16,0.0,52134.55714285717,6000.0,17000.0,0.0,7200.0,62.561468571428605,62561.4685714286
manual,2025-09-25,milk,ml,168867.0,57000.0,45297.0,0.0,180570.0,61000.0,61000.0,0.0,3660.0,10.8342,10834.199999999999
manual,2025-09-25,sugar,g,26230.89142857142,3000.0,2488.4800000000005,0.0,26742.411428571417,4000.0,7000.0,0.0,180.0,1.2034085142857136,1203.4085142857136
manual,2025-09-25,chocolate_syrup,ml,10875.657142857135,1000.0,967.2,0.0,10908.457142857134,2000.0,3000.0,0.0,600.0,3.27253714285714,3272.53714285714
manual,2025-09-25,tea_leaves,g,2246.6514285714284,500.0,201.88,0.0,2544.7714285714283,500.0,1000.0,0.0,300.0,1.5268628571428569,1526.862857142857
manual,2025-09-25,ice,g,63174.4,11000.0,7646.400000000001,0.0,66528.0,7000.0,7000.0,0.0,70.0,0.66528,665.28
manual,2025-09-25,croissant_dough,pcs,8.959999999999965,50.0,32.400000000000006,0.0,26.55999999999996,40.0,40.0,0.0,1800.0,1.1951999999999983,1195.1999999999982
manual,2025-09-25,bread,pcs,34.15999999999995,90.0,72.08,0.0,52.07999999999995,90.0,90.0,0.0,720.0,0.4166399999999996,416.6399999999996
manual,2025-09-25,cup_hot,pcs,2583.915714285714,800.0,277.07000000000005,0.0,3106.8457142857137,400.0,1500.0,0.0,1600.0,12.427382857142856,12427.382857142855
manual,2025-09-25,cup_cold,pcs,764.1585714285713,100.0,66.95,0.0,797.2085714285714,100.0,300.0,0.0,500.0,3.986042857142857,3986.042857142857
manual,2025-09-26,coffee_beans,g,52134.55714285717,5000.0,6637.32,0.0,50497.237142857164,5000.0,17000.0,0.0,6000.0,60.5966845714286,60596.684571428596
manual,2025-09-26,milk,ml,180570.0,61000.0,53560.5,5570.0,182439.5,51000.0,51000.0,334.2,3060.0,10.94637,10946.369999999999
manual,2025-09-26,sugar,g,26742.411428571417,3000.0,3065.2799999999997,0.0,26677.131428571418,2000.0,6000.0,0.0,90.0,1.2004709142857137,1200.4709142857137
manual,2025-09-26,chocolate_syrup,ml,10908.457142857134,1000.0,592.8000000000001,0.0,11315.657142857135,1000.0,3000.0,0.0,300.0,3.3946971428571406,3394.6971428571405
manual,2025-09-26,tea_leaves,g,2544.7714285714283,0.0,288.40000000000003,0.0,2256.371428571428,0.0,1000.0,0.0,0.0,1.353822857142857,1353.822857142857
manual,2025-09-26,ice,g,66528.0,7000.0,8553.6,3527.999999999999,61446.4,11000.0,11000.0,35.279999999999994,110.0,0.6144640000000001,614.464
manual,2025-09-26,croissant_dough,pcs,26.55999999999996,40.0,35.64,0.0,30.91999999999996,30.0,30.0,0.0,1350.0,1.3913999999999982,1391.3999999999983
manual,2025-09-26,bread,pcs,52.07999999999995,90.0,99.64,0.0,42.43999999999995,70.0,70.0,0.0,560.0,0.3395199999999996,339.5199999999996
manual,2025-09-26,cup_hot,pcs,3106.8457142857137,400.0,386.25000000000006,0.0,3120.5957142857137,300.0,1400.0,0.0,1200.0,12.482382857142856,12482.382857142855
manual,2025-09-26,cup_cold,pcs,797.2085714285714,100.0,74.16,0.0,823.0485714285714,100.0,300.0,0.0,500.0,4.115242857142857,4115.242857142857
manual,2025-09-27,coffee_beans,g,50497.237142857164,6000.0,6618.78,0.0,49878.457142857165,6000.0,17000.0,0.0,7200.0,59.854148571428595,59854.148571428595
manual,2025-09-27,milk,ml,182439.5,51000.0,56931.0,9439.5,167069.0,63000.0,63000.0,566.37,3780.0,10.02414,10024.14
manual,2025-09-27,sugar,g,26677.131428571418,4000.0,3379.4300000000003,0.0,27297.701428571418,3000.0,5000.0,0.0,135.0,1.2283965642857138,1228.3965642857138
manual,2025-09-27,chocolate_syrup,ml,11315.657142857135,2000.0,1060.8000000000002,0.0,12254.857142857134,1000.0,2000.0,0.0,300.0,3.6764571428571404,3676.4571428571403
manual,2025-09-27,tea_leaves,g,2256.371428571428,500.0,321.36,0.0,2435.011428571428,500.0,1000.0,0.0,300.0,1.4610068571428567,1461.0068571428567
manual,2025-09-27,ice,g,61446.4,11000.0,10864.800000000001,446.39999999999964,61135.2,9000.0,9000.0,4.463999999999997,90.0,0.611352,611.352
manual,2025-09-27,croissant_dough,pcs,30.91999999999996,30.0,56.160000000000004,0.0,4.759999999999955,40.0,40.0,0.0,1800.0,0.214199999999998,214.199999999998
manual,2025-09-27,bread,pcs,42.43999999999995,70.0,112.36,0.0,0.07999999999995566,100.0,100.0,0.0,800.0,0.0006399999999996453,0.6399999999996453
manual,2025-09-27,cup_hot,pcs,3120.5957142857137,300.0,385.22,0.0,3035.375714285714,400.0,1500.0,0.0,1600.0,12.141502857142855,12141.502857142856
manual,2025-09-27,cup_cold,pcs,823.0485714285714,100.0,97.85000000000001,0.0,825.1985714285713,0.0,200.0,0.0,0.0,4.125992857142856,4125.992857142856
manual,2025-09-28,coffee_beans,g,49878.457142857165,6000.0,8324.46,0.0,47553.997142857166,8000.0,19000.0,0.0,9600.0,57.064796571428595,57064.7965714286
manual,2025-09-28,milk,ml,167069.0,63000.0,72880.5,0.0,157188.5,40000.0,40000.0,0.0,2400.0,9.43131,9431.31
manual,2025-09-28,sugar,g,27297.701428571418,2000.0,4036.57,0.0,25261.131428571418,3000.0,6000.0,0.0,135.0,1.136750914285714,1136.7509142857139
manual,2025-09-28,chocolate_syrup,ml,12254.857142857134,1000.0,1341.6000000000001,0.0,11913.257142857135,0.0,1000.0,0.0,0.0,3.573977142857141,3573.9771428571407
manual,2025-09-28,tea_leaves,g,2435.011428571428,500.0,280.16,0.0,2654.851428571428,500.0,1000.0,0.0,300.0,1.592910857142857,1592.910857142857
manual,2025-09-28,ice,g,61135.2,9000.0,13068.0,0.0,57067.2,6000.0,6000.0,0.0,60.0,0.5706720000000001,570.672
manual,2025-09-28,croissant_dough,pcs,4.759999999999955,40.0,44.28,0.0,0.47999999999995424,60.0,60.0,0.0,2700.0,0.02159999999999794,21.59999999999794
manual,2025-09-28,bread,pcs,0.07999999999995566,100.0,80.56,0.0,19.519999999999953,110.0,110.0,0.0,880.0,0.15615999999999963,156.15999999999963
manual,2025-09-28,cup_hot,pcs,3035.375714285714,400.0,463.50000000000006,0.0,2971.875714285714,500.0,1600.0,0.0,2000.0,11.887502857142856,11887.502857142856
manual,2025-09-28,cup_cold,pcs,825.1985714285713,0.0,113.3,0.0,711.8985714285714,100.0,300.0,0.0,500.0,3.559492857142857,3559.492857142857
manual,2025-09-29,coffee_beans,g,47553.997142857166,5000.0,5450.76,0.0,47103.237142857164,8000.0,22000.0,0.0,9600.0,56.523884571428596,56523.88457142859
manual,2025-09-29,milk,ml,157188.5,40000.0,56374.5,0.0,140814.0,73000.0,73000.0,0.0,4380.0,8.44884,8448.84
manual,2025-09-29,sugar,g,25261.131428571418,3000.0,3213.6000000000004,0.0,25047.53142857142,4000.0,7000.0,0.0,180.0,1.1271389142857138,1127.1389142857138
manual,2025-09-29,chocolate_syrup,ml,11913.257142857135,1000.0,904.8000000000001,0.0,12008.457142857134,0.0,0.0,0.0,0.0,3.60253714285714,3602.53714285714
manual,2025-09-29,tea_leaves,g,2654.851428571428,0.0,280.16,0.0,2374.691428571428,0.0,1000.0,0.0,0.0,1.4248148571428567,1424.8148571428567
manual,2025-09-29,ice,g,57067.2,6000.0,11059.2,0.0,52008.0,13000.0,13000.0,0.0,130.0,0.5200800000000001,520.08
manual,2025-09-29,croissant_dough,pcs,0.47999999999995424,60.0,24.840000000000003,0.0,35.63999999999995,50.0,50.0,0.0,2250.0,1.6037999999999977,1603.7999999999977
manual,2025-09-29,bread,pcs,19.519999999999953,110.0,63.6,0.0,65.91999999999996,80.0,80.0,0.0,640.0,0.5273599999999997,527.3599999999997
manual,2025-09-29,cup_hot,pcs,2971.875714285714,400.0,305.91,0.0,3065.9657142857136,500.0,1700.0,0.0,2000.0,12.263862857142854,12263.862857142854
manual,2025-09-29,cup_cold,pcs,711.8985714285714,100.0,96.82,0.0,715.0785714285714,100.0,300.0,0.0,500.0,3.575392857142857,3575.392857142857
manual,2025-09-30,coffee_beans,g,47103.237142857164,6000.0,5858.64,0.0,47244.597142857165,5000.0,21000.0,0.0,6000.0,56.693516571428596,56693.5165714286
manual,2025-09-30,milk,ml,140814.0,73000.0,53256.0,0.0,160558.0,56000.0,56000.0,0.0,3360.0,9.63348,9633.48
manual,2025-09-30,sugar,g,25047.53142857142,3000.0,3068.3700000000003,0.0,24979.161428571417,3000.0,7000.0,0.0,135.0,1.1240622642857139,1124.0622642857138
manual,2025-09-30,chocolate_syrup,ml,12008.457142857134,0.0,686.4000000000001,0.0,11322.057142857135,500.0,500.0,0.0,150.0,3.3966171428571403,3396.61714285714
manual,2025-09-30,tea_leaves,g,2374.691428571428,500.0,292.52,0.0,2582.171428571428,500.0,1000.0,0.0,300.0,1.5493028571428569,1549.3028571428567
manual,2025-09-30,ice,g,52008.0,13000.0,10173.600000000002,0.0,54834.399999999994,11000.0,11000.0,0.0,110.0,0.5483439999999999,548.3439999999999
manual,2025-09-30,croissant_dough,pcs,35.63999999999995,50.0,31.32,0.0,54.31999999999995,30.0,30.0,0.0,1350.0,2.4443999999999977,2444.399999999998
manual,2025-09-30,bread,pcs,65.91999999999996,80.0,89.04,0.0,56.87999999999995,70.0,70.0,0.0,560.0,0.4550399999999996,455.0399999999996
manual,2025-09-30,cup_hot,pcs,3065.9657142857136,300.0,332.69,0.0,3033.2757142857135,300.0,1700.0,0.0,1200.0,12.133102857142854,12133.102857142854
manual,2025-09-30,cup_cold,pcs,715.0785714285714,100.0,88.58000000000001,0.0,726.4985714285714,100.0,300.0,0.0,500.0,3.6324928571428567,3632.492857142857
manual,2025-10-01,coffee_beans,g,47244.597142857165,8000.0,6896.879999999999,0.0,48347.71714285717,6000.0,19000.0,0.0,7200.0,58.0172605714286,58017.2605714286
manual,2025-10-01,milk,ml,160558.0,56000.0,54663.0,0.0,161895.0,53000.0,53000.0,0.0,3180.0,9.7137,9713.699999999999
manual,2025-10-01,sugar,g,24979.161428571417,4000.0,3175.4900000000002,0.0,25803.67142857142,3000.0,6000.0,0.0,135.0,1.1611652142857138,1161.1652142857138
manual,2025-10-01,chocolate_syrup,ml,11322.057142857135,0.0,811.2,0.0,10510.857142857134,1000.0,1500.0,0.0,300.0,3.15325714285714,3153.25714285714
manual,2025-10-01,tea_leaves,g,2582.171428571428,500.0,230.72,0.0,2851.451428571428,500.0,1000.0,0.0,300.0,1.7108708571428568,1710.8708571428567
manual,2025-10-01,ice,g,54834.399999999994,11000.0,11944.800000000001,0.0,53889.59999999999,10000.0,10000.0,0.0,100.0,0.5388959999999999,538.896
manual,2025-10-01,croissant_dough,pcs,54.31999999999995,30.0,41.040000000000006,4.3199999999999505,38.959999999999994,30.0,30.0,194.39999999999776,1350.0,1.7531999999999999,1753.1999999999998
manual,2025-10-01,bread,pcs,56.87999999999995,70.0,72.08,0.0,54.799999999999955,80.0,80.0,0.0,640.0,0.4383999999999996,438.39999999999964
manual,2025-10-01,cup_hot,pcs,3033.2757142857135,400.0,361.53000000000003,0.0,3071.745714285714,300.0,1600.0,0.0,1200.0,12.286982857142856,12286.982857142855
manual,2025-10-01,cup_cold,pcs,726.4985714285714,0.0,106.09,0.0,620.4085714285713,100.0,400.0,0.0,500.0,3.1020428571428567,3102.0428571428565
manual,2025-10-02,coffee_beans,g,48347.71714285717,8000.0,5803.0199999999995,0.0,50544.69714285717,7000.0,18000.0,0.0,8400.0,60.6536365714286,60653.6365714286
manual,2025-10-02,milk,ml,161895.0,53000.0,50022.0,0.0,164873.0,55000.0,55000.0,0.0,3300.0,9.89238,9892.38
manual,2025-10-02,sugar,g,25803.67142857142,3000.0,2800.57,0.0,26003.101428571415,3000.0,6000.0,0.0,135.0,1.1701395642857138,1170.1395642857137
manual,2025-10-02,chocolate_syrup,ml,10510.857142857134,500.0,904.8000000000001,0.0,10106.057142857135,500.0,1500.0,0.0,150.0,3.0318171428571405,3031.8171428571404
manual,2025-10-02,tea_leaves,g,2851.451428571428,0.0,218.36,0.0,2633.091428571428,0.0,1000.0,0.0,0.0,1.5798548571428568,1579.8548571428566
manual,2025-10-02,ice,g,53889.59999999999,10000.0,8791.2,0.0,55098.399999999994,12000.0,12000.0,0.0,120.0,0.5509839999999999,550.9839999999999
manual,2025-10-02,croissant_dough,pcs,38.959999999999994,30.0,56.160000000000004,8.959999999999994,3.8399999999999963,50.0,50.0,403.1999999999997,2250.0,0.17279999999999984,172.79999999999984
manual,2025-10-02,bread,pcs,54.799999999999955,80.0,80.56,0.0,54.23999999999995,80.0,80.0,0.0,640.0,0.43391999999999964,433.9199999999996
manual,2025-10-02,cup_hot,pcs,3071.745714285714,500.0,328.57000000000005,0.0,3243.1757142857136,400.0,1500.0,0.0,1600.0,12.972702857142854,12972.702857142855
manual,2025-10-02,cup_cold,pcs,620.4085714285713,100.0,78.28,0.0,642.1285714285714,100.0,400.0,0.0,500.0,3.210642857142857,3210.642857142857
manual,2025-10-03,coffee_beans,g,50544.69714285717,5000.0,7786.799999999999,0.0,47757.89714285717,6000.0,19000.0,0.0,7200.0,57.3094765714286,57309.4765714286
manual,2025-10-03,milk,ml,164873.0,55000.0,72061.5,0.0,147811.5,50000.0,50000.0,0.0,3000.0,8.86869,8868.69
manual,2025-10-03,sugar,g,26003.101428571415,3000.0,3883.1000000000004,0.0,25120.001428571417,3000.0,6000.0,0.0,135.0,1.130400064285714,1130.4000642857138
manual,2025-10-03,chocolate_syrup,ml,10106.057142857135,1000.0,1279.2,0.0,9826.857142857134,1000.0,1500.0,0.0,300.0,2.9480571428571403,2948.05714285714
manual,2025-10-03,tea_leaves,g,2633.091428571428,500.0,263.68,0.0,2869.4114285714277,0.0,500.0,0.0,0.0,1.7216468571428567,1721.6468571428566
manual,2025-10-03,ice,g,55098.399999999994,12000.0,12571.2,0.0,54527.2,9000.0,9000.0,0.0,90.0,0.545272,545.2719999999999
manual,2025-10-03,croissant_dough,pcs,3.8399999999999963,50.0,39.96,0.0,13.879999999999995,60.0,60.0,0.0,2700.0,0.6245999999999998,624.5999999999998
manual,2025-10-03,bread,pcs,54.23999999999995,80.0,122.96000000000001,0.0,11.279999999999944,80.0,80.0,0.0,640.0,0.09023999999999956,90.23999999999955
manual,2025-10-03,cup_hot,pcs,3243.1757142857136,500.0,432.6,0.0,3310.5757142857137,300.0,1300.0,0.0,1200.0,13.242302857142855,13242.302857142855
manual,2025-10-03,cup_cold,pcs,642.1285714285714,100.0,108.15,0.0,633.9785714285714,100.0,400.0,0.0,500.0,3.169892857142857,3169.892857142857
manual,2025-10-04,coffee_beans,g,47757.89714285717,6000.0,7193.52,0.0,46564.37714285717,8000.0,21000.0,0.0,9600.0,55.877252571428606,55877.2525714286
manual,2025-10-04,milk,ml,147811.5,50000.0,67714.5,0.0,130097.0,72000.0,72000.0,0.0,4320.0,7.80582,7805.82
manual,2025-10-04,sugar,g,25120.001428571417,3000.0,3827.48,0.0,24292.521428571417,4000.0,7000.0,0.0,180.0,1.0931634642857138,1093.1634642857136
manual,2025-10-04,chocolate_syrup,ml,9826.857142857134,500.0,1092.0,0.0,9234.857142857134,1500.0,2500.0,0.0,450.0,2.7704571428571403,2770.4571428571403
manual,2025-10-04,tea_leaves,g,2869.4114285714277,500.0,341.96000000000004,0.0,3027.4514285714276,500.0,500.0,0.0,300.0,1.8164708571428567,1816.4708571428566
manual,2025-10-04,ice,g,54527.2,9000.0,11620.800000000001,0.0,51906.399999999994,12000.0,12000.0,0.0,120.0,0.519064,519.064
manual,2025-10-04,croissant_dough,pcs,13.879999999999995,60.0,28.080000000000002,0.0,45.8,40.0,40.0,0.0,1800.0,2.061,2061.0
manual,2025-10-04,bread,pcs,11.279999999999944,80.0,91.16000000000001,0.0,0.1199999999999335,110.0,110.0,0.0,880.0,0.000959999999999468,0.959999999999468
manual,2025-10-04,cup_hot,pcs,3310.5757142857137,300.0,419.21000000000004,0.0,3191.3657142857137,400.0,1400.0,0.0,1600.0,12.765462857142856,12765.462857142855
manual,2025-10-04,cup_cold,pcs,633.9785714285714,100.0,101.97,0.0,632.0085714285714,100.0,400.0,0.0,500.0,3.160042857142857,3160.042857142857
manual,2025-10-05,coffee_beans,g,46564.37714285717,7000.0,7360.38,0.0,46203.997142857166,14000.0,28000.0,0.0,16800.0,55.4447965714286,55444.7965714286
manual,2025-10-05,milk,ml,130097.0,72000.0,69079.5,0.0,133017.5,92000.0,92000.0,0.0,5520.0,7.98105,7981.049999999999
manual,2025-10-05,sugar,g,24292.521428571417,3000.0,3894.4300000000007,0.0,23398.091428571417,6000.0,10000.0,0.0,270.0,1.052914114285714,1052.9141142857138
manual,2025-10-05,chocolate_syrup,ml,9234.857142857134,1000.0,1216.8000000000002,0.0,9018.057142857135,0.0,1500.0,0.0,0.0,2.7054171428571405,2705.4171428571403
manual,2025-10-05,tea_leaves,g,3027.4514285714276,0.0,251.32,0.0,2776.131428571428,0.0,500.0,0.0,0.0,1.6656788571428567,1665.6788571428567
manual,2025-10-05,ice,g,51906.399999999994,12000.0,14191.2,0.0,49715.19999999999,32000.0,32000.0,0.0,320.0,0.4971519999999999,497.15199999999993
manual,2025-10-05,croissant_dough,pcs,45.8,40.0,45.36,0.0,40.44,20.0,20.0,0.0,900.0,1.8198,1819.8
manual,2025-10-05,bread,pcs,0.1199999999999335,110.0,86.92,0.0,23.199999999999932,110.0,110.0,0.0,880.0,0.18559999999999946,185.59999999999945
manual,2025-10-05,cup_hot,pcs,3191.3657142857137,300.0,387.28000000000003,0.0,3104.0857142857135,500.0,1600.0,0.0,2000.0,12.416342857142855,12416.342857142854
manual,2025-10-05,cup_cold,pcs,632.0085714285714,100.0,124.63000000000001,0.0,607.3785714285714,300.0,600.0,0.0,1500.0,3.036892857142857,3036.892857142857
manual,2025-10-06,coffee_beans,g,46203.997142857166,6000.0,6526.079999999999,0.0,45677.91714285717,7000.0,29000.0,0.0,8400.0,54.813500571428605,54813.5005714286
manual,2025-10-06,milk,ml,133017.5,92000.0,52468.5,0.0,172549.0,69000.0,69000.0,0.0,4140.0,10.35294,10352.94
manual,2025-10-06,sugar,g,23398.091428571417,4000.0,2861.34,0.0,24536.751428571413,4000.0,10000.0,0.0,180.0,1.1041538142857135,1104.1538142857135
manual,2025-10-06,chocolate_syrup,ml,9018.057142857135,1500.0,343.20000000000005,0.0,10174.857142857134,500.0,500.0,0.0,150.0,3.0524571428571403,3052.4571428571403
manual,2025-10-06,tea_leaves,g,2776.131428571428,0.0,160.68,0.0,2615.4514285714276,500.0,1000.0,0.0,300.0,1.5692708571428566,1569.2708571428566
manual,2025-10-06,ice,g,49715.19999999999,32000.0,7344.0,0.0,74371.19999999998,14000.0,14000.0,0.0,140.0,0.7437119999999999,743.7119999999999
manual,2025-10-06,croissant_dough,pcs,40.44,20.0,35.64,0.4399999999999977,24.36,40.0,40.0,19.799999999999898,1800.0,1.0962,1096.2
manual,2025-10-06,bread,pcs,23.199999999999932,110.0,101.76,0.0,31.439999999999927,80.0,80.0,0.0,640.0,0.2515199999999994,251.5199999999994
manual,2025-10-06,cup_hot,pcs,3104.0857142857135,400.0,348.14000000000004,0.0,3155.9457142857136,400.0,1600.0,0.0,1600.0,12.623782857142855,12623.782857142854
manual,2025-10-06,cup_cold,pcs,607.3785714285714,100.0,65.92,0.0,641.4585714285714,100.0,600.0,0.0,500.0,3.207292857142857,3207.292857142857
manual,2025-10-07,coffee_beans,g,45677.91714285717,8000.0,6118.2,0.0,47559.71714285717,7000.0,28000.0,0.0,8400.0,57.0716605714286,57071.6605714286
manual,2025-10-07,milk,ml,172549.0,69000.0,56826.0,0.0,184723.0,53000.0,53000.0,0.0,3180.0,11.08338,11083.38
manual,2025-10-07,sugar,g,24536.751428571413,6000.0,3292.9100000000003,0.0,27243.841428571417,3000.0,7000.0,0.0,135.0,1.2259728642857137,1225.9728642857137
manual,2025-10-07,chocolate_syrup,ml,10174.857142857134,0.0,967.2,0.0,9207.657142857133,500.0,1000.0,0.0,150.0,2.76229714285714,2762.29714285714
manual,2025-10-07,tea_leaves,g,2615.4514285714276,500.0,379.04,0.0,2736.4114285714277,0.0,500.0,0.0,0.0,1.6418468571428566,1641.8468571428566
manual,2025-10-07,ice,g,74371.19999999998,14000.0,8964.0,0.0,79407.19999999998,7000.0,7000.0,0.0,70.0,0.7940719999999999,794.0719999999999
manual,2025-10-07,croissant_dough,pcs,24.36,40.0,49.68000000000001,4.359999999999999,10.319999999999993,40.0,40.0,196.2,1800.0,0.4643999999999997,464.3999999999997
manual,2025-10-07,bread,pcs,31.439999999999927,80.0,106.0,0.0,5.439999999999927,110.0,110.0,0.0,880.0,0.04351999999999941,43.51999999999941
manual,2025-10-07,cup_hot,pcs,3155.9457142857136,300.0,388.31,0.0,3067.635714285713,300.0,1600.0,0.0,1200.0,12.270542857142853,12270.542857142853
manual,2025-10-07,cup_cold,pcs,641.4585714285714,100.0,78.28,0.0,663.1785714285713,100.0,600.0,0.0,500.0,3.315892857142857,3315.892857142857
manual,2025-10-08,coffee_beans,g,47559.71714285717,14000.0,4968.719999999999,0.0,56590.99714285717,6000.0,20000.0,0.0,7200.0,67.90919657142861,67909.1965714286
manual,2025-10-08,milk,ml,184723.0,53000.0,51933.0,0.0,185790.0,56000.0,56000.0,0.0,3360.0,11.1474,11147.4
manual,2025-10-08,sugar,g,27243.841428571417,4000.0,3019.96,0.0,28223.881428571414,3000.0,6000.0,0.0,135.0,1.2700746642857137,1270.0746642857137
manual,2025-10-08,chocolate_syrup,ml,9207.657142857133,500.0,873.6000000000001,0.0,8834.057142857135,1000.0,1500.0,0.0,300.0,2.6502171428571404,2650.2171428571405
manual,2025-10-08,tea_leaves,g,2736.4114285714277,0.0,313.12,0.0,2423.291428571428,500.0,1000.0,0.0,300.0,1.4539748571428566,1453.9748571428565
manual,2025-10-08,ice,g,79407.19999999998,7000.0,11664.0,0.0,74743.19999999998,9000.0,9000.0,0.0,90.0,0.7474319999999998,747.4319999999998
manual,2025-10-08,croissant_dough,pcs,10.319999999999993,40.0,37.800000000000004,0.0,12.519999999999989,50.0,50.0,0.0,2250.0,0.5633999999999996,563.3999999999995
manual,2025-10-08,bread,pcs,5.439999999999927,110.0,57.24,0.0,58.199999999999925,100.0,100.0,0.0,800.0,0.4655999999999994,465.5999999999994
manual,2025-10-08,cup_hot,pcs,3067.635714285713,400.0,283.25,0.0,3184.385714285713,400.0,1600.0,0.0,1600.0,12.737542857142854,12737.542857142853
manual,2025-10-08,cup_cold,pcs,663.1785714285713,100.0,99.91,0.0,663.2685714285714,100.0,600.0,0.0,500.0,3.316342857142857,3316.3428571428567
manual,2025-10-09,coffee_beans,g,56590.99714285717,7000.0,5821.56,0.0,57769.43714285717,5000.0,18000.0,0.0,6000.0,69.3233245714286,69323.3245714286
manual,2025-10-09,milk,ml,185790.0,56000.0,52993.5,0.0,188796.5,52000.0,52000.0,0.0,3120.0,11.327789999999998,11327.789999999999
manual,2025-10-09,sugar,g,28223.881428571414,3000.0,2802.63,0.0,28421.251428571413,4000.0,7000.0,0.0,180.0,1.2789563142857134,1278.9563142857135
manual,2025-10-09,chocolate_syrup,ml,8834.057142857135,500.0,842.4000000000001,0.0,8491.657142857133,500.0,1500.0,0.0,150.0,2.54749714285714,2547.49714285714
manual,2025-10-09,tea_leaves,g,2423.291428571428,500.0,135.96,0.0,2787.3314285714278,0.0,500.0,0.0,0.0,1.6723988571428565,1672.3988571428565
manual,2025-10-09,ice,g,74743.19999999998,9000.0,9093.600000000002,0.0,74649.59999999999,12000.0,12000.0,0.0,120.0,0.746496,746.496
manual,2025-10-09,croissant_dough,pcs,12.519999999999989,50.0,30.240000000000002,0.0,32.27999999999999,40.0,40.0,0.0,1800.0,1.4525999999999994,1452.5999999999995
manual,2025-10-09,bread,pcs,58.199999999999925,100.0,103.88000000000001,0.0,54.319999999999915,60.0,60.0,0.0,480.0,0.43455999999999934,434.5599999999993
manual,2025-10-09,cup_hot,pcs,3184.385714285713,500.0,306.94000000000005,0.0,3377.445714285713,300.0,1400.0,0.0,1200.0,13.509782857142852,13509.782857142853
manual,2025-10-09,cup_cold,pcs,663.2685714285714,300.0,78.28,0.0,884.9885714285714,100.0,400.0,0.0,500.0,4.424942857142857,4424.942857142857
manual,2025-10-10,coffee_beans,g,57769.43714285717,7000.0,5803.0199999999995,0.0,58966.41714285717,6000.0,17000.0,0.0,7200.0,70.75970057142861,70759.7005714286
manual,2025-10-10,milk,ml,188796.5,52000.0,54411.0,10796.5,175589.0,64000.0,64000.0,647.79,3840.0,10.53534,10535.34
manual,2025-10-10,sugar,g,28421.251428571413,3000.0,3093.09,0.0,28328.161428571413,2000.0,6000.0,0.0,90.0,1.2747672642857135,1274.7672642857135
manual,2025-10-10,chocolate_syrup,ml,8491.657142857133,1000.0,1216.8000000000002,0.0,8274.857142857134,1000.0,1500.0,0.0,300.0,2.4824571428571405,2482.4571428571403
manual,2025-10-10,tea_leaves,g,2787.3314285714278,0.0,300.76,0.0,2486.571428571428,500.0,1000.0,0.0,300.0,1.4919428571428568,1491.9428571428568
manual,2025-10-10,ice,g,74649.59999999999,12000.0,8704.800000000001,0.0,77944.79999999999,13000.0,13000.0,0.0,130.0,0.7794479999999999,779.4479999999999
manual,2025-10-10,croissant_dough,pcs,32.27999999999999,40.0,34.56,0.0,37.719999999999985,30.0,30.0,0.0,1350.0,1.6973999999999994,1697.3999999999994
manual,2025-10-10,bread,pcs,54.319999999999915,60.0,78.44,0.0,35.87999999999992,100.0,100.0,0.0,800.0,0.28703999999999935,287.03999999999934
manual,2025-10-10,cup_hot,pcs,3377.445714285713,400.0,361.53,0.0,3415.9157142857134,300.0,1300.0,0.0,1200.0,13.663662857142853,13663.662857142854
manual,2025-10-10,cup_cold,pcs,884.9885714285714,100.0,76.22,0.0,908.7685714285714,100.0,400.0,0.0,500.0,4.543842857142857,4543.842857142857
manual,2025-10-11,coffee_beans,g,58966.41714285717,6000.0,7100.82,0.0,57865.59714285717,6000.0,17000.0,0.0,7200.0,69.43871657142861,69438.71657142861
manual,2025-10-11,milk,ml,175589.0,64000.0,59388.0,14589.0,165612.0,69000.0,69000.0,875.3399999999999,4140.0,9.93672,9936.72
manual,2025-10-11,sugar,g,28328.161428571413,4000.0,3503.03,0.0,28825.131428571414,3000.0,5000.0,0.0,135.0,1.2971309142857135,1297.1309142857135
manual,2025-10-11,chocolate_syrup,ml,8274.857142857134,500.0,655.2,0.0,8119.657142857134,1500.0,2500.0,0.0,450.0,2.4358971428571405,2435.8971428571404
manual,2025-10-11,tea_leaves,g,2486.571428571428,500.0,238.96,0.0,2747.611428571428,0.0,500.0,0.0,0.0,1.6485668571428567,1648.5668571428566
manual,2025-10-11,ice,g,77944.79999999999,13000.0,12592.800000000001,0.0,78351.99999999999,14000.0,14000.0,0.0,140.0,0.7835199999999999,783.5199999999999
manual,2025-10-11,croissant_dough,pcs,37.719999999999985,30.0,34.56,0.0,33.15999999999998,30.0,30.0,0.0,1350.0,1.492199999999999,1492.1999999999991
manual,2025-10-11,bread,pcs,35.87999999999992,100.0,84.80000000000001,0.0,51.079999999999906,80.0,80.0,0.0,640.0,0.4086399999999993,408.63999999999925
manual,2025-10-11,cup_hot,pcs,3415.9157142857134,300.0,362.56,0.0,3353.3557142857135,300.0,1300.0,0.0,1200.0,13.413422857142853,13413.422857142854
manual,2025-10-11,cup_cold,pcs,908.7685714285714,100.0,113.30000000000001,0.0,895.4685714285713,0.0,300.0,0.0,0.0,4.477342857142856,4477.342857142857
manual,2025-10-12,coffee_beans,g,57865.59714285717,5000.0,7935.119999999999,0.0,54930.47714285717,1000.0,13000.0,0.0,1200.0,65.9165725714286,65916.5725714286
manual,2025-10-12,milk,ml,165612.0,69000.0,70854.0,0.0,163758.0,38000.0,38000.0,0.0,2280.0,9.825479999999999,9825.48
manual,2025-10-12,sugar,g,28825.131428571414,2000.0,4052.0200000000004,0.0,26773.111428571414,1000.0,4000.0,0.0,45.0,1.2047900142857135,1204.7900142857136
manual,2025-10-12,chocolate_syrup,ml,8119.657142857134,1000.0,1092.0,0.0,8027.657142857134,0.0,1500.0,0.0,0.0,2.40829714285714,2408.29714285714
manual,2025-10-12,tea_leaves,g,2747.611428571428,0.0,325.48,0.0,2422.131428571428,0.0,500.0,0.0,0.0,1.4532788571428568,1453.2788571428566
manual,2025-10-12,ice,g,78351.99999999999,14000.0,15033.600000000002,0.0,77318.39999999998,8000.0,8000.0,0.0,80.0,0.7731839999999999,773.1839999999999
manual,2025-10-12,croissant_dough,pcs,33.15999999999998,30.0,59.400000000000006,3.1599999999999824,0.5999999999999943,40.0,40.0,142.1999999999992,1800.0,0.026999999999999746,26.999999999999744
manual,2025-10-12,bread,pcs,51.079999999999906,80.0,127.2,0.0,3.87999999999991,90.0,90.0,0.0,720.0,0.031039999999999283,31.03999999999928
manual,2025-10-12,cup_hot,pcs,3353.3557142857135,400.0,426.42,0.0,3326.9357142857134,0.0,900.0,0.0,0.0,13.307742857142854,13307.742857142854
manual,2025-10-12,cup_cold,pcs,895.4685714285713,100.0,131.84,0.0,863.6285714285714,100.0,300.0,0.0,500.0,4.318142857142857,4318.142857142857
manual,2025-10-13,coffee_beans,g,54930.47714285717,6000.0,5135.58,0.0,55794.89714285717,8000.0,15000.0,0.0,9600.0,66.9538765714286,66953.8765714286
manual,2025-10-13,milk,ml,163758.0,38000.0,44572.5,0.0,157185.5,71000.0,71000.0,0.0,4260.0,9.43113,9431.13
manual,2025-10-13,sugar,g,26773.111428571414,3000.0,2409.17,0.0,27363.941428571412,4000.0,5000.0,0.0,180.0,1.2313773642857133,1231.3773642857134
manual,2025-10-13,chocolate_syrup,ml,8027.657142857134,1500.0,592.8000000000001,0.0,8934.857142857134,0.0,0.0,0.0,0.0,2.6804571428571404,2680.4571428571403
manual,2025-10-13,tea_leaves,g,2422.131428571428,500.0,168.92000000000002,0.0,2753.211428571428,500.0,500.0,0.0,300.0,1.6519268571428567,1651.9268571428568
manual,2025-10-13,ice,g,77318.39999999998,8000.0,8186.400000000001,8318.399999999983,68813.6,12000.0,12000.0,83.18399999999984,120.0,0.6881360000000001,688.1360000000001
manual,2025-10-13,croissant_dough,pcs,0.5999999999999943,40.0,39.96,0.0,0.6399999999999935,50.0,50.0,0.0,2250.0,0.028799999999999708,28.799999999999706
manual,2025-10-13,bread,pcs,3.87999999999991,90.0,59.36,0.0,34.51999999999991,110.0,110.0,0.0,880.0,0.2761599999999993,276.1599999999993
manual,2025-10-13,cup_hot,pcs,3326.9357142857134,300.0,277.07000000000005,0.0,3349.8657142857132,400.0,1000.0,0.0,1600.0,13.399462857142852,13399.462857142853
manual,2025-10-13,cup_cold,pcs,863.6285714285714,100.0,70.04,0.0,893.5885714285714,100.0,300.0,0.0,500.0,4.467942857142857,4467.942857142857
manual,2025-10-14,coffee_beans,g,55794.89714285717,6000.0,8750.880000000001,0.0,53044.01714285717,5000.0,14000.0,0.0,6000.0,63.652820571428606,63652.8205714286
manual,2025-10-14,milk,ml,157185.5,71000.0,72103.5,0.0,156082.0,45000.0,45000.0,0.0,2700.0,9.36492,9364.92
manual,2025-10-14,sugar,g,27363.941428571412,1000.0,4149.87,0.0,24214.071428571413,3000.0,7000.0,0.0,135.0,1.0896332142857137,1089.6332142857136
manual,2025-10-14,chocolate_syrup,ml,8934.857142857134,0.0,967.2,0.0,7967.657142857133,1000.0,1000.0,0.0,300.0,2.3902971428571402,2390.29714285714
manual,2025-10-14,tea_leaves,g,2753.211428571428,0.0,403.76,0.0,2349.4514285714276,0.0,500.0,0.0,0.0,1.4096708571428564,1409.6708571428564
manual,2025-10-14,ice,g,68813.6,12000.0,11124.0,5813.599999999999,63876.0,13000.0,13000.0,58.135999999999996,130.0,0.63876,638.76
manual,2025-10-14,croissant_dough,pcs,0.6399999999999935,50.0,49.68000000000001,0.0,0.9599999999999866,50.0,50.0,0.0,2250.0,0.0431999999999994,43.1999999999994
manual,2025-10-14,bread,pcs,34.51999999999991,110.0,101.76,0.0,42.759999999999906,70.0,70.0,0.0,560.0,0.3420799999999993,342.07999999999925
manual,2025-10-14,cup_hot,pcs,3349.8657142857132,300.0,521.1800000000001,0.0,3128.6857142857134,300.0,1000.0,0.0,1200.0,12.514742857142855,12514.742857142854
manual,2025-10-14,cup_cold,pcs,893.5885714285714,100.0,97.85,0.0,895.7385714285714,100.0,300.0,0.0,500.0,4.478692857142857,4478.692857142857
manual,2025-10-15,coffee_beans,g,53044.01714285717,1000.0,6507.54,0.0,47536.47714285717,8000.0,21000.0,0.0,9600.0,57.0437725714286,57043.7725714286
manual,2025-10-15,milk,ml,156082.0,45000.0,57540.0,0.0,143542.0,72000.0,72000.0,0.0,4320.0,8.61252,8612.52
manual,2025-10-15,sugar,g,24214.071428571413,4000.0,3177.55,0.0,25036.521428571414,4000.0,7000.0,0.0,180.0,1.1266434642857137,1126.6434642857137
manual,2025-10-15,chocolate_syrup,ml,7967.657142857133,0.0,936.0000000000001,0.0,7031.657142857133,500.0,1500.0,0.0,150.0,2.1094971428571396,2109.49714285714
manual,2025-10-15,tea_leaves,g,2349.4514285714276,0.0,263.68,0.0,2085.771428571428,500.0,1000.0,0.0,300.0,1.2514628571428565,1251.4628571428566
manual,2025-10-15,ice,g,63876.0,13000.0,8100.000000000001,0.0,68776.0,11000.0,11000.0,0.0,110.0,0.68776,687.76
manual,2025-10-15,croissant_dough,pcs,0.9599999999999866,50.0,50.760000000000005,0.0,0.19999999999998153,50.0,50.0,0.0,2250.0,0.008999999999999168,8.999999999999169
manual,2025-10-15,bread,pcs,42.759999999999906,70.0,84.80000000000001,0.0,27.959999999999894,100.0,100.0,0.0,800.0,0.22367999999999916,223.67999999999915
manual,2025-10-15,cup_hot,pcs,3128.6857142857134,300.0,387.28000000000003,0.0,3041.405714285713,500.0,1200.0,0.0,2000.0,12.165622857142854,12165.622857142853
manual,2025-10-15,cup_cold,pcs,895.7385714285714,0.0,71.07000000000001,0.0,824.6685714285713,100.0,400.0,0.0,500.0,4.123342857142857,4123.342857142857
manual,2025-10-16,coffee_beans,g,47536.47714285717,8000.0,5024.34,0.0,50512.13714285717,7000.0,20000.0,0.0,8400.0,60.61456457142861,60614.56457142861
manual,2025-10-16,milk,ml,143542.0,72000.0,47974.5,0.0,167567.5,57000.0,57000.0,0.0,3420.0,10.05405,10054.05
manual,2025-10-16,sugar,g,25036.521428571414,3000.0,2731.56,0.0,25304.961428571412,3000.0,7000.0,0.0,135.0,1.1387232642857135,1138.7232642857134
manual,2025-10-16,chocolate_syrup,ml,7031.657142857133,1000.0,936.0000000000001,0.0,7095.657142857133,1000.0,1500.0,0.0,300.0,2.12869714285714,2128.69714285714
manual,2025-10-16,tea_leaves,g,2085.771428571428,500.0,214.24,0.0,2371.5314285714276,0.0,500.0,0.0,0.0,1.4229188571428566,1422.9188571428565
manual,2025-10-16,ice,g,68776.0,11000.0,9244.800000000001,0.0,70531.2,8000.0,8000.0,0.0,80.0,0.705312,705.312
manual,2025-10-16,croissant_dough,pcs,0.19999999999998153,50.0,23.76,0.0,26.43999999999998,50.0,50.0,0.0,2250.0,1.189799999999999,1189.799999999999
manual,2025-10-16,bread,pcs,27.959999999999894,100.0,86.92,0.0,41.03999999999989,90.0,90.0,0.0,720.0,0.32831999999999917,328.31999999999914
manual,2025-10-16,cup_hot,pcs,3041.405714285713,0.0,282.22,0.0,2759.1857142857134,400.0,1600.0,0.0,1600.0,11.036742857142853,11036.742857142854
manual,2025-10-16,cup_cold,pcs,824.6685714285713,100.0,81.37,0.0,843.2985714285713,0.0,300.0,0.0,0.0,4.216492857142857,4216.492857142856
manual,2025-10-17,coffee_beans,g,50512.13714285717,5000.0,7082.28,0.0,48429.857142857174,5000.0,20000.0,0.0,6000.0,58.11582857142861,58115.82857142861
manual,2025-10-17,milk,ml,167567.5,57000.0,55429.5,0.0,169138.0,48000.0,48000.0,0.0,2880.0,10.14828,10148.279999999999
manual,2025-10-17,sugar,g,25304.961428571412,4000.0,3017.9000000000005,0.0,26287.06142857141,3000.0,6000.0,0.0,135.0,1.1829177642857136,1182.9177642857135
manual,2025-10-17,chocolate_syrup,ml,7095.657142857133,500.0,904.8000000000001,0.0,6690.857142857134,1000.0,2000.0,0.0,300.0,2.00725714285714,2007.25714285714
manual,2025-10-17,tea_leaves,g,2371.5314285714276,0.0,243.08,0.0,2128.4514285714276,500.0,1000.0,0.0,300.0,1.2770708571428566,1277.0708571428565
manual,2025-10-17,ice,g,70531.2,8000.0,8035.200000000001,0.0,70496.0,11000.0,11000.0,0.0,110.0,0.70496,704.96
manual,2025-10-17,croissant_dough,pcs,26.43999999999998,50.0,38.88,0.0,37.559999999999974,20.0,20.0,0.0,900.0,1.690199999999999,1690.199999999999
manual,2025-10-17,bread,pcs,41.03999999999989,90.0,89.04,0.0,41.999999999999886,90.0,90.0,0.0,720.0,0.3359999999999991,335.9999999999991
manual,2025-10-17,cup_hot,pcs,2759.1857142857134,400.0,414.06,0.0,2745.125714285713,300.0,1500.0,0.0,1200.0,10.980502857142852,10980.502857142852
manual,2025-10-17,cup_cold,pcs,843.2985714285713,100.0,70.03999999999999,0.0,873.2585714285714,100.0,300.0,0.0,500.0,4.366292857142857,4366.2928571428565
manual,2025-10-18,coffee_beans,g,48429.857142857174,8000.0,8565.48,0.0,47864.37714285717,7000.0,19000.0,0.0,8400.0,57.4372525714286,57437.2525714286
manual,2025-10-18,milk,ml,169138.0,48000.0,87538.5,0.0,129599.5,56000.0,56000.0,0.0,3360.0,7.775969999999999,7775.969999999999
manual,2025-10-18,sugar,g,26287.06142857141,3000.0,4850.27,0.0,24436.791428571414,3000.0,6000.0,0.0,135.0,1.0996556142857137,1099.6556142857137
manual,2025-10-18,chocolate_syrup,ml,6690.857142857134,1000.0,1684.8000000000002,0.0,6006.057142857133,1000.0,2000.0,0.0,300.0,1.8018171428571397,1801.8171428571397
manual,2025-10-18,tea_leaves,g,2128.4514285714276,500.0,416.12,0.0,2212.3314285714278,0.0,500.0,0.0,0.0,1.3273988571428565,1327.3988571428565
manual,2025-10-18,ice,g,70496.0,11000.0,14536.800000000001,4495.999999999996,62463.2,12000.0,12000.0,44.959999999999965,120.0,0.624632,624.632
manual,2025-10-18,croissant_dough,pcs,37.559999999999974,20.0,57.24,0.0,0.31999999999997186,40.0,40.0,0.0,1800.0,0.014399999999998733,14.399999999998734
manual,2025-10-18,bread,pcs,41.999999999999886,90.0,116.60000000000001,0.0,15.399999999999878,90.0,90.0,0.0,720.0,0.12319999999999902,123.19999999999902
manual,2025-10-18,cup_hot,pcs,2745.125714285713,300.0,507.78999999999996,0.0,2537.335714285713,400.0,1600.0,0.0,1600.0,10.149342857142852,10149.342857142852
manual,2025-10-18,cup_cold,pcs,873.2585714285714,100.0,127.72,0.0,845.5385714285713,100.0,300.0,0.0,500.0,4.227692857142857,4227.692857142857
manual,2025-10-19,coffee_beans,g,47864.37714285717,7000.0,8157.6,0.0,46706.77714285717,19000.0,31000.0,0.0,22800.0,56.04813257142861,56048.13257142861
manual,2025-10-19,milk,ml,129599.5,56000.0,65016.0,0.0,120583.5,120000.0,120000.0,0.0,7200.0,7.235009999999999,7235.009999999999
manual,2025-10-19,sugar,g,24436.791428571414,3000.0,3850.1400000000003,0.0,23586.65142857141,9000.0,12000.0,0.0,405.0,1.0613993142857134,1061.3993142857134
manual,2025-10-19,chocolate_syrup,ml,6006.057142857133,1000.0,1029.6000000000001,0.0,5976.4571428571335,3000.0,4000.0,0.0,900.0,1.7929371428571401,1792.93714285714
manual,2025-10-19,tea_leaves,g,2212.3314285714278,0.0,374.92,0.0,1837.4114285714277,1500.0,2000.0,0.0,900.0,1.1024468571428565,1102.4468571428565
manual,2025-10-19,ice,g,62463.2,12000.0,13219.2,0.0,61244.0,15000.0,15000.0,0.0,150.0,0.6124400000000001,612.44
manual,2025-10-19,croissant_dough,pcs,0.31999999999997186,40.0,39.96,0.0,0.359999999999971,70.0,70.0,0.0,3150.0,0.016199999999998695,16.199999999998695
manual,2025-10-19,bread,pcs,15.399999999999878,90.0,103.88000000000001,0.0,1.5199999999998681,120.0,120.0,0.0,960.0,0.012159999999998946,12.159999999998945
manual,2025-10-19,cup_hot,pcs,2537.335714285713,500.0,464.53000000000003,0.0,2572.8057142857133,1400.0,2500.0,0.0,5600.0,10.291222857142854,10291.222857142853
manual,2025-10-19,cup_cold,pcs,845.5385714285713,100.0,116.39000000000001,0.0,829.1485714285714,100.0,300.0,0.0,500.0,4.145742857142857,4145.742857142857
manual,2025-10-20,coffee_beans,g,46706.77714285717,5000.0,5154.119999999999,0.0,46552.65714285718,8000.0,34000.0,0.0,9600.0,55.86318857142861,55863.18857142861
manual,2025-10-20,milk,ml,120583.5,120000.0,53445.0,0.0,187138.5,65000.0,65000.0,0.0,3900.0,11.22831,11228.31
manual,2025-10-20,sugar,g,23586.65142857141,3000.0,3020.99,0.0,23565.661428571413,4000.0,13000.0,0.0,180.0,1.0604547642857136,1060.4547642857135
manual,2025-10-20,chocolate_syrup,ml,5976.4571428571335,1000.0,1466.4,0.0,5510.057142857133,1000.0,4000.0,0.0,300.0,1.6530171428571399,1653.0171428571398
manual,2025-10-20,tea_leaves,g,1837.4114285714277,500.0,309.0,0.0,2028.4114285714277,0.0,1500.0,0.0,0.0,1.2170468571428568,1217.0468571428567
manual,2025-10-20,ice,g,61244.0,15000.0,8575.2,0.0,67668.79999999999,13000.0,13000.0,0.0,130.0,0.6766879999999998,676.6879999999999
manual,2025-10-20,croissant_dough,pcs,0.359999999999971,70.0,23.76,0.0,46.599999999999966,60.0,60.0,0.0,2700.0,2.0969999999999986,2096.9999999999986
manual,2025-10-20,bread,pcs,1.5199999999998681,120.0,63.6,0.0,57.91999999999987,110.0,110.0,0.0,880.0,0.46335999999999894,463.35999999999893
manual,2025-10-20,cup_hot,pcs,2572.8057142857133,400.0,336.81,0.0,2635.995714285713,400.0,2500.0,0.0,1600.0,10.543982857142852,10543.982857142852
manual,2025-10-20,cup_cold,pcs,829.1485714285714,0.0,75.19,0.0,753.9585714285713,100.0,400.0,0.0,500.0,3.7697928571428565,3769.7928571428565
manual,2025-10-21,coffee_beans,g,46552.65714285718,7000.0,6266.5199999999995,0.0,47286.13714285717,5000.0,32000.0,0.0,6000.0,56.74336457142861,56743.3645714286
manual,2025-10-21,milk,ml,187138.5,65000.0,55230.0,0.0,196908.5,54000.0,54000.0,0.0,3240.0,11.81451,11814.51
manual,2025-10-21,sugar,g,23565.661428571413,9000.0,3013.78,0.0,29551.88142857141,3000.0,7000.0,0.0,135.0,1.3298346642857135,1329.8346642857134
manual,2025-10-21,chocolate_syrup,ml,5510.057142857133,3000.0,1185.6000000000001,0.0,7324.457142857133,1500.0,2500.0,0.0,450.0,2.1973371428571395,2197.3371428571395
manual,2025-10-21,tea_leaves,g,2028.4114285714277,0.0,267.8,0.0,1760.6114285714277,500.0,2000.0,0.0,300.0,1.0563668571428566,1056.3668571428566
manual,2025-10-21,ice,g,67668.79999999999,13000.0,6652.8,0.0,74016.0,9000.0,9000.0,0.0,90.0,0.7401599999999999,740.16
manual,2025-10-21,croissant_dough,pcs,46.599999999999966,60.0,59.400000000000006,0.0,47.19999999999996,20.0,20.0,0.0,900.0,2.1239999999999983,2123.999999999998
manual,2025-10-21,bread,pcs,57.91999999999987,110.0,76.32000000000001,0.0,91.59999999999985,70.0,70.0,0.0,560.0,0.7327999999999988,732.7999999999988
manual,2025-10-21,cup_hot,pcs,2635.995714285713,300.0,394.49,0.0,2541.505714285713,400.0,2600.0,0.0,1600.0,10.166022857142853,10166.022857142852
manual,2025-10-21,cup_cold,pcs,753.9585714285713,100.0,59.74,0.0,794.2185714285713,100.0,400.0,0.0,500.0,3.9710928571428568,3971.0928571428567
manual,2025-10-22,coffee_beans,g,47286.13714285717,19000.0,5969.879999999999,0.0,60316.257142857175,6000.0,19000.0,0.0,7200.0,72.37950857142862,72379.50857142861
manual,2025-10-22,milk,ml,196908.5,54000.0,60375.0,0.0,190533.5,55000.0,55000.0,0.0,3300.0,11.43201,11432.01
manual,2025-10-22,sugar,g,29551.88142857141,4000.0,3372.2200000000003,0.0,30179.661428571413,3000.0,6000.0,0.0,135.0,1.3580847642857137,1358.0847642857136
manual,2025-10-22,chocolate_syrup,ml,7324.457142857133,1000.0,1185.6000000000001,0.0,7138.857142857133,1500.0,3000.0,0.0,450.0,2.14165714285714,2141.6571428571397
manual,2025-10-22,tea_leaves,g,1760.6114285714277,1500.0,366.68,0.0,2893.9314285714277,500.0,1000.0,0.0,300.0,1.7363588571428565,1736.3588571428566
manual,2025-10-22,ice,g,74016.0,9000.0,7084.800000000001,4015.9999999999973,71915.2,11000.0,11000.0,40.159999999999975,110.0,0.7191519999999999,719.1519999999999
manual,2025-10-22,croissant_dough,pcs,47.19999999999996,20.0,46.440000000000005,0.0,20.759999999999955,60.0,60.0,0.0,2700.0,0.934199999999998,934.199999999998
manual,2025-10-22,bread,pcs,91.59999999999985,70.0,48.760000000000005,0.0,112.83999999999985,70.0,70.0,0.0,560.0,0.9027199999999987,902.7199999999988
manual,2025-10-22,cup_hot,pcs,2541.505714285713,400.0,400.67,0.0,2540.835714285713,400.0,2600.0,0.0,1600.0,10.163342857142853,10163.342857142852
manual,2025-10-22,cup_cold,pcs,794.2185714285713,100.0,61.8,0.0,832.4185714285713,100.0,400.0,0.0,500.0,4.162092857142857,4162.092857142857
manual,2025-10-23,coffee_beans,g,60316.257142857175,8000.0,5339.52,0.0,62976.73714285718,6000.0,17000.0,0.0,7200.0,75.57208457142862,75572.08457142861
manual,2025-10-23,milk,ml,190533.5,55000.0,55660.5,0.0,189873.0,60000.0,60000.0,0.0,3600.0,11.39238,11392.38
manual,2025-10-23,sugar,g,30179.661428571413,3000.0,3044.6800000000003,0.0,30134.981428571413,3000.0,6000.0,0.0,135.0,1.3560741642857135,1356.0741642857136
manual,2025-10-23,chocolate_syrup,ml,7138.857142857133,1500.0,1310.4,0.0,7328.457142857133,1000.0,2500.0,0.0,300.0,2.19853714285714,2198.5371428571398
manual,2025-10-23,tea_leaves,g,2893.9314285714277,0.0,271.92,0.0,2622.0114285714276,0.0,1000.0,0.0,0.0,1.5732068571428566,1573.2068571428565
manual,2025-10-23,ice,g,71915.2,11000.0,7430.400000000001,3915.1999999999994,71569.6,11000.0,11000.0,39.151999999999994,110.0,0.715696,715.696
manual,2025-10-23,croissant_dough,pcs,20.759999999999955,60.0,48.6,0.7599999999999554,31.4,50.0,50.0,34.19999999999799,2250.0,1.413,1413.0
manual,2025-10-23,bread,pcs,112.83999999999985,70.0,53.0,42.83999999999985,87.0,90.0,90.0,342.7199999999988,720.0,0.6960000000000001,696.0
manual,2025-10-23,cup_hot,pcs,2540.835714285713,1400.0,341.96000000000004,0.0,3598.875714285713,400.0,1600.0,0.0,1600.0,14.395502857142853,14395.502857142852
manual,2025-10-23,cup_cold,pcs,832.4185714285713,100.0,65.92,0.0,866.4985714285713,0.0,300.0,0.0,0.0,4.3324928571428565,4332.492857142856
manual,2025-10-24,coffee_beans,g,62976.73714285718,5000.0,6266.52,0.0,61710.217142857175,6000.0,18000.0,0.0,7200.0,74.0522605714286,74052.2605714286
manual,2025-10-24,milk,ml,189873.0,60000.0,54663.0,15873.0,179337.0,72000.0,72000.0,952.38,4320.0,10.76022,10760.22
manual,2025-10-24,sugar,g,30134.981428571413,3000.0,3056.01,0.0,30078.97142857141,3000.0,6000.0,0.0,135.0,1.3535537142857135,1353.5537142857133
manual,2025-10-24,chocolate_syrup,ml,7328.457142857133,1500.0,686.4000000000001,0.0,8142.057142857133,1500.0,2500.0,0.0,450.0,2.4426171428571397,2442.6171428571397
manual,2025-10-24,tea_leaves,g,2622.0114285714276,500.0,226.6,0.0,2895.4114285714277,500.0,1000.0,0.0,300.0,1.7372468571428565,1737.2468571428565
manual,2025-10-24,ice,g,71569.6,11000.0,9914.400000000001,569.5999999999995,72085.6,8000.0,8000.0,5.695999999999994,80.0,0.7208560000000002,720.8560000000001
manual,2025-10-24,croissant_dough,pcs,31.4,50.0,38.88,0.0,42.519999999999996,50.0,50.0,0.0,2250.0,1.9134,1913.3999999999999
manual,2025-10-24,bread,pcs,87.0,90.0,97.52000000000001,17.0,62.47999999999999,70.0,70.0,136.0,560.0,0.49983999999999995,499.8399999999999
manual,2025-10-24,cup_hot,pcs,3598.875714285713,400.0,340.92999999999995,0.0,3657.945714285713,300.0,1500.0,0.0,1200.0,14.631782857142852,14631.782857142853
manual,2025-10-24,cup_cold,pcs,866.4985714285713,100.0,86.52000000000001,0.0,879.9785714285713,100.0,300.0,0.0,500.0,4.399892857142857,4399.892857142857
manual,2025-10-25,coffee_beans,g,61710.217142857175,6000.0,6804.18,0.0,60906.037142857174,6000.0,18000.0,0.0,7200.0,73.0872445714286,73087.2445714286
manual,2025-10-25,milk,ml,179337.0,72000.0,63672.0,10337.0,177328.0,65000.0,65000.0,620.22,3900.0,10.63968,10639.68
manual,2025-10-25,sugar,g,30078.97142857141,3000.0,3514.36,0.0,29564.61142857141,3000.0,6000.0,0.0,135.0,1.3304075142857135,1330.4075142857134
manual,2025-10-25,chocolate_syrup,ml,8142.057142857133,1000.0,780.0000000000001,0.0,8362.057142857133,500.0,2000.0,0.0,150.0,2.5086171428571395,2508.6171428571397
manual,2025-10-25,tea_leaves,g,2895.4114285714277,500.0,255.44,0.0,3139.9714285714276,0.0,500.0,0.0,0.0,1.8839828571428565,1883.9828571428566
manual,2025-10-25,ice,g,72085.6,8000.0,11404.800000000001,1085.5999999999995,67595.2,12000.0,12000.0,10.855999999999995,120.0,0.675952,675.952
manual,2025-10-25,croissant_dough,pcs,42.519999999999996,50.0,59.400000000000006,0.0,33.11999999999999,40.0,40.0,0.0,1800.0,1.4903999999999997,1490.3999999999996
manual,2025-10-25,bread,pcs,62.47999999999999,70.0,53.0,0.0,79.47999999999999,100.0,100.0,0.0,800.0,0.63584,635.8399999999999
manual,2025-10-25,cup_hot,pcs,3657.945714285713,400.0,368.74,0.0,3689.205714285713,300.0,1400.0,0.0,1200.0,14.756822857142852,14756.822857142852
manual,2025-10-25,cup_cold,pcs,879.9785714285713,100.0,98.88,0.0,881.0985714285714,100.0,300.0,0.0,500.0,4.405492857142858,4405.492857142857
manual,2025-10-26,coffee_beans,g,60906.037142857174,6000.0,6878.34,0.0,60027.69714285717,0.0,12000.0,0.0,0.0,72.0332365714286,72033.2365714286
manual,2025-10-26,milk,ml,177328.0,65000.0,62002.5,0.0,180325.5,38000.0,38000.0,0.0,2280.0,10.819529999999999,10819.529999999999
manual,2025-10-26,sugar,g,29564.61142857141,3000.0,3522.6000000000004,0.0,29042.01142857141,0.0,3000.0,0.0,0.0,1.3068905142857135,1306.8905142857134
manual,2025-10-26,chocolate_syrup,ml,8362.057142857133,1500.0,904.8000000000001,0.0,8957.257142857132,1500.0,2000.0,0.0,450.0,2.6871771428571396,2687.1771428571396
manual,2025-10-26,tea_leaves,g,3139.9714285714276,0.0,226.6,0.0,2913.3714285714277,0.0,500.0,0.0,0.0,1.7480228571428567,1748.0228571428565
manual,2025-10-26,ice,g,67595.2,12000.0,13694.400000000001,595.1999999999989,65305.6,5000.0,5000.0,5.951999999999989,50.0,0.6530560000000001,653.056
manual,2025-10-26,croissant_dough,pcs,33.11999999999999,40.0,49.68000000000001,0.0,23.439999999999984,50.0,50.0,0.0,2250.0,1.0547999999999993,1054.7999999999993
manual,2025-10-26,bread,pcs,79.47999999999999,100.0,103.88000000000001,9.47999999999999,66.11999999999999,20.0,20.0,75.83999999999992,160.0,0.52896,528.9599999999999
manual,2025-10-26,cup_hot,pcs,3689.205714285713,400.0,348.14,0.0,3741.065714285713,0.0,1000.0,0.0,0.0,14.964262857142852,14964.262857142852
manual,2025-10-26,cup_cold,pcs,881.0985714285714,100.0,120.51,0.0,860.5885714285714,0.0,200.0,0.0,0.0,4.302942857142857,4302.942857142857
manual,2025-10-27,coffee_beans,g,60027.69714285717,6000.0,5228.28,0.0,60799.41714285717,4000.0,10000.0,0.0,4800.0,72.9593005714286,72959.3005714286
manual,2025-10-27,milk,ml,180325.5,38000.0,49213.5,0.0,169112.0,62000.0,62000.0,0.0,3720.0,10.14672,10146.72
manual,2025-10-27,sugar,g,29042.01142857141,3000.0,2827.3500000000004,0.0,29214.66142857141,4000.0,4000.0,0.0,180.0,1.3146597642857134,1314.6597642857134
manual,2025-10-27,chocolate_syrup,ml,8957.257142857132,500.0,967.2,0.0,8490.057142857133,1000.0,2500.0,0.0,300.0,2.5470171428571398,2547.01714285714
manual,2025-10-27,tea_leaves,g,2913.3714285714277,500.0,304.88,0.0,3108.4914285714276,500.0,500.0,0.0,300.0,1.8650948571428565,1865.0948571428564
manual,2025-10-27,ice,g,65305.6,5000.0,7236.000000000001,1305.5999999999985,61764.0,11000.0,11000.0,13.055999999999985,110.0,0.61764,617.64
manual,2025-10-27,croissant_dough,pcs,23.439999999999984,50.0,46.440000000000005,0.0,26.99999999999998,50.0,50.0,0.0,2250.0,1.2149999999999992,1214.999999999999
manual,2025-10-27,bread,pcs,66.11999999999999,20.0,84.80000000000001,0.0,1.319999999999979,100.0,100.0,0.0,800.0,0.010559999999999832,10.559999999999832
manual,2025-10-27,cup_hot,pcs,3741.065714285713,400.0,335.7800000000001,0.0,3805.285714285713,300.0,900.0,0.0,1200.0,15.221142857142851,15221.142857142851
manual,2025-10-27,cup_cold,pcs,860.5885714285714,0.0,62.83,0.0,797.7585714285714,100.0,300.0,0.0,500.0,3.9887928571428573,3988.792857142857
manual,2025-10-28,coffee_beans,g,60799.41714285717,6000.0,4783.32,0.0,62016.09714285718,5000.0,9000.0,0.0,6000.0,74.41931657142862,74419.31657142862
manual,2025-10-28,milk,ml,169112.0,62000.0,45181.5,0.0,185930.5,49000.0,49000.0,0.0,2940.0,11.15583,11155.83
manual,2025-10-28,sugar,g,29214.66142857141,0.0,2587.3599999999997,0.0,26627.30142857141,3000.0,7000.0,0.0,135.0,1.1982285642857136,1198.2285642857134
manual,2025-10-28,chocolate_syrup,ml,8490.057142857133,1500.0,1497.6000000000001,0.0,8492.457142857133,1000.0,2000.0,0.0,300.0,2.5477371428571396,2547.7371428571396
manual,2025-10-28,tea_leaves,g,3108.4914285714276,0.0,284.28000000000003,0.0,2824.211428571428,0.0,500.0,0.0,0.0,1.6945268571428567,1694.5268571428567
manual,2025-10-28,ice,g,61764.0,11000.0,5918.400000000001,5763.999999999999,61081.6,11000.0,11000.0,57.63999999999999,110.0,0.610816,610.816
manual,2025-10-28,croissant_dough,pcs,26.99999999999998,50.0,43.2,0.0,33.799999999999976,40.0,40.0,0.0,1800.0,1.5209999999999988,1520.9999999999989
manual,2025-10-28,bread,pcs,1.319999999999979,100.0,97.52000000000001,0.0,3.7999999999999687,90.0,90.0,0.0,720.0,0.03039999999999975,30.39999999999975
manual,2025-10-28,cup_hot,pcs,3805.285714285713,300.0,332.69,0.0,3772.5957142857133,300.0,900.0,0.0,1200.0,15.090382857142853,15090.382857142853
manual,2025-10-28,cup_cold,pcs,797.7585714285714,100.0,53.56,0.0,844.1985714285713,0.0,200.0,0.0,0.0,4.220992857142856,4220.992857142856
manual,2025-10-29,coffee_beans,g,62016.09714285718,0.0,6118.2,0.0,55897.897142857175,5000.0,14000.0,0.0,6000.0,67.0774765714286,67077.4765714286
manual,2025-10-29,milk,ml,185930.5,49000.0,49864.5,20930.5,164135.5,66000.0,66000.0,1255.83,3960.0,9.84813,9848.13
manual,2025-10-29,sugar,g,26627.30142857141,4000.0,2624.44,0.0,28002.86142857141,2000.0,5000.0,0.0,90.0,1.2601287642857135,1260.1287642857135
manual,2025-10-29,chocolate_syrup,ml,8492.457142857133,1000.0,717.6,0.0,8774.857142857132,1500.0,2500.0,0.0,450.0,2.6324571428571395,2632.4571428571394
manual,2025-10-29,tea_leaves,g,2824.211428571428,0.0,152.44,0.0,2671.7714285714274,500.0,1000.0,0.0,300.0,1.6030628571428562,1603.0628571428563
manual,2025-10-29,ice,g,61081.6,11000.0,8769.600000000002,3081.5999999999995,60230.399999999994,9000.0,9000.0,30.815999999999995,90.0,0.602304,602.304
manual,2025-10-29,croissant_dough,pcs,33.799999999999976,40.0,36.72,0.0,37.07999999999998,50.0,50.0,0.0,2250.0,1.668599999999999,1668.599999999999
manual,2025-10-29,bread,pcs,3.7999999999999687,90.0,82.68,0.0,11.119999999999962,90.0,90.0,0.0,720.0,0.08895999999999969,88.9599999999997
manual,2025-10-29,cup_hot,pcs,3772.5957142857133,300.0,326.51000000000005,0.0,3746.085714285713,400.0,1000.0,0.0,1600.0,14.984342857142853,14984.342857142852
manual,2025-10-29,cup_cold,pcs,844.1985714285713,100.0,75.19,0.0,869.0085714285714,100.0,200.0,0.0,500.0,4.3450428571428565,4345.0428571428565
manual,2025-10-30,coffee_beans,g,55897.897142857175,4000.0,6563.16,0.0,53334.73714285718,6000.0,16000.0,0.0,7200.0,64.00168457142861,64001.68457142861
manual,2025-10-30,milk,ml,164135.5,66000.0,56479.5,15135.5,158520.5,65000.0,65000.0,908.13,3900.0,9.51123,9511.23
manual,2025-10-30,sugar,g,28002.86142857141,3000.0,3140.4700000000003,0.0,27862.39142857141,3000.0,5000.0,0.0,135.0,1.2538076142857133,1253.8076142857133
manual,2025-10-30,chocolate_syrup,ml,8774.857142857132,1000.0,842.4000000000001,0.0,8932.457142857133,1000.0,2500.0,0.0,300.0,2.6797371428571397,2679.7371428571396
manual,2025-10-30,tea_leaves,g,2671.7714285714274,500.0,267.8,0.0,2903.9714285714276,0.0,500.0,0.0,0.0,1.7423828571428566,1742.3828571428564
manual,2025-10-30,ice,g,60230.4,9000.0,9612.0,2230.3999999999987,57388.0,11000.0,11000.0,22.303999999999988,110.0,0.5738800000000001,573.88
manual,2025-10-30,croissant_dough,pcs,37.07999999999998,50.0,46.440000000000005,0.0,40.63999999999997,30.0,30.0,0.0,1350.0,1.8287999999999989,1828.7999999999988
manual,2025-10-30,bread,pcs,11.119999999999962,90.0,86.92,0.0,14.19999999999996,90.0,90.0,0.0,720.0,0.11359999999999969,113.59999999999968
manual,2025-10-30,cup_hot,pcs,3746.085714285713,0.0,375.95,0.0,3370.135714285713,300.0,1300.0,0.0,1200.0,13.480542857142852,13480.542857142853
manual,2025-10-30,cup_cold,pcs,869.0085714285714,0.0,83.43,0.0,785.5785714285713,0.0,200.0,0.0,0.0,3.9278928571428566,3927.8928571428564
manual,2025-10-31,coffee_beans,g,53334.73714285718,5000.0,7378.92,0.0,50955.81714285718,7000.0,18000.0,0.0,8400.0,61.146980571428614,61146.98057142861
manual,2025-10-31,milk,ml,158520.5,65000.0,68124.0,0.0,155396.5,57000.0,57000.0,0.0,3420.0,9.323789999999999,9323.789999999999
manual,2025-10-31,sugar,g,27862.39142857141,2000.0,3763.62,0.0,26098.77142857141,3000.0,6000.0,0.0,135.0,1.1744447142857135,1174.4447142857134
manual,2025-10-31,chocolate_syrup,ml,8932.457142857133,1500.0,904.8000000000001,0.0,9527.657142857133,500.0,1500.0,0.0,150.0,2.85829714285714,2858.29714285714
manual,2025-10-31,tea_leaves,g,2903.9714285714276,0.0,201.88,0.0,2702.0914285714275,500.0,1000.0,0.0,300.0,1.6212548571428564,1621.2548571428565
manual,2025-10-31,ice,g,57388.0,11000.0,15120.000000000002,1387.999999999999,51880.0,11000.0,11000.0,13.879999999999992,110.0,0.5187999999999999,518.8
manual,2025-10-31,croissant_dough,pcs,40.63999999999997,30.0,46.440000000000005,0.0,24.199999999999967,50.0,50.0,0.0,2250.0,1.0889999999999986,1088.9999999999986
manual,2025-10-31,bread,pcs,14.19999999999996,90.0,86.92,0.0,17.27999999999996,80.0,80.0,0.0,640.0,0.13823999999999967,138.23999999999967
manual,2025-10-31,cup_hot,pcs,3370.135714285713,300.0,359.47,0.0,3310.665714285713,400.0,1400.0,0.0,1600.0,13.242662857142852,13242.662857142852
manual,2025-10-31,cup_cold,pcs,785.5785714285713,100.0,130.81,0.0,754.7685714285714,100.0,200.0,0.0,500.0,3.773842857142857,3773.8428571428567
manual,2025-11-01,coffee_beans,g,50955.81714285718,5000.0,8472.779999999999,0.0,47483.03714285718,7000.0,20000.0,0.0,8400.0,56.979644571428615,56979.64457142862
manual,2025-11-01,milk,ml,155396.5,57000.0,80650.5,0.0,131746.0,68000.0,68000.0,0.0,4080.0,7.90476,7904.759999999999
manual,2025-11-01,sugar,g,26098.77142857141,3000.0,4437.24,0.0,24661.53142857141,4000.0,7000.0,0.0,180.0,1.1097689142857134,1109.7689142857134
manual,2025-11-01,chocolate_syrup,ml,9527.657142857133,1000.0,1310.4,0.0,9217.257142857132,1000.0,1500.0,0.0,300.0,2.76517714285714,2765.1771428571396
manual,2025-11-01,tea_leaves,g,2702.0914285714275,500.0,346.08,0.0,2856.0114285714276,0.0,500.0,0.0,0.0,1.7136068571428567,1713.6068571428566
manual,2025-11-01,ice,g,51880.0,11000.0,12182.400000000001,0.0,50697.6,15000.0,15000.0,0.0,150.0,0.506976,506.976
manual,2025-11-01,croissant_dough,pcs,24.199999999999967,50.0,54.0,0.0,20.199999999999967,50.0,50.0,0.0,2250.0,0.9089999999999986,908.9999999999985
manual,2025-11-01,bread,pcs,17.27999999999996,80.0,95.4,0.0,1.8799999999999528,90.0,90.0,0.0,720.0,0.015039999999999623,15.039999999999623
manual,2025-11-01,cup_hot,pcs,3310.665714285713,300.0,492.34000000000003,0.0,3118.3257142857133,300.0,1400.0,0.0,1200.0,12.473302857142853,12473.302857142853
manual,2025-11-01,cup_cold,pcs,754.7685714285714,0.0,108.15,0.0,646.6185714285714,200.0,400.0,0.0,1000.0,3.2330928571428568,3233.0928571428567
manual,2025-11-02,coffee_beans,g,47483.03714285718,6000.0,8732.34,0.0,44750.697142857185,11000.0,25000.0,0.0,13200.0,53.70083657142862,53700.83657142862
manual,2025-11-02,milk,ml,131746.0,68000.0,75684.0,0.0,124062.0,80000.0,80000.0,0.0,4800.0,7.44372,7443.719999999999
manual,2025-11-02,sugar,g,24661.53142857141,3000.0,4248.75,0.0,23412.78142857141,4000.0,8000.0,0.0,180.0,1.0535751642857134,1053.5751642857133
manual,2025-11-02,chocolate_syrup,ml,9217.257142857132,500.0,936.0000000000001,0.0,8781.257142857132,0.0,1000.0,0.0,0.0,2.6343771428571396,2634.3771428571395
manual,2025-11-02,tea_leaves,g,2856.0114285714276,0.0,251.32,0.0,2604.6914285714274,0.0,500.0,0.0,0.0,1.5628148571428564,1562.8148571428565
manual,2025-11-02,ice,g,50697.6,15000.0,14709.600000000002,0.0,50988.0,22000.0,22000.0,0.0,220.0,0.50988,509.88
manual,2025-11-02,croissant_dough,pcs,20.199999999999967,50.0,56.160000000000004,0.0,14.039999999999964,50.0,50.0,0.0,2250.0,0.6317999999999984,631.7999999999984
manual,2025-11-02,bread,pcs,1.8799999999999528,90.0,91.16000000000001,0.0,0.719999999999942,120.0,120.0,0.0,960.0,0.005759999999999536,5.759999999999536
manual,2025-11-02,cup_hot,pcs,3118.3257142857133,400.0,447.0199999999999,0.0,3071.3057142857133,300.0,1300.0,0.0,1200.0,12.285222857142854,12285.222857142853
manual,2025-11-02,cup_cold,pcs,646.6185714285714,100.0,131.84,0.0,614.7785714285714,200.0,500.0,0.0,1000.0,3.073892857142857,3073.892857142857
manual,2025-11-03,coffee_beans,g,44750.697142857185,7000.0,6062.58,0.0,45688.11714285718,9000.0,27000.0,0.0,10800.0,54.825740571428625,54825.74057142862
manual,2025-11-03,milk,ml,124062.0,80000.0,49108.5,0.0,154953.5,76000.0,76000.0,0.0,4560.0,9.29721,9297.21
manual,2025-11-03,sugar,g,23412.78142857141,4000.0,2875.76,0.0,24537.02142857141,4000.0,8000.0,0.0,180.0,1.1041659642857136,1104.1659642857135
manual,2025-11-03,chocolate_syrup,ml,8781.257142857132,1000.0,842.4000000000001,0.0,8938.857142857132,500.0,500.0,0.0,150.0,2.68165714285714,2681.6571428571397
manual,2025-11-03,tea_leaves,g,2604.6914285714274,500.0,185.4,0.0,2919.291428571428,0.0,0.0,0.0,0.0,1.7515748571428567,1751.5748571428567
manual,2025-11-03,ice,g,50988.0,22000.0,9201.6,0.0,63786.399999999994,14000.0,14000.0,0.0,140.0,0.637864,637.8639999999999
manual,2025-11-03,croissant_dough,pcs,14.039999999999964,50.0,24.840000000000003,0.0,39.19999999999996,50.0,50.0,0.0,2250.0,1.7639999999999982,1763.9999999999982
manual,2025-11-03,bread,pcs,0.719999999999942,120.0,48.760000000000005,0.0,71.95999999999994,120.0,120.0,0.0,960.0,0.5756799999999995,575.6799999999995
manual,2025-11-03,cup_hot,pcs,3071.3057142857133,300.0,326.51000000000005,0.0,3044.795714285713,500.0,1500.0,0.0,2000.0,12.179182857142852,12179.182857142852
manual,2025-11-03,cup_cold,pcs,614.7785714285714,0.0,84.46000000000001,0.0,530.3185714285713,100.0,600.0,0.0,500.0,2.6515928571428566,2651.5928571428567
manual,2025-11-04,coffee_beans,g,45688.11714285718,7000.0,6247.98,0.0,46440.13714285718,6000.0,26000.0,0.0,7200.0,55.728164571428614,55728.16457142861
manual,2025-11-04,milk,ml,154953.5,76000.0,53224.5,0.0,177729.0,49000.0,49000.0,0.0,2940.0,10.66374,10663.74
manual,2025-11-04,sugar,g,24537.02142857141,4000.0,3019.96,0.0,25517.06142857141,3000.0,7000.0,0.0,135.0,1.1482677642857133,1148.2677642857134
manual,2025-11-04,chocolate_syrup,ml,8938.857142857132,0.0,468.00000000000006,0.0,8470.857142857132,1000.0,1500.0,0.0,300.0,2.5412571428571398,2541.2571428571396
manual,2025-11-04,tea_leaves,g,2919.291428571428,0.0,263.68,0.0,2655.6114285714275,500.0,500.0,0.0,300.0,1.5933668571428563,1593.3668571428564
manual,2025-11-04,ice,g,63786.399999999994,14000.0,9244.800000000001,0.0,68541.6,10000.0,10000.0,0.0,100.0,0.685416,685.416
manual,2025-11-04,croissant_dough,pcs,39.19999999999996,50.0,28.080000000000002,0.0,61.11999999999996,30.0,30.0,0.0,1350.0,2.750399999999998,2750.3999999999983
manual,2025-11-04,bread,pcs,71.95999999999994,120.0,78.44,0.0,113.51999999999994,50.0,50.0,0.0,400.0,0.9081599999999995,908.1599999999995
manual,2025-11-04,cup_hot,pcs,3044.795714285713,400.0,347.11,0.0,3097.685714285713,300.0,1400.0,0.0,1200.0,12.390742857142852,12390.742857142852
manual,2025-11-04,cup_cold,pcs,530.3185714285713,100.0,81.37,0.0,548.9485714285713,100.0,600.0,0.0,500.0,2.7447428571428563,2744.7428571428563
manual,2025-11-05,coffee_beans,g,46440.13714285718,11000.0,5784.48,0.0,51655.657142857184,6000.0,21000.0,0.0,7200.0,61.98678857142862,61986.78857142862
manual,2025-11-05,milk,ml,177729.0,49000.0,60585.0,0.0,166144.0,53000.0,53000.0,0.0,3180.0,9.968639999999999,9968.64
manual,2025-11-05,sugar,g,25517.06142857141,4000.0,3613.2400000000002,0.0,25903.82142857141,3000.0,6000.0,0.0,135.0,1.1656719642857134,1165.6719642857133
manual,2025-11-05,chocolate_syrup,ml,8470.857142857132,500.0,1154.4,0.0,7816.457142857132,500.0,1500.0,0.0,150.0,2.3449371428571393,2344.9371428571394
manual,2025-11-05,tea_leaves,g,2655.6114285714275,0.0,416.12,0.0,2239.4914285714276,0.0,500.0,0.0,0.0,1.3436948571428566,1343.6948571428566
manual,2025-11-05,ice,g,68541.6,10000.0,11707.2,0.0,66834.4,9000.0,9000.0,0.0,90.0,0.6683439999999999,668.3439999999999
manual,2025-11-05,croissant_dough,pcs,61.11999999999996,30.0,34.56,11.119999999999958,45.44,40.0,40.0,500.3999999999981,1800.0,2.0448,2044.8
manual,2025-11-05,bread,pcs,113.51999999999994,50.0,86.92,0.0,76.59999999999994,70.0,70.0,0.0,560.0,0.6127999999999996,612.7999999999995
manual,2025-11-05,cup_hot,pcs,3097.685714285713,300.0,361.53,0.0,3036.1557142857127,400.0,1500.0,0.0,1600.0,12.144622857142851,12144.622857142851
manual,2025-11-05,cup_cold,pcs,548.9485714285713,200.0,101.97,0.0,646.9785714285713,100.0,500.0,0.0,500.0,3.2348928571428566,3234.8928571428564
manual,2025-11-06,coffee_beans,g,51655.657142857184,9000.0,4264.2,0.0,56391.45714285718,6000.0,18000.0,0.0,7200.0,67.66974857142861,67669.74857142862
manual,2025-11-06,milk,ml,166144.0,53000.0,49182.0,0.0,169962.0,61000.0,61000.0,0.0,3660.0,10.19772,10197.72
manual,2025-11-06,sugar,g,25903.82142857141,3000.0,2776.88,0.0,26126.94142857141,4000.0,7000.0,0.0,180.0,1.1757123642857135,1175.7123642857134
manual,2025-11-06,chocolate_syrup,ml,7816.457142857132,1000.0,1809.6000000000001,0.0,7006.857142857132,1000.0,1500.0,0.0,300.0,2.1020571428571397,2102.0571428571398
manual,2025-11-06,tea_leaves,g,2239.4914285714276,0.0,333.72,0.0,1905.7714285714276,500.0,1000.0,0.0,300.0,1.1434628571428567,1143.4628571428566
manual,2025-11-06,ice,g,66834.4,9000.0,6609.6,0.0,69224.79999999999,12000.0,12000.0,0.0,120.0,0.692248,692.2479999999999
manual,2025-11-06,croissant_dough,pcs,45.44,40.0,43.2,15.439999999999998,26.799999999999997,50.0,50.0,694.8,2250.0,1.2059999999999997,1205.9999999999998
manual,2025-11-06,bread,pcs,76.59999999999994,70.0,61.480000000000004,26.599999999999937,58.519999999999996,120.0,120.0,212.7999999999995,960.0,0.46815999999999997,468.15999999999997
manual,2025-11-06,cup_hot,pcs,3036.1557142857127,300.0,321.36,0.0,3014.795714285713,300.0,1500.0,0.0,1200.0,12.059182857142853,12059.182857142852
manual,2025-11-06,cup_cold,pcs,646.9785714285713,200.0,58.709999999999994,0.0,788.2685714285712,100.0,400.0,0.0,500.0,3.9413428571428564,3941.3428571428562
manual,2025-11-07,coffee_beans,g,56391.45714285718,6000.0,7582.86,0.0,54808.59714285718,4000.0,16000.0,0.0,4800.0,65.77031657142862,65770.31657142862
manual,2025-11-07,milk,ml,169962.0,61000.0,73101.0,0.0,157861.0,49000.0,49000.0,0.0,2940.0,9.47166,9471.66
manual,2025-11-07,sugar,g,26126.94142857141,3000.0,3994.34,0.0,25132.601428571408,2000.0,6000.0,0.0,90.0,1.1309670642857135,1130.9670642857134
manual,2025-11-07,chocolate_syrup,ml,7006.857142857132,500.0,1622.4,0.0,5884.457142857132,2000.0,3000.0,0.0,600.0,1.7653371428571396,1765.3371428571395
manual,2025-11-07,tea_leaves,g,1905.7714285714276,500.0,333.72,0.0,2072.0514285714276,500.0,1000.0,0.0,300.0,1.2432308571428565,1243.2308571428564
manual,2025-11-07,ice,g,69224.79999999999,12000.0,12009.600000000002,0.0,69215.2,7000.0,7000.0,0.0,70.0,0.692152,692.1519999999999
manual,2025-11-07,croissant_dough,pcs,26.799999999999997,50.0,54.0,0.0,22.799999999999997,40.0,40.0,0.0,1800.0,1.0259999999999998,1025.9999999999998
manual,2025-11-07,bread,pcs,58.519999999999996,120.0,84.80000000000001,0.0,93.71999999999998,60.0,60.0,0.0,480.0,0.7497599999999999,749.7599999999999
manual,2025-11-07,cup_hot,pcs,3014.795714285713,500.0,454.23,0.0,3060.565714285713,400.0,1400.0,0.0,1600.0,12.242262857142853,12242.262857142852
manual,2025-11-07,cup_cold,pcs,788.2685714285712,100.0,104.03,0.0,784.2385714285713,100.0,400.0,0.0,500.0,3.9211928571428563,3921.192857142856
manual,2025-11-08,coffee_beans,g,54808.59714285718,6000.0,6933.96,0.0,53874.63714285719,8000.0,18000.0,0.0,9600.0,64.64956457142863,64649.56457142862
manual,2025-11-08,milk,ml,157861.0,49000.0,65205.0,0.0,141656.0,73000.0,73000.0,0.0,4380.0,8.499360000000001,8499.36
manual,2025-11-08,sugar,g,25132.601428571408,4000.0,3454.6200000000003,0.0,25677.98142857141,4000.0,6000.0,0.0,180.0,1.1555091642857134,1155.5091642857133
manual,2025-11-08,chocolate_syrup,ml,5884.457142857132,1000.0,1435.2,0.0,5449.257142857132,1500.0,3500.0,0.0,450.0,1.6347771428571396,1634.7771428571396
manual,2025-11-08,tea_leaves,g,2072.0514285714276,0.0,218.36,0.0,1853.6914285714277,0.0,1000.0,0.0,0.0,1.1122148571428565,1112.2148571428565
manual,2025-11-08,ice,g,69215.2,7000.0,13305.600000000002,0.0,62909.59999999999,12000.0,12000.0,0.0,120.0,0.6290959999999999,629.0959999999999
manual,2025-11-08,croissant_dough,pcs,22.799999999999997,40.0,62.64,0.0,0.1599999999999966,50.0,50.0,0.0,2250.0,0.007199999999999846,7.1999999999998465
manual,2025-11-08,bread,pcs,93.71999999999998,60.0,55.120000000000005,0.0,98.59999999999998,80.0,80.0,0.0,640.0,0.7887999999999998,788.7999999999998
manual,2025-11-08,cup_hot,pcs,3060.565714285713,300.0,373.89,0.0,2986.675714285713,400.0,1500.0,0.0,1600.0,11.946702857142853,11946.702857142853
manual,2025-11-08,cup_cold,pcs,784.2385714285713,100.0,113.30000000000001,0.0,770.9385714285713,100.0,400.0,0.0,500.0,3.8546928571428567,3854.6928571428566
manual,2025-11-09,coffee_beans,g,53874.63714285719,6000.0,7860.960000000001,0.0,52013.67714285718,6000.0,18000.0,0.0,7200.0,62.416412571428616,62416.41257142861
manual,2025-11-09,milk,ml,141656.0,73000.0,68659.5,0.0,145996.5,77000.0,77000.0,0.0,4620.0,8.759789999999999,8759.789999999999
manual,2025-11-09,sugar,g,25677.98142857141,2000.0,3865.59,0.0,23812.391428571405,6000.0,10000.0,0.0,270.0,1.0715576142857133,1071.5576142857133
manual,2025-11-09,chocolate_syrup,ml,5449.257142857132,2000.0,1653.6000000000001,0.0,5795.6571428571315,4000.0,5500.0,0.0,1200.0,1.7386971428571394,1738.6971428571394
manual,2025-11-09,tea_leaves,g,1853.6914285714277,500.0,288.40000000000003,0.0,2065.291428571428,1000.0,1500.0,0.0,600.0,1.2391748571428567,1239.1748571428566
manual,2025-11-09,ice,g,62909.59999999999,12000.0,12765.600000000002,0.0,62143.999999999985,18000.0,18000.0,0.0,180.0,0.6214399999999999,621.4399999999998
manual,2025-11-09,croissant_dough,pcs,0.1599999999999966,50.0,49.68000000000001,0.0,0.47999999999998977,60.0,60.0,0.0,2700.0,0.02159999999999954,21.59999999999954
manual,2025-11-09,bread,pcs,98.59999999999998,80.0,78.44,38.59999999999998,61.56,40.0,40.0,308.79999999999984,320.0,0.49248000000000003,492.48
manual,2025-11-09,cup_hot,pcs,2986.675714285713,400.0,450.11,0.0,2936.565714285713,500.0,1600.0,0.0,2000.0,11.746262857142852,11746.262857142852
manual,2025-11-09,cup_cold,pcs,770.9385714285713,100.0,113.30000000000001,0.0,757.6385714285713,200.0,500.0,0.0,1000.0,3.7881928571428563,3788.192857142856
manual,2025-11-10,coffee_beans,g,52013.67714285718,4000.0,5932.799999999999,0.0,50080.877142857185,8000.0,22000.0,0.0,9600.0,60.09705257142862,60097.05257142862
manual,2025-11-10,milk,ml,145996.5,77000.0,52710.0,0.0,170286.5,69000.0,69000.0,0.0,4140.0,10.21719,10217.19
manual,2025-11-10,sugar,g,23812.391428571405,4000.0,3149.74,0.0,24662.651428571407,4000.0,10000.0,0.0,180.0,1.1098193142857133,1109.8193142857133
manual,2025-11-10,chocolate_syrup,ml,5795.6571428571315,1500.0,686.4000000000001,0.0,6609.257142857132,1500.0,5500.0,0.0,450.0,1.9827771428571397,1982.7771428571396
manual,2025-11-10,tea_leaves,g,2065.291428571428,500.0,276.04,0.0,2289.251428571428,0.0,1000.0,0.0,0.0,1.3735508571428565,1373.5508571428566
manual,2025-11-10,ice,g,62143.999999999985,18000.0,11491.2,0.0,68652.79999999999,13000.0,13000.0,0.0,130.0,0.6865279999999999,686.5279999999999
manual,2025-11-10,croissant_dough,pcs,0.47999999999998977,60.0,35.64,0.0,24.83999999999999,50.0,50.0,0.0,2250.0,1.1177999999999995,1117.7999999999995
manual,2025-11-10,bread,pcs,61.56,40.0,99.64,0.0,1.9200000000000017,80.0,80.0,0.0,640.0,0.015360000000000014,15.360000000000014
manual,2025-11-10,cup_hot,pcs,2936.565714285713,300.0,318.27000000000004,0.0,2918.295714285713,400.0,1700.0,0.0,1600.0,11.673182857142853,11673.182857142852
manual,2025-11-10,cup_cold,pcs,757.6385714285713,100.0,103.0,0.0,754.6385714285713,100.0,500.0,0.0,500.0,3.773192857142856,3773.192857142856
manual,2025-11-11,coffee_beans,g,50080.877142857185,8000.0,5840.1,0.0,52240.77714285719,6000.0,20000.0,0.0,7200.0,62.68893257142862,62688.932571428624
manual,2025-11-11,milk,ml,170286.5,69000.0,53056.5,0.0,186230.0,53000.0,53000.0,0.0,3180.0,11.1738,11173.8
manual,2025-11-11,sugar,g,24662.651428571407,6000.0,2994.21,0.0,27668.44142857141,3000.0,7000.0,0.0,135.0,1.2450798642857133,1245.0798642857133
manual,2025-11-11,chocolate_syrup,ml,6609.257142857132,4000.0,811.2,0.0,9798.057142857131,1000.0,2500.0,0.0,300.0,2.9394171428571396,2939.4171428571394
manual,2025-11-11,tea_leaves,g,2289.251428571428,0.0,210.12,0.0,2079.1314285714275,500.0,1500.0,0.0,300.0,1.2474788571428566,1247.4788571428564
manual,2025-11-11,ice,g,68652.79999999999,13000.0,10519.2,652.7999999999884,70480.8,12000.0,12000.0,6.527999999999884,120.0,0.704808,704.808
manual,2025-11-11,croissant_dough,pcs,24.83999999999999,50.0,62.64,0.0,12.199999999999989,30.0,30.0,0.0,1350.0,0.5489999999999996,548.9999999999995
manual,2025-11-11,bread,pcs,1.9200000000000017,80.0,80.56,0.0,1.3599999999999994,90.0,90.0,0.0,720.0,0.010879999999999996,10.879999999999995
manual,2025-11-11,cup_hot,pcs,2918.295714285713,400.0,311.06000000000006,0.0,3007.2357142857127,300.0,1600.0,0.0,1200.0,12.028942857142852,12028.94285714285
manual,2025-11-11,cup_cold,pcs,754.6385714285713,100.0,92.7,0.0,761.9385714285713,100.0,500.0,0.0,500.0,3.8096928571428568,3809.6928571428566
manual,2025-11-12,coffee_beans,g,52240.77714285719,6000.0,6118.2,0.0,52122.57714285719,5000.0,19000.0,0.0,6000.0,62.54709257142863,62547.09257142863
manual,2025-11-12,milk,ml,186230.0,53000.0,51618.0,0.0,187612.0,53000.0,53000.0,0.0,3180.0,11.25672,11256.72
manual,2025-11-12,sugar,g,27668.44142857141,4000.0,2927.26,0.0,28741.181428571406,3000.0,6000.0,0.0,135.0,1.2933531642857135,1293.3531642857133
manual,2025-11-12,chocolate_syrup,ml,9798.057142857131,1500.0,1092.0,0.0,10206.057142857131,500.0,1500.0,0.0,150.0,3.061817142857139,3061.817142857139
manual,2025-11-12,tea_leaves,g,2079.1314285714275,1000.0,214.24,0.0,2864.8914285714272,0.0,500.0,0.0,0.0,1.7189348571428564,1718.9348571428563
manual,2025-11-12,ice,g,70480.8,12000.0,9979.2,0.0,72501.6,10000.0,10000.0,0.0,100.0,0.7250160000000001,725.0160000000001
manual,2025-11-12,croissant_dough,pcs,12.199999999999989,30.0,38.88,0.0,3.319999999999986,60.0,60.0,0.0,2700.0,0.1493999999999994,149.39999999999938
manual,2025-11-12,bread,pcs,1.3599999999999994,90.0,61.480000000000004,0.0,29.879999999999995,90.0,90.0,0.0,720.0,0.23903999999999997,239.03999999999996
manual,2025-11-12,cup_hot,pcs,3007.2357142857127,400.0,340.93,0.0,3066.305714285713,300.0,1500.0,0.0,1200.0,12.265222857142852,12265.222857142851
manual,2025-11-12,cup_cold,pcs,761.9385714285713,100.0,88.58000000000001,0.0,773.3585714285713,100.0,500.0,0.0,500.0,3.8667928571428565,3866.7928571428565
manual,2025-11-13,coffee_beans,g,52122.57714285719,8000.0,5951.34,0.0,54171.237142857186,7000.0,18000.0,0.0,8400.0,65.00548457142862,65005.48457142862
manual,2025-11-13,milk,ml,187612.0,53000.0,55314.0,0.0,185298.0,51000.0,51000.0,0.0,3060.0,11.11788,11117.88
manual,2025-11-13,sugar,g,28741.181428571406,3000.0,3276.4300000000003,0.0,28464.751428571406,3000.0,6000.0,0.0,135.0,1.2809138142857133,1280.9138142857132
manual,2025-11-13,chocolate_syrup,ml,10206.057142857131,1000.0,655.2,0.0,10550.85714285713,1500.0,2000.0,0.0,450.0,3.165257142857139,3165.257142857139
manual,2025-11-13,tea_leaves,g,2864.8914285714272,0.0,346.08,0.0,2518.8114285714273,500.0,1000.0,0.0,300.0,1.5112868571428564,1511.2868571428564
manual,2025-11-13,ice,g,72501.6,10000.0,10519.2,0.0,71982.4,10000.0,10000.0,0.0,100.0,0.719824,719.824
manual,2025-11-13,croissant_dough,pcs,3.319999999999986,60.0,28.080000000000002,0.0,35.23999999999998,50.0,50.0,0.0,2250.0,1.585799999999999,1585.799999999999
manual,2025-11-13,bread,pcs,29.879999999999995,90.0,53.0,0.0,66.88,60.0,60.0,0.0,480.0,0.53504,535.04
manual,2025-11-13,cup_hot,pcs,3066.305714285713,500.0,347.11,0.0,3219.1957142857127,400.0,1400.0,0.0,1600.0,12.876782857142851,12876.78285714285
manual,2025-11-13,cup_cold,pcs,773.3585714285713,200.0,91.67,0.0,881.6885714285713,100.0,400.0,0.0,500.0,4.408442857142856,4408.442857142856
manual,2025-11-14,coffee_beans,g,54171.237142857186,6000.0,7082.28,0.0,53088.95714285719,5000.0,17000.0,0.0,6000.0,63.706748571428626,63706.74857142862
manual,2025-11-14,milk,ml,185298.0,51000.0,68281.5,10298.0,157718.5,66000.0,66000.0,617.88,3960.0,9.463109999999999,9463.109999999999
manual,2025-11-14,sugar,g,28464.751428571406,3000.0,3942.8400000000006,0.0,27521.911428571406,3000.0,6000.0,0.0,135.0,1.2384860142857133,1238.4860142857133
manual,2025-11-14,chocolate_syrup,ml,10550.85714285713,500.0,1341.6000000000001,0.0,9709.257142857132,500.0,2000.0,0.0,150.0,2.9127771428571396,2912.7771428571396
manual,2025-11-14,tea_leaves,g,2518.8114285714273,500.0,309.0,0.0,2709.8114285714273,0.0,500.0,0.0,0.0,1.6258868571428564,1625.8868571428563
manual,2025-11-14,ice,g,71982.4,10000.0,13694.400000000001,0.0,68288.0,11000.0,11000.0,0.0,110.0,0.68288,682.88
manual,2025-11-14,croissant_dough,pcs,35.23999999999998,50.0,32.400000000000006,0.0,52.839999999999975,20.0,20.0,0.0,900.0,2.377799999999999,2377.799999999999
manual,2025-11-14,bread,pcs,66.88,60.0,106.0,0.0,20.879999999999995,60.0,60.0,0.0,480.0,0.16703999999999997,167.03999999999996
manual,2025-11-14,cup_hot,pcs,3219.1957142857127,400.0,391.4,0.0,3227.795714285713,300.0,1300.0,0.0,1200.0,12.911182857142853,12911.182857142852
manual,2025-11-14,cup_cold,pcs,881.6885714285713,100.0,123.6,0.0,858.0885714285713,0.0,300.0,0.0,0.0,4.290442857142856,4290.442857142856
manual,2025-11-15,coffee_beans,g,53088.95714285719,5000.0,7434.539999999999,0.0,50654.417142857186,8000.0,20000.0,0.0,9600.0,60.78530057142862,60785.30057142862
manual,2025-11-15,milk,ml,157718.5,66000.0,69247.5,718.5,153752.5,69000.0,69000.0,43.11,4140.0,9.22515,9225.15
manual,2025-11-15,sugar,g,27521.911428571406,3000.0,3993.3100000000004,0.0,26528.601428571405,4000.0,7000.0,0.0,180.0,1.1937870642857131,1193.787064285713
manual,2025-11-15,chocolate_syrup,ml,9709.257142857132,1500.0,998.4000000000001,0.0,10210.85714285713,1500.0,2000.0,0.0,450.0,3.063257142857139,3063.257142857139
manual,2025-11-15,tea_leaves,g,2709.8114285714273,0.0,333.72,0.0,2376.0914285714275,500.0,1000.0,0.0,300.0,1.4256548571428564,1425.6548571428564
manual,2025-11-15,ice,g,68288.0,11000.0,15919.2,0.0,63368.799999999996,13000.0,13000.0,0.0,130.0,0.633688,633.688
manual,2025-11-15,croissant_dough,pcs,52.839999999999975,20.0,69.12,2.839999999999975,0.8799999999999955,40.0,40.0,127.79999999999887,1800.0,0.039599999999999795,39.599999999999795
manual,2025-11-15,bread,pcs,20.879999999999995,60.0,65.72,0.0,15.159999999999997,90.0,90.0,0.0,720.0,0.12127999999999997,121.27999999999997
manual,2025-11-15,cup_hot,pcs,3227.795714285713,300.0,391.40000000000003,0.0,3136.395714285713,400.0,1400.0,0.0,1600.0,12.545582857142852,12545.582857142852
manual,2025-11-15,cup_cold,pcs,858.0885714285713,100.0,138.02,0.0,820.0685714285712,200.0,400.0,0.0,1000.0,4.100342857142856,4100.342857142856
manual,2025-11-16,coffee_beans,g,50654.417142857186,7000.0,7341.84,0.0,50312.57714285719,9000.0,22000.0,0.0,10800.0,60.37509257142863,60375.09257142863
manual,2025-11-16,milk,ml,153752.5,69000.0,73017.0,0.0,149735.5,67000.0,67000.0,0.0,4020.0,8.984129999999999,8984.13
manual,2025-11-16,sugar,g,26528.601428571405,3000.0,4129.27,0.0,25399.331428571408,4000.0,8000.0,0.0,180.0,1.1429699142857133,1142.9699142857132
manual,2025-11-16,chocolate_syrup,ml,10210.85714285713,500.0,1404.0000000000002,0.0,9306.85714285713,0.0,1500.0,0.0,0.0,2.792057142857139,2792.057142857139
manual,2025-11-16,tea_leaves,g,2376.0914285714275,500.0,288.40000000000003,0.0,2587.6914285714274,500.0,1000.0,0.0,300.0,1.5526148571428564,1552.6148571428564
manual,2025-11-16,ice,g,63368.799999999996,13000.0,16912.800000000003,0.0,59455.99999999999,26000.0,26000.0,0.0,260.0,0.59456,594.56
manual,2025-11-16,croissant_dough,pcs,0.8799999999999955,40.0,39.96,0.0,0.9199999999999946,60.0,60.0,0.0,2700.0,0.041399999999999756,41.39999999999976
manual,2025-11-16,bread,pcs,15.159999999999997,90.0,103.88000000000001,0.0,1.279999999999987,90.0,90.0,0.0,720.0,0.010239999999999895,10.239999999999895
manual,2025-11-16,cup_hot,pcs,3136.395714285713,300.0,378.01000000000005,0.0,3058.3857142857128,300.0,1400.0,0.0,1200.0,12.23354285714285,12233.542857142851
manual,2025-11-16,cup_cold,pcs,820.0685714285712,100.0,148.32,0.0,771.7485714285713,200.0,500.0,0.0,1000.0,3.8587428571428566,3858.7428571428563
manual,2025-11-17,coffee_beans,g,50312.57714285719,5000.0,5895.719999999999,0.0,49416.85714285719,7000.0,24000.0,0.0,8400.0,59.300228571428626,59300.228571428626
manual,2025-11-17,milk,ml,149735.5,67000.0,47071.5,0.0,169664.0,73000.0,73000.0,0.0,4380.0,10.17984,10179.84
manual,2025-11-17,sugar,g,25399.331428571408,4000.0,2485.3900000000003,0.0,26913.94142857141,5000.0,9000.0,0.0,225.0,1.2111273642857134,1211.1273642857134
manual,2025-11-17,chocolate_syrup,ml,9306.85714285713,1500.0,717.6,0.0,10089.257142857132,1000.0,1000.0,0.0,300.0,3.0267771428571395,3026.7771428571396
manual,2025-11-17,tea_leaves,g,2587.6914285714274,0.0,144.20000000000002,0.0,2443.4914285714276,0.0,1000.0,0.0,0.0,1.4660948571428565,1466.0948571428564
manual,2025-11-17,ice,g,59455.99999999999,26000.0,7538.400000000001,0.0,77917.59999999999,17000.0,17000.0,0.0,170.0,0.779176,779.1759999999999
manual,2025-11-17,croissant_dough,pcs,0.9199999999999946,60.0,35.64,0.0,25.279999999999994,50.0,50.0,0.0,2250.0,1.1375999999999997,1137.5999999999997
manual,2025-11-17,bread,pcs,1.279999999999987,90.0,50.88,0.0,40.399999999999984,100.0,100.0,0.0,800.0,0.3231999999999999,323.1999999999999
manual,2025-11-17,cup_hot,pcs,3058.3857142857128,400.0,321.36,0.0,3137.0257142857126,400.0,1400.0,0.0,1600.0,12.548102857142851,12548.10285714285
manual,2025-11-17,cup_cold,pcs,771.7485714285713,100.0,65.92,0.0,805.8285714285712,200.0,600.0,0.0,1000.0,4.0291428571428565,4029.142857142856
manual,2025-11-18,coffee_beans,g,49416.85714285719,8000.0,5914.259999999999,0.0,51502.59714285719,6000.0,22000.0,0.0,7200.0,61.80311657142862,61803.11657142862
manual,2025-11-18,milk,ml,169664.0,73000.0,50599.5,0.0,192064.5,47000.0,47000.0,0.0,2820.0,11.523869999999999,11523.869999999999
manual,2025-11-18,sugar,g,26913.94142857141,4000.0,2747.01,0.0,28166.931428571406,2000.0,7000.0,0.0,90.0,1.2675119142857132,1267.5119142857131
manual,2025-11-18,chocolate_syrup,ml,10089.257142857132,0.0,1060.8000000000002,0.0,9028.45714285713,1000.0,2000.0,0.0,300.0,2.708537142857139,2708.5371428571393
manual,2025-11-18,tea_leaves,g,2443.4914285714276,500.0,263.68,0.0,2679.8114285714273,0.0,500.0,0.0,0.0,1.6078868571428564,1607.8868571428563
manual,2025-11-18,ice,g,77917.59999999999,17000.0,6415.200000000001,0.0,88502.4,7000.0,7000.0,0.0,70.0,0.885024,885.024
manual,2025-11-18,croissant_dough,pcs,25.279999999999994,50.0,38.88,0.0,36.39999999999999,40.0,40.0,0.0,1800.0,1.6379999999999997,1637.9999999999995
manual,2025-11-18,bread,pcs,40.399999999999984,100.0,40.28,0.0,100.11999999999998,60.0,60.0,0.0,480.0,0.8009599999999998,800.9599999999998
manual,2025-11-18,cup_hot,pcs,3137.0257142857126,300.0,373.89000000000004,0.0,3063.1357142857128,300.0,1400.0,0.0,1200.0,12.252542857142851,12252.542857142851
manual,2025-11-18,cup_cold,pcs,805.8285714285712,0.0,55.620000000000005,0.0,750.2085714285713,100.0,700.0,0.0,500.0,3.7510428571428567,3751.0428571428565
manual,2025-11-19,coffee_beans,g,51502.59714285719,9000.0,5840.099999999999,0.0,54662.49714285719,6000.0,19000.0,0.0,7200.0,65.59499657142862,65594.99657142862
manual,2025-11-19,milk,ml,192064.5,47000.0,53613.0,0.0,185451.5,51000.0,51000.0,0.0,3060.0,11.12709,11127.09
manual,2025-11-19,sugar,g,28166.931428571406,5000.0,3011.7200000000003,0.0,30155.211428571405,3000.0,5000.0,0.0,135.0,1.3569845142857133,1356.9845142857132
manual,2025-11-19,chocolate_syrup,ml,9028.45714285713,1000.0,1123.2,0.0,8905.257142857132,1000.0,2000.0,0.0,300.0,2.6715771428571395,2671.5771428571393
manual,2025-11-19,tea_leaves,g,2679.8114285714273,500.0,267.8,0.0,2912.0114285714276,500.0,500.0,0.0,300.0,1.7472068571428565,1747.2068571428565
manual,2025-11-19,ice,g,88502.4,7000.0,9460.800000000001,1502.3999999999933,84539.2,8000.0,8000.0,15.023999999999933,80.0,0.8453919999999999,845.3919999999999
manual,2025-11-19,croissant_dough,pcs,36.39999999999999,40.0,37.800000000000004,0.0,38.59999999999999,40.0,40.0,0.0,1800.0,1.7369999999999994,1736.9999999999993
manual,2025-11-19,bread,pcs,100.11999999999998,60.0,50.88,0.11999999999998323,109.12,40.0,40.0,0.9599999999998658,320.0,0.8729600000000001,872.96
manual,2025-11-19,cup_hot,pcs,3063.1357142857128,400.0,347.10999999999996,0.0,3116.0257142857126,400.0,1400.0,0.0,1600.0,12.464102857142851,12464.10285714285
manual,2025-11-19,cup_cold,pcs,750.2085714285713,200.0,81.37,0.0,868.8385714285713,0.0,500.0,0.0,0.0,4.344192857142856,4344.192857142856
manual,2025-11-20,coffee_beans,g,54662.49714285719,7000.0,7768.26,0.0,53894.23714285719,6000.0,18000.0,0.0,7200.0,64.67308457142863,64673.084571428626
manual,2025-11-20,milk,ml,185451.5,51000.0,68386.5,0.0,168065.0,53000.0,53000.0,0.0,3180.0,10.0839,10083.9
manual,2025-11-20,sugar,g,30155.211428571405,2000.0,3760.53,0.0,28394.681428571406,3000.0,6000.0,0.0,135.0,1.2777606642857133,1277.7606642857133
manual,2025-11-20,chocolate_syrup,ml,8905.257142857132,1000.0,967.2,0.0,8938.057142857131,1000.0,2000.0,0.0,300.0,2.6814171428571396,2681.4171428571394
manual,2025-11-20,tea_leaves,g,2912.0114285714276,0.0,214.24,0.0,2697.7714285714274,0.0,500.0,0.0,0.0,1.6186628571428565,1618.6628571428564
manual,2025-11-20,ice,g,84539.2,8000.0,12463.2,539.1999999999989,79536.8,15000.0,15000.0,5.391999999999989,150.0,0.7953680000000001,795.368
manual,2025-11-20,croissant_dough,pcs,38.59999999999999,40.0,30.240000000000002,0.0,48.359999999999985,40.0,40.0,0.0,1800.0,2.1761999999999992,2176.1999999999994
manual,2025-11-20,bread,pcs,109.12,40.0,99.64,49.12,0.35999999999999943,100.0,100.0,392.96,800.0,0.0028799999999999954,2.8799999999999955
manual,2025-11-20,cup_hot,pcs,3116.0257142857126,300.0,405.82,0.0,3010.205714285713,400.0,1500.0,0.0,1600.0,12.040822857142851,12040.822857142852
manual,2025-11-20,cup_cold,pcs,868.8385714285713,200.0,111.24,0.0,957.5985714285713,100.0,400.0,0.0,500.0,4.787992857142856,4787.992857142856
manual,2025-11-21,coffee_beans,g,53894.23714285719,6000.0,5524.92,0.0,54369.31714285719,8000.0,20000.0,0.0,9600.0,65.24318057142862,65243.180571428624
manual,2025-11-21,milk,ml,168065.0,53000.0,57771.0,0.0,163294.0,69000.0,69000.0,0.0,4140.0,9.79764,9797.64
manual,2025-11-21,sugar,g,28394.681428571406,3000.0,3294.97,0.0,28099.711428571405,4000.0,7000.0,0.0,180.0,1.2644870142857132,1264.4870142857133
manual,2025-11-21,chocolate_syrup,ml,8938.057142857131,1000.0,1497.6000000000001,0.0,8440.45714285713,1000.0,2000.0,0.0,300.0,2.532137142857139,2532.137142857139
manual,2025-11-21,tea_leaves,g,2697.7714285714274,0.0,379.04,0.0,2318.7314285714274,500.0,1000.0,0.0,300.0,1.3912388571428564,1391.2388571428564
manual,2025-11-21,ice,g,79536.8,15000.0,9439.2,0.0,85097.6,14000.0,14000.0,0.0,140.0,0.8509760000000002,850.9760000000001
manual,2025-11-21,croissant_dough,pcs,48.359999999999985,40.0,33.480000000000004,8.359999999999985,46.519999999999996,40.0,40.0,376.19999999999936,1800.0,2.0933999999999995,2093.3999999999996
manual,2025-11-21,bread,pcs,0.35999999999999943,100.0,80.56,0.0,19.799999999999997,100.0,100.0,0.0,800.0,0.15839999999999999,158.39999999999998
manual,2025-11-21,cup_hot,pcs,3010.205714285713,400.0,369.77,0.0,3040.435714285713,400.0,1500.0,0.0,1600.0,12.161742857142851,12161.742857142852
manual,2025-11-21,cup_cold,pcs,957.5985714285713,200.0,81.37,0.0,1076.2285714285713,100.0,300.0,0.0,500.0,5.381142857142857,5381.142857142857
manual,2025-11-22,coffee_beans,g,54369.31714285719,6000.0,5914.26,0.0,54455.057142857186,5000.0,19000.0,0.0,6000.0,65.34606857142862,65346.06857142862
manual,2025-11-22,milk,ml,163294.0,69000.0,55744.5,12294.0,164255.5,70000.0,70000.0,737.64,4200.0,9.85533,9855.33
manual,2025-11-22,sugar,g,28099.711428571405,3000.0,3036.4400000000005,0.0,28063.271428571406,3000.0,7000.0,0.0,135.0,1.2628472142857134,1262.8472142857133
manual,2025-11-22,chocolate_syrup,ml,8440.45714285713,1000.0,1123.2,0.0,8317.25714285713,1500.0,2500.0,0.0,450.0,2.495177142857139,2495.1771428571387
manual,2025-11-22,tea_leaves,g,2318.7314285714274,500.0,243.08,0.0,2575.6514285714275,500.0,1000.0,0.0,300.0,1.5453908571428565,1545.3908571428565
manual,2025-11-22,ice,g,85097.6,14000.0,8510.400000000001,0.0,90587.2,15000.0,15000.0,0.0,150.0,0.905872,905.872
manual,2025-11-22,croissant_dough,pcs,46.519999999999996,40.0,51.84,6.519999999999996,28.159999999999997,40.0,40.0,293.3999999999998,1800.0,1.2671999999999999,1267.1999999999998
manual,2025-11-22,bread,pcs,19.799999999999997,100.0,72.08,0.0,47.72,80.0,80.0,0.0,640.0,0.38176,381.76
manual,2025-11-22,cup_hot,pcs,3040.435714285713,300.0,352.26,0.0,2988.175714285713,300.0,1500.0,0.0,1200.0,11.952702857142853,11952.702857142853
manual,2025-11-22,cup_cold,pcs,1076.2285714285713,100.0,74.16,0.0,1102.0685714285714,100.0,300.0,0.0,500.0,5.510342857142858,5510.342857142858
manual,2025-11-23,coffee_beans,g,54455.057142857186,6000.0,7286.22,0.0,53168.837142857185,4000.0,17000.0,0.0,4800.0,63.80260457142862,63802.604571428616
manual,2025-11-23,milk,ml,164255.5,70000.0,70959.0,0.0,163296.5,47000.0,47000.0,0.0,2820.0,9.797789999999999,9797.789999999999
manual,2025-11-23,sugar,g,28063.271428571406,4000.0,3961.38,0.0,28101.891428571405,0.0,3000.0,0.0,0.0,1.2645851142857132,1264.5851142857132
manual,2025-11-23,chocolate_syrup,ml,8317.25714285713,1000.0,1248.0,0.0,8069.25714285713,1500.0,3000.0,0.0,450.0,2.420777142857139,2420.777142857139
manual,2025-11-23,tea_leaves,g,2575.6514285714275,0.0,284.28000000000003,0.0,2291.3714285714273,0.0,1000.0,0.0,0.0,1.3748228571428562,1374.8228571428563
manual,2025-11-23,ice,g,90587.2,15000.0,12873.600000000002,3587.199999999998,89126.4,3000.0,3000.0,35.87199999999998,30.0,0.8912640000000001,891.264
manual,2025-11-23,croissant_dough,pcs,28.159999999999997,40.0,33.480000000000004,0.0,34.67999999999999,40.0,40.0,0.0,1800.0,1.5605999999999998,1560.5999999999997
manual,2025-11-23,bread,pcs,47.72,80.0,97.52000000000001,0.0,30.19999999999999,60.0,60.0,0.0,480.0,0.24159999999999993,241.5999999999999
manual,2025-11-23,cup_hot,pcs,2988.175714285713,400.0,404.79,0.0,2983.3857142857128,400.0,1500.0,0.0,1600.0,11.933542857142852,11933.542857142851
manual,2025-11-23,cup_cold,pcs,1102.0685714285714,0.0,112.27000000000001,0.0,989.7985714285712,0.0,300.0,0.0,0.0,4.948992857142857,4948.992857142856
manual,2025-11-24,coffee_beans,g,53168.837142857185,8000.0,5765.94,0.0,55402.89714285719,7000.0,16000.0,0.0,8400.0,66.48347657142862,66483.47657142862
manual,2025-11-24,milk,ml,163296.5,47000.0,51922.5,0.0,158374.0,71000.0,71000.0,0.0,4260.0,9.50244,9502.44
manual,2025-11-24,sugar,g,28101.891428571405,3000.0,2804.69,0.0,28297.201428571407,4000.0,4000.0,0.0,180.0,1.2733740642857134,1273.3740642857133
manual,2025-11-24,chocolate_syrup,ml,8069.25714285713,1500.0,686.4000000000001,0.0,8882.85714285713,1500.0,3000.0,0.0,450.0,2.664857142857139,2664.857142857139
manual,2025-11-24,tea_leaves,g,2291.3714285714273,500.0,185.4,0.0,2605.971428571427,0.0,500.0,0.0,0.0,1.5635828571428563,1563.5828571428563
manual,2025-11-24,ice,g,89126.4,3000.0,9223.2,13126.399999999998,69776.8,13000.0,13000.0,131.26399999999998,130.0,0.697768,697.768
manual,2025-11-24,croissant_dough,pcs,34.67999999999999,40.0,47.52,0.0,27.15999999999999,30.0,30.0,0.0,1350.0,1.2221999999999995,1222.1999999999996
manual,2025-11-24,bread,pcs,30.19999999999999,60.0,57.24,0.0,32.95999999999999,100.0,100.0,0.0,800.0,0.2636799999999999,263.6799999999999
manual,2025-11-24,cup_hot,pcs,2983.3857142857128,400.0,311.06000000000006,0.0,3072.325714285713,400.0,1500.0,0.0,1600.0,12.289302857142852,12289.302857142851
manual,2025-11-24,cup_cold,pcs,989.7985714285712,100.0,78.28,0.0,1011.5185714285712,0.0,200.0,0.0,0.0,5.057592857142856,5057.592857142856
manual,2025-11-25,coffee_beans,g,55402.89714285719,5000.0,5877.179999999999,0.0,54525.71714285719,6000.0,17000.0,0.0,7200.0,65.43086057142862,65430.860571428624
manual,2025-11-25,milk,ml,158374.0,71000.0,60249.0,0.0,169125.0,52000.0,52000.0,0.0,3120.0,10.1475,10147.5
manual,2025-11-25,sugar,g,28297.201428571407,0.0,3427.84,0.0,24869.361428571407,3000.0,7000.0,0.0,135.0,1.1191212642857133,1119.1212642857133
manual,2025-11-25,chocolate_syrup,ml,8882.85714285713,1500.0,1123.2,0.0,9259.65714285713,500.0,2000.0,0.0,150.0,2.777897142857139,2777.897142857139
manual,2025-11-25,tea_leaves,g,2605.971428571427,500.0,325.48,0.0,2780.4914285714276,500.0,500.0,0.0,300.0,1.6682948571428564,1668.2948571428565
manual,2025-11-25,ice,g,69776.8,13000.0,10843.2,7776.799999999999,64156.8,12000.0,12000.0,77.768,120.0,0.6415680000000001,641.5680000000001
manual,2025-11-25,croissant_dough,pcs,27.15999999999999,30.0,27.0,0.0,30.15999999999999,50.0,50.0,0.0,2250.0,1.3571999999999995,1357.1999999999996
manual,2025-11-25,bread,pcs,32.95999999999999,100.0,118.72,0.0,14.23999999999998,60.0,60.0,0.0,480.0,0.11391999999999984,113.91999999999985
manual,2025-11-25,cup_hot,pcs,3072.325714285713,400.0,350.2,0.0,3122.125714285713,300.0,1400.0,0.0,1200.0,12.488502857142853,12488.502857142852
manual,2025-11-25,cup_cold,pcs,1011.5185714285712,100.0,94.75999999999999,0.0,1016.7585714285713,0.0,100.0,0.0,0.0,5.083792857142857,5083.7928571428565
manual,2025-11-26,coffee_beans,g,54525.71714285719,4000.0,5358.0599999999995,0.0,53167.65714285719,6000.0,19000.0,0.0,7200.0,63.801188571428625,63801.188571428625
manual,2025-11-26,milk,ml,169125.0,52000.0,52258.5,0.0,168866.5,60000.0,60000.0,0.0,3600.0,10.13199,10131.99
manual,2025-11-26,sugar,g,24869.361428571407,4000.0,2864.43,0.0,26004.931428571406,4000.0,7000.0,0.0,180.0,1.1702219142857133,1170.2219142857132
manual,2025-11-26,chocolate_syrup,ml,9259.65714285713,1500.0,873.6000000000001,0.0,9886.057142857131,1000.0,1500.0,0.0,300.0,2.965817142857139,2965.817142857139
manual,2025-11-26,tea_leaves,g,2780.4914285714276,0.0,218.36,0.0,2562.1314285714275,0.0,500.0,0.0,0.0,1.5372788571428564,1537.2788571428564
manual,2025-11-26,ice,g,64156.8,12000.0,8143.200000000001,0.0,68013.6,11000.0,11000.0,0.0,110.0,0.6801360000000001,680.1360000000001
manual,2025-11-26,croissant_dough,pcs,30.15999999999999,50.0,43.2,0.15999999999998948,36.8,30.0,30.0,7.199999999999527,1350.0,1.656,1655.9999999999998
manual,2025-11-26,bread,pcs,14.23999999999998,60.0,74.2,0.0,0.03999999999997783,100.0,100.0,0.0,800.0,0.00031999999999982265,0.31999999999982265
manual,2025-11-26,cup_hot,pcs,3122.125714285713,300.0,309.0,0.0,3113.125714285713,400.0,1500.0,0.0,1600.0,12.452502857142852,12452.502857142852
manual,2025-11-26,cup_cold,pcs,1016.7585714285713,100.0,72.1,0.0,1044.6585714285711,100.0,100.0,0.0,500.0,5.223292857142856,5223.292857142856
manual,2025-11-27,coffee_beans,g,53167.65714285719,7000.0,5154.12,0.0,55013.53714285719,5000.0,17000.0,0.0,6000.0,66.01624457142863,66016.24457142863
manual,2025-11-27,milk,ml,168866.5,60000.0,55807.5,0.0,173059.0,52000.0,52000.0,0.0,3120.0,10.38354,10383.539999999999
manual,2025-11-27,sugar,g,26004.931428571406,3000.0,3139.4400000000005,0.0,25865.491428571404,3000.0,7000.0,0.0,135.0,1.163947114285713,1163.947114285713
manual,2025-11-27,chocolate_syrup,ml,9886.057142857131,500.0,1092.0,0.0,9294.057142857131,1000.0,2000.0,0.0,300.0,2.7882171428571394,2788.217142857139
manual,2025-11-27,tea_leaves,g,2562.1314285714275,0.0,346.08,0.0,2216.051428571427,500.0,1000.0,0.0,300.0,1.3296308571428563,1329.6308571428563
manual,2025-11-27,ice,g,68013.6,11000.0,7776.000000000001,0.0,71237.6,11000.0,11000.0,0.0,110.0,0.7123760000000001,712.3760000000001
manual,2025-11-27,croissant_dough,pcs,36.8,30.0,41.040000000000006,0.0,25.75999999999999,40.0,40.0,0.0,1800.0,1.1591999999999996,1159.1999999999996
manual,2025-11-27,bread,pcs,0.03999999999997783,100.0,93.28,0.0,6.759999999999977,90.0,90.0,0.0,720.0,0.054079999999999816,54.079999999999814
manual,2025-11-27,cup_hot,pcs,3113.125714285713,400.0,340.93,0.0,3172.1957142857127,300.0,1400.0,0.0,1200.0,12.68878285714285,12688.78285714285
manual,2025-11-27,cup_cold,pcs,1044.6585714285711,0.0,67.98,0.0,976.6785714285713,100.0,200.0,0.0,500.0,4.883392857142857,4883.392857142857
manual,2025-11-28,coffee_beans,g,55013.53714285719,6000.0,7564.32,0.0,53449.21714285719,6000.0,17000.0,0.0,7200.0,64.13906057142863,64139.06057142862
manual,2025-11-28,milk,ml,173059.0,52000.0,64459.5,0.0,160599.5,56000.0,56000.0,0.0,3360.0,9.63597,9635.97
manual,2025-11-28,sugar,g,25865.491428571404,4000.0,3527.75,0.0,26337.741428571404,3000.0,6000.0,0.0,135.0,1.1851983642857131,1185.198364285713
manual,2025-11-28,chocolate_syrup,ml,9294.057142857131,1000.0,1372.8000000000002,0.0,8921.25714285713,1000.0,2000.0,0.0,300.0,2.676377142857139,2676.377142857139
manual,2025-11-28,tea_leaves,g,2216.051428571427,500.0,313.12,0.0,2402.931428571427,0.0,500.0,0.0,0.0,1.4417588571428561,1441.7588571428562
manual,2025-11-28,ice,g,71237.59999999999,11000.0,7495.200000000001,3237.5999999999976,71504.8,12000.0,12000.0,32.375999999999976,120.0,0.715048,715.048
manual,2025-11-28,croissant_dough,pcs,25.75999999999999,40.0,36.72,0.0,29.039999999999992,40.0,40.0,0.0,1800.0,1.3067999999999997,1306.7999999999997
manual,2025-11-28,bread,pcs,6.759999999999977,90.0,95.4,0.0,1.359999999999971,90.0,90.0,0.0,720.0,0.010879999999999768,10.879999999999768
manual,2025-11-28,cup_hot,pcs,3172.1957142857127,400.0,475.86,0.0,3096.335714285713,300.0,1300.0,0.0,1200.0,12.385342857142852,12385.342857142852
manual,2025-11-28,cup_cold,pcs,976.6785714285713,0.0,67.98,0.0,908.6985714285713,100.0,300.0,0.0,500.0,4.543492857142857,4543.492857142856
manual,2025-11-29,coffee_beans,g,53449.21714285719,6000.0,8101.98,0.0,51347.23714285719,7000.0,18000.0,0.0,8400.0,61.616684571428635,61616.68457142863
manual,2025-11-29,milk,ml,160599.5,56000.0,65320.5,0.0,151279.0,64000.0,64000.0,0.0,3840.0,9.07674,9076.74
manual,2025-11-29,sugar,g,26337.741428571404,3000.0,3382.5200000000004,0.0,25955.221428571407,3000.0,6000.0,0.0,135.0,1.1679849642857132,1167.9849642857132
manual,2025-11-29,chocolate_syrup,ml,8921.25714285713,1000.0,1310.4,0.0,8610.85714285713,1500.0,2500.0,0.0,450.0,2.583257142857139,2583.257142857139
manual,2025-11-29,tea_leaves,g,2402.931428571427,0.0,230.72,0.0,2172.2114285714274,500.0,1000.0,0.0,300.0,1.3033268571428565,1303.3268571428564
manual,2025-11-29,ice,g,71504.8,12000.0,6134.400000000001,6504.799999999999,70865.6,13000.0,13000.0,65.04799999999999,130.0,0.7086560000000001,708.6560000000001
manual,2025-11-29,croissant_dough,pcs,29.039999999999992,40.0,42.120000000000005,0.0,26.919999999999987,40.0,40.0,0.0,1800.0,1.2113999999999994,1211.3999999999994
manual,2025-11-29,bread,pcs,1.359999999999971,90.0,91.16000000000001,0.0,0.1999999999999602,100.0,100.0,0.0,800.0,0.0015999999999996818,1.5999999999996817
manual,2025-11-29,cup_hot,pcs,3096.335714285713,300.0,497.48999999999995,0.0,2898.845714285713,500.0,1500.0,0.0,2000.0,11.595382857142852,11595.382857142851
manual,2025-11-29,cup_cold,pcs,908.6985714285713,0.0,53.56,0.0,855.1385714285713,0.0,300.0,0.0,0.0,4.2756928571428565,4275.692857142856
manual,2025-11-30,coffee_beans,g,51347.23714285719,5000.0,6730.0199999999995,0.0,49617.21714285719,8000.0,21000.0,0.0,9600.0,59.54066057142863,59540.66057142863
manual,2025-11-30,milk,ml,151279.0,64000.0,72103.5,0.0,143175.5,74000.0,74000.0,0.0,4440.0,8.59053,8590.529999999999
manual,2025-11-30,sugar,g,25955.221428571407,3000.0,4165.32,0.0,24789.901428571407,4000.0,7000.0,0.0,180.0,1.1155455642857133,1115.5455642857132
manual,2025-11-30,chocolate_syrup,ml,8610.85714285713,1000.0,1528.8000000000002,0.0,8082.057142857129,1500.0,3000.0,0.0,450.0,2.424617142857139,2424.617142857139
manual,2025-11-30,tea_leaves,g,2172.2114285714274,500.0,560.32,0.0,2111.8914285714272,500.0,1000.0,0.0,300.0,1.2671348571428565,1267.1348571428564
manual,2025-11-30,ice,g,70865.6,13000.0,8380.800000000001,8865.599999999999,66619.2,0.0,0.0,88.65599999999999,0.0,0.666192,666.192
manual,2025-11-30,croissant_dough,pcs,26.919999999999987,40.0,65.88000000000001,0.0,1.0399999999999778,30.0,30.0,0.0,1350.0,0.046799999999999,46.799999999999
manual,2025-11-30,bread,pcs,0.1999999999999602,100.0,99.64,0.0,0.5599999999999596,120.0,120.0,0.0,960.0,0.004479999999999677,4.479999999999677
manual,2025-11-30,cup_hot,pcs,2898.845714285713,400.0,492.34000000000003,0.0,2806.505714285713,700.0,1800.0,0.0,2800.0,11.226022857142853,11226.022857142852
manual,2025-11-30,cup_cold,pcs,855.1385714285713,100.0,72.1,0.0,883.0385714285712,0.0,200.0,0.0,0.0,4.4151928571428565,4415.192857142856
manual,2025-12-01,coffee_beans,g,49617.21714285719,6000.0,5358.0599999999995,0.0,50259.15714285719,7000.0,22000.0,0.0,8400.0,60.31098857142863,60310.98857142863
manual,2025-12-01,milk,ml,143175.5,74000.0,55776.0,0.0,161399.5,72000.0,72000.0,0.0,4320.0,9.68397,9683.97
manual,2025-12-01,sugar,g,24789.901428571407,3000.0,2960.22,0.0,24829.681428571406,4000.0,8000.0,0.0,180.0,1.1173356642857133,1117.3356642857132
manual,2025-12-01,chocolate_syrup,ml,8082.057142857129,1500.0,1404.0000000000002,0.0,8178.057142857129,1500.0,3000.0,0.0,450.0,2.4534171428571385,2453.4171428571385
manual,2025-12-01,tea_leaves,g,2111.8914285714272,0.0,234.84,0.0,1877.0514285714273,500.0,1500.0,0.0,300.0,1.1262308571428563,1126.2308571428564
manual,2025-12-01,ice,g,66619.2,0.0,8294.400000000001,0.0,58324.8,11000.0,11000.0,0.0,110.0,0.5832480000000001,583.248
manual,2025-12-01,croissant_dough,pcs,1.0399999999999778,30.0,30.240000000000002,0.0,0.7999999999999758,50.0,50.0,0.0,2250.0,0.035999999999998915,35.99999999999891
manual,2025-12-01,bread,pcs,0.5599999999999596,120.0,97.52000000000001,0.0,23.03999999999995,100.0,100.0,0.0,800.0,0.1843199999999996,184.3199999999996
manual,2025-12-01,cup_hot,pcs,2806.505714285713,300.0,331.65999999999997,0.0,2774.845714285713,500.0,2000.0,0.0,2000.0,11.099382857142851,11099.382857142851
manual,2025-12-01,cup_cold,pcs,883.0385714285712,100.0,71.07000000000001,0.0,911.9685714285713,0.0,100.0,0.0,0.0,4.559842857142857,4559.842857142857
manual,2025-12-02,coffee_beans,g,50259.15714285719,7000.0,5562.0,0.0,51697.15714285719,5000.0,20000.0,0.0,6000.0,62.03658857142863,62036.58857142863
manual,2025-12-02,milk,ml,161399.5,72000.0,50085.0,0.0,183314.5,56000.0,56000.0,0.0,3360.0,10.998869999999998,10998.869999999999
manual,2025-12-02,sugar,g,24829.681428571406,4000.0,2836.62,0.0,25993.061428571404,3000.0,7000.0,0.0,135.0,1.1696877642857133,1169.6877642857132
manual,2025-12-02,chocolate_syrup,ml,8178.057142857129,1500.0,748.8000000000001,0.0,8929.25714285713,1500.0,3000.0,0.0,450.0,2.678777142857139,2678.777142857139
manual,2025-12-02,tea_leaves,g,1877.0514285714273,500.0,296.64,0.0,2080.411428571427,0.0,1000.0,0.0,0.0,1.2482468571428562,1248.2468571428562
manual,2025-12-02,ice,g,58324.8,11000.0,6350.400000000001,0.0,62974.399999999994,11000.0,11000.0,0.0,110.0,0.629744,629.7439999999999
manual,2025-12-02,croissant_dough,pcs,0.7999999999999758,50.0,30.240000000000002,0.0,20.559999999999974,50.0,50.0,0.0,2250.0,0.9251999999999988,925.1999999999988
manual,2025-12-02,bread,pcs,23.03999999999995,100.0,86.92,0.0,36.11999999999995,100.0,100.0,0.0,800.0,0.2889599999999996,288.9599999999996
manual,2025-12-02,cup_hot,pcs,2774.845714285713,300.0,351.23,0.0,2723.615714285713,400.0,2100.0,0.0,1600.0,10.894462857142852,10894.462857142851
manual,2025-12-02,cup_cold,pcs,911.9685714285713,100.0,56.65,0.0,955.3185714285712,100.0,100.0,0.0,500.0,4.776592857142856,4776.592857142856
manual,2025-12-03,coffee_beans,g,51697.15714285719,8000.0,6507.54,0.0,53189.61714285719,6000.0,18000.0,0.0,7200.0,63.82754057142863,63827.540571428624
manual,2025-12-03,milk,ml,183314.5,56000.0,63945.0,0.0,175369.5,50000.0,50000.0,0.0,3000.0,10.522170000000001,10522.17
manual,2025-12-03,sugar,g,25993.061428571404,4000.0,3577.1900000000005,0.0,26415.871428571405,3000.0,6000.0,0.0,135.0,1.188714214285713,1188.714214285713
manual,2025-12-03,chocolate_syrup,ml,8929.25714285713,1500.0,1185.6000000000001,0.0,9243.65714285713,500.0,2000.0,0.0,150.0,2.773097142857139,2773.097142857139
manual,2025-12-03,tea_leaves,g,2080.411428571427,500.0,313.12,0.0,2267.2914285714273,500.0,1000.0,0.0,300.0,1.3603748571428564,1360.3748571428564
manual,2025-12-03,ice,g,62974.4,11000.0,10432.800000000001,4974.399999999999,58567.2,10000.0,10000.0,49.743999999999986,100.0,0.5856720000000001,585.672
manual,2025-12-03,croissant_dough,pcs,20.559999999999974,50.0,44.28,0.0,26.279999999999973,30.0,30.0,0.0,1350.0,1.1825999999999988,1182.5999999999988
manual,2025-12-03,bread,pcs,36.11999999999995,100.0,93.28,0.0,42.83999999999995,90.0,90.0,0.0,720.0,0.3427199999999996,342.7199999999996
manual,2025-12-03,cup_hot,pcs,2723.615714285713,500.0,386.25,0.0,2837.365714285713,300.0,1900.0,0.0,1200.0,11.349462857142852,11349.462857142851
manual,2025-12-03,cup_cold,pcs,955.3185714285712,0.0,92.7,0.0,862.6185714285713,0.0,100.0,0.0,0.0,4.313092857142856,4313.092857142857
manual,2025-12-04,coffee_beans,g,53189.61714285719,7000.0,4764.780000000001,0.0,55424.837142857185,6000.0,17000.0,0.0,7200.0,66.50980457142862,66509.80457142861
manual,2025-12-04,milk,ml,175369.5,50000.0,51061.5,0.0,174308.0,64000.0,64000.0,0.0,3840.0,10.45848,10458.48
manual,2025-12-04,sugar,g,26415.871428571405,3000.0,2999.36,0.0,26416.511428571404,4000.0,7000.0,0.0,180.0,1.1887430142857132,1188.7430142857131
manual,2025-12-04,chocolate_syrup,ml,9243.65714285713,1500.0,1123.2,0.0,9620.457142857129,1500.0,2000.0,0.0,450.0,2.8861371428571387,2886.1371428571388
manual,2025-12-04,tea_leaves,g,2267.2914285714273,500.0,436.72,0.0,2330.5714285714275,0.0,500.0,0.0,0.0,1.3983428571428564,1398.3428571428565
manual,2025-12-04,ice,g,58567.2,10000.0,6307.200000000001,567.1999999999989,61692.8,11000.0,11000.0,5.671999999999989,110.0,0.616928,616.928
manual,2025-12-04,croissant_dough,pcs,26.279999999999973,30.0,43.2,0.0,13.07999999999997,40.0,40.0,0.0,1800.0,0.5885999999999987,588.5999999999987
manual,2025-12-04,bread,pcs,42.83999999999995,90.0,76.32000000000001,0.0,56.51999999999994,90.0,90.0,0.0,720.0,0.4521599999999995,452.1599999999995
manual,2025-12-04,cup_hot,pcs,2837.365714285713,700.0,356.38,0.0,3180.9857142857127,400.0,1600.0,0.0,1600.0,12.72394285714285,12723.94285714285
manual,2025-12-04,cup_cold,pcs,862.6185714285713,0.0,54.59,0.0,808.0285714285712,100.0,200.0,0.0,500.0,4.040142857142856,4040.142857142856
manual,2025-12-05,coffee_beans,g,55424.837142857185,5000.0,7063.74,0.0,53361.097142857194,5000.0,17000.0,0.0,6000.0,64.03331657142863,64033.31657142863
manual,2025-12-05,milk,ml,174308.0,64000.0,62853.0,0.0,175455.0,51000.0,51000.0,0.0,3060.0,10.5273,10527.3
manual,2025-12-05,sugar,g,26416.511428571404,3000.0,3476.25,0.0,25940.261428571404,3000.0,7000.0,0.0,135.0,1.1673117642857134,1167.3117642857133
manual,2025-12-05,chocolate_syrup,ml,9620.457142857129,500.0,1560.0000000000002,0.0,8560.457142857129,1000.0,2500.0,0.0,300.0,2.5681371428571387,2568.1371428571388
manual,2025-12-05,tea_leaves,g,2330.5714285714275,0.0,337.84000000000003,0.0,1992.7314285714274,500.0,1000.0,0.0,300.0,1.1956388571428562,1195.6388571428563
manual,2025-12-05,ice,g,61692.8,11000.0,8143.200000000001,4692.799999999999,59856.8,10000.0,10000.0,46.92799999999999,100.0,0.5985680000000001,598.5680000000001
manual,2025-12-05,croissant_dough,pcs,13.07999999999997,40.0,46.440000000000005,0.0,6.639999999999965,40.0,40.0,0.0,1800.0,0.2987999999999984,298.7999999999984
manual,2025-12-05,bread,pcs,56.51999999999994,90.0,93.28,0.0,53.23999999999994,80.0,80.0,0.0,640.0,0.4259199999999995,425.9199999999995
manual,2025-12-05,cup_hot,pcs,3180.9857142857127,500.0,456.2900000000001,0.0,3224.6957142857127,300.0,1400.0,0.0,1200.0,12.898782857142852,12898.78285714285
manual,2025-12-05,cup_cold,pcs,808.0285714285712,0.0,72.1,0.0,735.9285714285712,100.0,300.0,0.0,500.0,3.679642857142856,3679.642857142856
manual,2025-12-06,coffee_beans,g,53361.097142857194,6000.0,6730.02,0.0,52631.07714285719,7000.0,18000.0,0.0,8400.0,63.15729257142863,63157.292571428625
manual,2025-12-06,milk,ml,175455.0,51000.0,70161.0,5455.0,150839.0,68000.0,68000.0,327.3,4080.0,9.05034,9050.34
manual,2025-12-06,sugar,g,25940.261428571404,4000.0,4029.3600000000006,0.0,25910.901428571404,3000.0,6000.0,0.0,135.0,1.1659905642857131,1165.9905642857132
manual,2025-12-06,chocolate_syrup,ml,8560.457142857129,1500.0,1341.6000000000001,0.0,8718.857142857129,1500.0,2500.0,0.0,450.0,2.6156571428571382,2615.6571428571383
manual,2025-12-06,tea_leaves,g,1992.7314285714274,500.0,407.88,0.0,2084.8514285714273,500.0,1000.0,0.0,300.0,1.2509108571428562,1250.9108571428562
manual,2025-12-06,ice,g,59856.8,10000.0,12571.2,3856.7999999999993,53428.8,11000.0,11000.0,38.56799999999999,110.0,0.534288,534.288
manual,2025-12-06,croissant_dough,pcs,6.639999999999965,40.0,37.800000000000004,0.0,8.83999999999996,50.0,50.0,0.0,2250.0,0.39779999999999827,397.79999999999825
manual,2025-12-06,bread,pcs,53.23999999999994,80.0,86.92,0.0,46.319999999999936,90.0,90.0,0.0,720.0,0.3705599999999995,370.5599999999995
manual,2025-12-06,cup_hot,pcs,3224.6957142857127,400.0,409.93999999999994,0.0,3214.755714285713,500.0,1500.0,0.0,2000.0,12.859022857142852,12859.022857142852
manual,2025-12-06,cup_cold,pcs,735.9285714285712,100.0,110.21000000000001,0.0,725.7185714285713,0.0,200.0,0.0,0.0,3.628592857142857,3628.5928571428567
manual,2025-12-07,coffee_beans,g,52631.07714285719,6000.0,6674.400000000001,0.0,51956.677142857196,3000.0,15000.0,0.0,3600.0,62.34801257142863,62348.01257142863
manual,2025-12-07,milk,ml,150839.0,68000.0,59209.5,0.0,159629.5,74000.0,74000.0,0.0,4440.0,9.577770000000001,9577.77
manual,2025-12-07,sugar,g,25910.901428571404,3000.0,3329.9900000000002,0.0,25580.911428571402,6000.0,9000.0,0.0,270.0,1.151141014285713,1151.141014285713
manual,2025-12-07,chocolate_syrup,ml,8718.857142857129,1000.0,717.6,0.0,9001.257142857128,3000.0,4500.0,0.0,900.0,2.7003771428571386,2700.3771428571386
manual,2025-12-07,tea_leaves,g,2084.8514285714273,0.0,259.56,0.0,1825.2914285714273,1500.0,2500.0,0.0,900.0,1.0951748571428563,1095.1748571428564
manual,2025-12-07,ice,g,53428.8,11000.0,11253.600000000002,428.7999999999993,52746.399999999994,9000.0,9000.0,4.287999999999993,90.0,0.5274639999999999,527.4639999999999
manual,2025-12-07,croissant_dough,pcs,8.83999999999996,50.0,34.56,0.0,24.27999999999996,60.0,60.0,0.0,2700.0,1.092599999999998,1092.599999999998
manual,2025-12-07,bread,pcs,46.319999999999936,90.0,69.96000000000001,0.0,66.35999999999993,90.0,90.0,0.0,720.0,0.5308799999999995,530.8799999999994
manual,2025-12-07,cup_hot,pcs,3214.755714285713,300.0,361.53,0.0,3153.225714285713,600.0,1800.0,0.0,2400.0,12.612902857142853,12612.902857142852
manual,2025-12-07,cup_cold,pcs,725.7185714285713,0.0,97.85,0.0,627.8685714285713,100.0,300.0,0.0,500.0,3.1393428571428563,3139.3428571428562
manual,2025-12-08,coffee_beans,g,51956.677142857196,5000.0,5172.66,0.0,51784.01714285719,7000.0,17000.0,0.0,8400.0,62.140820571428634,62140.82057142863
manual,2025-12-08,milk,ml,159629.5,74000.0,47376.0,0.0,186253.5,59000.0,59000.0,0.0,3540.0,11.17521,11175.21
manual,2025-12-08,sugar,g,25580.911428571402,3000.0,2681.09,0.0,25899.821428571406,3000.0,9000.0,0.0,135.0,1.1654919642857133,1165.4919642857133
manual,2025-12-08,chocolate_syrup,ml,9001.257142857128,1500.0,624.0,0.0,9877.257142857128,500.0,3500.0,0.0,150.0,2.9631771428571385,2963.1771428571383
manual,2025-12-08,tea_leaves,g,1825.2914285714273,500.0,234.84,0.0,2090.451428571427,500.0,2500.0,0.0,300.0,1.2542708571428565,1254.2708571428564
manual,2025-12-08,ice,g,52746.399999999994,9000.0,9050.400000000001,0.0,52696.0,11000.0,11000.0,0.0,110.0,0.5269600000000001,526.96
manual,2025-12-08,croissant_dough,pcs,24.27999999999996,60.0,23.76,0.0,60.51999999999995,30.0,30.0,0.0,1350.0,2.723399999999998,2723.399999999998
manual,2025-12-08,bread,pcs,66.35999999999993,90.0,114.48,0.0,41.879999999999924,70.0,70.0,0.0,560.0,0.3350399999999994,335.0399999999994
manual,2025-12-08,cup_hot,pcs,3153.225714285713,400.0,288.4,0.0,3264.825714285713,300.0,1700.0,0.0,1200.0,13.059302857142852,13059.302857142851
manual,2025-12-08,cup_cold,pcs,627.8685714285713,100.0,78.28,0.0,649.5885714285712,100.0,300.0,0.0,500.0,3.2479428571428564,3247.942857142856
manual,2025-12-09,coffee_beans,g,51784.01714285719,7000.0,5376.599999999999,0.0,53407.41714285719,5000.0,15000.0,0.0,6000.0,64.08890057142864,64088.90057142863
manual,2025-12-09,milk,ml,186253.5,59000.0,49392.0,0.0,195861.5,47000.0,47000.0,0.0,2820.0,11.751689999999998,11751.689999999999
manual,2025-12-09,sugar,g,25899.821428571406,6000.0,2831.47,0.0,29068.351428571405,3000.0,6000.0,0.0,135.0,1.3080758142857132,1308.0758142857132
manual,2025-12-09,chocolate_syrup,ml,9877.257142857128,3000.0,717.6,0.0,12159.65714285713,500.0,1000.0,0.0,150.0,3.647897142857139,3647.897142857139
manual,2025-12-09,tea_leaves,g,2090.451428571427,500.0,218.36,0.0,2372.091428571427,0.0,2000.0,0.0,0.0,1.4232548571428563,1423.2548571428563
manual,2025-12-09,ice,g,52696.0,11000.0,9525.6,0.0,54170.399999999994,9000.0,9000.0,0.0,90.0,0.541704,541.704
manual,2025-12-09,croissant_dough,pcs,60.51999999999995,30.0,30.240000000000002,0.5199999999999569,59.76,30.0,30.0,23.399999999998062,1350.0,2.6892,2689.2
manual,2025-12-09,bread,pcs,41.879999999999924,70.0,74.2,0.0,37.67999999999992,120.0,120.0,0.0,960.0,0.3014399999999994,301.4399999999994
manual,2025-12-09,cup_hot,pcs,3264.825714285713,300.0,292.52,0.0,3272.305714285713,300.0,1700.0,0.0,1200.0,13.089222857142852,13089.222857142851
manual,2025-12-09,cup_cold,pcs,649.5885714285712,100.0,84.46000000000001,0.0,665.1285714285713,100.0,300.0,0.0,500.0,3.3256428571428565,3325.6428571428564
manual,2025-12-10,coffee_beans,g,53407.41714285719,3000.0,6581.699999999999,0.0,49825.71714285719,5000.0,17000.0,0.0,6000.0,59.790860571428624,59790.860571428624
manual,2025-12-10,milk,ml,195861.5,47000.0,62695.5,0.0,180166.0,50000.0,50000.0,0.0,3000.0,10.80996,10809.96
manual,2025-12-10,sugar,g,29068.351428571405,3000.0,3580.28,0.0,28488.071428571406,3000.0,6000.0,0.0,135.0,1.2819632142857134,1281.9632142857133
manual,2025-12-10,chocolate_syrup,ml,12159.65714285713,500.0,842.4000000000001,0.0,11817.257142857128,1000.0,1500.0,0.0,300.0,3.5451771428571384,3545.1771428571383
manual,2025-12-10,tea_leaves,g,2372.091428571427,1500.0,255.44,0.0,3616.6514285714275,500.0,1000.0,0.0,300.0,2.1699908571428566,2169.9908571428564
manual,2025-12-10,ice,g,54170.399999999994,9000.0,13478.400000000001,0.0,49691.99999999999,10000.0,10000.0,0.0,100.0,0.49692,496.91999999999996
manual,2025-12-10,croissant_dough,pcs,59.76,30.0,37.800000000000004,29.759999999999998,22.199999999999996,60.0,60.0,1339.1999999999998,2700.0,0.9989999999999998,998.9999999999998
manual,2025-12-10,bread,pcs,37.67999999999992,120.0,74.2,0.0,83.47999999999992,70.0,70.0,0.0,560.0,0.6678399999999993,667.8399999999993
manual,2025-12-10,cup_hot,pcs,3272.305714285713,500.0,339.90000000000003,0.0,3432.4057142857127,300.0,1500.0,0.0,1200.0,13.729622857142852,13729.622857142851
manual,2025-12-10,cup_cold,pcs,665.1285714285713,0.0,117.42000000000002,0.0,547.7085714285712,100.0,400.0,0.0,500.0,2.738542857142856,2738.542857142856
manual,2025-12-11,coffee_beans,g,49825.71714285719,7000.0,6526.08,0.0,50299.637142857195,7000.0,17000.0,0.0,8400.0,60.35956457142863,60359.56457142863
manual,2025-12-11,milk,ml,180166.0,50000.0,56206.5,166.0,173793.5,64000.0,64000.0,9.959999999999999,3840.0,10.42761,10427.609999999999
manual,2025-12-11,sugar,g,28488.071428571406,3000.0,3016.87,0.0,28471.201428571403,3000.0,6000.0,0.0,135.0,1.281204064285713,1281.204064285713
manual,2025-12-11,chocolate_syrup,ml,11817.257142857128,500.0,780.0000000000001,0.0,11537.257142857128,500.0,1500.0,0.0,150.0,3.4611771428571383,3461.1771428571383
manual,2025-12-11,tea_leaves,g,3616.6514285714275,500.0,214.24,0.0,3902.411428571427,0.0,500.0,0.0,0.0,2.341446857142856,2341.446857142856
manual,2025-12-11,ice,g,49691.99999999999,10000.0,8013.6,0.0,51678.399999999994,13000.0,13000.0,0.0,130.0,0.516784,516.784
manual,2025-12-11,croissant_dough,pcs,22.199999999999996,60.0,46.440000000000005,0.0,35.75999999999999,30.0,30.0,0.0,1350.0,1.6091999999999995,1609.1999999999996
manual,2025-12-11,bread,pcs,83.47999999999992,70.0,61.480000000000004,0.0,91.99999999999991,80.0,80.0,0.0,640.0,0.7359999999999993,735.9999999999993
manual,2025-12-11,cup_hot,pcs,3432.4057142857127,600.0,370.8,0.0,3661.6057142857126,400.0,1300.0,0.0,1600.0,14.64642285714285,14646.42285714285
manual,2025-12-11,cup_cold,pcs,547.7085714285712,100.0,71.07,0.0,576.6385714285713,100.0,400.0,0.0,500.0,2.883192857142856,2883.192857142856
manual,2025-12-12,coffee_beans,g,50299.637142857195,5000.0,5042.88,0.0,50256.7571428572,6000.0,18000.0,0.0,7200.0,60.30810857142863,60308.10857142863
manual,2025-12-12,milk,ml,173793.5,64000.0,41832.0,17793.5,178168.0,73000.0,73000.0,1067.61,4380.0,10.69008,10690.08
manual,2025-12-12,sugar,g,28471.201428571403,3000.0,2379.3,0.0,29091.901428571404,3000.0,6000.0,0.0,135.0,1.3091355642857132,1309.1355642857131
manual,2025-12-12,chocolate_syrup,ml,11537.257142857128,1000.0,748.8000000000001,0.0,11788.457142857129,1000.0,1500.0,0.0,300.0,3.5365371428571386,3536.5371428571384
manual,2025-12-12,tea_leaves,g,3902.411428571427,0.0,173.04,0.0,3729.3714285714273,500.0,1000.0,0.0,300.0,2.2376228571428567,2237.6228571428564
manual,2025-12-12,ice,g,51678.399999999994,13000.0,8251.2,0.0,56427.2,8000.0,8000.0,0.0,80.0,0.564272,564.2719999999999
manual,2025-12-12,croissant_dough,pcs,35.75999999999999,30.0,47.52,0.0,18.239999999999988,50.0,50.0,0.0,2250.0,0.8207999999999995,820.7999999999995
manual,2025-12-12,bread,pcs,91.99999999999991,80.0,69.96000000000001,21.999999999999915,80.03999999999999,80.0,80.0,175.99999999999932,640.0,0.64032,640.3199999999999
manual,2025-12-12,cup_hot,pcs,3661.6057142857126,300.0,275.01,0.0,3686.595714285713,300.0,1300.0,0.0,1200.0,14.746382857142851,14746.382857142851
manual,2025-12-12,cup_cold,pcs,576.6385714285713,100.0,73.13,0.0,603.5085714285713,100.0,400.0,0.0,500.0,3.0175428571428564,3017.5428571428565
manual,2025-12-13,coffee_beans,g,50256.7571428572,5000.0,6451.92,0.0,48804.83714285719,5000.0,18000.0,0.0,6000.0,58.56580457142863,58565.80457142863
manual,2025-12-13,milk,ml,178168.0,73000.0,61362.0,17168.0,172638.0,59000.0,59000.0,1030.08,3540.0,10.358279999999999,10358.279999999999
manual,2025-12-13,sugar,g,29091.901428571404,3000.0,3376.34,0.0,28715.561428571404,3000.0,6000.0,0.0,135.0,1.292200264285713,1292.200264285713
manual,2025-12-13,chocolate_syrup,ml,11788.457142857129,500.0,1092.0,0.0,11196.457142857129,500.0,1500.0,0.0,150.0,3.3589371428571386,3358.9371428571385
manual,2025-12-13,tea_leaves,g,3729.3714285714273,500.0,210.12,0.0,4019.2514285714274,0.0,500.0,0.0,0.0,2.4115508571428563,2411.5508571428563
manual,2025-12-13,ice,g,56427.2,8000.0,12268.800000000001,0.0,52158.399999999994,9000.0,9000.0,0.0,90.0,0.5215839999999999,521.584
manual,2025-12-13,croissant_dough,pcs,18.239999999999988,50.0,28.080000000000002,0.0,40.15999999999998,50.0,50.0,0.0,2250.0,1.8071999999999993,1807.1999999999991
manual,2025-12-13,bread,pcs,80.03999999999999,80.0,80.56,0.03999999999999204,79.44,70.0,70.0,0.31999999999993634,560.0,0.63552,635.52
manual,2025-12-13,cup_hot,pcs,3686.595714285713,300.0,339.9,0.0,3646.6957142857127,300.0,1300.0,0.0,1200.0,14.58678285714285,14586.78285714285
manual,2025-12-13,cup_cold,pcs,603.5085714285713,100.0,107.12,0.0,596.3885714285713,0.0,300.0,0.0,0.0,2.9819428571428563,2981.942857142856
manual,2025-12-14,coffee_beans,g,48804.83714285719,7000.0,6266.519999999999,0.0,49538.317142857195,6000.0,17000.0,0.0,7200.0,59.445980571428635,59445.980571428634
manual,2025-12-14,milk,ml,172638.0,59000.0,61005.0,0.0,170633.0,27000.0,27000.0,0.0,1620.0,10.23798,10237.98
manual,2025-12-14,sugar,g,28715.561428571404,3000.0,3388.7000000000003,0.0,28326.861428571403,0.0,3000.0,0.0,0.0,1.2747087642857131,1274.7087642857132
manual,2025-12-14,chocolate_syrup,ml,11196.457142857129,1000.0,1060.8000000000002,0.0,11135.657142857128,0.0,500.0,0.0,0.0,3.340697142857138,3340.6971428571383
manual,2025-12-14,tea_leaves,g,4019.2514285714274,0.0,309.0,0.0,3710.2514285714274,0.0,500.0,0.0,0.0,2.2261508571428563,2226.1508571428562
manual,2025-12-14,ice,g,52158.399999999994,9000.0,8726.400000000001,0.0,52431.99999999999,26000.0,26000.0,0.0,260.0,0.5243199999999999,524.3199999999999
manual,2025-12-14,croissant_dough,pcs,40.15999999999998,50.0,72.36,0.0,17.799999999999983,0.0,0.0,0.0,0.0,0.8009999999999993,800.9999999999992
manual,2025-12-14,bread,pcs,79.44,70.0,86.92,0.0,62.519999999999996,40.0,40.0,0.0,320.0,0.5001599999999999,500.15999999999997
manual,2025-12-14,cup_hot,pcs,3646.6957142857127,300.0,383.16,0.0,3563.535714285713,0.0,1000.0,0.0,0.0,14.254142857142853,14254.142857142851
manual,2025-12-14,cup_cold,pcs,596.3885714285713,100.0,77.25,0.0,619.1385714285713,300.0,500.0,0.0,1500.0,3.0956928571428564,3095.692857142856
manual,2025-12-15,coffee_beans,g,49538.317142857195,6000.0,6711.48,0.0,48826.83714285719,6000.0,17000.0,0.0,7200.0,58.59220457142863,58592.20457142863
manual,2025-12-15,milk,ml,170633.0,27000.0,60826.5,0.0,136806.5,61000.0,61000.0,0.0,3660.0,8.20839,8208.39
manual,2025-12-15,sugar,g,28326.861428571403,3000.0,3256.86,0.0,28070.001428571402,2000.0,2000.0,0.0,90.0,1.2631500642857132,1263.1500642857131
manual,2025-12-15,chocolate_syrup,ml,11135.657142857128,500.0,1310.4,0.0,10325.257142857128,0.0,0.0,0.0,0.0,3.0975771428571384,3097.5771428571384
manual,2025-12-15,tea_leaves,g,3710.2514285714274,500.0,280.16,0.0,3930.091428571427,0.0,0.0,0.0,0.0,2.3580548571428563,2358.0548571428562
manual,2025-12-15,ice,g,52431.99999999999,26000.0,7732.800000000001,0.0,70699.19999999998,8000.0,8000.0,0.0,80.0,0.7069919999999998,706.9919999999998
manual,2025-12-15,croissant_dough,pcs,17.799999999999983,0.0,17.28,0.0,0.5199999999999818,50.0,50.0,0.0,2250.0,0.023399999999999182,23.39999999999918
manual,2025-12-15,bread,pcs,62.519999999999996,40.0,57.24,0.0,45.279999999999994,90.0,90.0,0.0,720.0,0.36223999999999995,362.23999999999995
manual,2025-12-15,cup_hot,pcs,3563.535714285713,400.0,418.18,0.0,3545.3557142857126,0.0,600.0,0.0,0.0,14.18142285714285,14181.42285714285
manual,2025-12-15,cup_cold,pcs,619.1385714285713,100.0,67.98,0.0,651.1585714285712,100.0,500.0,0.0,500.0,3.2557928571428563,3255.792857142856
manual,2025-12-16,coffee_beans,g,48826.83714285719,5000.0,5524.92,0.0,48301.91714285719,7000.0,19000.0,0.0,8400.0,57.962300571428635,57962.300571428634
manual,2025-12-16,milk,ml,136806.5,61000.0,56584.5,0.0,141222.0,61000.0,61000.0,0.0,3660.0,8.47332,8473.32
manual,2025-12-16,sugar,g,28070.001428571402,0.0,3231.11,0.0,24838.891428571405,3000.0,5000.0,0.0,135.0,1.1177501142857131,1117.7501142857132
manual,2025-12-16,chocolate_syrup,ml,10325.257142857128,0.0,1060.8000000000002,0.0,9264.457142857129,0.0,0.0,0.0,0.0,2.7793371428571385,2779.3371428571386
manual,2025-12-16,tea_leaves,g,3930.091428571427,0.0,317.24,0.0,3612.8514285714273,0.0,0.0,0.0,0.0,2.1677108571428563,2167.710857142856
manual,2025-12-16,ice,g,70699.19999999998,8000.0,8575.2,0.0,70124.0,8000.0,8000.0,0.0,80.0,0.70124,701.24
manual,2025-12-16,croissant_dough,pcs,0.5199999999999818,50.0,36.72,0.5199999999999818,13.280000000000001,40.0,40.0,23.39999999999918,1800.0,0.5976,597.6
manual,2025-12-16,bread,pcs,45.279999999999994,90.0,67.84,5.279999999999994,62.16,60.0,60.0,42.23999999999995,480.0,0.49728,497.28
manual,2025-12-16,cup_hot,pcs,3545.3557142857126,300.0,344.02000000000004,0.0,3501.3357142857126,200.0,500.0,0.0,800.0,14.00534285714285,14005.34285714285
manual,2025-12-16,cup_cold,pcs,651.1585714285712,100.0,77.25,0.0,673.9085714285712,100.0,500.0,0.0,500.0,3.3695428571428563,3369.542857142856
manual,2025-12-17,coffee_beans,g,48301.91714285719,6000.0,6285.0599999999995,0.0,48016.857142857196,5000.0,18000.0,0.0,6000.0,57.62022857142863,57620.22857142863
manual,2025-12-17,milk,ml,141222.0,61000.0,56647.5,0.0,145574.5,56000.0,56000.0,0.0,3360.0,8.73447,8734.47
manual,2025-12-17,sugar,g,24838.891428571405,2000.0,3169.31,0.0,23669.581428571404,3000.0,6000.0,0.0,135.0,1.065131164285713,1065.131164285713
manual,2025-12-17,chocolate_syrup,ml,9264.457142857129,0.0,811.2,0.0,8453.257142857128,0.0,0.0,0.0,0.0,2.5359771428571385,2535.9771428571385
manual,2025-12-17,tea_leaves,g,3612.8514285714273,0.0,238.96,0.0,3373.8914285714272,0.0,0.0,0.0,0.0,2.0243348571428563,2024.3348571428562
manual,2025-12-17,ice,g,70124.0,8000.0,9741.6,0.0,68382.4,9000.0,9000.0,0.0,90.0,0.683824,683.824
manual,2025-12-17,croissant_dough,pcs,13.280000000000001,40.0,33.480000000000004,0.0,19.799999999999997,40.0,40.0,0.0,1800.0,0.8909999999999999,890.9999999999999
manual,2025-12-17,bread,pcs,62.16,60.0,74.2,0.0,47.959999999999994,70.0,70.0,0.0,560.0,0.38367999999999997,383.67999999999995
manual,2025-12-17,cup_hot,pcs,3501.3357142857126,300.0,350.20000000000005,0.0,3451.1357142857128,300.0,500.0,0.0,1200.0,13.80454285714285,13804.542857142851
manual,2025-12-17,cup_cold,pcs,673.9085714285712,0.0,85.49000000000001,0.0,588.4185714285712,100.0,600.0,0.0,500.0,2.9420928571428564,2942.0928571428562
manual,2025-12-18,coffee_beans,g,48016.857142857196,6000.0,6006.959999999999,0.0,48009.8971428572,6000.0,18000.0,0.0,7200.0,57.61187657142864,57611.876571428635
manual,2025-12-18,milk,ml,145574.5,56000.0,54306.0,0.0,147268.5,57000.0,57000.0,0.0,3420.0,8.836110000000001,8836.11
manual,2025-12-18,sugar,g,23669.581428571404,3000.0,3034.38,0.0,23635.201428571403,3000.0,6000.0,0.0,135.0,1.063584064285713,1063.584064285713
manual,2025-12-18,chocolate_syrup,ml,8453.257142857128,0.0,873.6000000000001,0.0,7579.657142857128,500.0,500.0,0.0,150.0,2.273897142857138,2273.897142857138
manual,2025-12-18,tea_leaves,g,3373.8914285714272,0.0,181.28,0.0,3192.6114285714275,0.0,0.0,0.0,0.0,1.9155668571428563,1915.5668571428564
manual,2025-12-18,ice,g,68382.4,9000.0,10843.2,0.0,66539.19999999998,12000.0,12000.0,0.0,120.0,0.6653919999999999,665.3919999999998
manual,2025-12-18,croissant_dough,pcs,19.799999999999997,40.0,25.92,0.0,33.879999999999995,30.0,30.0,0.0,1350.0,1.5246,1524.6
manual,2025-12-18,bread,pcs,47.959999999999994,70.0,84.80000000000001,0.0,33.15999999999998,70.0,70.0,0.0,560.0,0.26527999999999985,265.27999999999986
manual,2025-12-18,cup_hot,pcs,3451.1357142857128,0.0,312.09,0.0,3139.0457142857126,400.0,900.0,0.0,1600.0,12.55618285714285,12556.18285714285
manual,2025-12-18,cup_cold,pcs,588.4185714285712,300.0,95.78999999999999,0.0,792.6285714285713,0.0,300.0,0.0,0.0,3.9631428571428566,3963.1428571428564
manual,2025-12-19,coffee_beans,g,48009.8971428572,7000.0,7471.619999999999,0.0,47538.277142857194,6000.0,17000.0,0.0,7200.0,57.04593257142863,57045.93257142863
manual,2025-12-19,milk,ml,147268.5,57000.0,61131.0,0.0,143137.5,54000.0,54000.0,0.0,3240.0,8.58825,8588.25
manual,2025-12-19,sugar,g,23635.201428571403,3000.0,3354.7100000000005,0.0,23280.491428571404,3000.0,6000.0,0.0,135.0,1.0476221142857132,1047.6221142857132
manual,2025-12-19,chocolate_syrup,ml,7579.657142857128,0.0,655.2,0.0,6924.457142857128,500.0,1000.0,0.0,150.0,2.077337142857138,2077.337142857138
manual,2025-12-19,tea_leaves,g,3192.6114285714275,0.0,210.12,0.0,2982.491428571427,0.0,0.0,0.0,0.0,1.7894948571428564,1789.4948571428563
manual,2025-12-19,ice,g,66539.19999999998,12000.0,11772.0,0.0,66767.19999999998,13000.0,13000.0,0.0,130.0,0.6676719999999998,667.6719999999998
manual,2025-12-19,croissant_dough,pcs,33.879999999999995,30.0,41.040000000000006,0.0,22.83999999999999,30.0,30.0,0.0,1350.0,1.0277999999999996,1027.7999999999995
manual,2025-12-19,bread,pcs,33.15999999999998,70.0,101.76,0.0,1.3999999999999773,90.0,90.0,0.0,720.0,0.011199999999999818,11.199999999999818
manual,2025-12-19,cup_hot,pcs,3139.0457142857126,0.0,388.31000000000006,0.0,2750.7357142857127,300.0,1200.0,0.0,1200.0,11.002942857142852,11002.94285714285
manual,2025-12-19,cup_cold,pcs,792.6285714285713,100.0,100.94,0.0,791.6885714285712,100.0,300.0,0.0,500.0,3.958442857142856,3958.442857142856
manual,2025-12-20,coffee_beans,g,47538.277142857194,5000.0,6674.400000000001,0.0,45863.87714285719,8000.0,20000.0,0.0,9600.0,55.03665257142863,55036.65257142863
manual,2025-12-20,milk,ml,143137.5,54000.0,64333.5,0.0,132804.0,61000.0,61000.0,0.0,3660.0,7.96824,7968.24
manual,2025-12-20,sugar,g,23280.491428571404,3000.0,3545.26,0.0,22735.231428571402,4000.0,7000.0,0.0,180.0,1.023085414285713,1023.085414285713
manual,2025-12-20,chocolate_syrup,ml,6924.457142857128,500.0,1092.0,0.0,6332.457142857128,1000.0,1500.0,0.0,300.0,1.8997371428571384,1899.7371428571382
manual,2025-12-20,tea_leaves,g,2982.491428571427,0.0,292.52,0.0,2689.971428571427,0.0,0.0,0.0,0.0,1.6139828571428563,1613.9828571428563
manual,2025-12-20,ice,g,66767.19999999998,13000.0,10454.400000000001,0.0,69312.79999999999,12000.0,12000.0,0.0,120.0,0.693128,693.1279999999999
manual,2025-12-20,croissant_dough,pcs,22.83999999999999,30.0,41.040000000000006,0.0,11.799999999999983,40.0,40.0,0.0,1800.0,0.5309999999999993,530.9999999999992
manual,2025-12-20,bread,pcs,1.3999999999999773,90.0,80.56,0.0,10.839999999999975,100.0,100.0,0.0,800.0,0.0867199999999998,86.7199999999998
manual,2025-12-20,cup_hot,pcs,2750.7357142857127,200.0,388.31,0.0,2562.4257142857127,400.0,1400.0,0.0,1600.0,10.249702857142852,10249.702857142851
manual,2025-12-20,cup_cold,pcs,791.6885714285712,100.0,91.67,0.0,800.0185714285712,100.0,300.0,0.0,500.0,4.000092857142857,4000.0928571428562
manual,2025-12-21,coffee_beans,g,45863.87714285719,6000.0,6878.339999999999,0.0,44985.537142857196,12000.0,26000.0,0.0,14400.0,53.98264457142863,53982.64457142863
manual,2025-12-21,milk,ml,132804.0,61000.0,59230.5,0.0,134573.5,93000.0,93000.0,0.0,5580.0,8.07441,8074.41
manual,2025-12-21,sugar,g,22735.231428571402,3000.0,3203.3,0.0,22531.931428571403,6000.0,10000.0,0.0,270.0,1.013936914285713,1013.9369142857131
manual,2025-12-21,chocolate_syrup,ml,6332.457142857128,500.0,1154.4,0.0,5678.0571428571275,3000.0,4000.0,0.0,900.0,1.7034171428571383,1703.4171428571383
manual,2025-12-21,tea_leaves,g,2689.971428571427,0.0,201.88,0.0,2488.091428571427,500.0,500.0,0.0,300.0,1.4928548571428562,1492.8548571428562
manual,2025-12-21,ice,g,69312.79999999999,12000.0,9590.400000000001,0.0,71722.4,10000.0,10000.0,0.0,100.0,0.717224,717.2239999999999
manual,2025-12-21,croissant_dough,pcs,11.799999999999983,40.0,38.88,0.0,12.91999999999998,50.0,50.0,0.0,2250.0,0.581399999999999,581.3999999999991
manual,2025-12-21,bread,pcs,10.839999999999975,100.0,99.64,0.0,11.199999999999974,90.0,90.0,0.0,720.0,0.08959999999999979,89.5999999999998
manual,2025-12-21,cup_hot,pcs,2562.4257142857127,300.0,386.25,0.0,2476.1757142857127,1000.0,2100.0,0.0,4000.0,9.904702857142851,9904.702857142851
manual,2025-12-21,cup_cold,pcs,800.0185714285712,100.0,84.46000000000001,0.0,815.5585714285712,100.0,300.0,0.0,500.0,4.077792857142856,4077.792857142856
manual,2025-12-22,coffee_beans,g,44985.537142857196,6000.0,7860.96,0.0,43124.5771428572,7000.0,27000.0,0.0,8400.0,51.74949257142864,51749.49257142864
manual,2025-12-22,milk,ml,134573.5,93000.0,66286.5,0.0,161287.0,59000.0,59000.0,0.0,3540.0,9.67722,9677.22
manual,2025-12-22,sugar,g,22531.931428571403,4000.0,3587.4900000000002,0.0,22944.4414285714,4000.0,10000.0,0.0,180.0,1.032499864285713,1032.499864285713
manual,2025-12-22,chocolate_syrup,ml,5678.0571428571275,1000.0,1154.4,0.0,5523.657142857128,1000.0,4000.0,0.0,300.0,1.6570971428571384,1657.0971428571384
manual,2025-12-22,tea_leaves,g,2488.091428571427,0.0,247.20000000000002,0.0,2240.8914285714272,500.0,1000.0,0.0,300.0,1.3445348571428564,1344.5348571428563
manual,2025-12-22,ice,g,71722.4,10000.0,10216.800000000001,9722.399999999987,61783.2,11000.0,11000.0,97.22399999999988,110.0,0.617832,617.832
manual,2025-12-22,croissant_dough,pcs,12.91999999999998,50.0,51.84,0.0,11.079999999999977,40.0,40.0,0.0,1800.0,0.49859999999999893,498.59999999999894
manual,2025-12-22,bread,pcs,11.199999999999974,90.0,61.480000000000004,0.0,39.71999999999997,100.0,100.0,0.0,800.0,0.31775999999999976,317.75999999999976
manual,2025-12-22,cup_hot,pcs,2476.1757142857127,400.0,447.02000000000004,0.0,2429.1557142857127,300.0,2000.0,0.0,1200.0,9.716622857142852,9716.622857142851
manual,2025-12-22,cup_cold,pcs,815.5585714285712,0.0,89.61,0.0,725.9485714285713,100.0,400.0,0.0,500.0,3.6297428571428565,3629.7428571428563
manual,2025-12-23,coffee_beans,g,43124.5771428572,8000.0,5543.459999999999,0.0,45581.1171428572,8000.0,27000.0,0.0,9600.0,54.69734057142863,54697.340571428635
manual,2025-12-23,milk,ml,161287.0,59000.0,52993.5,0.0,167293.5,66000.0,66000.0,0.0,3960.0,10.037609999999999,10037.609999999999
manual,2025-12-23,sugar,g,22944.4414285714,6000.0,2948.8900000000003,0.0,25995.5514285714,3000.0,7000.0,0.0,135.0,1.169799814285713,1169.799814285713
manual,2025-12-23,chocolate_syrup,ml,5523.657142857128,3000.0,1123.2,0.0,7400.457142857128,1500.0,2500.0,0.0,450.0,2.2201371428571384,2220.1371428571383
manual,2025-12-23,tea_leaves,g,2240.8914285714272,0.0,259.56,0.0,1981.331428571427,0.0,1000.0,0.0,0.0,1.1887988571428563,1188.7988571428561
manual,2025-12-23,ice,g,61783.2,11000.0,7668.0,0.0,65115.2,11000.0,11000.0,0.0,110.0,0.651152,651.1519999999999
manual,2025-12-23,croissant_dough,pcs,11.079999999999977,40.0,47.52,0.0,3.559999999999974,50.0,50.0,0.0,2250.0,0.16019999999999882,160.19999999999882
manual,2025-12-23,bread,pcs,39.71999999999997,100.0,89.04,0.0,50.679999999999964,60.0,60.0,0.0,480.0,0.40543999999999975,405.4399999999997
manual,2025-12-23,cup_hot,pcs,2429.1557142857127,300.0,341.96000000000004,0.0,2387.1957142857127,500.0,2200.0,0.0,2000.0,9.548782857142852,9548.78285714285
manual,2025-12-23,cup_cold,pcs,725.9485714285713,100.0,67.98,0.0,757.9685714285713,100.0,400.0,0.0,500.0,3.789842857142857,3789.8428571428567
manual,2025-12-24,coffee_beans,g,45581.1171428572,12000.0,6637.32,0.0,50943.7971428572,5000.0,20000.0,0.0,6000.0,61.13255657142864,61132.556571428635
manual,2025-12-24,milk,ml,167293.5,66000.0,65089.5,0.0,168204.0,53000.0,53000.0,0.0,3180.0,10.09224,10092.24
manual,2025-12-24,sugar,g,25995.5514285714,4000.0,3664.74,0.0,26330.811428571404,3000.0,6000.0,0.0,135.0,1.184886514285713,1184.886514285713
manual,2025-12-24,chocolate_syrup,ml,7400.457142857128,1000.0,1591.2,0.0,6809.257142857128,1000.0,2500.0,0.0,300.0,2.0427771428571386,2042.7771428571384
manual,2025-12-24,tea_leaves,g,1981.331428571427,500.0,317.24,0.0,2164.091428571427,500.0,1000.0,0.0,300.0,1.298454857142856,1298.454857142856
manual,2025-12-24,ice,g,65115.2,11000.0,11318.400000000001,0.0,64796.8,7000.0,7000.0,0.0,70.0,0.6479680000000001,647.9680000000001
manual,2025-12-24,croissant_dough,pcs,3.559999999999974,50.0,35.64,0.0,17.919999999999973,50.0,50.0,0.0,2250.0,0.8063999999999989,806.3999999999988
manual,2025-12-24,bread,pcs,50.679999999999964,60.0,110.24000000000001,0.0,0.4399999999999551,90.0,90.0,0.0,720.0,0.003519999999999641,3.5199999999996407
manual,2025-12-24,cup_hot,pcs,2387.1957142857127,400.0,400.67,0.0,2386.5257142857126,300.0,2100.0,0.0,1200.0,9.54610285714285,9546.10285714285
manual,2025-12-24,cup_cold,pcs,757.9685714285713,100.0,99.91,0.0,758.0585714285712,0.0,300.0,0.0,0.0,3.7902928571428562,3790.292857142856
manual,2025-12-25,coffee_beans,g,50943.7971428572,7000.0,5339.5199999999995,0.0,52604.2771428572,7000.0,20000.0,0.0,8400.0,63.12513257142864,63125.132571428636
manual,2025-12-25,milk,ml,168204.0,53000.0,47943.0,0.0,173261.0,65000.0,65000.0,0.0,3900.0,10.39566,10395.66
manual,2025-12-25,sugar,g,26330.811428571404,3000.0,2671.8199999999997,0.0,26658.991428571404,4000.0,7000.0,0.0,180.0,1.199654614285713,1199.654614285713
manual,2025-12-25,chocolate_syrup,ml,6809.257142857128,1500.0,748.8000000000001,0.0,7560.457142857127,1500.0,2500.0,0.0,450.0,2.268137142857138,2268.137142857138
manual,2025-12-25,tea_leaves,g,2164.091428571427,500.0,140.08,0.0,2524.011428571427,0.0,500.0,0.0,0.0,1.5144068571428564,1514.4068571428563
manual,2025-12-25,ice,g,64796.8,7000.0,9201.6,0.0,62595.2,12000.0,12000.0,0.0,120.0,0.6259520000000001,625.952
manual,2025-12-25,croissant_dough,pcs,17.919999999999973,50.0,35.64,0.0,32.27999999999997,30.0,30.0,0.0,1350.0,1.4525999999999988,1452.5999999999988
manual,2025-12-25,bread,pcs,0.4399999999999551,90.0,53.0,0.0,37.439999999999955,100.0,100.0,0.0,800.0,0.2995199999999996,299.51999999999964
manual,2025-12-25,cup_hot,pcs,2386.5257142857126,1000.0,275.01,0.0,3111.5157142857124,400.0,1500.0,0.0,1600.0,12.44606285714285,12446.06285714285
manual,2025-12-25,cup_cold,pcs,758.0585714285712,100.0,81.37,0.0,776.6885714285712,100.0,300.0,0.0,500.0,3.8834428571428563,3883.442857142856
manual,2025-12-26,coffee_beans,g,52604.2771428572,8000.0,6600.24,0.0,54004.037142857196,5000.0,17000.0,0.0,6000.0,64.80484457142863,64804.844571428635
manual,2025-12-26,milk,ml,173261.0,65000.0,62527.5,0.0,175733.5,48000.0,48000.0,0.0,2880.0,10.54401,10544.01
manual,2025-12-26,sugar,g,26658.991428571404,3000.0,3522.6000000000004,0.0,26136.3914285714,3000.0,7000.0,0.0,135.0,1.176137614285713,1176.137614285713
manual,2025-12-26,chocolate_syrup,ml,7560.457142857127,1000.0,1404.0000000000002,0.0,7156.457142857127,1000.0,2500.0,0.0,300.0,2.146937142857138,2146.937142857138
manual,2025-12-26,tea_leaves,g,2524.011428571427,0.0,333.72,0.0,2190.291428571427,500.0,1000.0,0.0,300.0,1.3141748571428562,1314.1748571428561
manual,2025-12-26,ice,g,62595.2,12000.0,9288.0,0.0,65307.2,9000.0,9000.0,0.0,90.0,0.653072,653.072
manual,2025-12-26,croissant_dough,pcs,32.27999999999997,30.0,44.28,0.0,17.99999999999997,40.0,40.0,0.0,1800.0,0.8099999999999987,809.9999999999987
manual,2025-12-26,bread,pcs,37.439999999999955,100.0,72.08,0.0,65.35999999999996,60.0,60.0,0.0,480.0,0.5228799999999997,522.8799999999997
manual,2025-12-26,cup_hot,pcs,3111.5157142857124,300.0,415.09000000000003,0.0,2996.4257142857123,300.0,1500.0,0.0,1200.0,11.985702857142849,11985.70285714285
manual,2025-12-26,cup_cold,pcs,776.6885714285712,100.0,81.37,0.0,795.3185714285712,100.0,300.0,0.0,500.0,3.976592857142856,3976.592857142856
manual,2025-12-27,coffee_beans,g,54004.037142857196,5000.0,7842.42,0.0,51161.6171428572,7000.0,19000.0,0.0,8400.0,61.39394057142864,61393.94057142863
manual,2025-12-27,milk,ml,175733.5,48000.0,83170.5,0.0,140563.0,63000.0,63000.0,0.0,3780.0,8.433779999999999,8433.779999999999
manual,2025-12-27,sugar,g,26136.3914285714,4000.0,4483.59,0.0,25652.8014285714,3000.0,6000.0,0.0,135.0,1.154376064285713,1154.376064285713
manual,2025-12-27,chocolate_syrup,ml,7156.457142857127,1500.0,1622.4,0.0,7034.0571428571275,1000.0,2000.0,0.0,300.0,2.110217142857138,2110.2171428571382
manual,2025-12-27,tea_leaves,g,2190.291428571427,500.0,341.96000000000004,0.0,2348.331428571427,0.0,500.0,0.0,0.0,1.408998857142856,1408.998857142856
manual,2025-12-27,ice,g,65307.2,9000.0,12290.400000000001,2307.199999999996,59709.6,12000.0,12000.0,23.071999999999964,120.0,0.5970960000000001,597.096
manual,2025-12-27,croissant_dough,pcs,17.99999999999997,40.0,46.440000000000005,0.0,11.559999999999967,40.0,40.0,0.0,1800.0,0.5201999999999984,520.1999999999985
manual,2025-12-27,bread,pcs,65.35999999999996,60.0,78.44,0.0,46.91999999999996,70.0,70.0,0.0,560.0,0.3753599999999997,375.3599999999997
manual,2025-12-27,cup_hot,pcs,2996.4257142857123,500.0,466.59000000000003,0.0,3029.8357142857126,400.0,1400.0,0.0,1600.0,12.11934285714285,12119.34285714285
manual,2025-12-27,cup_cold,pcs,795.3185714285712,100.0,108.15,0.0,787.1685714285712,100.0,300.0,0.0,500.0,3.9358428571428563,3935.8428571428562
manual,2025-12-28,coffee_beans,g,51161.6171428572,7000.0,8435.699999999999,0.0,49725.9171428572,11000.0,23000.0,0.0,13200.0,59.67110057142864,59671.10057142864
manual,2025-12-28,milk,ml,140563.0,63000.0,83275.5,0.0,120287.5,97000.0,97000.0,0.0,5820.0,7.21725,7217.25
manual,2025-12-28,sugar,g,25652.8014285714,3000.0,4355.87,0.0,24296.9314285714,6000.0,9000.0,0.0,270.0,1.093361914285713,1093.3619142857128
manual,2025-12-28,chocolate_syrup,ml,7034.0571428571275,1000.0,2184.0,0.0,5850.0571428571275,5000.0,6000.0,0.0,1500.0,1.7550171428571382,1755.0171428571382
manual,2025-12-28,tea_leaves,g,2348.331428571427,0.0,271.92,0.0,2076.4114285714268,500.0,1000.0,0.0,300.0,1.245846857142856,1245.846857142856
manual,2025-12-28,ice,g,59709.6,12000.0,13543.2,0.0,58166.399999999994,12000.0,12000.0,0.0,120.0,0.581664,581.664
manual,2025-12-28,croissant_dough,pcs,11.559999999999967,40.0,50.760000000000005,0.0,0.7999999999999616,60.0,60.0,0.0,2700.0,0.035999999999998276,35.99999999999827
manual,2025-12-28,bread,pcs,46.91999999999996,70.0,116.60000000000001,0.0,0.31999999999995055,90.0,90.0,0.0,720.0,0.0025599999999996043,2.5599999999996044
manual,2025-12-28,cup_hot,pcs,3029.8357142857126,300.0,491.31000000000006,0.0,2838.5257142857126,800.0,1900.0,0.0,3200.0,11.35410285714285,11354.10285714285
manual,2025-12-28,cup_cold,pcs,787.1685714285712,0.0,117.42,0.0,669.7485714285713,100.0,400.0,0.0,500.0,3.3487428571428564,3348.7428571428563
manual,2025-12-29,coffee_beans,g,49725.9171428572,5000.0,6915.42,0.0,47810.4971428572,8000.0,26000.0,0.0,9600.0,57.372596571428645,57372.59657142864
manual,2025-12-29,milk,ml,120287.5,97000.0,56679.0,0.0,160608.5,83000.0,83000.0,0.0,4980.0,9.636510000000001,9636.51
manual,2025-12-29,sugar,g,24296.9314285714,3000.0,3073.5200000000004,0.0,24223.411428571402,4000.0,10000.0,0.0,180.0,1.0900535142857133,1090.0535142857132
manual,2025-12-29,chocolate_syrup,ml,5850.0571428571275,1000.0,436.80000000000007,0.0,6413.257142857127,2000.0,7000.0,0.0,600.0,1.923977142857138,1923.977142857138
manual,2025-12-29,tea_leaves,g,2076.4114285714268,500.0,230.72,0.0,2345.691428571427,500.0,1000.0,0.0,300.0,1.4074148571428562,1407.4148571428561
manual,2025-12-29,ice,g,58166.399999999994,12000.0,8640.0,0.0,61526.399999999994,14000.0,14000.0,0.0,140.0,0.615264,615.264
manual,2025-12-29,croissant_dough,pcs,0.7999999999999616,60.0,37.800000000000004,0.0,22.999999999999957,50.0,50.0,0.0,2250.0,1.0349999999999981,1034.9999999999982
manual,2025-12-29,bread,pcs,0.31999999999995055,90.0,69.96000000000001,0.0,20.359999999999943,110.0,110.0,0.0,880.0,0.16287999999999955,162.87999999999954
manual,2025-12-29,cup_hot,pcs,2838.5257142857126,400.0,380.07,0.0,2858.4557142857125,500.0,2000.0,0.0,2000.0,11.43382285714285,11433.82285714285
manual,2025-12-29,cup_cold,pcs,669.7485714285713,100.0,76.22,0.0,693.5285714285712,100.0,400.0,0.0,500.0,3.467642857142856,3467.642857142856
manual,2025-12-30,coffee_beans,g,47810.4971428572,7000.0,9529.56,0.0,45280.937142857205,7000.0,26000.0,0.0,8400.0,54.337124571428646,54337.12457142864
manual,2025-12-30,milk,ml,160608.5,83000.0,89985.0,0.0,153623.5,57000.0,57000.0,0.0,3420.0,9.21741,9217.41
manual,2025-12-30,sugar,g,24223.411428571402,6000.0,4945.03,0.0,25278.3814285714,3000.0,7000.0,0.0,135.0,1.1375271642857128,1137.5271642857128
manual,2025-12-30,chocolate_syrup,ml,6413.257142857127,5000.0,1778.4,0.0,9634.857142857127,500.0,2500.0,0.0,150.0,2.890457142857138,2890.457142857138
manual,2025-12-30,tea_leaves,g,2345.691428571427,0.0,288.40000000000003,0.0,2057.291428571427,0.0,1000.0,0.0,0.0,1.234374857142856,1234.3748571428562
manual,2025-12-30,ice,g,61526.399999999994,14000.0,19159.200000000004,0.0,56367.2,8000.0,8000.0,0.0,80.0,0.5636720000000001,563.672
manual,2025-12-30,croissant_dough,pcs,22.999999999999957,50.0,46.440000000000005,0.0,26.559999999999953,30.0,30.0,0.0,1350.0,1.1951999999999978,1195.1999999999978
manual,2025-12-30,bread,pcs,20.359999999999943,110.0,129.32,0.0,1.0399999999999494,80.0,80.0,0.0,640.0,0.008319999999999595,8.319999999999595
manual,2025-12-30,cup_hot,pcs,2858.4557142857125,300.0,493.37000000000006,0.0,2665.0857142857126,400.0,2100.0,0.0,1600.0,10.660342857142851,10660.34285714285
manual,2025-12-30,cup_cold,pcs,693.5285714285712,100.0,166.86,0.0,626.6685714285712,100.0,400.0,0.0,500.0,3.133342857142856,3133.3428571428562
manual,2025-12-31,coffee_beans,g,45280.937142857205,11000.0,8027.82,0.0,48253.1171428572,9000.0,24000.0,0.0,10800.0,57.903740571428635,57903.740571428636
manual,2025-12-31,milk,ml,153623.5,57000.0,84777.0,0.0,125846.5,90000.0,90000.0,0.0,5400.0,7.55079,7550.79
manual,2025-12-31,sugar,g,25278.3814285714,4000.0,4770.960000000001,0.0,24507.4214285714,5000.0,8000.0,0.0,225.0,1.102833964285713,1102.833964285713
manual,2025-12-31,chocolate_syrup,ml,9634.857142857127,2000.0,1528.8000000000002,0.0,10106.057142857127,1500.0,2000.0,0.0,450.0,3.0318171428571383,3031.817142857138
manual,2025-12-31,tea_leaves,g,2057.291428571427,500.0,564.44,0.0,1992.851428571427,500.0,1000.0,0.0,300.0,1.1957108571428563,1195.7108571428562
manual,2025-12-31,ice,g,56367.2,8000.0,8683.2,0.0,55683.99999999999,20000.0,20000.0,0.0,200.0,0.5568399999999999,556.8399999999999
manual,2025-12-31,croissant_dough,pcs,26.559999999999953,30.0,56.160000000000004,0.0,0.39999999999994884,50.0,50.0,0.0,2250.0,0.0179999999999977,17.999999999997698
manual,2025-12-31,bread,pcs,1.0399999999999494,80.0,80.56,0.0,0.47999999999994714,110.0,110.0,0.0,880.0,0.0038399999999995773,3.839999999999577
manual,2025-12-31,cup_hot,pcs,2665.0857142857126,400.0,561.35,0.0,2503.7357142857127,400.0,2100.0,0.0,1600.0,10.01494285714285,10014.94285714285
manual,2025-12-31,cup_cold,pcs,626.6685714285712,100.0,76.22,0.0,650.4485714285712,200.0,500.0,0.0,1000.0,3.252242857142856,3252.242857142856
seasonal_naive,2025-07-20,coffee_beans,g,19935.79714285714,0.0,6507.539999999999,0.0,13428.257142857141,52000.0,52000.0,0.0,62400.0,16.113908571428567,16113.908571428568
seasonal_naive,2025-07-20,milk,ml,190152.0,0.0,57666.0,0.0,132486.0,54000.0,54000.0,0.0,3240.0,7.94916,7949.16
seasonal_naive,2025-07-20,sugar,g,10670.21142857143,0.0,3174.46,0.0,7495.751428571428,24000.0,24000.0,0.0,1080.0,0.33730881428571424,337.3088142857142
seasonal_naive,2025-07-20,chocolate_syrup,ml,3436.4571428571435,0.0,1185.6000000000001,0.0,2250.857142857143,8500.0,8500.0,0.0,2550.0,0.6752571428571429,675.2571428571429
seasonal_naive,2025-07-20,tea_leaves,g,881.0914285714287,0.0,226.6,0.0,654.4914285714286,2500.0,2500.0,0.0,1500.0,0.3926948571428572,392.6948571428572
seasonal_naive,2025-07-20,ice,g,32899.885714285716,0.0,9763.2,0.0,23136.685714285715,43000.0,43000.0,0.0,430.0,0.23136685714285715,231.36685714285716
seasonal_naive,2025-07-20,croissant_dough,pcs,38.417142857142856,0.0,28.080000000000002,0.0,10.337142857142855,30.0,30.0,0.0,1350.0,0.46517142857142846,465.17142857142846
seasonal_naive,2025-07-20,bread,pcs,85.86,0.0,84.80000000000001,0.0,1.059999999999988,60.0,60.0,0.0,480.0,0.008479999999999904,8.479999999999905
seasonal_naive,2025-07-20,cup_hot,pcs,1151.2457142857145,0.0,371.83,0.0,779.4157142857146,3100.0,3100.0,0.0,12400.0,3.117662857142858,3117.6628571428582
seasonal_naive,2025-07-20,cup_cold,pcs,290.0185714285714,0.0,85.49000000000001,0.0,204.5285714285714,800.0,800.0,0.0,4000.0,1.0226428571428572,1022.6428571428571
seasonal_naive,2025-07-21,coffee_beans,g,13428.257142857141,0.0,5784.48,0.0,7643.777142857143,0.0,52000.0,0.0,0.0,9.172532571428572,9172.532571428572
seasonal_naive,2025-07-21,milk,ml,132486.0,54000.0,56679.0,0.0,129807.0,45000.0,45000.0,0.0,2700.0,7.78842,7788.42
seasonal_naive,2025-07-21,sugar,g,7495.751428571428,0.0,3109.57,0.0,4386.181428571428,0.0,24000.0,0.0,0.0,0.19737816428571428,197.37816428571426
seasonal_naive,2025-07-21,chocolate_syrup,ml,2250.857142857143,0.0,1029.6000000000001,0.0,1221.257142857143,0.0,8500.0,0.0,0.0,0.3663771428571429,366.37714285714287
seasonal_naive,2025-07-21,tea_leaves,g,654.4914285714286,0.0,255.44,0.0,399.05142857142863,0.0,2500.0,0.0,0.0,0.2394308571428572,239.43085714285718
seasonal_naive,2025-07-21,ice,g,23136.685714285715,43000.0,10130.400000000001,0.0,56006.28571428571,10000.0,10000.0,0.0,100.0,0.5600628571428571,560.0628571428571
seasonal_naive,2025-07-21,croissant_dough,pcs,10.337142857142855,30.0,28.080000000000002,0.0,12.257142857142853,30.0,30.0,0.0,1350.0,0.5515714285714284,551.5714285714283
seasonal_naive,2025-07-21,bread,pcs,1.059999999999988,60.0,59.36,0.0,1.6999999999999886,80.0,80.0,0.0,640.0,0.013599999999999909,13.599999999999909
seasonal_naive,2025-07-21,cup_hot,pcs,779.4157142857146,0.0,331.66,0.0,447.7557142857146,400.0,3500.0,0.0,1600.0,1.7910228571428584,1791.0228571428584
seasonal_naive,2025-07-21,cup_cold,pcs,204.5285714285714,0.0,87.55000000000001,0.0,116.9785714285714,100.0,900.0,0.0,500.0,0.584892857142857,584.892857142857
seasonal_naive,2025-07-22,coffee_beans,g,7643.777142857143,0.0,5506.379999999999,0.0,2137.3971428571435,12000.0,64000.0,0.0,14400.0,2.5648765714285724,2564.8765714285723
seasonal_naive,2025-07-22,milk,ml,129807.0,45000.0,45664.5,0.0,129142.5,70000.0,70000.0,0.0,4200.0,7.74855,7748.549999999999
seasonal_naive,2025-07-22,sugar,g,4386.181428571428,24000.0,2502.9,0.0,25883.281428571427,6000.0,6000.0,0.0,270.0,1.1647476642857142,1164.747664285714
seasonal_naive,2025-07-22,chocolate_syrup,ml,1221.257142857143,8500.0,842.4000000000001,0.0,8878.857142857143,2000.0,2000.0,0.0,600.0,2.6636571428571427,2663.657142857143
seasonal_naive,2025-07-22,tea_leaves,g,399.05142857142863,0.0,247.20000000000002,0.0,151.8514285714286,0.0,2500.0,0.0,0.0,0.09111085714285717,91.11085714285717
seasonal_naive,2025-07-22,ice,g,56006.28571428571,10000.0,6264.000000000001,0.0,59742.28571428571,10000.0,10000.0,0.0,100.0,0.5974228571428571,597.4228571428571
seasonal_naive,2025-07-22,croissant_dough,pcs,12.257142857142853,30.0,21.6,0.0,20.65714285714285,0.0,0.0,0.0,0.0,0.9295714285714284,929.5714285714283
seasonal_naive,2025-07-22,bread,pcs,1.6999999999999886,80.0,80.56,0.0,1.1399999999999864,90.0,90.0,0.0,720.0,0.00911999999999989,9.11999999999989
seasonal_naive,2025-07-22,cup_hot,pcs,447.7557142857146,0.0,341.96000000000004,0.0,105.79571428571455,500.0,4000.0,0.0,2000.0,0.4231828571428582,423.1828571428582
seasonal_naive,2025-07-22,cup_cold,pcs,116.9785714285714,0.0,53.56,0.0,63.4185714285714,100.0,1000.0,0.0,500.0,0.317092857142857,317.092857142857
seasonal_naive,2025-07-23,coffee_beans,g,2137.3971428571435,52000.0,2836.62,0.0,51300.77714285714,8000.0,20000.0,0.0,9600.0,61.560932571428566,61560.932571428566
seasonal_naive,2025-07-23,milk,ml,129142.5,70000.0,19299.0,0.0,179843.5,66000.0,66000.0,0.0,3960.0,10.79061,10790.609999999999
seasonal_naive,2025-07-23,sugar,g,25883.281428571427,0.0,1131.97,0.0,24751.31142857143,3000.0,9000.0,0.0,135.0,1.1138090142857142,1113.8090142857143
seasonal_naive,2025-07-23,chocolate_syrup,ml,8878.857142857143,0.0,0.0,0.0,8878.857142857143,0.0,2000.0,0.0,0.0,2.6636571428571427,2663.657142857143
seasonal_naive,2025-07-23,tea_leaves,g,151.8514285714286,2500.0,0.0,0.0,2651.8514285714286,1000.0,1000.0,0.0,600.0,1.5911108571428572,1591.1108571428572
seasonal_naive,2025-07-23,ice,g,59742.28571428571,10000.0,6069.6,0.0,63672.68571428571,7000.0,7000.0,0.0,70.0,0.6367268571428571,636.7268571428572
seasonal_naive,2025-07-23,croissant_dough,pcs,20.65714285714285,0.0,20.520000000000003,0.0,0.13714285714284813,40.0,40.0,0.0,1800.0,0.006171428571428166,6.171428571428166
seasonal_naive,2025-07-23,bread,pcs,1.1399999999999864,90.0,89.04,0.0,2.09999999999998,60.0,60.0,0.0,480.0,0.016799999999999843,16.79999999999984
seasonal_naive,2025-07-23,cup_hot,pcs,105.79571428571455,0.0,105.06,0.0,0.7357142857145504,400.0,4400.0,0.0,1600.0,0.002942857142858202,2.9428571428582018
seasonal_naive,2025-07-23,cup_cold,pcs,63.4185714285714,0.0,52.53,0.0,10.888571428571396,100.0,1100.0,0.0,500.0,0.05444285714285698,54.44285714285698
seasonal_naive,2025-07-24,coffee_beans,g,51300.77714285714,0.0,5209.74,0.0,46091.03714285715,0.0,20000.0,0.0,0.0,55.30924457142858,55309.24457142858
seasonal_naive,2025-07-24,milk,ml,179843.5,66000.0,41044.5,10843.5,193955.5,38000.0,38000.0,650.61,2280.0,11.63733,11637.33
seasonal_naive,2025-07-24,sugar,g,24751.31142857143,6000.0,2376.21,0.0,28375.10142857143,0.0,3000.0,0.0,0.0,1.2768795642857143,1276.8795642857142
seasonal_naive,2025-07-24,chocolate_syrup,ml,8878.857142857143,2000.0,592.8000000000001,0.0,10286.057142857142,0.0,0.0,0.0,0.0,3.0858171428571426,3085.8171428571427
seasonal_naive,2025-07-24,tea_leaves,g,2651.8514285714286,0.0,276.04,0.0,2375.8114285714287,0.0,1000.0,0.0,0.0,1.4254868571428572,1425.4868571428572
seasonal_naive,2025-07-24,ice,g,63672.68571428571,7000.0,5335.200000000001,0.0,65337.48571428571,6000.0,6000.0,0.0,60.0,0.6533748571428571,653.3748571428571
seasonal_naive,2025-07-24,croissant_dough,pcs,0.13714285714284813,40.0,39.96,0.13714285714284813,0.03999999999999915,30.0,30.0,6.171428571428166,1350.0,0.0017999999999999616,1.7999999999999616
seasonal_naive,2025-07-24,bread,pcs,2.09999999999998,60.0,59.36,0.0,2.7399999999999807,120.0,120.0,0.0,960.0,0.021919999999999846,21.919999999999845
seasonal_naive,2025-07-24,cup_hot,pcs,0.7357142857145504,3100.0,331.65999999999997,0.0,2769.075714285714,0.0,1300.0,0.0,0.0,11.076302857142856,11076.302857142857
seasonal_naive,2025-07-24,cup_cold,pcs,10.888571428571396,800.0,46.35,0.0,764.5385714285715,0.0,300.0,0.0,0.0,3.822692857142857,3822.692857142857
seasonal_naive,2025-07-25,coffee_beans,g,46091.03714285715,12000.0,6340.6799999999985,0.0,51750.35714285715,9000.0,17000.0,0.0,10800.0,62.10042857142858,62100.42857142858
seasonal_naive,2025-07-25,milk,ml,193955.5,38000.0,65121.0,12955.5,153879.0,48000.0,48000.0,777.3299999999999,2880.0,9.23274,9232.74
seasonal_naive,2025-07-25,sugar,g,28375.10142857143,3000.0,3774.95,0.0,27600.15142857143,4000.0,4000.0,0.0,180.0,1.2420068142857141,1242.0068142857142
seasonal_naive,2025-07-25,chocolate_syrup,ml,10286.057142857142,0.0,1248.0,0.0,9038.057142857142,2000.0,2000.0,0.0,600.0,2.7114171428571425,2711.4171428571426
seasonal_naive,2025-07-25,tea_leaves,g,2375.8114285714287,0.0,420.24,0.0,1955.5714285714287,0.0,1000.0,0.0,0.0,1.1733428571428572,1173.3428571428572
seasonal_naive,2025-07-25,ice,g,65337.48571428571,6000.0,11210.400000000001,0.0,60127.085714285706,5000.0,5000.0,0.0,50.0,0.6012708571428571,601.270857142857
seasonal_naive,2025-07-25,croissant_dough,pcs,0.03999999999999915,30.0,25.92,0.0,4.119999999999997,50.0,50.0,0.0,2250.0,0.1853999999999999,185.3999999999999
seasonal_naive,2025-07-25,bread,pcs,2.7399999999999807,120.0,67.84,0.0,54.89999999999998,80.0,80.0,0.0,640.0,0.4391999999999998,439.1999999999998
seasonal_naive,2025-07-25,cup_hot,pcs,2769.075714285714,400.0,399.64000000000004,0.0,2769.4357142857143,700.0,1600.0,0.0,2800.0,11.077742857142857,11077.742857142857
seasonal_naive,2025-07-25,cup_cold,pcs,764.5385714285715,100.0,98.88,0.0,765.6585714285715,0.0,200.0,0.0,0.0,3.8282928571428574,3828.2928571428574
seasonal_naive,2025-07-26,coffee_beans,g,51750.35714285715,8000.0,6581.700000000001,0.0,53168.65714285715,0.0,9000.0,0.0,0.0,63.80238857142857,63802.38857142857
seasonal_naive,2025-07-26,milk,ml,153879.0,48000.0,68922.0,0.0,132957.0,44000.0,44000.0,0.0,2640.0,7.97742,7977.42
seasonal_naive,2025-07-26,sugar,g,27600.15142857143,0.0,3877.95,0.0,23722.201428571432,4000.0,8000.0,0.0,180.0,1.0674990642857145,1067.4990642857144
seasonal_naive,2025-07-26,chocolate_syrup,ml,9038.057142857142,0.0,2028.0000000000002,0.0,7010.057142857142,0.0,2000.0,0.0,0.0,2.1030171428571425,2103.0171428571425
seasonal_naive,2025-07-26,tea_leaves,g,1955.5714285714287,1000.0,379.04,0.0,2576.5314285714285,0.0,0.0,0.0,0.0,1.545918857142857,1545.918857142857
seasonal_naive,2025-07-26,ice,g,60127.085714285706,5000.0,11728.800000000001,0.0,53398.2857142857,11000.0,11000.0,0.0,110.0,0.5339828571428571,533.982857142857
seasonal_naive,2025-07-26,croissant_dough,pcs,4.119999999999997,50.0,45.36,0.0,8.759999999999998,40.0,40.0,0.0,1800.0,0.39419999999999994,394.19999999999993
seasonal_naive,2025-07-26,bread,pcs,54.89999999999998,80.0,76.32000000000001,0.0,58.57999999999997,10.0,10.0,0.0,80.0,0.4686399999999998,468.63999999999976
seasonal_naive,2025-07-26,cup_hot,pcs,2769.4357142857143,500.0,425.39,0.0,2844.045714285715,0.0,1100.0,0.0,0.0,11.37618285714286,11376.18285714286
seasonal_naive,2025-07-26,cup_cold,pcs,765.6585714285715,100.0,101.97,0.0,763.6885714285715,200.0,300.0,0.0,1000.0,3.818442857142858,3818.442857142858
seasonal_naive,2025-07-27,coffee_beans,g,53168.65714285715,0.0,8398.619999999999,0.0,44770.037142857145,0.0,9000.0,0.0,0.0,53.72404457142858,53724.044571428574
seasonal_naive,2025-07-27,milk,ml,132957.0,44000.0,79989.0,0.0,96968.0,32000.0,32000.0,0.0,1920.0,5.81808,5818.08
seasonal_naive,2025-07-27,sugar,g,23722.201428571432,4000.0,4418.700000000001,0.0,23303.50142857143,0.0,4000.0,0.0,0.0,1.0486575642857145,1048.6575642857144
seasonal_naive,2025-07-27,chocolate_syrup,ml,7010.057142857142,2000.0,1591.2,0.0,7418.857142857142,2500.0,2500.0,0.0,750.0,2.2256571428571426,2225.6571428571424
seasonal_naive,2025-07-27,tea_leaves,g,2576.5314285714285,0.0,346.08,0.0,2230.4514285714286,500.0,500.0,0.0,300.0,1.338270857142857,1338.270857142857
seasonal_naive,2025-07-27,ice,g,53398.2857142857,11000.0,12571.2,0.0,51827.085714285706,1000.0,1000.0,0.0,10.0,0.518270857142857,518.270857142857
seasonal_naive,2025-07-27,croissant_dough,pcs,8.759999999999998,40.0,34.56,0.0,14.199999999999996,0.0,0.0,0.0,0.0,0.6389999999999998,638.9999999999998
seasonal_naive,2025-07-27,bread,pcs,58.57999999999997,10.0,67.84,0.0,0.7399999999999665,60.0,60.0,0.0,480.0,0.005919999999999732,5.919999999999732
seasonal_naive,2025-07-27,cup_hot,pcs,2844.045714285715,400.0,495.43000000000006,0.0,2748.6157142857146,0.0,700.0,0.0,0.0,10.994462857142858,10994.462857142858
seasonal_naive,2025-07-27,cup_cold,pcs,763.6885714285715,100.0,110.21000000000001,0.0,753.4785714285715,0.0,200.0,0.0,0.0,3.7673928571428577,3767.392857142858
seasonal_naive,2025-07-28,coffee_beans,g,44770.037142857145,9000.0,5432.219999999999,0.0,48337.817142857144,10000.0,10000.0,0.0,12000.0,58.005380571428574,58005.38057142857
seasonal_naive,2025-07-28,milk,ml,96968.0,32000.0,47365.5,0.0,81602.5,64000.0,64000.0,0.0,3840.0,4.89615,4896.15
seasonal_naive,2025-07-28,sugar,g,23303.50142857143,4000.0,2702.7200000000003,0.0,24600.78142857143,0.0,0.0,0.0,0.0,1.1070351642857144,1107.0351642857142
seasonal_naive,2025-07-28,chocolate_syrup,ml,7418.857142857142,0.0,686.4000000000001,0.0,6732.457142857142,1500.0,4000.0,0.0,450.0,2.0197371428571422,2019.7371428571423
seasonal_naive,2025-07-28,tea_leaves,g,2230.4514285714286,0.0,243.08,0.0,1987.3714285714286,500.0,1000.0,0.0,300.0,1.192422857142857,1192.422857142857
seasonal_naive,2025-07-28,ice,g,51827.085714285706,1000.0,7214.400000000001,2827.085714285704,42785.6,10000.0,10000.0,28.27085714285704,100.0,0.427856,427.856
seasonal_naive,2025-07-28,croissant_dough,pcs,14.199999999999996,0.0,14.040000000000001,0.0,0.1599999999999948,20.0,20.0,0.0,900.0,0.0071999999999997665,7.199999999999767
seasonal_naive,2025-07-28,bread,pcs,0.7399999999999665,60.0,59.36,0.0,1.379999999999967,80.0,80.0,0.0,640.0,0.011039999999999736,11.039999999999736
seasonal_naive,2025-07-28,cup_hot,pcs,2748.6157142857146,0.0,319.29999999999995,0.0,2429.3157142857144,900.0,1600.0,0.0,3600.0,9.717262857142858,9717.262857142858
seasonal_naive,2025-07-28,cup_cold,pcs,753.4785714285715,0.0,65.92,0.0,687.5585714285714,0.0,200.0,0.0,0.0,3.4377928571428575,3437.7928571428574
seasonal_naive,2025-07-29,coffee_beans,g,48337.817142857144,0.0,7082.280000000001,0.0,41255.537142857145,0.0,10000.0,0.0,0.0,49.50664457142857,49506.64457142857
seasonal_naive,2025-07-29,milk,ml,81602.5,64000.0,62874.0,0.0,82728.5,56000.0,56000.0,0.0,3360.0,4.96371,4963.71
seasonal_naive,2025-07-29,sugar,g,24600.78142857143,0.0,3500.9700000000003,0.0,21099.81142857143,5000.0,5000.0,0.0,225.0,0.9494915142857143,949.4915142857143
seasonal_naive,2025-07-29,chocolate_syrup,ml,6732.457142857142,2500.0,1372.8000000000002,0.0,7859.657142857142,0.0,1500.0,0.0,0.0,2.3578971428571425,2357.8971428571426
seasonal_naive,2025-07-29,tea_leaves,g,1987.3714285714286,0.0,321.36,0.0,1666.0114285714287,0.0,1000.0,0.0,0.0,0.9996068571428572,999.6068571428572
seasonal_naive,2025-07-29,ice,g,42785.6,10000.0,10044.0,2785.5999999999995,39956.0,14000.0,14000.0,27.855999999999995,140.0,0.39956,399.56
seasonal_naive,2025-07-29,croissant_dough,pcs,0.1599999999999948,20.0,19.44,0.1599999999999948,0.5599999999999987,20.0,20.0,7.199999999999767,900.0,0.025199999999999945,25.199999999999942
seasonal_naive,2025-07-29,bread,pcs,1.379999999999967,80.0,80.56,0.0,0.8199999999999648,90.0,90.0,0.0,720.0,0.006559999999999718,6.559999999999718
seasonal_naive,2025-07-29,cup_hot,pcs,2429.3157142857144,700.0,431.57000000000005,0.0,2697.7457142857147,0.0,900.0,0.0,0.0,10.79098285714286,10790.982857142859
seasonal_naive,2025-07-29,cup_cold,pcs,687.5585714285714,0.0,87.55000000000001,0.0,600.0085714285715,0.0,200.0,0.0,0.0,3.0000428571428577,3000.0428571428574
seasonal_naive,2025-07-30,coffee_beans,g,41255.537142857145,0.0,5877.18,0.0,35378.357142857145,13000.0,23000.0,0.0,15600.0,42.45402857142857,42454.02857142857
seasonal_naive,2025-07-30,milk,ml,82728.5,56000.0,53613.0,0.0,85115.5,86000.0,86000.0,0.0,5160.0,5.106929999999999,5106.929999999999
seasonal_naive,2025-07-30,sugar,g,21099.81142857143,0.0,2927.2600000000007,0.0,18172.55142857143,3000.0,8000.0,0.0,135.0,0.8177648142857143,817.7648142857144
seasonal_naive,2025-07-30,chocolate_syrup,ml,7859.657142857142,1500.0,811.2,0.0,8548.457142857142,2000.0,2000.0,0.0,600.0,2.5645371428571426,2564.5371428571425
seasonal_naive,2025-07-30,tea_leaves,g,1666.0114285714287,500.0,197.76,0.0,1968.2514285714287,1000.0,1500.0,0.0,600.0,1.180950857142857,1180.950857142857
seasonal_naive,2025-07-30,ice,g,39956.0,14000.0,9460.800000000001,0.0,44495.2,7000.0,7000.0,0.0,70.0,0.444952,444.952
seasonal_naive,2025-07-30,croissant_dough,pcs,0.5599999999999987,20.0,20.520000000000003,0.0,0.039999999999995595,40.0,40.0,0.0,1800.0,0.0017999999999998018,1.7999999999998018
seasonal_naive,2025-07-30,bread,pcs,0.8199999999999648,90.0,86.92,0.0,3.899999999999963,50.0,50.0,0.0,400.0,0.031199999999999704,31.199999999999704
seasonal_naive,2025-07-30,cup_hot,pcs,2697.7457142857147,0.0,320.33,0.0,2377.415714285715,900.0,1800.0,0.0,3600.0,9.509662857142859,9509.66285714286
seasonal_naive,2025-07-30,cup_cold,pcs,600.0085714285715,200.0,82.4,0.0,717.6085714285715,200.0,200.0,0.0,1000.0,3.5880428571428573,3588.0428571428574
seasonal_naive,2025-07-31,coffee_beans,g,35378.357142857145,10000.0,7212.0599999999995,0.0,38166.29714285715,8000.0,21000.0,0.0,9600.0,45.799556571428575,45799.55657142858
seasonal_naive,2025-07-31,milk,ml,85115.5,86000.0,67798.5,0.0,103317.0,61000.0,61000.0,0.0,3660.0,6.19902,6199.0199999999995
seasonal_naive,2025-07-31,sugar,g,18172.55142857143,5000.0,3664.7400000000007,0.0,19507.81142857143,4000.0,7000.0,0.0,180.0,0.8778515142857143,877.8515142857143
seasonal_naive,2025-07-31,chocolate_syrup,ml,8548.457142857142,0.0,1029.6000000000001,0.0,7518.857142857141,0.0,2000.0,0.0,0.0,2.2556571428571424,2255.6571428571424
seasonal_naive,2025-07-31,tea_leaves,g,1968.2514285714287,500.0,243.08,0.0,2225.171428571429,0.0,1000.0,0.0,0.0,1.3351028571428571,1335.1028571428571
seasonal_naive,2025-07-31,ice,g,44495.2,7000.0,11059.2,0.0,40436.0,9000.0,9000.0,0.0,90.0,0.40436,404.36
seasonal_naive,2025-07-31,croissant_dough,pcs,0.039999999999995595,40.0,39.96,0.0,0.0799999999999983,20.0,20.0,0.0,900.0,0.003599999999999923,3.5999999999999233
seasonal_naive,2025-07-31,bread,pcs,3.899999999999963,50.0,53.0,0.0,0.899999999999963,60.0,60.0,0.0,480.0,0.007199999999999705,7.199999999999704
seasonal_naive,2025-07-31,cup_hot,pcs,2377.415714285715,0.0,397.58000000000004,0.0,1979.8357142857146,0.0,1800.0,0.0,0.0,7.919342857142858,7919.3428571428585
seasonal_naive,2025-07-31,cup_cold,pcs,717.6085714285715,0.0,97.85,0.0,619.7585714285715,0.0,200.0,0.0,0.0,3.0987928571428576,3098.7928571428574
seasonal_naive,2025-08-01,coffee_beans,g,38166.29714285715,0.0,7990.74,0.0,30175.557142857146,8000.0,29000.0,0.0,9600.0,36.21066857142857,36210.66857142857
seasonal_naive,2025-08-01,milk,ml,103317.0,61000.0,73437.0,0.0,90880.0,84000.0,84000.0,0.0,5040.0,5.4528,5452.8
seasonal_naive,2025-08-01,sugar,g,19507.81142857143,3000.0,4133.39,0.0,18374.421428571426,5000.0,9000.0,0.0,225.0,0.8268489642857142,826.8489642857141
seasonal_naive,2025-08-01,chocolate_syrup,ml,7518.857142857141,2000.0,1216.8000000000002,0.0,8302.057142857142,3500.0,3500.0,0.0,1050.0,2.4906171428571424,2490.6171428571424
seasonal_naive,2025-08-01,tea_leaves,g,2225.171428571429,0.0,337.84000000000003,0.0,1887.3314285714287,0.0,1000.0,0.0,0.0,1.1323988571428572,1132.3988571428572
seasonal_naive,2025-08-01,ice,g,40436.0,9000.0,12679.2,0.0,36756.799999999996,11000.0,11000.0,0.0,110.0,0.367568,367.568
seasonal_naive,2025-08-01,croissant_dough,pcs,0.0799999999999983,20.0,19.44,0.0,0.639999999999997,40.0,40.0,0.0,1800.0,0.028799999999999867,28.799999999999866
seasonal_naive,2025-08-01,bread,pcs,0.899999999999963,60.0,59.36,0.0,1.5399999999999636,70.0,70.0,0.0,560.0,0.01231999999999971,12.319999999999709
seasonal_naive,2025-08-01,cup_hot,pcs,1979.8357142857146,900.0,457.32000000000005,0.0,2422.5157142857147,700.0,1600.0,0.0,2800.0,9.690062857142859,9690.062857142859
seasonal_naive,2025-08-01,cup_cold,pcs,619.7585714285715,0.0,111.24000000000001,0.0,508.5185714285715,300.0,500.0,0.0,1500.0,2.5425928571428575,2542.5928571428576
seasonal_naive,2025-08-02,coffee_beans,g,30175.557142857146,13000.0,6359.22,0.0,36816.33714285714,7000.0,23000.0,0.0,8400.0,44.17960457142856,44179.604571428565
seasonal_naive,2025-08-02,milk,ml,90880.0,84000.0,62265.0,0.0,112615.0,54000.0,54000.0,0.0,3240.0,6.7569,6756.9
seasonal_naive,2025-08-02,sugar,g,18374.421428571426,4000.0,3381.4900000000002,0.0,18992.931428571428,4000.0,9000.0,0.0,180.0,0.8546819142857143,854.6819142857142
seasonal_naive,2025-08-02,chocolate_syrup,ml,8302.057142857142,0.0,1560.0000000000002,0.0,6742.057142857141,0.0,3500.0,0.0,0.0,2.0226171428571424,2022.6171428571422
seasonal_naive,2025-08-02,tea_leaves,g,1887.3314285714287,1000.0,238.96,0.0,2648.3714285714286,500.0,500.0,0.0,300.0,1.5890228571428573,1589.0228571428572
seasonal_naive,2025-08-02,ice,g,36756.799999999996,11000.0,12204.0,0.0,35552.799999999996,12000.0,12000.0,0.0,120.0,0.35552799999999996,355.52799999999996
seasonal_naive,2025-08-02,croissant_dough,pcs,0.639999999999997,40.0,39.96,0.0,0.6799999999999926,20.0,20.0,0.0,900.0,0.03059999999999967,30.599999999999667
seasonal_naive,2025-08-02,bread,pcs,1.5399999999999636,70.0,69.96000000000001,0.0,1.5799999999999557,110.0,110.0,0.0,880.0,0.012639999999999646,12.639999999999645
seasonal_naive,2025-08-02,cup_hot,pcs,2422.5157142857147,0.0,358.44000000000005,0.0,2064.0757142857146,400.0,2000.0,0.0,1600.0,8.25630285714286,8256.302857142859
seasonal_naive,2025-08-02,cup_cold,pcs,508.5185714285715,0.0,106.09,0.0,402.4285714285715,0.0,500.0,0.0,0.0,2.0121428571428575,2012.1428571428576
seasonal_naive,2025-08-03,coffee_beans,g,36816.33714285714,8000.0,8658.18,0.0,36158.15714285715,16000.0,31000.0,0.0,19200.0,43.389788571428575,43389.78857142857
seasonal_naive,2025-08-03,milk,ml,112615.0,54000.0,87108.0,0.0,79507.0,77000.0,77000.0,0.0,4620.0,4.7704200000000005,4770.42
seasonal_naive,2025-08-03,sugar,g,18992.931428571428,5000.0,5159.27,0.0,18833.661428571428,7000.0,11000.0,0.0,315.0,0.8475147642857143,847.5147642857143
seasonal_naive,2025-08-03,chocolate_syrup,ml,6742.057142857141,3500.0,1372.8000000000002,0.0,8869.257142857141,1500.0,1500.0,0.0,450.0,2.6607771428571425,2660.7771428571423
seasonal_naive,2025-08-03,tea_leaves,g,2648.3714285714286,0.0,428.48,0.0,2219.8914285714286,0.0,500.0,0.0,0.0,1.331934857142857,1331.934857142857
seasonal_naive,2025-08-03,ice,g,35552.799999999996,12000.0,19245.600000000002,0.0,28307.199999999993,27000.0,27000.0,0.0,270.0,0.28307199999999993,283.07199999999995
seasonal_naive,2025-08-03,croissant_dough,pcs,0.6799999999999926,20.0,20.520000000000003,0.0,0.15999999999998948,20.0,20.0,0.0,900.0,0.007199999999999527,7.199999999999527
seasonal_naive,2025-08-03,bread,pcs,1.5799999999999557,110.0,103.88000000000001,0.0,7.699999999999946,40.0,40.0,0.0,320.0,0.06159999999999957,61.59999999999957
seasonal_naive,2025-08-03,cup_hot,pcs,2064.0757142857146,900.0,461.44,0.0,2502.6357142857146,700.0,1800.0,0.0,2800.0,10.010542857142859,10010.542857142858
seasonal_naive,2025-08-03,cup_cold,pcs,402.4285714285715,200.0,172.01,0.0,430.41857142857145,300.0,600.0,0.0,1500.0,2.1520928571428573,2152.092857142857
seasonal_naive,2025-08-04,coffee_beans,g,36158.15714285715,8000.0,5005.8,0.0,39152.357142857145,0.0,23000.0,0.0,0.0,46.98282857142858,46982.828571428574
seasonal_naive,2025-08-04,milk,ml,79507.0,77000.0,49686.0,0.0,106821.0,75000.0,75000.0,0.0,4500.0,6.40926,6409.259999999999
seasonal_naive,2025-08-04,sugar,g,18833.661428571428,4000.0,2797.4800000000005,0.0,20036.181428571428,4000.0,11000.0,0.0,180.0,0.9016281642857142,901.6281642857142
seasonal_naive,2025-08-04,chocolate_syrup,ml,8869.257142857141,0.0,1029.6000000000001,0.0,7839.657142857141,0.0,1500.0,0.0,0.0,2.3518971428571422,2351.897142857142
seasonal_naive,2025-08-04,tea_leaves,g,2219.8914285714286,0.0,304.88,0.0,1915.0114285714285,0.0,500.0,0.0,0.0,1.149006857142857,1149.0068571428571
seasonal_naive,2025-08-04,ice,g,28307.199999999993,27000.0,7603.200000000001,0.0,47703.99999999999,19000.0,19000.0,0.0,190.0,0.47703999999999996,477.03999999999996
seasonal_naive,2025-08-04,croissant_dough,pcs,0.15999999999998948,20.0,19.44,0.0,0.7199999999999882,30.0,30.0,0.0,1350.0,0.032399999999999464,32.399999999999466
seasonal_naive,2025-08-04,bread,pcs,7.699999999999946,40.0,46.64,0.0,1.0599999999999454,90.0,90.0,0.0,720.0,0.008479999999999564,8.479999999999563
seasonal_naive,2025-08-04,cup_hot,pcs,2502.6357142857146,0.0,322.39,0.0,2180.2457142857147,0.0,1800.0,0.0,0.0,8.72098285714286,8720.982857142859
seasonal_naive,2025-08-04,cup_cold,pcs,430.41857142857145,0.0,65.92,0.0,364.4985714285715,0.0,600.0,0.0,0.0,1.8224928571428576,1822.4928571428575
seasonal_naive,2025-08-05,coffee_beans,g,39152.357142857145,7000.0,5487.84,0.0,40664.51714285715,13000.0,29000.0,0.0,15600.0,48.79742057142858,48797.42057142858
seasonal_naive,2025-08-05,milk,ml,106821.0,75000.0,50431.5,0.0,131389.5,75000.0,75000.0,0.0,4500.0,7.88337,7883.37
seasonal_naive,2025-08-05,sugar,g,20036.181428571428,7000.0,2721.26,0.0,24314.92142857143,3000.0,7000.0,0.0,135.0,1.0941714642857143,1094.1714642857144
seasonal_naive,2025-08-05,chocolate_syrup,ml,7839.657142857141,1500.0,873.6000000000001,0.0,8466.057142857142,2500.0,2500.0,0.0,750.0,2.5398171428571428,2539.8171428571427
seasonal_naive,2025-08-05,tea_leaves,g,1915.0114285714285,500.0,140.08,0.0,2274.9314285714286,1000.0,1000.0,0.0,600.0,1.3649588571428573,1364.9588571428571
seasonal_naive,2025-08-05,ice,g,47703.99999999999,19000.0,8510.400000000001,0.0,58193.59999999999,8000.0,8000.0,0.0,80.0,0.5819359999999999,581.9359999999999
seasonal_naive,2025-08-05,croissant_dough,pcs,0.7199999999999882,30.0,24.840000000000003,0.0,5.879999999999985,30.0,30.0,0.0,1350.0,0.26459999999999934,264.59999999999934
seasonal_naive,2025-08-05,bread,pcs,1.0599999999999454,90.0,57.24,0.0,33.81999999999994,80.0,80.0,0.0,640.0,0.2705599999999996,270.55999999999955
seasonal_naive,2025-08-05,cup_hot,pcs,2180.2457142857147,700.0,292.52,0.0,2587.7257142857147,800.0,1900.0,0.0,3200.0,10.35090285714286,10350.902857142859
seasonal_naive,2025-08-05,cup_cold,pcs,364.4985714285715,300.0,76.22,0.0,588.2785714285715,300.0,600.0,0.0,1500.0,2.9413928571428576,2941.3928571428573
seasonal_naive,2025-08-06,coffee_beans,g,40664.51714285715,16000.0,6396.299999999999,0.0,50268.217142857146,0.0,13000.0,0.0,0.0,60.32186057142857,60321.86057142857
seasonal_naive,2025-08-06,milk,ml,131389.5,75000.0,63462.0,0.0,142927.5,50000.0,50000.0,0.0,3000.0,8.57565,8575.65
seasonal_naive,2025-08-06,sugar,g,24314.92142857143,4000.0,3529.8100000000004,0.0,24785.11142857143,3000.0,6000.0,0.0,135.0,1.1153300142857143,1115.3300142857142
seasonal_naive,2025-08-06,chocolate_syrup,ml,8466.057142857142,0.0,1092.0,0.0,7374.057142857141,0.0,2500.0,0.0,0.0,2.2122171428571424,2212.2171428571423
seasonal_naive,2025-08-06,tea_leaves,g,2274.9314285714286,0.0,321.36,0.0,1953.5714285714284,0.0,1000.0,0.0,0.0,1.1721428571428572,1172.142857142857
seasonal_naive,2025-08-06,ice,g,58193.59999999999,8000.0,10648.800000000001,0.0,55544.79999999999,9000.0,9000.0,0.0,90.0,0.5554479999999998,555.4479999999999
seasonal_naive,2025-08-06,croissant_dough,pcs,5.879999999999985,30.0,35.64,0.0,0.23999999999998423,40.0,40.0,0.0,1800.0,0.010799999999999291,10.79999999999929
seasonal_naive,2025-08-06,bread,pcs,33.81999999999994,80.0,72.08,0.0,41.739999999999945,30.0,30.0,0.0,240.0,0.33391999999999955,333.91999999999956
seasonal_naive,2025-08-06,cup_hot,pcs,2587.7257142857147,400.0,380.07000000000005,0.0,2607.6557142857146,0.0,1500.0,0.0,0.0,10.430622857142858,10430.622857142858
seasonal_naive,2025-08-06,cup_cold,pcs,588.2785714285715,0.0,91.67,0.0,496.60857142857145,0.0,600.0,0.0,0.0,2.4830428571428573,2483.0428571428574
seasonal_naive,2025-08-07,coffee_beans,g,50268.217142857146,0.0,5320.98,0.0,44947.23714285715,13000.0,26000.0,0.0,15600.0,53.93668457142858,53936.68457142858
seasonal_naive,2025-08-07,milk,ml,142927.5,50000.0,47481.0,0.0,145446.5,90000.0,90000.0,0.0,5400.0,8.72679,8726.789999999999
seasonal_naive,2025-08-07,sugar,g,24785.11142857143,3000.0,2725.3799999999997,0.0,25059.73142857143,5000.0,8000.0,0.0,225.0,1.1276879142857144,1127.6879142857144
seasonal_naive,2025-08-07,chocolate_syrup,ml,7374.057142857141,2500.0,686.4000000000001,0.0,9187.65714285714,2000.0,2000.0,0.0,600.0,2.756297142857142,2756.2971428571423
seasonal_naive,2025-08-07,tea_leaves,g,1953.5714285714284,0.0,152.44,0.0,1801.1314285714286,0.0,1000.0,0.0,0.0,1.0806788571428572,1080.6788571428572
seasonal_naive,2025-08-07,ice,g,55544.79999999999,9000.0,11145.6,0.0,53399.19999999999,10000.0,10000.0,0.0,100.0,0.533992,533.992
seasonal_naive,2025-08-07,croissant_dough,pcs,0.23999999999998423,40.0,17.28,0.0,22.959999999999983,50.0,50.0,0.0,2250.0,1.0331999999999992,1033.1999999999991
seasonal_naive,2025-08-07,bread,pcs,41.739999999999945,30.0,57.24,0.0,14.499999999999943,70.0,70.0,0.0,560.0,0.11599999999999955,115.99999999999955
seasonal_naive,2025-08-07,cup_hot,pcs,2607.6557142857146,700.0,257.5,0.0,3050.1557142857146,800.0,1600.0,0.0,3200.0,12.200622857142859,12200.622857142858
seasonal_naive,2025-08-07,cup_cold,pcs,496.60857142857145,300.0,98.88,0.0,697.7285714285715,0.0,300.0,0.0,0.0,3.488642857142858,3488.642857142858
seasonal_naive,2025-08-08,coffee_beans,g,44947.23714285715,13000.0,6767.1,0.0,51180.137142857144,6000.0,19000.0,0.0,7200.0,61.416164571428574,61416.16457142857
seasonal_naive,2025-08-08,milk,ml,145446.5,90000.0,60417.0,0.0,175029.5,27000.0,27000.0,0.0,1620.0,10.50177,10501.77
seasonal_naive,2025-08-08,sugar,g,25059.73142857143,3000.0,3443.29,0.0,24616.44142857143,0.0,5000.0,0.0,0.0,1.1077398642857144,1107.7398642857142
seasonal_naive,2025-08-08,chocolate_syrup,ml,9187.65714285714,0.0,936.0000000000001,0.0,8251.65714285714,0.0,2000.0,0.0,0.0,2.475497142857142,2475.497142857142
seasonal_naive,2025-08-08,tea_leaves,g,1801.1314285714286,1000.0,296.64,0.0,2504.4914285714285,500.0,500.0,0.0,300.0,1.502694857142857,1502.694857142857
seasonal_naive,2025-08-08,ice,g,53399.19999999999,10000.0,10648.800000000001,0.0,52750.39999999999,11000.0,11000.0,0.0,110.0,0.5275039999999999,527.5039999999999
seasonal_naive,2025-08-08,croissant_dough,pcs,22.959999999999983,50.0,34.56,0.0,38.39999999999998,30.0,30.0,0.0,1350.0,1.727999999999999,1727.999999999999
seasonal_naive,2025-08-08,bread,pcs,14.499999999999943,70.0,74.2,0.0,10.29999999999994,90.0,90.0,0.0,720.0,0.08239999999999953,82.39999999999952
seasonal_naive,2025-08-08,cup_hot,pcs,3050.1557142857146,0.0,388.31000000000006,0.0,2661.8457142857146,0.0,1600.0,0.0,0.0,10.647382857142858,10647.382857142858
seasonal_naive,2025-08-08,cup_cold,pcs,697.7285714285715,0.0,92.7,0.0,605.0285714285715,200.0,500.0,0.0,1000.0,3.0251428571428574,3025.1428571428573
seasonal_naive,2025-08-09,coffee_beans,g,51180.137142857144,0.0,6637.319999999999,0.0,44542.81714285715,0.0,19000.0,0.0,0.0,53.45138057142858,53451.38057142858
seasonal_naive,2025-08-09,milk,ml,175029.5,27000.0,73962.0,0.0,128067.5,50000.0,50000.0,0.0,3000.0,7.684049999999999,7684.049999999999
seasonal_naive,2025-08-09,sugar,g,24616.44142857143,5000.0,3876.9200000000005,0.0,25739.52142857143,6000.0,6000.0,0.0,270.0,1.1582784642857145,1158.2784642857143
seasonal_naive,2025-08-09,chocolate_syrup,ml,8251.65714285714,2000.0,3057.6000000000004,0.0,7194.05714285714,2500.0,2500.0,0.0,750.0,2.1582171428571417,2158.217142857142
seasonal_naive,2025-08-09,tea_leaves,g,2504.4914285714285,0.0,247.20000000000002,0.0,2257.2914285714287,0.0,500.0,0.0,0.0,1.354374857142857,1354.374857142857
seasonal_naive,2025-08-09,ice,g,52750.39999999999,11000.0,11145.6,0.0,52604.79999999999,11000.0,11000.0,0.0,110.0,0.5260479999999998,526.0479999999999
seasonal_naive,2025-08-09,croissant_dough,pcs,38.39999999999998,30.0,49.68000000000001,0.0,18.71999999999997,20.0,20.0,0.0,900.0,0.8423999999999987,842.3999999999987
seasonal_naive,2025-08-09,bread,pcs,10.29999999999994,90.0,95.4,0.0,4.899999999999935,70.0,70.0,0.0,560.0,0.03919999999999948,39.19999999999948
seasonal_naive,2025-08-09,cup_hot,pcs,2661.8457142857146,800.0,431.57,0.0,3030.2757142857145,500.0,1300.0,0.0,2000.0,12.121102857142859,12121.102857142858
seasonal_naive,2025-08-09,cup_cold,pcs,605.0285714285715,300.0,99.91,0.0,805.1185714285714,0.0,200.0,0.0,0.0,4.025592857142857,4025.5928571428567
seasonal_naive,2025-08-10,coffee_beans,g,44542.81714285715,13000.0,6859.799999999999,0.0,50683.01714285715,0.0,6000.0,0.0,0.0,60.81962057142858,60819.620571428575
seasonal_naive,2025-08-10,milk,ml,128067.5,50000.0,69657.0,0.0,108410.5,67000.0,67000.0,0.0,4020.0,6.504630000000001,6504.63
seasonal_naive,2025-08-10,sugar,g,25739.52142857143,0.0,3951.08,0.0,21788.44142857143,0.0,6000.0,0.0,0.0,0.9804798642857144,980.4798642857144
seasonal_naive,2025-08-10,chocolate_syrup,ml,7194.05714285714,0.0,1185.6000000000001,0.0,6008.45714285714,3000.0,5500.0,0.0,900.0,1.802537142857142,1802.5371428571418
seasonal_naive,2025-08-10,tea_leaves,g,2257.2914285714287,0.0,346.08,0.0,1911.2114285714285,0.0,500.0,0.0,0.0,1.1467268571428573,1146.7268571428572
seasonal_naive,2025-08-10,ice,g,52604.79999999999,11000.0,11145.600000000002,0.0,52459.19999999998,12000.0,12000.0,0.0,120.0,0.5245919999999998,524.5919999999999
seasonal_naive,2025-08-10,croissant_dough,pcs,18.71999999999997,20.0,37.800000000000004,0.0,0.9199999999999662,30.0,30.0,0.0,1350.0,0.04139999999999848,41.39999999999848
seasonal_naive,2025-08-10,bread,pcs,4.899999999999935,70.0,74.2,0.0,0.6999999999999318,80.0,80.0,0.0,640.0,0.005599999999999454,5.599999999999454
seasonal_naive,2025-08-10,cup_hot,pcs,3030.2757142857145,0.0,408.90999999999997,0.0,2621.3657142857146,0.0,1300.0,0.0,0.0,10.485462857142858,10485.462857142858
seasonal_naive,2025-08-10,cup_cold,pcs,805.1185714285714,0.0,97.85000000000001,0.0,707.2685714285715,200.0,400.0,0.0,1000.0,3.536342857142858,3536.3428571428576
seasonal_naive,2025-08-11,coffee_beans,g,50683.01714285715,6000.0,7156.4400000000005,0.0,49526.57714285715,9000.0,9000.0,0.0,10800.0,59.431892571428584,59431.89257142858
seasonal_naive,2025-08-11,milk,ml,108410.5,67000.0,71505.0,0.0,103905.5,34000.0,34000.0,0.0,2040.0,6.23433,6234.33
seasonal_naive,2025-08-11,sugar,g,21788.44142857143,6000.0,3883.1,0.0,23905.341428571428,4000.0,4000.0,0.0,180.0,1.0757403642857142,1075.7403642857141
seasonal_naive,2025-08-11,chocolate_syrup,ml,6008.45714285714,2500.0,1310.4,0.0,7198.05714285714,0.0,3000.0,0.0,0.0,2.159417142857142,2159.417142857142
seasonal_naive,2025-08-11,tea_leaves,g,1911.2114285714285,500.0,412.0,0.0,1999.2114285714285,500.0,500.0,0.0,300.0,1.1995268571428572,1199.5268571428571
seasonal_naive,2025-08-11,ice,g,52459.19999999998,12000.0,5659.200000000001,0.0,58799.999999999985,11000.0,11000.0,0.0,110.0,0.5879999999999999,587.9999999999999
seasonal_naive,2025-08-11,croissant_dough,pcs,0.9199999999999662,30.0,30.240000000000002,0.0,0.6799999999999642,20.0,20.0,0.0,900.0,0.03059999999999839,30.59999999999839
seasonal_naive,2025-08-11,bread,pcs,0.6999999999999318,80.0,55.120000000000005,0.0,25.579999999999927,50.0,50.0,0.0,400.0,0.20463999999999943,204.63999999999942
seasonal_naive,2025-08-11,cup_hot,pcs,2621.3657142857146,800.0,493.37,0.0,2927.9957142857143,0.0,500.0,0.0,0.0,11.711982857142857,11711.982857142857
seasonal_naive,2025-08-11,cup_cold,pcs,707.2685714285715,0.0,50.47,0.0,656.7985714285714,0.0,400.0,0.0,0.0,3.283992857142857,3283.9928571428572
seasonal_naive,2025-08-12,coffee_beans,g,49526.57714285715,0.0,5728.86,0.0,43797.71714285715,8000.0,17000.0,0.0,9600.0,52.557260571428586,52557.26057142858
seasonal_naive,2025-08-12,milk,ml,103905.5,34000.0,55902.0,0.0,82003.5,83000.0,83000.0,0.0,4980.0,4.92021,4920.21
seasonal_naive,2025-08-12,sugar,g,23905.341428571428,0.0,3195.06,0.0,20710.281428571427,5000.0,9000.0,0.0,225.0,0.9319626642857142,931.9626642857141
seasonal_naive,2025-08-12,chocolate_syrup,ml,7198.05714285714,3000.0,1216.8000000000002,0.0,8981.25714285714,2000.0,2000.0,0.0,600.0,2.694377142857142,2694.3771428571417
seasonal_naive,2025-08-12,tea_leaves,g,1999.2114285714285,0.0,288.40000000000003,0.0,1710.8114285714287,0.0,500.0,0.0,0.0,1.0264868571428571,1026.4868571428572
seasonal_naive,2025-08-12,ice,g,58799.999999999985,11000.0,8251.2,0.0,61548.79999999999,6000.0,6000.0,0.0,60.0,0.6154879999999999,615.4879999999999
seasonal_naive,2025-08-12,croissant_dough,pcs,0.6799999999999642,20.0,20.520000000000003,0.0,0.15999999999996106,30.0,30.0,0.0,1350.0,0.007199999999998248,7.199999999998248
seasonal_naive,2025-08-12,bread,pcs,25.579999999999927,50.0,74.2,0.0,1.3799999999999244,50.0,50.0,0.0,400.0,0.011039999999999396,11.039999999999395
seasonal_naive,2025-08-12,cup_hot,pcs,2927.9957142857143,0.0,356.38000000000005,0.0,2571.615714285714,800.0,1300.0,0.0,3200.0,10.286462857142856,10286.462857142857
seasonal_naive,2025-08-12,cup_cold,pcs,656.7985714285714,200.0,74.16,0.0,782.6385714285714,0.0,200.0,0.0,0.0,3.913192857142857,3913.192857142857
seasonal_naive,2025-08-13,coffee_beans,g,43797.71714285715,0.0,6563.159999999999,0.0,37234.55714285716,7000.0,24000.0,0.0,8400.0,44.68146857142859,44681.46857142859
seasonal_naive,2025-08-13,milk,ml,82003.5,83000.0,58831.5,0.0,106172.0,80000.0,80000.0,0.0,4800.0,6.3703199999999995,6370.32
seasonal_naive,2025-08-13,sugar,g,20710.281428571427,4000.0,3472.13,0.0,21238.15142857143,3000.0,8000.0,0.0,135.0,0.9557168142857142,955.7168142857142
seasonal_naive,2025-08-13,chocolate_syrup,ml,8981.25714285714,0.0,967.2,0.0,8014.05714285714,0.0,2000.0,0.0,0.0,2.4042171428571417,2404.217142857142
seasonal_naive,2025-08-13,tea_leaves,g,1710.8114285714287,0.0,436.72,0.0,1274.0914285714284,1000.0,1500.0,0.0,600.0,0.764454857142857,764.454857142857
seasonal_naive,2025-08-13,ice,g,61548.79999999999,6000.0,7711.200000000001,0.0,59837.599999999984,8000.0,8000.0,0.0,80.0,0.5983759999999999,598.3759999999999
seasonal_naive,2025-08-13,croissant_dough,pcs,0.15999999999996106,30.0,29.160000000000004,0.0,0.9999999999999574,10.0,10.0,0.0,450.0,0.04499999999999808,44.99999999999808
seasonal_naive,2025-08-13,bread,pcs,1.3799999999999244,50.0,50.88,0.0,0.49999999999992184,50.0,50.0,0.0,400.0,0.003999999999999375,3.9999999999993747
seasonal_naive,2025-08-13,cup_hot,pcs,2571.615714285714,500.0,436.72,0.0,2634.8957142857143,500.0,1300.0,0.0,2000.0,10.539582857142857,10539.582857142857
seasonal_naive,2025-08-13,cup_cold,pcs,782.6385714285714,0.0,69.01,0.0,713.6285714285714,200.0,400.0,0.0,1000.0,3.568142857142857,3568.142857142857
seasonal_naive,2025-08-14,coffee_beans,g,37234.55714285716,9000.0,7898.04,0.0,38336.517142857156,6000.0,21000.0,0.0,7200.0,46.00382057142859,46003.82057142859
seasonal_naive,2025-08-14,milk,ml,106172.0,80000.0,75463.5,0.0,110708.5,78000.0,78000.0,0.0,4680.0,6.64251,6642.509999999999
seasonal_naive,2025-08-14,sugar,g,21238.15142857143,5000.0,4173.56,0.0,22064.591428571428,3000.0,6000.0,0.0,135.0,0.9929066142857143,992.9066142857142
seasonal_naive,2025-08-14,chocolate_syrup,ml,8014.05714285714,2000.0,1435.2,0.0,8578.85714285714,2000.0,2000.0,0.0,600.0,2.573657142857142,2573.657142857142
seasonal_naive,2025-08-14,tea_leaves,g,1274.0914285714284,500.0,457.32,0.0,1316.7714285714285,0.0,1000.0,0.0,0.0,0.7900628571428571,790.0628571428571
seasonal_naive,2025-08-14,ice,g,59837.599999999984,8000.0,6264.0,0.0,61573.599999999984,8000.0,8000.0,0.0,80.0,0.6157359999999998,615.7359999999999
seasonal_naive,2025-08-14,croissant_dough,pcs,0.9999999999999574,10.0,10.8,0.0,0.19999999999995666,30.0,30.0,0.0,1350.0,0.00899999999999805,8.99999999999805
seasonal_naive,2025-08-14,bread,pcs,0.49999999999992184,50.0,48.760000000000005,0.0,1.7399999999999167,70.0,70.0,0.0,560.0,0.013919999999999334,13.919999999999334
seasonal_naive,2025-08-14,cup_hot,pcs,2634.8957142857143,0.0,544.87,0.0,2090.0257142857145,500.0,1800.0,0.0,2000.0,8.360102857142858,8360.102857142858
seasonal_naive,2025-08-14,cup_cold,pcs,713.6285714285714,200.0,55.620000000000005,0.0,858.0085714285715,200.0,400.0,0.0,1000.0,4.290042857142858,4290.042857142857
seasonal_naive,2025-08-15,coffee_beans,g,38336.517142857156,8000.0,5562.0,0.0,40774.517142857156,11000.0,24000.0,0.0,13200.0,48.92942057142859,48929.420571428585
seasonal_naive,2025-08-15,milk,ml,110708.5,78000.0,62842.5,0.0,125866.0,77000.0,77000.0,0.0,4620.0,7.55196,7551.96
seasonal_naive,2025-08-15,sugar,g,22064.591428571428,3000.0,3519.51,0.0,21545.08142857143,6000.0,9000.0,0.0,270.0,0.9695286642857143,969.5286642857143
seasonal_naive,2025-08-15,chocolate_syrup,ml,8578.85714285714,0.0,1310.4,0.0,7268.45714285714,4000.0,6000.0,0.0,1200.0,2.1805371428571423,2180.537142857142
seasonal_naive,2025-08-15,tea_leaves,g,1316.7714285714285,0.0,288.40000000000003,0.0,1028.3714285714286,1000.0,2000.0,0.0,600.0,0.6170228571428571,617.0228571428571
seasonal_naive,2025-08-15,ice,g,61573.599999999984,8000.0,10519.2,2573.5999999999835,56480.8,9000.0,9000.0,25.735999999999837,90.0,0.564808,564.808
seasonal_naive,2025-08-15,croissant_dough,pcs,0.19999999999995666,30.0,27.0,0.0,3.1999999999999567,40.0,40.0,0.0,1800.0,0.14399999999999805,143.99999999999804
seasonal_naive,2025-08-15,bread,pcs,1.7399999999999167,70.0,67.84,0.0,3.8999999999999204,90.0,90.0,0.0,720.0,0.031199999999999364,31.199999999999363
seasonal_naive,2025-08-15,cup_hot,pcs,2090.0257142857145,0.0,330.63,0.0,1759.3957142857143,600.0,2400.0,0.0,2400.0,7.037582857142858,7037.582857142857
seasonal_naive,2025-08-15,cup_cold,pcs,858.0085714285715,0.0,93.73,0.0,764.2785714285715,0.0,400.0,0.0,0.0,3.8213928571428575,3821.3928571428573
seasonal_naive,2025-08-16,coffee_beans,g,40774.517142857156,7000.0,6637.319999999999,0.0,41137.197142857156,0.0,17000.0,0.0,0.0,49.36463657142858,49364.636571428586
seasonal_naive,2025-08-16,milk,ml,125866.0,77000.0,67116.0,0.0,135750.0,53000.0,53000.0,0.0,3180.0,8.145,8145.0
seasonal_naive,2025-08-16,sugar,g,21545.08142857143,3000.0,3722.4199999999996,0.0,20822.661428571428,5000.0,11000.0,0.0,225.0,0.9370197642857143,937.0197642857142
seasonal_naive,2025-08-16,chocolate_syrup,ml,7268.45714285714,2000.0,1591.2,0.0,7677.25714285714,1500.0,5500.0,0.0,450.0,2.303177142857142,2303.177142857142
seasonal_naive,2025-08-16,tea_leaves,g,1028.3714285714286,1000.0,255.44,0.0,1772.9314285714286,0.0,1000.0,0.0,0.0,1.0637588571428571,1063.758857142857
seasonal_naive,2025-08-16,ice,g,56480.8,9000.0,12744.0,480.7999999999993,52256.0,11000.0,11000.0,4.807999999999993,110.0,0.52256,522.5600000000001
seasonal_naive,2025-08-16,croissant_dough,pcs,3.1999999999999567,40.0,24.840000000000003,0.0,18.359999999999953,70.0,70.0,0.0,3150.0,0.8261999999999979,826.1999999999979
seasonal_naive,2025-08-16,bread,pcs,3.8999999999999204,90.0,93.28,0.0,0.6199999999999193,100.0,100.0,0.0,800.0,0.004959999999999355,4.959999999999354
seasonal_naive,2025-08-16,cup_hot,pcs,1759.3957142857143,800.0,371.83000000000004,0.0,2187.5657142857144,0.0,1600.0,0.0,0.0,8.750262857142857,8750.262857142858
seasonal_naive,2025-08-16,cup_cold,pcs,764.2785714285715,0.0,113.30000000000001,0.0,650.9785714285714,0.0,400.0,0.0,0.0,3.254892857142857,3254.892857142857
seasonal_naive,2025-08-17,coffee_beans,g,41137.197142857156,6000.0,8676.72,0.0,38460.477142857155,13000.0,24000.0,0.0,15600.0,46.152572571428585,46152.57257142859
seasonal_naive,2025-08-17,milk,ml,135750.0,53000.0,88515.0,0.0,100235.0,67000.0,67000.0,0.0,4020.0,6.0141,6014.099999999999
seasonal_naive,2025-08-17,sugar,g,20822.661428571428,6000.0,4941.9400000000005,0.0,21880.72142857143,4000.0,9000.0,0.0,180.0,0.9846324642857143,984.6324642857143
seasonal_naive,2025-08-17,chocolate_syrup,ml,7677.25714285714,4000.0,1716.0000000000002,0.0,9961.25714285714,0.0,1500.0,0.0,0.0,2.988377142857142,2988.3771428571417
seasonal_naive,2025-08-17,tea_leaves,g,1772.9314285714286,0.0,626.24,0.0,1146.6914285714286,1000.0,2000.0,0.0,600.0,0.688014857142857,688.0148571428571
seasonal_naive,2025-08-17,ice,g,52256.0,11000.0,7992.000000000001,0.0,55264.0,0.0,0.0,0.0,0.0,0.55264,552.64
seasonal_naive,2025-08-17,croissant_dough,pcs,18.359999999999953,70.0,61.56,0.0,26.799999999999955,0.0,0.0,0.0,0.0,1.205999999999998,1205.999999999998
seasonal_naive,2025-08-17,bread,pcs,0.6199999999999193,100.0,99.64,0.0,0.9799999999999187,50.0,50.0,0.0,400.0,0.00783999999999935,7.83999999999935
seasonal_naive,2025-08-17,cup_hot,pcs,2187.5657142857144,500.0,625.21,0.0,2062.3557142857144,1200.0,2300.0,0.0,4800.0,8.249422857142857,8249.422857142858
seasonal_naive,2025-08-17,cup_cold,pcs,650.9785714285714,200.0,70.04,0.0,780.9385714285714,0.0,200.0,0.0,0.0,3.904692857142857,3904.692857142857
seasonal_naive,2025-08-18,coffee_beans,g,38460.477142857155,11000.0,6581.7,0.0,42878.77714285716,9000.0,22000.0,0.0,10800.0,51.45453257142859,51454.53257142859
seasonal_naive,2025-08-18,milk,ml,100235.0,67000.0,62811.0,0.0,104424.0,94000.0,94000.0,0.0,5640.0,6.26544,6265.44
seasonal_naive,2025-08-18,sugar,g,21880.72142857143,5000.0,3349.56,0.0,23531.161428571428,5000.0,9000.0,0.0,225.0,1.0589022642857142,1058.9022642857142
seasonal_naive,2025-08-18,chocolate_syrup,ml,9961.25714285714,1500.0,1092.0,0.0,10369.25714285714,1500.0,1500.0,0.0,450.0,3.110777142857142,3110.777142857142
seasonal_naive,2025-08-18,tea_leaves,g,1146.6914285714286,1000.0,276.04,0.0,1870.6514285714284,1000.0,2000.0,0.0,600.0,1.122390857142857,1122.390857142857
seasonal_naive,2025-08-18,ice,g,55264.0,0.0,6782.400000000001,2263.999999999999,46217.6,14000.0,14000.0,22.63999999999999,140.0,0.462176,462.176
seasonal_naive,2025-08-18,croissant_dough,pcs,26.799999999999955,0.0,25.92,0.0,0.8799999999999528,30.0,30.0,0.0,1350.0,0.03959999999999788,39.59999999999788
seasonal_naive,2025-08-18,bread,pcs,0.9799999999999187,50.0,50.88,0.0,0.09999999999991616,100.0,100.0,0.0,800.0,0.0007999999999993292,0.7999999999993292
seasonal_naive,2025-08-18,cup_hot,pcs,2062.3557142857144,500.0,412.0,0.0,2150.3557142857144,800.0,2600.0,0.0,3200.0,8.601422857142857,8601.422857142858
seasonal_naive,2025-08-18,cup_cold,pcs,780.9385714285714,200.0,58.71,0.0,922.2285714285714,0.0,0.0,0.0,0.0,4.611142857142857,4611.142857142857
seasonal_naive,2025-08-19,coffee_beans,g,42878.77714285716,0.0,4783.32,0.0,38095.45714285716,7000.0,29000.0,0.0,8400.0,45.714548571428594,45714.54857142859
seasonal_naive,2025-08-19,milk,ml,104424.0,94000.0,43302.0,0.0,155122.0,54000.0,54000.0,0.0,3240.0,9.30732,9307.32
seasonal_naive,2025-08-19,sugar,g,23531.161428571428,4000.0,2472.0,0.0,25059.161428571428,2000.0,7000.0,0.0,90.0,1.1276622642857141,1127.6622642857142
seasonal_naive,2025-08-19,chocolate_syrup,ml,10369.25714285714,0.0,904.8000000000001,0.0,9464.45714285714,0.0,1500.0,0.0,0.0,2.8393371428571417,2839.3371428571418
seasonal_naive,2025-08-19,tea_leaves,g,1870.6514285714284,0.0,238.96,0.0,1631.6914285714283,0.0,2000.0,0.0,0.0,0.979014857142857,979.014857142857
seasonal_naive,2025-08-19,ice,g,46217.6,14000.0,6307.200000000001,4217.599999999999,49692.8,6000.0,6000.0,42.175999999999995,60.0,0.4969280000000001,496.92800000000005
seasonal_naive,2025-08-19,croissant_dough,pcs,0.8799999999999528,30.0,29.160000000000004,0.8799999999999528,0.8399999999999963,40.0,40.0,39.59999999999788,1800.0,0.037799999999999834,37.799999999999834
seasonal_naive,2025-08-19,bread,pcs,0.09999999999991616,100.0,57.24,0.0,42.859999999999914,100.0,100.0,0.0,800.0,0.3428799999999993,342.8799999999993
seasonal_naive,2025-08-19,cup_hot,pcs,2150.3557142857144,600.0,298.7,0.0,2451.6557142857146,0.0,2000.0,0.0,0.0,9.806622857142859,9806.622857142858
seasonal_naive,2025-08-19,cup_cold,pcs,922.2285714285714,0.0,56.650000000000006,0.0,865.5785714285714,0.0,0.0,0.0,0.0,4.3278928571428565,4327.892857142857
seasonal_naive,2025-08-20,coffee_beans,g,38095.45714285716,13000.0,4616.46,0.0,46478.99714285716,0.0,16000.0,0.0,0.0,55.77479657142859,55774.79657142859
seasonal_naive,2025-08-20,milk,ml,155122.0,54000.0,37369.5,0.0,171752.5,56000.0,56000.0,0.0,3360.0,10.30515,10305.15
seasonal_naive,2025-08-20,sugar,g,25059.161428571428,5000.0,2026.01,0.0,28033.15142857143,4000.0,6000.0,0.0,180.0,1.2614918142857143,1261.4918142857143
seasonal_naive,2025-08-20,chocolate_syrup,ml,9464.45714285714,1500.0,655.2,0.0,10309.25714285714,2000.0,2000.0,0.0,600.0,3.092777142857142,3092.777142857142
seasonal_naive,2025-08-20,tea_leaves,g,1631.6914285714283,1000.0,177.16,0.0,2454.5314285714285,500.0,1500.0,0.0,300.0,1.472718857142857,1472.7188571428571
seasonal_naive,2025-08-20,ice,g,49692.8,6000.0,4730.400000000001,0.0,50962.399999999994,6000.0,6000.0,0.0,60.0,0.509624,509.62399999999997
seasonal_naive,2025-08-20,croissant_dough,pcs,0.8399999999999963,40.0,34.56,0.0,6.279999999999994,30.0,30.0,0.0,1350.0,0.28259999999999974,282.59999999999974
seasonal_naive,2025-08-20,bread,pcs,42.859999999999914,100.0,65.72,0.0,77.13999999999992,50.0,50.0,0.0,400.0,0.6171199999999993,617.1199999999993
seasonal_naive,2025-08-20,cup_hot,pcs,2451.6557142857146,0.0,282.22,0.0,2169.4357142857143,500.0,2500.0,0.0,2000.0,8.677742857142858,8677.742857142857
seasonal_naive,2025-08-20,cup_cold,pcs,865.5785714285714,0.0,40.17,0.0,825.4085714285713,200.0,200.0,0.0,1000.0,4.127042857142857,4127.0428571428565
seasonal_naive,2025-08-21,coffee_beans,g,46478.99714285716,9000.0,5840.1,0.0,49638.89714285715,9000.0,16000.0,0.0,10800.0,59.56667657142858,59566.67657142858
seasonal_naive,2025-08-21,milk,ml,171752.5,56000.0,53760.0,0.0,173992.5,48000.0,48000.0,0.0,2880.0,10.439549999999999,10439.55
seasonal_naive,2025-08-21,sugar,g,28033.15142857143,2000.0,3084.85,0.0,26948.301428571427,0.0,4000.0,0.0,0.0,1.212673564285714,1212.673564285714
seasonal_naive,2025-08-21,chocolate_syrup,ml,10309.25714285714,0.0,998.4000000000001,0.0,9310.85714285714,0.0,2000.0,0.0,0.0,2.7932571428571418,2793.257142857142
seasonal_naive,2025-08-21,tea_leaves,g,2454.5314285714285,1000.0,288.40000000000003,0.0,3166.1314285714284,0.0,500.0,0.0,0.0,1.899678857142857,1899.678857142857
seasonal_naive,2025-08-21,ice,g,50962.4,6000.0,10303.2,2962.3999999999987,43696.8,10000.0,10000.0,29.623999999999988,100.0,0.436968,436.968
seasonal_naive,2025-08-21,croissant_dough,pcs,6.279999999999994,30.0,35.64,0.0,0.6399999999999935,20.0,20.0,0.0,900.0,0.028799999999999708,28.799999999999706
seasonal_naive,2025-08-21,bread,pcs,77.13999999999992,50.0,86.92,0.0,40.219999999999914,30.0,30.0,0.0,240.0,0.3217599999999993,321.7599999999993
seasonal_naive,2025-08-21,cup_hot,pcs,2169.4357142857143,1200.0,338.87000000000006,0.0,3030.5657142857144,0.0,1300.0,0.0,0.0,12.122262857142857,12122.262857142858
seasonal_naive,2025-08-21,cup_cold,pcs,825.4085714285713,0.0,90.64,0.0,734.7685714285714,0.0,200.0,0.0,0.0,3.6738428571428567,3673.8428571428567
seasonal_naive,2025-08-22,coffee_beans,g,49638.89714285715,7000.0,6210.9,0.0,50427.99714285716,5000.0,14000.0,0.0,6000.0,60.513596571428586,60513.596571428585
seasonal_naive,2025-08-22,milk,ml,173992.5,48000.0,59524.5,0.0,162468.0,51000.0,51000.0,0.0,3060.0,9.74808,9748.08
seasonal_naive,2025-08-22,sugar,g,26948.301428571427,4000.0,3201.24,0.0,27747.061428571425,5000.0,5000.0,0.0,225.0,1.2486177642857141,1248.6177642857142
seasonal_naive,2025-08-22,chocolate_syrup,ml,9310.85714285714,2000.0,1341.6000000000001,0.0,9969.25714285714,2000.0,2000.0,0.0,600.0,2.9907771428571417,2990.777142857142
seasonal_naive,2025-08-22,tea_leaves,g,3166.1314285714284,0.0,296.64,0.0,2869.4914285714285,0.0,500.0,0.0,0.0,1.721694857142857,1721.694857142857
seasonal_naive,2025-08-22,ice,g,43696.8,10000.0,8553.600000000002,0.0,45143.2,8000.0,8000.0,0.0,80.0,0.45143199999999994,451.43199999999996
seasonal_naive,2025-08-22,croissant_dough,pcs,0.6399999999999935,20.0,20.520000000000003,0.0,0.11999999999999034,20.0,20.0,0.0,900.0,0.005399999999999565,5.399999999999565
seasonal_naive,2025-08-22,bread,pcs,40.219999999999914,30.0,69.96000000000001,0.0,0.25999999999990564,120.0,120.0,0.0,960.0,0.002079999999999245,2.079999999999245
seasonal_naive,2025-08-22,cup_hot,pcs,3030.5657142857144,800.0,390.37,0.0,3440.1957142857145,600.0,1100.0,0.0,2400.0,13.760782857142859,13760.782857142858
seasonal_naive,2025-08-22,cup_cold,pcs,734.7685714285714,0.0,73.13000000000001,0.0,661.6385714285714,0.0,200.0,0.0,0.0,3.308192857142857,3308.192857142857
seasonal_naive,2025-08-23,coffee_beans,g,50427.99714285716,0.0,7230.599999999999,0.0,43197.39714285715,8000.0,22000.0,0.0,9600.0,51.83687657142858,51836.876571428584
seasonal_naive,2025-08-23,milk,ml,162468.0,51000.0,67074.0,4468.0,141926.0,56000.0,56000.0,268.08,3360.0,8.515559999999999,8515.56
seasonal_naive,2025-08-23,sugar,g,27747.061428571425,0.0,3797.6100000000006,0.0,23949.45142857143,3000.0,8000.0,0.0,135.0,1.0777253142857142,1077.7253142857141
seasonal_naive,2025-08-23,chocolate_syrup,ml,9969.25714285714,0.0,936.0000000000001,0.0,9033.25714285714,0.0,2000.0,0.0,0.0,2.7099771428571415,2709.9771428571416
seasonal_naive,2025-08-23,tea_leaves,g,2869.4914285714285,500.0,288.40000000000003,0.0,3081.0914285714284,500.0,500.0,0.0,300.0,1.8486548571428572,1848.654857142857
seasonal_naive,2025-08-23,ice,g,45143.2,8000.0,12117.6,0.0,41025.6,9000.0,9000.0,0.0,90.0,0.41025599999999995,410.256
seasonal_naive,2025-08-23,croissant_dough,pcs,0.11999999999999034,20.0,19.44,0.0,0.6799999999999891,40.0,40.0,0.0,1800.0,0.03059999999999951,30.599999999999508
seasonal_naive,2025-08-23,bread,pcs,0.25999999999990564,120.0,118.72,0.0,1.5399999999999068,90.0,90.0,0.0,720.0,0.012319999999999255,12.319999999999254
seasonal_naive,2025-08-23,cup_hot,pcs,3440.1957142857145,0.0,396.55000000000007,0.0,3043.6457142857143,400.0,1500.0,0.0,1600.0,12.174582857142857,12174.582857142857
seasonal_naive,2025-08-23,cup_cold,pcs,661.6385714285714,0.0,108.15,0.0,553.4885714285713,200.0,400.0,0.0,1000.0,2.767442857142856,2767.442857142856
seasonal_naive,2025-08-24,coffee_beans,g,43197.39714285715,9000.0,6340.68,0.0,45856.71714285716,0.0,13000.0,0.0,0.0,55.02806057142859,55028.06057142859
seasonal_naive,2025-08-24,milk,ml,141926.0,56000.0,52962.0,0.0,144964.0,34000.0,34000.0,0.0,2040.0,8.697840000000001,8697.84
seasonal_naive,2025-08-24,sugar,g,23949.45142857143,5000.0,2868.55,0.0,26080.90142857143,0.0,3000.0,0.0,0.0,1.1736405642857142,1173.6405642857142
seasonal_naive,2025-08-24,chocolate_syrup,ml,9033.25714285714,2000.0,748.8000000000001,0.0,10284.45714285714,0.0,0.0,0.0,0.0,3.0853371428571417,3085.3371428571418
seasonal_naive,2025-08-24,tea_leaves,g,3081.0914285714284,0.0,210.12,0.0,2870.9714285714285,0.0,500.0,0.0,0.0,1.7225828571428572,1722.5828571428572
seasonal_naive,2025-08-24,ice,g,41025.6,9000.0,9007.2,0.0,41018.399999999994,5000.0,5000.0,0.0,50.0,0.410184,410.18399999999997
seasonal_naive,2025-08-24,croissant_dough,pcs,0.6799999999999891,40.0,33.480000000000004,0.0,7.199999999999989,30.0,30.0,0.0,1350.0,0.3239999999999995,323.9999999999995
seasonal_naive,2025-08-24,bread,pcs,1.5399999999999068,90.0,74.2,0.0,17.339999999999904,120.0,120.0,0.0,960.0,0.13871999999999923,138.71999999999923
seasonal_naive,2025-08-24,cup_hot,pcs,3043.6457142857143,500.0,352.26,0.0,3191.3857142857146,0.0,1000.0,0.0,0.0,12.765542857142858,12765.542857142858
seasonal_naive,2025-08-24,cup_cold,pcs,553.4885714285713,200.0,77.25,0.0,676.2385714285713,0.0,200.0,0.0,0.0,3.3811928571428562,3381.192857142856
seasonal_naive,2025-08-25,coffee_beans,g,45856.71714285716,5000.0,5469.299999999999,0.0,45387.41714285716,5000.0,13000.0,0.0,6000.0,54.464900571428586,54464.90057142859
seasonal_naive,2025-08-25,milk,ml,144964.0,34000.0,52647.0,0.0,126317.0,15000.0,15000.0,0.0,900.0,7.57902,7579.0199999999995
seasonal_naive,2025-08-25,sugar,g,26080.90142857143,3000.0,2839.7100000000005,0.0,26241.19142857143,0.0,0.0,0.0,0.0,1.1808536142857142,1180.8536142857142
seasonal_naive,2025-08-25,chocolate_syrup,ml,10284.45714285714,0.0,936.0000000000001,0.0,9348.45714285714,0.0,0.0,0.0,0.0,2.804537142857142,2804.537142857142
seasonal_naive,2025-08-25,tea_leaves,g,2870.9714285714285,0.0,238.96,0.0,2632.0114285714285,0.0,500.0,0.0,0.0,1.579206857142857,1579.206857142857
seasonal_naive,2025-08-25,ice,g,41018.399999999994,5000.0,6112.8,0.0,39905.59999999999,9000.0,9000.0,0.0,90.0,0.3990559999999999,399.0559999999999
seasonal_naive,2025-08-25,croissant_dough,pcs,7.199999999999989,30.0,32.400000000000006,0.0,4.799999999999983,40.0,40.0,0.0,1800.0,0.21599999999999925,215.99999999999923
seasonal_naive,2025-08-25,bread,pcs,17.339999999999904,120.0,61.480000000000004,0.0,75.8599999999999,40.0,40.0,0.0,320.0,0.6068799999999992,606.8799999999992
seasonal_naive,2025-08-25,cup_hot,pcs,3191.3857142857146,0.0,339.90000000000003,0.0,2851.4857142857145,0.0,1000.0,0.0,0.0,11.405942857142858,11405.942857142858
seasonal_naive,2025-08-25,cup_cold,pcs,676.2385714285713,0.0,54.59,0.0,621.6485714285714,0.0,200.0,0.0,0.0,3.108242857142857,3108.242857142857
seasonal_naive,2025-08-26,coffee_beans,g,45387.41714285716,8000.0,7137.9,0.0,46249.51714285716,5000.0,10000.0,0.0,6000.0,55.499420571428594,55499.42057142859
seasonal_naive,2025-08-26,milk,ml,126317.0,15000.0,63262.5,0.0,78054.5,49000.0,49000.0,0.0,2940.0,4.683269999999999,4683.2699999999995
seasonal_naive,2025-08-26,sugar,g,26241.19142857143,0.0,3426.81,0.0,22814.38142857143,3000.0,3000.0,0.0,135.0,1.0266471642857145,1026.6471642857143
seasonal_naive,2025-08-26,chocolate_syrup,ml,9348.45714285714,0.0,1310.4,0.0,8038.057142857138,0.0,0.0,0.0,0.0,2.4114171428571414,2411.4171428571412
seasonal_naive,2025-08-26,tea_leaves,g,2632.0114285714285,500.0,276.04,0.0,2855.9714285714285,0.0,0.0,0.0,0.0,1.7135828571428573,1713.5828571428572
seasonal_naive,2025-08-26,ice,g,39905.59999999999,9000.0,9223.2,0.0,39682.399999999994,6000.0,6000.0,0.0,60.0,0.39682399999999995,396.82399999999996
seasonal_naive,2025-08-26,croissant_dough,pcs,4.799999999999983,40.0,24.840000000000003,0.0,19.95999999999998,30.0,30.0,0.0,1350.0,0.8981999999999991,898.1999999999991
seasonal_naive,2025-08-26,bread,pcs,75.8599999999999,40.0,114.48,0.0,1.379999999999896,20.0,20.0,0.0,160.0,0.011039999999999169,11.039999999999168
seasonal_naive,2025-08-26,cup_hot,pcs,2851.4857142857145,600.0,428.48,0.0,3023.005714285715,600.0,1000.0,0.0,2400.0,12.09202285714286,12092.02285714286
seasonal_naive,2025-08-26,cup_cold,pcs,621.6485714285714,0.0,80.34,0.0,541.3085714285713,0.0,200.0,0.0,0.0,2.7065428571428565,2706.5428571428565
seasonal_naive,2025-08-27,coffee_beans,g,46249.51714285716,0.0,5413.679999999999,0.0,40835.837142857155,8000.0,18000.0,0.0,9600.0,49.00300457142859,49003.00457142859
seasonal_naive,2025-08-27,milk,ml,78054.5,49000.0,45570.0,0.0,81484.5,87000.0,87000.0,0.0,5220.0,4.88907,4889.07
seasonal_naive,2025-08-27,sugar,g,22814.38142857143,0.0,2623.41,0.0,20190.97142857143,4000.0,7000.0,0.0,180.0,0.9085937142857143,908.5937142857143
seasonal_naive,2025-08-27,chocolate_syrup,ml,8038.057142857138,0.0,1029.6000000000001,0.0,7008.457142857139,3000.0,3000.0,0.0,900.0,2.1025371428571415,2102.5371428571416
seasonal_naive,2025-08-27,tea_leaves,g,2855.9714285714285,0.0,238.96,0.0,2617.0114285714285,500.0,500.0,0.0,300.0,1.570206857142857,1570.206857142857
seasonal_naive,2025-08-27,ice,g,39682.399999999994,6000.0,8920.800000000001,0.0,36761.59999999999,9000.0,9000.0,0.0,90.0,0.36761599999999994,367.61599999999993
seasonal_naive,2025-08-27,croissant_dough,pcs,19.95999999999998,30.0,37.800000000000004,0.0,12.159999999999975,30.0,30.0,0.0,1350.0,0.5471999999999989,547.1999999999989
seasonal_naive,2025-08-27,bread,pcs,1.379999999999896,20.0,21.200000000000003,0.0,0.17999999999989313,80.0,80.0,0.0,640.0,0.001439999999999145,1.439999999999145
seasonal_naive,2025-08-27,cup_hot,pcs,3023.005714285715,400.0,316.21000000000004,0.0,3106.795714285715,500.0,1100.0,0.0,2000.0,12.42718285714286,12427.18285714286
seasonal_naive,2025-08-27,cup_cold,pcs,541.3085714285713,200.0,78.28,0.0,663.0285714285714,200.0,200.0,0.0,1000.0,3.315142857142857,3315.142857142857
seasonal_naive,2025-08-28,coffee_beans,g,40835.837142857155,5000.0,7100.82,0.0,38735.01714285716,8000.0,21000.0,0.0,9600.0,46.48202057142859,46482.02057142859
seasonal_naive,2025-08-28,milk,ml,81484.5,87000.0,56322.0,0.0,112162.5,96000.0,96000.0,0.0,5760.0,6.72975,6729.75
seasonal_naive,2025-08-28,sugar,g,20190.97142857143,3000.0,2939.62,0.0,20251.35142857143,4000.0,8000.0,0.0,180.0,0.9113108142857143,911.3108142857143
seasonal_naive,2025-08-28,chocolate_syrup,ml,7008.457142857139,0.0,686.4000000000001,0.0,6322.057142857138,0.0,3000.0,0.0,0.0,1.8966171428571414,1896.6171428571415
seasonal_naive,2025-08-28,tea_leaves,g,2617.0114285714285,0.0,247.20000000000002,0.0,2369.811428571428,0.0,500.0,0.0,0.0,1.421886857142857,1421.8868571428568
seasonal_naive,2025-08-28,ice,g,36761.59999999999,9000.0,7128.000000000001,0.0,38633.59999999999,9000.0,9000.0,0.0,90.0,0.3863359999999999,386.3359999999999
seasonal_naive,2025-08-28,croissant_dough,pcs,12.159999999999975,30.0,31.32,0.0,10.839999999999975,50.0,50.0,0.0,2250.0,0.4877999999999989,487.7999999999989
seasonal_naive,2025-08-28,bread,pcs,0.17999999999989313,80.0,78.44,0.0,1.7399999999998954,60.0,60.0,0.0,480.0,0.013919999999999164,13.919999999999163
seasonal_naive,2025-08-28,cup_hot,pcs,3106.795714285715,0.0,418.18,0.0,2688.6157142857146,700.0,1800.0,0.0,2800.0,10.754462857142858,10754.462857142858
seasonal_naive,2025-08-28,cup_cold,pcs,663.0285714285714,0.0,60.77,0.0,602.2585714285713,0.0,200.0,0.0,0.0,3.0112928571428568,3011.2928571428565
seasonal_naive,2025-08-29,coffee_beans,g,38735.01714285716,5000.0,7953.66,0.0,35781.35714285716,10000.0,26000.0,0.0,12000.0,42.93762857142859,42937.62857142859
seasonal_naive,2025-08-29,milk,ml,112162.5,96000.0,72849.0,0.0,135313.5,69000.0,69000.0,0.0,4140.0,8.11881,8118.8099999999995
seasonal_naive,2025-08-29,sugar,g,20251.35142857143,4000.0,4050.9900000000007,0.0,20200.36142857143,4000.0,8000.0,0.0,180.0,0.9090162642857142,909.0162642857142
seasonal_naive,2025-08-29,chocolate_syrup,ml,6322.057142857138,3000.0,1248.0,0.0,8074.057142857138,2000.0,2000.0,0.0,600.0,2.4222171428571415,2422.2171428571414
seasonal_naive,2025-08-29,tea_leaves,g,2369.811428571428,0.0,407.88,0.0,1961.9314285714283,1000.0,1500.0,0.0,600.0,1.177158857142857,1177.158857142857
seasonal_naive,2025-08-29,ice,g,38633.59999999999,9000.0,9957.600000000002,0.0,37675.99999999999,7000.0,7000.0,0.0,70.0,0.37675999999999993,376.75999999999993
seasonal_naive,2025-08-29,croissant_dough,pcs,10.839999999999975,50.0,45.36,0.0,15.479999999999976,30.0,30.0,0.0,1350.0,0.6965999999999989,696.5999999999989
seasonal_naive,2025-08-29,bread,pcs,1.7399999999998954,60.0,61.480000000000004,0.0,0.25999999999989143,120.0,120.0,0.0,960.0,0.0020799999999991316,2.0799999999991314
seasonal_naive,2025-08-29,cup_hot,pcs,2688.6157142857146,0.0,498.52,0.0,2190.0957142857146,500.0,2300.0,0.0,2000.0,8.760382857142858,8760.382857142858
seasonal_naive,2025-08-29,cup_cold,pcs,602.2585714285713,0.0,86.52000000000001,0.0,515.7385714285713,0.0,200.0,0.0,0.0,2.578692857142856,2578.692857142856
seasonal_naive,2025-08-30,coffee_beans,g,35781.35714285716,8000.0,8120.52,0.0,35660.83714285716,9000.0,27000.0,0.0,10800.0,42.7930045714286,42793.004571428595
seasonal_naive,2025-08-30,milk,ml,135313.5,69000.0,76093.5,0.0,128220.0,56000.0,56000.0,0.0,3360.0,7.6932,7693.2
seasonal_naive,2025-08-30,sugar,g,20200.36142857143,4000.0,4289.950000000001,0.0,19910.41142857143,6000.0,10000.0,0.0,270.0,0.8959685142857144,895.9685142857144
seasonal_naive,2025-08-30,chocolate_syrup,ml,8074.057142857138,0.0,1996.8000000000002,0.0,6077.257142857138,2000.0,4000.0,0.0,600.0,1.8231771428571415,1823.1771428571415
seasonal_naive,2025-08-30,tea_leaves,g,1961.9314285714283,500.0,329.6,0.0,2132.331428571428,0.0,1000.0,0.0,0.0,1.279398857142857,1279.398857142857
seasonal_naive,2025-08-30,ice,g,37675.99999999999,7000.0,14320.800000000001,0.0,30355.19999999999,10000.0,10000.0,0.0,100.0,0.30355199999999993,303.5519999999999
seasonal_naive,2025-08-30,croissant_dough,pcs,15.479999999999976,30.0,45.36,0.0,0.11999999999997613,50.0,50.0,0.0,2250.0,0.005399999999998926,5.399999999998926
seasonal_naive,2025-08-30,bread,pcs,0.25999999999989143,120.0,95.4,0.0,24.859999999999886,110.0,110.0,0.0,880.0,0.19887999999999909,198.8799999999991
seasonal_naive,2025-08-30,cup_hot,pcs,2190.0957142857146,600.0,470.71000000000004,0.0,2319.3857142857146,0.0,1700.0,0.0,0.0,9.277542857142858,9277.542857142858
seasonal_naive,2025-08-30,cup_cold,pcs,515.7385714285713,0.0,128.75,0.0,386.98857142857133,200.0,400.0,0.0,1000.0,1.9349428571428566,1934.9428571428566
seasonal_naive,2025-08-31,coffee_beans,g,35660.83714285716,8000.0,9548.099999999999,0.0,34112.737142857164,8000.0,27000.0,0.0,9600.0,40.935284571428596,40935.284571428594
seasonal_naive,2025-08-31,milk,ml,128220.0,56000.0,90163.5,0.0,94056.5,28000.0,28000.0,0.0,1680.0,5.643389999999999,5643.389999999999
seasonal_naive,2025-08-31,sugar,g,19910.41142857143,4000.0,5103.65,0.0,18806.76142857143,0.0,6000.0,0.0,0.0,0.8463042642857144,846.3042642857143
seasonal_naive,2025-08-31,chocolate_syrup,ml,6077.257142857138,2000.0,1060.8000000000002,0.0,7016.457142857138,0.0,2000.0,0.0,0.0,2.1049371428571413,2104.937142857141
seasonal_naive,2025-08-31,tea_leaves,g,2132.331428571428,0.0,424.36,0.0,1707.9714285714283,0.0,1000.0,0.0,0.0,1.024782857142857,1024.782857142857
seasonal_naive,2025-08-31,ice,g,30355.19999999999,10000.0,15184.800000000001,0.0,25170.399999999987,24000.0,24000.0,0.0,240.0,0.2517039999999999,251.70399999999987
seasonal_naive,2025-08-31,croissant_dough,pcs,0.11999999999997613,50.0,42.120000000000005,0.0,7.999999999999972,10.0,10.0,0.0,450.0,0.35999999999999877,359.99999999999875
seasonal_naive,2025-08-31,bread,pcs,24.859999999999886,110.0,112.36,0.0,22.499999999999886,0.0,0.0,0.0,0.0,0.1799999999999991,179.9999999999991
seasonal_naive,2025-08-31,cup_hot,pcs,2319.3857142857146,500.0,536.63,0.0,2282.7557142857145,700.0,1900.0,0.0,2800.0,9.131022857142858,9131.022857142858
seasonal_naive,2025-08-31,cup_cold,pcs,386.98857142857133,200.0,134.93,0.0,452.0585714285713,200.0,400.0,0.0,1000.0,2.2602928571428564,2260.2928571428565
seasonal_naive,2025-09-01,coffee_beans,g,34112.737142857164,10000.0,7360.379999999999,0.0,36752.35714285716,9000.0,26000.0,0.0,10800.0,44.10282857142859,44102.82857142859
seasonal_naive,2025-09-01,milk,ml,94056.5,28000.0,61477.5,0.0,60579.0,94000.0,94000.0,0.0,5640.0,3.63474,3634.74
seasonal_naive,2025-09-01,sugar,g,18806.76142857143,6000.0,3814.09,0.0,20992.671428571426,7000.0,7000.0,0.0,315.0,0.9446702142857142,944.6702142857141
seasonal_naive,2025-09-01,chocolate_syrup,ml,7016.457142857138,2000.0,592.8000000000001,0.0,8423.657142857139,2500.0,2500.0,0.0,750.0,2.5270971428571416,2527.0971428571415
seasonal_naive,2025-09-01,tea_leaves,g,1707.9714285714283,1000.0,510.88,0.0,2197.0914285714284,0.0,0.0,0.0,0.0,1.318254857142857,1318.254857142857
seasonal_naive,2025-09-01,ice,g,25170.399999999987,24000.0,9266.400000000001,0.0,39903.999999999985,15000.0,15000.0,0.0,150.0,0.39903999999999984,399.03999999999985
seasonal_naive,2025-09-01,croissant_dough,pcs,7.999999999999972,10.0,17.28,0.0,0.7199999999999704,20.0,20.0,0.0,900.0,0.03239999999999867,32.39999999999867
seasonal_naive,2025-09-01,bread,pcs,22.499999999999886,0.0,21.200000000000003,0.0,1.2999999999998835,110.0,110.0,0.0,880.0,0.010399999999999068,10.399999999999068
seasonal_naive,2025-09-01,cup_hot,pcs,2282.7557142857145,700.0,473.79999999999995,0.0,2508.9557142857147,600.0,1800.0,0.0,2400.0,10.03582285714286,10035.822857142859
seasonal_naive,2025-09-01,cup_cold,pcs,452.0585714285713,0.0,82.4,0.0,369.65857142857135,0.0,400.0,0.0,0.0,1.8482928571428567,1848.2928571428567
seasonal_naive,2025-09-02,coffee_beans,g,36752.35714285716,9000.0,6488.999999999999,0.0,39263.35714285716,9000.0,26000.0,0.0,10800.0,47.11602857142859,47116.02857142859
seasonal_naive,2025-09-02,milk,ml,60579.0,94000.0,67641.0,0.0,86938.0,81000.0,81000.0,0.0,4860.0,5.21628,5216.28
seasonal_naive,2025-09-02,sugar,g,20992.671428571426,0.0,3704.9100000000003,0.0,17287.76142857143,4000.0,11000.0,0.0,180.0,0.7779492642857143,777.9492642857143
seasonal_naive,2025-09-02,chocolate_syrup,ml,8423.657142857139,0.0,1840.8000000000002,0.0,6582.857142857138,0.0,2500.0,0.0,0.0,1.9748571428571413,1974.8571428571413
seasonal_naive,2025-09-02,tea_leaves,g,2197.0914285714284,0.0,403.76,0.0,1793.3314285714282,1500.0,1500.0,0.0,900.0,1.075998857142857,1075.9988571428569
seasonal_naive,2025-09-02,ice,g,39903.999999999985,15000.0,6976.800000000001,0.0,47927.19999999999,9000.0,9000.0,0.0,90.0,0.4792719999999999,479.27199999999993
seasonal_naive,2025-09-02,croissant_dough,pcs,0.7199999999999704,20.0,20.520000000000003,0.0,0.19999999999996732,30.0,30.0,0.0,1350.0,0.00899999999999853,8.99999999999853
seasonal_naive,2025-09-02,bread,pcs,1.2999999999998835,110.0,97.52000000000001,1.2999999999998835,12.47999999999999,30.0,30.0,10.399999999999068,240.0,0.09983999999999991,99.83999999999992
seasonal_naive,2025-09-02,cup_hot,pcs,2508.9557142857147,500.0,461.44,0.0,2547.5157142857147,600.0,1900.0,0.0,2400.0,10.190062857142859,10190.062857142859
seasonal_naive,2025-09-02,cup_cold,pcs,369.65857142857135,0.0,60.769999999999996,0.0,308.8885714285713,200.0,600.0,0.0,1000.0,1.5444428571428566,1544.4428571428566
seasonal_naive,2025-09-03,coffee_beans,g,39263.35714285716,8000.0,7323.299999999999,0.0,39940.057142857164,7000.0,25000.0,0.0,8400.0,47.9280685714286,47928.068571428594
seasonal_naive,2025-09-03,milk,ml,86938.0,81000.0,71746.5,0.0,96191.5,82000.0,82000.0,0.0,4920.0,5.77149,5771.49
seasonal_naive,2025-09-03,sugar,g,17287.76142857143,7000.0,3970.65,0.0,20317.11142857143,3000.0,7000.0,0.0,135.0,0.9142700142857143,914.2700142857143
seasonal_naive,2025-09-03,chocolate_syrup,ml,6582.857142857138,2500.0,1466.4,0.0,7616.457142857138,2000.0,2000.0,0.0,600.0,2.2849371428571414,2284.937142857141
seasonal_naive,2025-09-03,tea_leaves,g,1793.3314285714282,0.0,383.16,0.0,1410.1714285714284,0.0,1500.0,0.0,0.0,0.846102857142857,846.102857142857
seasonal_naive,2025-09-03,ice,g,47927.19999999999,9000.0,10000.800000000001,0.0,46926.39999999999,7000.0,7000.0,0.0,70.0,0.4692639999999999,469.2639999999999
seasonal_naive,2025-09-03,croissant_dough,pcs,0.19999999999996732,30.0,29.160000000000004,0.0,1.0399999999999636,30.0,30.0,0.0,1350.0,0.046799999999998364,46.79999999999836
seasonal_naive,2025-09-03,bread,pcs,12.47999999999999,30.0,42.400000000000006,0.0,0.07999999999998408,80.0,80.0,0.0,640.0,0.0006399999999998727,0.6399999999998727
seasonal_naive,2025-09-03,cup_hot,pcs,2547.5157142857147,0.0,463.50000000000006,0.0,2084.0157142857147,600.0,2500.0,0.0,2400.0,8.336062857142858,8336.062857142859
seasonal_naive,2025-09-03,cup_cold,pcs,308.8885714285713,200.0,87.55000000000001,0.0,421.3385714285713,100.0,500.0,0.0,500.0,2.1066928571428565,2106.6928571428566
seasonal_naive,2025-09-04,coffee_beans,g,39940.057142857164,9000.0,7823.88,0.0,41116.17714285717,10000.0,26000.0,0.0,12000.0,49.339412571428596,49339.4125714286
seasonal_naive,2025-09-04,milk,ml,96191.5,82000.0,69793.5,0.0,108398.0,80000.0,80000.0,0.0,4800.0,6.5038800000000005,6503.88
seasonal_naive,2025-09-04,sugar,g,20317.11142857143,4000.0,3937.6900000000005,0.0,20379.421428571426,5000.0,8000.0,0.0,225.0,0.9170739642857142,917.0739642857142
seasonal_naive,2025-09-04,chocolate_syrup,ml,7616.457142857138,0.0,998.4000000000001,0.0,6618.057142857138,1500.0,3500.0,0.0,450.0,1.9854171428571414,1985.4171428571415
seasonal_naive,2025-09-04,tea_leaves,g,1410.1714285714284,0.0,416.12,0.0,994.0514285714282,1000.0,2500.0,0.0,600.0,0.5964308571428569,596.4308571428569
seasonal_naive,2025-09-04,ice,g,46926.39999999999,7000.0,10173.600000000002,0.0,43752.79999999999,10000.0,10000.0,0.0,100.0,0.4375279999999999,437.5279999999999
seasonal_naive,2025-09-04,croissant_dough,pcs,1.0399999999999636,30.0,30.240000000000002,0.0,0.7999999999999616,40.0,40.0,0.0,1800.0,0.035999999999998276,35.99999999999827
seasonal_naive,2025-09-04,bread,pcs,0.07999999999998408,80.0,78.44,0.0,1.6399999999999864,80.0,80.0,0.0,640.0,0.01311999999999989,13.11999999999989
seasonal_naive,2025-09-04,cup_hot,pcs,2084.0157142857147,700.0,484.1,0.0,2299.915714285715,0.0,1800.0,0.0,0.0,9.19966285714286,9199.66285714286
seasonal_naive,2025-09-04,cup_cold,pcs,421.3385714285713,200.0,87.55000000000001,0.0,533.7885714285713,0.0,300.0,0.0,0.0,2.6689428571428566,2668.9428571428566
seasonal_naive,2025-09-05,coffee_beans,g,41116.17714285717,9000.0,6711.479999999999,0.0,43404.69714285716,7000.0,24000.0,0.0,8400.0,52.085636571428594,52085.63657142859
seasonal_naive,2025-09-05,milk,ml,108398.0,80000.0,65173.5,0.0,123224.5,66000.0,66000.0,0.0,3960.0,7.39347,7393.469999999999
seasonal_naive,2025-09-05,sugar,g,20379.421428571426,3000.0,3730.6600000000003,0.0,19648.761428571426,6000.0,11000.0,0.0,270.0,0.8841942642857141,884.1942642857141
seasonal_naive,2025-09-05,chocolate_syrup,ml,6618.057142857138,2000.0,1279.2,0.0,7338.857142857138,2500.0,4000.0,0.0,750.0,2.201657142857141,2201.657142857141
seasonal_naive,2025-09-05,tea_leaves,g,994.0514285714282,1500.0,395.52,0.0,2098.5314285714285,0.0,1000.0,0.0,0.0,1.259118857142857,1259.118857142857
seasonal_naive,2025-09-05,ice,g,43752.79999999999,10000.0,9720.0,0.0,44032.79999999999,10000.0,10000.0,0.0,100.0,0.44032799999999994,440.3279999999999
seasonal_naive,2025-09-05,croissant_dough,pcs,0.7999999999999616,40.0,32.400000000000006,0.0,8.399999999999956,60.0,60.0,0.0,2700.0,0.377999999999998,377.999999999998
seasonal_naive,2025-09-05,bread,pcs,1.6399999999999864,80.0,80.56,0.0,1.079999999999984,90.0,90.0,0.0,720.0,0.008639999999999873,8.639999999999873
seasonal_naive,2025-09-05,cup_hot,pcs,2299.915714285715,600.0,427.45,0.0,2472.4657142857145,900.0,2100.0,0.0,3600.0,9.889862857142859,9889.862857142858
seasonal_naive,2025-09-05,cup_cold,pcs,533.7885714285713,0.0,86.52000000000001,0.0,447.2685714285713,200.0,500.0,0.0,1000.0,2.2363428571428567,2236.3428571428567
seasonal_naive,2025-09-06,coffee_beans,g,43404.69714285716,7000.0,6859.799999999999,0.0,43544.89714285716,5000.0,22000.0,0.0,6000.0,52.25387657142859,52253.87657142859
seasonal_naive,2025-09-06,milk,ml,123224.5,66000.0,70213.5,0.0,119011.0,54000.0,54000.0,0.0,3240.0,7.14066,7140.66
seasonal_naive,2025-09-06,sugar,g,19648.761428571426,5000.0,3942.8400000000006,0.0,20705.921428571426,0.0,6000.0,0.0,0.0,0.9317664642857142,931.7664642857142
seasonal_naive,2025-09-06,chocolate_syrup,ml,7338.857142857138,1500.0,1310.4,0.0,7528.457142857138,0.0,2500.0,0.0,0.0,2.2585371428571412,2258.537142857141
seasonal_naive,2025-09-06,tea_leaves,g,2098.5314285714285,0.0,374.92,0.0,1723.6114285714282,0.0,1000.0,0.0,0.0,1.0341668571428568,1034.1668571428568
seasonal_naive,2025-09-06,ice,g,44032.79999999999,10000.0,10065.6,0.0,43967.19999999998,10000.0,10000.0,0.0,100.0,0.43967199999999984,439.67199999999985
seasonal_naive,2025-09-06,croissant_dough,pcs,8.399999999999956,60.0,68.04,0.0,0.3599999999999497,20.0,20.0,0.0,900.0,0.016199999999997737,16.199999999997736
seasonal_naive,2025-09-06,bread,pcs,1.079999999999984,90.0,89.04,0.0,2.039999999999978,70.0,70.0,0.0,560.0,0.016319999999999824,16.319999999999823
seasonal_naive,2025-09-06,cup_hot,pcs,2472.4657142857145,600.0,429.51000000000005,0.0,2642.9557142857147,0.0,1500.0,0.0,0.0,10.571822857142859,10571.822857142859
seasonal_naive,2025-09-06,cup_cold,pcs,447.2685714285713,200.0,88.58,0.0,558.6885714285713,0.0,300.0,0.0,0.0,2.7934428571428565,2793.4428571428566
seasonal_naive,2025-09-07,coffee_beans,g,43544.89714285716,10000.0,6748.5599999999995,0.0,46796.33714285716,16000.0,28000.0,0.0,19200.0,56.1556045714286,56155.604571428594
seasonal_naive,2025-09-07,milk,ml,119011.0,54000.0,64312.5,0.0,108698.5,119000.0,119000.0,0.0,7140.0,6.52191,6521.91
seasonal_naive,2025-09-07,sugar,g,20705.921428571426,6000.0,3739.9300000000003,0.0,22965.991428571426,14000.0,14000.0,0.0,630.0,1.0334696142857143,1033.4696142857142
seasonal_naive,2025-09-07,chocolate_syrup,ml,7528.457142857138,2500.0,998.4000000000001,0.0,9030.057142857138,1500.0,1500.0,0.0,450.0,2.7090171428571415,2709.0171428571416
seasonal_naive,2025-09-07,tea_leaves,g,1723.6114285714282,1000.0,259.56,0.0,2464.051428571428,2500.0,2500.0,0.0,1500.0,1.4784308571428566,1478.4308571428567
seasonal_naive,2025-09-07,ice,g,43967.19999999998,10000.0,16135.2,0.0,37831.999999999985,17000.0,17000.0,0.0,170.0,0.3783199999999999,378.3199999999999
seasonal_naive,2025-09-07,croissant_dough,pcs,0.3599999999999497,20.0,19.44,0.0,0.9199999999999484,40.0,40.0,0.0,1800.0,0.041399999999997675,41.399999999997675
seasonal_naive,2025-09-07,bread,pcs,2.039999999999978,70.0,69.96000000000001,0.0,2.07999999999997,90.0,90.0,0.0,720.0,0.01663999999999976,16.63999999999976
seasonal_naive,2025-09-07,cup_hot,pcs,2642.9557142857147,600.0,331.66,0.0,2911.2957142857144,1600.0,2500.0,0.0,6400.0,11.645182857142858,11645.182857142858
seasonal_naive,2025-09-07,cup_cold,pcs,558.6885714285713,100.0,141.11,0.0,517.5785714285713,300.0,500.0,0.0,1500.0,2.5878928571428563,2587.8928571428564
seasonal_naive,2025-09-08,coffee_beans,g,46796.33714285716,7000.0,5191.2,0.0,48605.13714285716,0.0,21000.0,0.0,0.0,58.32616457142859,58326.16457142859
seasonal_naive,2025-09-08,milk,ml,108698.5,119000.0,42147.0,0.0,185551.5,42000.0,42000.0,0.0,2520.0,11.133090000000001,11133.09
seasonal_naive,2025-09-08,sugar,g,22965.991428571426,0.0,2374.15,0.0,20591.841428571424,0.0,14000.0,0.0,0.0,0.9266328642857141,926.632864285714
seasonal_naive,2025-09-08,chocolate_syrup,ml,9030.057142857138,0.0,592.8000000000001,0.0,8437.257142857137,1500.0,3000.0,0.0,450.0,2.5311771428571412,2531.177142857141
seasonal_naive,2025-09-08,tea_leaves,g,2464.051428571428,0.0,201.88,0.0,2262.1714285714284,0.0,2500.0,0.0,0.0,1.357302857142857,1357.302857142857
seasonal_naive,2025-09-08,ice,g,37831.999999999985,17000.0,5983.200000000001,0.0,48848.79999999998,16000.0,16000.0,0.0,160.0,0.48848799999999987,488.48799999999983
seasonal_naive,2025-09-08,croissant_dough,pcs,0.9199999999999484,40.0,32.400000000000006,0.0,8.519999999999943,30.0,30.0,0.0,1350.0,0.3833999999999974,383.3999999999974
seasonal_naive,2025-09-08,bread,pcs,2.07999999999997,90.0,65.72,0.0,26.35999999999997,90.0,90.0,0.0,720.0,0.21087999999999976,210.87999999999977
seasonal_naive,2025-09-08,cup_hot,pcs,2911.2957142857144,0.0,304.88,0.0,2606.415714285715,0.0,2500.0,0.0,0.0,10.425662857142859,10425.66285714286
seasonal_naive,2025-09-08,cup_cold,pcs,517.5785714285713,0.0,53.56,0.0,464.01857142857136,0.0,500.0,0.0,0.0,2.320092857142857,2320.0928571428567
seasonal_naive,2025-09-09,coffee_beans,g,48605.13714285716,5000.0,6971.039999999999,0.0,46634.097142857165,10000.0,26000.0,0.0,12000.0,55.9609165714286,55960.9165714286
seasonal_naive,2025-09-09,milk,ml,185551.5,42000.0,62296.5,0.0,165255.0,44000.0,44000.0,0.0,2640.0,9.9153,9915.3
seasonal_naive,2025-09-09,sugar,g,20591.841428571424,14000.0,3459.7700000000004,0.0,31132.071428571428,5000.0,5000.0,0.0,225.0,1.4009432142857143,1400.9432142857142
seasonal_naive,2025-09-09,chocolate_syrup,ml,8437.257142857137,1500.0,998.4000000000001,0.0,8938.857142857138,1500.0,3000.0,0.0,450.0,2.681657142857141,2681.657142857141
seasonal_naive,2025-09-09,tea_leaves,g,2262.1714285714284,0.0,271.92,0.0,1990.2514285714283,0.0,2500.0,0.0,0.0,1.194150857142857,1194.150857142857
seasonal_naive,2025-09-09,ice,g,48848.79999999998,16000.0,11944.800000000001,0.0,52903.999999999985,6000.0,6000.0,0.0,60.0,0.5290399999999998,529.0399999999998
seasonal_naive,2025-09-09,croissant_dough,pcs,8.519999999999943,30.0,37.800000000000004,0.0,0.7199999999999385,30.0,30.0,0.0,1350.0,0.03239999999999724,32.399999999997235
seasonal_naive,2025-09-09,bread,pcs,26.35999999999997,90.0,97.52000000000001,0.0,18.83999999999996,80.0,80.0,0.0,640.0,0.1507199999999997,150.7199999999997
seasonal_naive,2025-09-09,cup_hot,pcs,2606.415714285715,900.0,385.22,0.0,3121.1957142857145,600.0,2200.0,0.0,2400.0,12.484782857142859,12484.782857142858
seasonal_naive,2025-09-09,cup_cold,pcs,464.01857142857136,200.0,103.0,0.0,561.0185714285714,0.0,300.0,0.0,0.0,2.805092857142857,2805.0928571428567
seasonal_naive,2025-09-10,coffee_beans,g,46634.097142857165,16000.0,5320.98,0.0,57313.11714285716,7000.0,17000.0,0.0,8400.0,68.77574057142859,68775.74057142859
seasonal_naive,2025-09-10,milk,ml,165255.0,44000.0,55639.5,0.0,153615.5,65000.0,65000.0,0.0,3900.0,9.21693,9216.93
seasonal_naive,2025-09-10,sugar,g,31132.071428571428,0.0,3015.84,0.0,28116.231428571424,0.0,5000.0,0.0,0.0,1.265230414285714,1265.230414285714
seasonal_naive,2025-09-10,chocolate_syrup,ml,8938.857142857138,1500.0,1248.0,0.0,9190.857142857138,0.0,1500.0,0.0,0.0,2.7572571428571413,2757.2571428571414
seasonal_naive,2025-09-10,tea_leaves,g,1990.2514285714283,2500.0,226.6,0.0,4263.651428571428,0.0,0.0,0.0,0.0,2.5581908571428573,2558.190857142857
seasonal_naive,2025-09-10,ice,g,52903.999999999985,6000.0,9460.800000000001,0.0,49443.19999999998,12000.0,12000.0,0.0,120.0,0.49443199999999987,494.43199999999985
seasonal_naive,2025-09-10,croissant_dough,pcs,0.7199999999999385,30.0,18.36,0.0,12.359999999999939,40.0,40.0,0.0,1800.0,0.5561999999999973,556.1999999999972
seasonal_naive,2025-09-10,bread,pcs,18.83999999999996,80.0,82.68,0.0,16.159999999999954,110.0,110.0,0.0,880.0,0.12927999999999965,129.27999999999963
seasonal_naive,2025-09-10,cup_hot,pcs,3121.1957142857145,0.0,312.09,0.0,2809.1057142857144,0.0,2200.0,0.0,0.0,11.236422857142857,11236.422857142858
seasonal_naive,2025-09-10,cup_cold,pcs,561.0185714285714,0.0,81.37,0.0,479.64857142857136,200.0,500.0,0.0,1000.0,2.398242857142857,2398.242857142857
seasonal_naive,2025-09-11,coffee_beans,g,57313.11714285716,0.0,5803.0199999999995,0.0,51510.097142857165,0.0,17000.0,0.0,0.0,61.8121165714286,61812.116571428596
seasonal_naive,2025-09-11,milk,ml,153615.5,65000.0,47533.5,0.0,171082.0,75000.0,75000.0,0.0,4500.0,10.26492,10264.92
seasonal_naive,2025-09-11,sugar,g,28116.231428571424,5000.0,2766.58,0.0,30349.651428571426,6000.0,6000.0,0.0,270.0,1.3657343142857141,1365.7343142857142
seasonal_naive,2025-09-11,chocolate_syrup,ml,9190.857142857138,1500.0,780.0000000000001,0.0,9910.857142857138,1500.0,1500.0,0.0,450.0,2.9732571428571415,2973.2571428571414
seasonal_naive,2025-09-11,tea_leaves,g,4263.651428571428,0.0,280.16,0.0,3983.4914285714285,0.0,0.0,0.0,0.0,2.390094857142857,2390.094857142857
seasonal_naive,2025-09-11,ice,g,49443.19999999998,12000.0,8510.400000000001,0.0,52932.79999999998,9000.0,9000.0,0.0,90.0,0.5293279999999999,529.3279999999999
seasonal_naive,2025-09-11,croissant_dough,pcs,12.359999999999939,40.0,36.72,0.0,15.63999999999994,20.0,20.0,0.0,900.0,0.7037999999999973,703.7999999999973
seasonal_naive,2025-09-11,bread,pcs,16.159999999999954,110.0,84.80000000000001,0.0,41.35999999999994,70.0,70.0,0.0,560.0,0.33087999999999956,330.87999999999954
seasonal_naive,2025-09-11,cup_hot,pcs,2809.1057142857144,1600.0,342.99,0.0,4066.1157142857146,700.0,1300.0,0.0,2800.0,16.26446285714286,16264.462857142858
seasonal_naive,2025-09-11,cup_cold,pcs,479.64857142857136,300.0,75.19,0.0,704.4585714285713,200.0,400.0,0.0,1000.0,3.5222928571428564,3522.2928571428565
seasonal_naive,2025-09-12,coffee_beans,g,51510.097142857165,10000.0,6322.139999999999,0.0,55187.957142857165,13000.0,20000.0,0.0,15600.0,66.22554857142859,66225.54857142859
seasonal_naive,2025-09-12,milk,ml,171082.0,75000.0,53056.5,20082.0,172943.5,62000.0,62000.0,1204.9199999999998,3720.0,10.37661,10376.609999999999
seasonal_naive,2025-09-12,sugar,g,30349.651428571426,0.0,3056.01,0.0,27293.641428571427,0.0,6000.0,0.0,0.0,1.228213864285714,1228.2138642857142
seasonal_naive,2025-09-12,chocolate_syrup,ml,9910.857142857138,0.0,592.8000000000001,0.0,9318.057142857138,0.0,1500.0,0.0,0.0,2.7954171428571413,2795.4171428571412
seasonal_naive,2025-09-12,tea_leaves,g,3983.4914285714285,0.0,247.20000000000002,0.0,3736.2914285714282,1000.0,1000.0,0.0,600.0,2.241774857142857,2241.774857142857
seasonal_naive,2025-09-12,ice,g,52932.79999999998,9000.0,8748.0,0.0,53184.79999999998,9000.0,9000.0,0.0,90.0,0.5318479999999999,531.8479999999998
seasonal_naive,2025-09-12,croissant_dough,pcs,15.63999999999994,20.0,35.639999999999944,0.0,0.0,60.0,60.0,0.0,2700.0,0.0,0.0
seasonal_naive,2025-09-12,bread,pcs,41.35999999999994,70.0,89.04,0.0,22.319999999999936,90.0,90.0,0.0,720.0,0.1785599999999995,178.5599999999995
seasonal_naive,2025-09-12,cup_hot,pcs,4066.1157142857146,0.0,355.35,0.0,3710.7657142857142,0.0,1300.0,0.0,0.0,14.843062857142858,14843.062857142857
seasonal_naive,2025-09-12,cup_cold,pcs,704.4585714285713,0.0,77.25,0.0,627.2085714285713,0.0,400.0,0.0,0.0,3.1360428571428565,3136.0428571428565
seasonal_naive,2025-09-13,coffee_beans,g,55187.957142857165,7000.0,5728.86,0.0,56459.097142857165,7000.0,20000.0,0.0,8400.0,67.75091657142859,67750.91657142859
seasonal_naive,2025-09-13,milk,ml,172943.5,62000.0,56658.0,0.0,178285.5,56000.0,56000.0,0.0,3360.0,10.69713,10697.13
seasonal_naive,2025-09-13,sugar,g,27293.641428571427,6000.0,3123.9900000000002,0.0,30169.651428571426,7000.0,7000.0,0.0,315.0,1.3576343142857141,1357.634314285714
seasonal_naive,2025-09-13,chocolate_syrup,ml,9318.057142857138,1500.0,1372.8000000000002,0.0,9445.257142857137,1500.0,1500.0,0.0,450.0,2.8335771428571412,2833.577142857141
seasonal_naive,2025-09-13,tea_leaves,g,3736.2914285714282,0.0,259.56,0.0,3476.7314285714283,0.0,1000.0,0.0,0.0,2.086038857142857,2086.038857142857
seasonal_naive,2025-09-13,ice,g,53184.79999999998,9000.0,9525.6,0.0,52659.19999999998,8000.0,8000.0,0.0,80.0,0.5265919999999998,526.5919999999999
seasonal_naive,2025-09-13,croissant_dough,pcs,0.0,60.0,34.56,0.0,25.439999999999998,40.0,40.0,0.0,1800.0,1.1448,1144.8
seasonal_naive,2025-09-13,bread,pcs,22.319999999999936,90.0,84.80000000000001,0.0,27.519999999999925,110.0,110.0,0.0,880.0,0.2201599999999994,220.1599999999994
seasonal_naive,2025-09-13,cup_hot,pcs,3710.7657142857142,600.0,345.05,0.0,3965.7157142857145,700.0,1400.0,0.0,2800.0,15.862862857142858,15862.862857142858
seasonal_naive,2025-09-13,cup_cold,pcs,627.2085714285713,0.0,83.43,0.0,543.7785714285714,0.0,400.0,0.0,0.0,2.718892857142857,2718.892857142857
seasonal_naive,2025-09-14,coffee_beans,g,56459.097142857165,0.0,7564.319999999999,0.0,48894.777142857165,0.0,20000.0,0.0,0.0,58.6737325714286,58673.7325714286
seasonal_naive,2025-09-14,milk,ml,178285.5,56000.0,68806.5,0.0,165479.0,0.0,0.0,0.0,0.0,9.92874,9928.74
seasonal_naive,2025-09-14,sugar,g,30169.651428571426,0.0,3932.54,0.0,26237.111428571425,0.0,7000.0,0.0,0.0,1.1806700142857143,1180.6700142857142
seasonal_naive,2025-09-14,chocolate_syrup,ml,9445.257142857137,0.0,1185.6000000000001,0.0,8259.657142857137,0.0,1500.0,0.0,0.0,2.477897142857141,2477.897142857141
seasonal_naive,2025-09-14,tea_leaves,g,3476.7314285714283,0.0,263.68,0.0,3213.051428571428,0.0,1000.0,0.0,0.0,1.9278308571428568,1927.8308571428568
seasonal_naive,2025-09-14,ice,g,52659.19999999998,8000.0,14126.400000000001,0.0,46532.79999999998,9000.0,9000.0,0.0,90.0,0.4653279999999998,465.3279999999998
seasonal_naive,2025-09-14,croissant_dough,pcs,25.439999999999998,40.0,46.440000000000005,0.0,18.999999999999993,0.0,0.0,0.0,0.0,0.8549999999999996,854.9999999999997
seasonal_naive,2025-09-14,bread,pcs,27.519999999999925,110.0,118.72,0.0,18.799999999999926,0.0,0.0,0.0,0.0,0.15039999999999942,150.3999999999994
seasonal_naive,2025-09-14,cup_hot,pcs,3965.7157142857145,0.0,398.61000000000007,0.0,3567.1057142857144,0.0,1400.0,0.0,0.0,14.268422857142857,14268.422857142858
seasonal_naive,2025-09-14,cup_cold,pcs,543.7785714285714,200.0,126.69,0.0,617.0885714285713,200.0,400.0,0.0,1000.0,3.0854428571428567,3085.4428571428566
seasonal_naive,2025-09-15,coffee_beans,g,48894.777142857165,13000.0,4987.26,0.0,56907.51714285716,0.0,7000.0,0.0,0.0,68.2890205714286,68289.0205714286
seasonal_naive,2025-09-15,milk,ml,165479.0,0.0,46840.5,0.0,118638.5,47000.0,47000.0,0.0,2820.0,7.118309999999999,7118.3099999999995
seasonal_naive,2025-09-15,sugar,g,26237.111428571425,7000.0,2605.9000000000005,0.0,30631.211428571423,0.0,0.0,0.0,0.0,1.378404514285714,1378.404514285714
seasonal_naive,2025-09-15,chocolate_syrup,ml,8259.657142857137,1500.0,873.6000000000001,0.0,8886.057142857138,0.0,0.0,0.0,0.0,2.6658171428571413,2665.8171428571413
seasonal_naive,2025-09-15,tea_leaves,g,3213.051428571428,1000.0,243.08,0.0,3969.971428571428,0.0,0.0,0.0,0.0,2.3819828571428565,2381.9828571428566
seasonal_naive,2025-09-15,ice,g,46532.79999999998,9000.0,7344.000000000001,0.0,48188.79999999998,14000.0,14000.0,0.0,140.0,0.4818879999999998,481.8879999999998
seasonal_naive,2025-09-15,croissant_dough,pcs,18.999999999999993,0.0,18.36,0.0,0.6399999999999935,40.0,40.0,0.0,1800.0,0.028799999999999708,28.799999999999706
seasonal_naive,2025-09-15,bread,pcs,18.799999999999926,0.0,16.96,0.0,1.8399999999999253,90.0,90.0,0.0,720.0,0.014719999999999402,14.719999999999402
seasonal_naive,2025-09-15,cup_hot,pcs,3567.1057142857144,700.0,302.82,0.0,3964.2857142857147,0.0,700.0,0.0,0.0,15.85714285714286,15857.142857142859
seasonal_naive,2025-09-15,cup_cold,pcs,617.0885714285713,200.0,63.86,0.0,753.2285714285713,0.0,200.0,0.0,0.0,3.7661428571428566,3766.1428571428564
seasonal_naive,2025-09-16,coffee_beans,g,56907.51714285716,7000.0,4356.9,0.0,59550.61714285717,0.0,0.0,0.0,0.0,71.4607405714286,71460.7405714286
seasonal_naive,2025-09-16,milk,ml,118638.5,47000.0,43701.0,638.5,121299.0,56000.0,56000.0,38.309999999999995,3360.0,7.27794,7277.94
seasonal_naive,2025-09-16,sugar,g,30631.211428571423,0.0,2269.09,0.0,28362.121428571423,0.0,0.0,0.0,0.0,1.276295464285714,1276.295464285714
seasonal_naive,2025-09-16,chocolate_syrup,ml,8886.057142857138,0.0,1279.2,0.0,7606.857142857138,1500.0,1500.0,0.0,450.0,2.2820571428571412,2282.057142857141
seasonal_naive,2025-09-16,tea_leaves,g,3969.971428571428,0.0,214.24,0.0,3755.7314285714283,0.0,0.0,0.0,0.0,2.2534388571428567,2253.4388571428567
seasonal_naive,2025-09-16,ice,g,48188.79999999998,14000.0,4860.0,0.0,57328.79999999998,8000.0,8000.0,0.0,80.0,0.5732879999999998,573.2879999999998
seasonal_naive,2025-09-16,croissant_dough,pcs,0.6399999999999935,40.0,32.400000000000006,0.6399999999999935,7.599999999999994,10.0,10.0,28.799999999999706,450.0,0.3419999999999998,341.9999999999998
seasonal_naive,2025-09-16,bread,pcs,1.8399999999999253,90.0,69.96000000000001,1.8399999999999253,20.039999999999992,80.0,80.0,14.719999999999402,640.0,0.16031999999999993,160.31999999999994
seasonal_naive,2025-09-16,cup_hot,pcs,3964.2857142857147,0.0,296.64000000000004,0.0,3667.6457142857143,0.0,700.0,0.0,0.0,14.670582857142858,14670.582857142857
seasonal_naive,2025-09-16,cup_cold,pcs,753.2285714285713,0.0,41.2,0.0,712.0285714285712,0.0,200.0,0.0,0.0,3.560142857142856,3560.142857142856
seasonal_naive,2025-09-17,coffee_beans,g,59550.61714285717,0.0,5710.32,0.0,53840.29714285716,0.0,0.0,0.0,0.0,64.6083565714286,64608.356571428594
seasonal_naive,2025-09-17,milk,ml,121299.0,56000.0,55723.5,18299.0,103276.5,57000.0,57000.0,1097.94,3420.0,6.1965900000000005,6196.59
seasonal_naive,2025-09-17,sugar,g,28362.121428571423,0.0,3212.57,0.0,25149.551428571423,0.0,0.0,0.0,0.0,1.131729814285714,1131.729814285714
seasonal_naive,2025-09-17,chocolate_syrup,ml,7606.857142857138,0.0,1185.6000000000001,0.0,6421.257142857137,0.0,1500.0,0.0,0.0,1.926377142857141,1926.377142857141
seasonal_naive,2025-09-17,tea_leaves,g,3755.7314285714283,0.0,329.6,0.0,3426.131428571428,0.0,0.0,0.0,0.0,2.0556788571428566,2055.6788571428565
seasonal_naive,2025-09-17,ice,g,57328.79999999998,8000.0,10303.2,0.0,55025.59999999998,4000.0,4000.0,0.0,40.0,0.5502559999999997,550.2559999999997
seasonal_naive,2025-09-17,croissant_dough,pcs,7.599999999999994,10.0,17.28,0.0,0.3199999999999932,30.0,30.0,0.0,1350.0,0.014399999999999693,14.399999999999693
seasonal_naive,2025-09-17,bread,pcs,20.039999999999992,80.0,84.80000000000001,0.0,15.23999999999998,60.0,60.0,0.0,480.0,0.12191999999999985,121.91999999999985
seasonal_naive,2025-09-17,cup_hot,pcs,3667.6457142857143,700.0,349.1700000000001,0.0,4018.4757142857147,0.0,0.0,0.0,0.0,16.07390285714286,16073.902857142859
seasonal_naive,2025-09-17,cup_cold,pcs,712.0285714285712,0.0,89.61,0.0,622.4185714285713,200.0,400.0,0.0,1000.0,3.1120928571428568,3112.0928571428567
seasonal_naive,2025-09-18,coffee_beans,g,53840.29714285716,0.0,6340.68,0.0,47499.61714285717,12000.0,12000.0,0.0,14400.0,56.999540571428604,56999.5405714286
seasonal_naive,2025-09-18,milk,ml,103276.5,57000.0,58863.0,276.5,101137.0,64000.0,64000.0,16.59,3840.0,6.068219999999999,6068.219999999999
seasonal_naive,2025-09-18,sugar,g,25149.551428571423,0.0,3142.53,0.0,22007.021428571425,6000.0,6000.0,0.0,270.0,0.990315964285714,990.315964285714
seasonal_naive,2025-09-18,chocolate_syrup,ml,6421.257142857137,1500.0,1310.4,0.0,6610.857142857137,2000.0,2000.0,0.0,600.0,1.983257142857141,1983.257142857141
seasonal_naive,2025-09-18,tea_leaves,g,3426.131428571428,0.0,234.84,0.0,3191.291428571428,0.0,0.0,0.0,0.0,1.9147748571428564,1914.7748571428565
seasonal_naive,2025-09-18,ice,g,55025.59999999998,4000.0,8186.400000000001,0.0,50839.19999999998,11000.0,11000.0,0.0,110.0,0.5083919999999998,508.3919999999998
seasonal_naive,2025-09-18,croissant_dough,pcs,0.3199999999999932,30.0,30.240000000000002,0.0,0.07999999999999119,40.0,40.0,0.0,1800.0,0.0035999999999996035,3.5999999999996035
seasonal_naive,2025-09-18,bread,pcs,15.23999999999998,60.0,74.2,0.0,1.0399999999999778,80.0,80.0,0.0,640.0,0.008319999999999822,8.319999999999823
seasonal_naive,2025-09-18,cup_hot,pcs,4018.4757142857147,0.0,381.09999999999997,0.0,3637.375714285715,0.0,0.0,0.0,0.0,14.54950285714286,14549.50285714286
seasonal_naive,2025-09-18,cup_cold,pcs,622.4185714285713,200.0,73.13,0.0,749.2885714285713,0.0,200.0,0.0,0.0,3.7464428571428567,3746.4428571428566
seasonal_naive,2025-09-19,coffee_beans,g,47499.61714285717,0.0,7193.52,0.0,40306.097142857165,7000.0,19000.0,0.0,8400.0,48.367316571428596,48367.31657142859
seasonal_naive,2025-09-19,milk,ml,101137.0,64000.0,72775.5,0.0,92361.5,54000.0,54000.0,0.0,3240.0,5.54169,5541.69
seasonal_naive,2025-09-19,sugar,g,22007.021428571425,0.0,3881.0400000000004,0.0,18125.981428571424,0.0,6000.0,0.0,0.0,0.815669164285714,815.669164285714
seasonal_naive,2025-09-19,chocolate_syrup,ml,6610.857142857137,0.0,1903.2000000000003,0.0,4707.657142857137,2000.0,4000.0,0.0,600.0,1.4122971428571411,1412.2971428571411
seasonal_naive,2025-09-19,tea_leaves,g,3191.291428571428,0.0,358.44,0.0,2832.8514285714277,0.0,0.0,0.0,0.0,1.6997108571428567,1699.7108571428566
seasonal_naive,2025-09-19,ice,g,50839.19999999998,11000.0,9460.800000000001,0.0,52378.39999999998,8000.0,8000.0,0.0,80.0,0.5237839999999998,523.7839999999998
seasonal_naive,2025-09-19,croissant_dough,pcs,0.07999999999999119,40.0,39.96,0.0,0.11999999999999034,30.0,30.0,0.0,1350.0,0.005399999999999565,5.399999999999565
seasonal_naive,2025-09-19,bread,pcs,1.0399999999999778,80.0,69.96000000000001,0.0,11.07999999999997,80.0,80.0,0.0,640.0,0.08863999999999976,88.63999999999976
seasonal_naive,2025-09-19,cup_hot,pcs,3637.375714285715,0.0,470.71000000000004,0.0,3166.665714285715,700.0,700.0,0.0,2800.0,12.666662857142859,12666.66285714286
seasonal_naive,2025-09-19,cup_cold,pcs,749.2885714285713,0.0,81.37,0.0,667.9185714285713,200.0,400.0,0.0,1000.0,3.339592857142857,3339.5928571428567
seasonal_naive,2025-09-20,coffee_beans,g,40306.097142857165,0.0,6285.06,0.0,34021.03714285717,6000.0,25000.0,0.0,7200.0,40.8252445714286,40825.2445714286
seasonal_naive,2025-09-20,milk,ml,92361.5,54000.0,66328.5,0.0,80033.0,79000.0,79000.0,0.0,4740.0,4.8019799999999995,4801.98
seasonal_naive,2025-09-20,sugar,g,18125.981428571424,6000.0,3542.17,0.0,20583.811428571422,8000.0,8000.0,0.0,360.0,0.926271514285714,926.2715142857139
seasonal_naive,2025-09-20,chocolate_syrup,ml,4707.657142857137,2000.0,1903.2000000000003,0.0,4804.457142857136,2000.0,4000.0,0.0,600.0,1.4413371428571409,1441.3371428571409
seasonal_naive,2025-09-20,tea_leaves,g,2832.8514285714277,0.0,280.16,0.0,2552.6914285714274,0.0,0.0,0.0,0.0,1.5316148571428565,1531.6148571428564
seasonal_naive,2025-09-20,ice,g,52378.39999999998,8000.0,10476.0,0.0,49902.39999999998,9000.0,9000.0,0.0,90.0,0.49902399999999986,499.02399999999983
seasonal_naive,2025-09-20,croissant_dough,pcs,0.11999999999999034,30.0,29.160000000000004,0.0,0.9599999999999866,30.0,30.0,0.0,1350.0,0.0431999999999994,43.1999999999994
seasonal_naive,2025-09-20,bread,pcs,11.07999999999997,80.0,89.04,0.0,2.0399999999999636,60.0,60.0,0.0,480.0,0.01631999999999971,16.31999999999971
seasonal_naive,2025-09-20,cup_hot,pcs,3166.665714285715,0.0,390.37000000000006,0.0,2776.2957142857144,0.0,700.0,0.0,0.0,11.105182857142857,11105.182857142858
seasonal_naive,2025-09-20,cup_cold,pcs,667.9185714285713,0.0,91.67,0.0,576.2485714285713,0.0,400.0,0.0,0.0,2.8812428571428566,2881.2428571428563
seasonal_naive,2025-09-21,coffee_beans,g,34021.03714285717,12000.0,8157.6,0.0,37863.43714285717,7000.0,20000.0,0.0,8400.0,45.4361245714286,45436.1245714286
seasonal_naive,2025-09-21,milk,ml,80033.0,79000.0,63556.5,0.0,95476.5,58000.0,58000.0,0.0,3480.0,5.7285900000000005,5728.59
seasonal_naive,2025-09-21,sugar,g,20583.811428571422,0.0,3552.47,0.0,17031.341428571424,4000.0,12000.0,0.0,180.0,0.7664103642857141,766.4103642857141
seasonal_naive,2025-09-21,chocolate_syrup,ml,4804.457142857136,2000.0,967.2,0.0,5837.257142857136,4500.0,6500.0,0.0,1350.0,1.7511771428571408,1751.1771428571408
seasonal_naive,2025-09-21,tea_leaves,g,2552.6914285714274,0.0,276.04,0.0,2276.6514285714275,1000.0,1000.0,0.0,600.0,1.3659908571428565,1365.9908571428564
seasonal_naive,2025-09-21,ice,g,49902.39999999998,9000.0,9871.2,0.0,49031.199999999975,8000.0,8000.0,0.0,80.0,0.4903119999999998,490.3119999999998
seasonal_naive,2025-09-21,croissant_dough,pcs,0.9599999999999866,30.0,30.240000000000002,0.0,0.7199999999999847,40.0,40.0,0.0,1800.0,0.03239999999999931,32.39999999999931
seasonal_naive,2025-09-21,bread,pcs,2.0399999999999636,60.0,61.480000000000004,0.0,0.5599999999999596,50.0,50.0,0.0,400.0,0.004479999999999677,4.479999999999677
seasonal_naive,2025-09-21,cup_hot,pcs,2776.2957142857144,0.0,467.62,0.0,2308.6757142857145,1000.0,1700.0,0.0,4000.0,9.234702857142858,9234.702857142858
seasonal_naive,2025-09-21,cup_cold,pcs,576.2485714285713,200.0,86.52000000000001,0.0,689.7285714285713,0.0,200.0,0.0,0.0,3.4486428571428567,3448.6428571428564
seasonal_naive,2025-09-22,coffee_beans,g,37863.43714285717,7000.0,4987.259999999999,0.0,39876.17714285717,6000.0,19000.0,0.0,7200.0,47.8514125714286,47851.4125714286
seasonal_naive,2025-09-22,milk,ml,95476.5,58000.0,55062.0,0.0,98414.5,53000.0,53000.0,0.0,3180.0,5.90487,5904.87
seasonal_naive,2025-09-22,sugar,g,17031.341428571424,8000.0,3281.58,0.0,21749.761428571423,0.0,4000.0,0.0,0.0,0.978739264285714,978.739264285714
seasonal_naive,2025-09-22,chocolate_syrup,ml,5837.257142857136,2000.0,1248.0,0.0,6589.257142857136,0.0,4500.0,0.0,0.0,1.976777142857141,1976.777142857141
seasonal_naive,2025-09-22,tea_leaves,g,2276.6514285714275,0.0,350.2,0.0,1926.4514285714276,0.0,1000.0,0.0,0.0,1.1558708571428564,1155.8708571428565
seasonal_naive,2025-09-22,ice,g,49031.199999999975,8000.0,10540.800000000001,0.0,46490.39999999997,11000.0,11000.0,0.0,110.0,0.4649039999999997,464.9039999999997
seasonal_naive,2025-09-22,croissant_dough,pcs,0.7199999999999847,40.0,39.96,0.0,0.7599999999999838,30.0,30.0,0.0,1350.0,0.03419999999999927,34.19999999999927
seasonal_naive,2025-09-22,bread,pcs,0.5599999999999596,50.0,48.760000000000005,0.0,1.7999999999999545,60.0,60.0,0.0,480.0,0.014399999999999637,14.399999999999636
seasonal_naive,2025-09-22,cup_hot,pcs,2308.6757142857145,0.0,311.06,0.0,1997.6157142857146,0.0,1700.0,0.0,0.0,7.990462857142859,7990.462857142858
seasonal_naive,2025-09-22,cup_cold,pcs,689.7285714285713,0.0,94.76,0.0,594.9685714285713,0.0,200.0,0.0,0.0,2.974842857142857,2974.8428571428567
seasonal_naive,2025-09-23,coffee_beans,g,39876.17714285717,6000.0,5895.719999999999,0.0,39980.457142857165,6000.0,19000.0,0.0,7200.0,47.976548571428594,47976.5485714286
seasonal_naive,2025-09-23,milk,ml,98414.5,53000.0,56406.0,0.0,95008.5,83000.0,83000.0,0.0,4980.0,5.70051,5700.51
seasonal_naive,2025-09-23,sugar,g,21749.761428571423,4000.0,3297.0299999999997,0.0,22452.731428571424,6000.0,6000.0,0.0,270.0,1.010372914285714,1010.372914285714
seasonal_naive,2025-09-23,chocolate_syrup,ml,6589.257142857136,4500.0,1185.6000000000001,0.0,9903.657142857137,2500.0,2500.0,0.0,750.0,2.971097142857141,2971.097142857141
seasonal_naive,2025-09-23,tea_leaves,g,1926.4514285714276,0.0,407.88,0.0,1518.5714285714275,0.0,1000.0,0.0,0.0,0.9111428571428566,911.1428571428565
seasonal_naive,2025-09-23,ice,g,46490.39999999997,11000.0,8143.200000000001,0.0,49347.199999999975,9000.0,9000.0,0.0,90.0,0.49347199999999974,493.47199999999975
seasonal_naive,2025-09-23,croissant_dough,pcs,0.7599999999999838,30.0,30.240000000000002,0.0,0.5199999999999818,40.0,40.0,0.0,1800.0,0.023399999999999182,23.39999999999918
seasonal_naive,2025-09-23,bread,pcs,1.7999999999999545,60.0,61.480000000000004,0.0,0.31999999999995055,80.0,80.0,0.0,640.0,0.0025599999999996043,2.5599999999996044
seasonal_naive,2025-09-23,cup_hot,pcs,1997.6157142857146,700.0,397.58000000000004,0.0,2300.0357142857147,900.0,1900.0,0.0,3600.0,9.20014285714286,9200.142857142859
seasonal_naive,2025-09-23,cup_cold,pcs,594.9685714285713,200.0,71.07,0.0,723.8985714285714,200.0,200.0,0.0,1000.0,3.619492857142857,3619.492857142857
seasonal_naive,2025-09-24,coffee_beans,g,39980.457142857165,7000.0,6136.74,0.0,40843.71714285717,9000.0,21000.0,0.0,10800.0,49.012460571428605,49012.4605714286
seasonal_naive,2025-09-24,milk,ml,95008.5,83000.0,61141.5,0.0,116867.0,77000.0,77000.0,0.0,4620.0,7.01202,7012.0199999999995
seasonal_naive,2025-09-24,sugar,g,22452.731428571424,0.0,3221.84,0.0,19230.891428571424,4000.0,10000.0,0.0,180.0,0.8653901142857141,865.390114285714
seasonal_naive,2025-09-24,chocolate_syrup,ml,9903.657142857137,0.0,2028.0000000000002,0.0,7875.657142857136,0.0,2500.0,0.0,0.0,2.3626971428571406,2362.6971428571405
seasonal_naive,2025-09-24,tea_leaves,g,1518.5714285714275,1000.0,271.92,0.0,2246.6514285714275,1000.0,1000.0,0.0,600.0,1.3479908571428565,1347.9908571428564
seasonal_naive,2025-09-24,ice,g,49347.199999999975,9000.0,6825.6,0.0,51521.59999999998,8000.0,8000.0,0.0,80.0,0.5152159999999998,515.2159999999998
seasonal_naive,2025-09-24,croissant_dough,pcs,0.5199999999999818,40.0,39.96,0.0,0.559999999999981,30.0,30.0,0.0,1350.0,0.025199999999999143,25.199999999999143
seasonal_naive,2025-09-24,bread,pcs,0.31999999999995055,80.0,78.44,0.0,1.8799999999999528,70.0,70.0,0.0,560.0,0.015039999999999623,15.039999999999623
seasonal_naive,2025-09-24,cup_hot,pcs,2300.0357142857147,0.0,416.12,0.0,1883.9157142857146,0.0,1900.0,0.0,0.0,7.535662857142858,7535.662857142858
seasonal_naive,2025-09-24,cup_cold,pcs,723.8985714285714,0.0,59.74,0.0,664.1585714285713,100.0,300.0,0.0,500.0,3.3207928571428567,3320.7928571428565
seasonal_naive,2025-09-25,coffee_beans,g,40843.71714285717,6000.0,4709.16,0.0,42134.55714285717,7000.0,22000.0,0.0,8400.0,50.561468571428605,50561.4685714286
seasonal_naive,2025-09-25,milk,ml,116867.0,77000.0,45297.0,0.0,148570.0,74000.0,74000.0,0.0,4440.0,8.9142,8914.199999999999
seasonal_naive,2025-09-25,sugar,g,19230.891428571424,6000.0,2488.4800000000005,0.0,22742.411428571424,4000.0,8000.0,0.0,180.0,1.023408514285714,1023.4085142857141
seasonal_naive,2025-09-25,chocolate_syrup,ml,7875.657142857136,2500.0,967.2,0.0,9408.457142857136,4000.0,4000.0,0.0,1200.0,2.822537142857141,2822.5371428571407
seasonal_naive,2025-09-25,tea_leaves,g,2246.6514285714275,0.0,201.88,0.0,2044.7714285714276,0.0,1000.0,0.0,0.0,1.2268628571428566,1226.8628571428565
seasonal_naive,2025-09-25,ice,g,51521.59999999998,8000.0,7646.400000000001,0.0,51875.19999999997,7000.0,7000.0,0.0,70.0,0.5187519999999998,518.7519999999997
seasonal_naive,2025-09-25,croissant_dough,pcs,0.559999999999981,30.0,30.240000000000002,0.0,0.31999999999997897,40.0,40.0,0.0,1800.0,0.014399999999999054,14.399999999999054
seasonal_naive,2025-09-25,bread,pcs,1.8799999999999528,70.0,69.96000000000001,0.0,1.9199999999999449,60.0,60.0,0.0,480.0,0.01535999999999956,15.359999999999559
seasonal_naive,2025-09-25,cup_hot,pcs,1883.9157142857146,1000.0,277.07000000000005,0.0,2606.8457142857146,1000.0,1900.0,0.0,4000.0,10.42738285714286,10427.382857142858
seasonal_naive,2025-09-25,cup_cold,pcs,664.1585714285713,0.0,66.95,0.0,597.2085714285713,100.0,400.0,0.0,500.0,2.9860428571428566,2986.0428571428565
seasonal_naive,2025-09-26,coffee_beans,g,42134.55714285717,6000.0,6637.32,0.0,41497.23714285717,0.0,16000.0,0.0,0.0,49.79668457142861,49796.6845714286
seasonal_naive,2025-09-26,milk,ml,148570.0,74000.0,53560.5,0.0,169009.5,34000.0,34000.0,0.0,2040.0,10.14057,10140.57
seasonal_naive,2025-09-26,sugar,g,22742.411428571424,4000.0,3065.2799999999997,0.0,23677.13142857142,0.0,4000.0,0.0,0.0,1.065470914285714,1065.470914285714
seasonal_naive,2025-09-26,chocolate_syrup,ml,9408.457142857136,0.0,592.8000000000001,0.0,8815.657142857137,1500.0,5500.0,0.0,450.0,2.644697142857141,2644.697142857141
seasonal_naive,2025-09-26,tea_leaves,g,2044.7714285714276,0.0,288.40000000000003,0.0,1756.3714285714277,0.0,1000.0,0.0,0.0,1.0538228571428565,1053.8228571428565
seasonal_naive,2025-09-26,ice,g,51875.19999999997,7000.0,8553.6,0.0,50321.59999999998,8000.0,8000.0,0.0,80.0,0.5032159999999998,503.2159999999998
seasonal_naive,2025-09-26,croissant_dough,pcs,0.31999999999997897,40.0,35.64,0.0,4.679999999999978,40.0,40.0,0.0,1800.0,0.21059999999999904,210.59999999999903
seasonal_naive,2025-09-26,bread,pcs,1.9199999999999449,60.0,61.480000000000004,0.0,0.4399999999999409,110.0,110.0,0.0,880.0,0.003519999999999527,3.519999999999527
seasonal_naive,2025-09-26,cup_hot,pcs,2606.8457142857146,0.0,386.25000000000006,0.0,2220.5957142857146,0.0,1900.0,0.0,0.0,8.882382857142858,8882.382857142858
seasonal_naive,2025-09-26,cup_cold,pcs,597.2085714285713,0.0,74.16,0.0,523.0485714285713,0.0,400.0,0.0,0.0,2.615242857142857,2615.242857142857
seasonal_naive,2025-09-27,coffee_beans,g,41497.23714285717,9000.0,6618.78,0.0,43878.457142857165,10000.0,17000.0,0.0,12000.0,52.6541485714286,52654.148571428595
seasonal_naive,2025-09-27,milk,ml,169009.5,34000.0,56931.0,0.0,146078.5,24000.0,24000.0,0.0,1440.0,8.76471,8764.71
seasonal_naive,2025-09-27,sugar,g,23677.13142857142,4000.0,3379.4300000000003,0.0,24297.701428571425,6000.0,6000.0,0.0,270.0,1.093396564285714,1093.396564285714
seasonal_naive,2025-09-27,chocolate_syrup,ml,8815.657142857137,4000.0,1060.8000000000002,0.0,11754.857142857136,0.0,1500.0,0.0,0.0,3.526457142857141,3526.4571428571408
seasonal_naive,2025-09-27,tea_leaves,g,1756.3714285714277,1000.0,321.36,0.0,2435.0114285714276,0.0,0.0,0.0,0.0,1.4610068571428565,1461.0068571428565
seasonal_naive,2025-09-27,ice,g,50321.59999999998,8000.0,10864.800000000001,0.0,47456.799999999974,8000.0,8000.0,0.0,80.0,0.47456799999999977,474.56799999999976
seasonal_naive,2025-09-27,croissant_dough,pcs,4.679999999999978,40.0,44.28,0.0,0.39999999999997726,40.0,40.0,0.0,1800.0,0.01799999999999898,17.999999999998977
seasonal_naive,2025-09-27,bread,pcs,0.4399999999999409,110.0,110.24000000000001,0.0,0.1999999999999318,110.0,110.0,0.0,880.0,0.0015999999999994543,1.5999999999994543
seasonal_naive,2025-09-27,cup_hot,pcs,2220.5957142857146,900.0,385.22,0.0,2735.3757142857144,0.0,1000.0,0.0,0.0,10.941502857142858,10941.502857142857
seasonal_naive,2025-09-27,cup_cold,pcs,523.0485714285713,200.0,97.85000000000001,0.0,625.1985714285713,100.0,300.0,0.0,500.0,3.1259928571428564,3125.9928571428563
seasonal_naive,2025-09-28,coffee_beans,g,43878.457142857165,7000.0,8324.46,0.0,42553.99714285717,7000.0,17000.0,0.0,8400.0,51.0647965714286,51064.796571428604
seasonal_naive,2025-09-28,milk,ml,146078.5,24000.0,72880.5,0.0,97198.0,66000.0,66000.0,0.0,3960.0,5.83188,5831.88
seasonal_naive,2025-09-28,sugar,g,24297.701428571425,0.0,4036.57,0.0,20261.131428571425,0.0,6000.0,0.0,0.0,0.9117509142857141,911.7509142857141
seasonal_naive,2025-09-28,chocolate_syrup,ml,11754.857142857136,1500.0,1341.6000000000001,0.0,11913.257142857135,0.0,0.0,0.0,0.0,3.573977142857141,3573.9771428571407
seasonal_naive,2025-09-28,tea_leaves,g,2435.0114285714276,0.0,280.16,0.0,2154.8514285714273,1500.0,1500.0,0.0,900.0,1.2929108571428563,1292.9108571428562
seasonal_naive,2025-09-28,ice,g,47456.799999999974,8000.0,13068.0,0.0,42388.799999999974,7000.0,7000.0,0.0,70.0,0.42388799999999976,423.88799999999975
seasonal_naive,2025-09-28,croissant_dough,pcs,0.39999999999997726,40.0,39.96,0.0,0.4399999999999764,40.0,40.0,0.0,1800.0,0.01979999999999894,19.79999999999894
seasonal_naive,2025-09-28,bread,pcs,0.1999999999999318,110.0,80.56,0.0,29.63999999999993,20.0,20.0,0.0,160.0,0.23711999999999944,237.11999999999944
seasonal_naive,2025-09-28,cup_hot,pcs,2735.3757142857144,0.0,463.50000000000006,0.0,2271.875714285715,900.0,1900.0,0.0,3600.0,9.087502857142859,9087.50285714286
seasonal_naive,2025-09-28,cup_cold,pcs,625.1985714285713,100.0,113.3,0.0,611.8985714285714,0.0,200.0,0.0,0.0,3.059492857142857,3059.492857142857
seasonal_naive,2025-09-29,coffee_beans,g,42553.99714285717,0.0,5450.76,0.0,37103.23714285717,6000.0,23000.0,0.0,7200.0,44.52388457142861,44523.88457142861
seasonal_naive,2025-09-29,milk,ml,97198.0,66000.0,56374.5,0.0,106823.5,55000.0,55000.0,0.0,3300.0,6.40941,6409.41
seasonal_naive,2025-09-29,sugar,g,20261.131428571425,6000.0,3213.6000000000004,0.0,23047.531428571423,5000.0,5000.0,0.0,225.0,1.037138914285714,1037.138914285714
seasonal_naive,2025-09-29,chocolate_syrup,ml,11913.257142857135,0.0,904.8000000000001,0.0,11008.457142857136,0.0,0.0,0.0,0.0,3.302537142857141,3302.5371428571407
seasonal_naive,2025-09-29,tea_leaves,g,2154.8514285714273,0.0,280.16,0.0,1874.6914285714274,0.0,1500.0,0.0,0.0,1.1248148571428565,1124.8148571428565
seasonal_naive,2025-09-29,ice,g,42388.799999999974,7000.0,11059.2,0.0,38329.59999999997,13000.0,13000.0,0.0,130.0,0.3832959999999997,383.2959999999997
seasonal_naive,2025-09-29,croissant_dough,pcs,0.4399999999999764,40.0,24.840000000000003,0.0,15.599999999999973,40.0,40.0,0.0,1800.0,0.7019999999999987,701.9999999999987
seasonal_naive,2025-09-29,bread,pcs,29.63999999999993,20.0,48.760000000000005,0.0,0.8799999999999244,80.0,80.0,0.0,640.0,0.007039999999999396,7.039999999999395
seasonal_naive,2025-09-29,cup_hot,pcs,2271.875714285715,1000.0,305.91,0.0,2965.9657142857145,0.0,900.0,0.0,0.0,11.863862857142859,11863.862857142858
seasonal_naive,2025-09-29,cup_cold,pcs,611.8985714285714,100.0,96.82,0.0,615.0785714285713,200.0,300.0,0.0,1000.0,3.0753928571428566,3075.3928571428564
seasonal_naive,2025-09-30,coffee_beans,g,37103.23714285717,10000.0,5858.64,0.0,41244.59714285717,0.0,13000.0,0.0,0.0,49.49351657142861,49493.516571428605
seasonal_naive,2025-09-30,milk,ml,106823.5,55000.0,53256.0,0.0,108567.5,54000.0,54000.0,0.0,3240.0,6.51405,6514.05
seasonal_naive,2025-09-30,sugar,g,23047.531428571423,0.0,3068.3700000000003,0.0,19979.161428571424,4000.0,9000.0,0.0,180.0,0.899062264285714,899.062264285714
seasonal_naive,2025-09-30,chocolate_syrup,ml,11008.457142857136,0.0,686.4000000000001,0.0,10322.057142857135,1500.0,1500.0,0.0,450.0,3.09661714285714,3096.61714285714
seasonal_naive,2025-09-30,tea_leaves,g,1874.6914285714274,0.0,292.52,0.0,1582.1714285714274,0.0,1500.0,0.0,0.0,0.9493028571428564,949.3028571428564
seasonal_naive,2025-09-30,ice,g,38329.59999999997,13000.0,10173.600000000002,0.0,41155.99999999997,11000.0,11000.0,0.0,110.0,0.4115599999999997,411.5599999999997
seasonal_naive,2025-09-30,croissant_dough,pcs,15.599999999999973,40.0,31.32,0.0,24.279999999999973,30.0,30.0,0.0,1350.0,1.092599999999999,1092.5999999999988
seasonal_naive,2025-09-30,bread,pcs,0.8799999999999244,80.0,80.56,0.0,0.3199999999999221,80.0,80.0,0.0,640.0,0.002559999999999377,2.559999999999377
seasonal_naive,2025-09-30,cup_hot,pcs,2965.9657142857145,0.0,332.69,0.0,2633.2757142857145,700.0,1600.0,0.0,2800.0,10.533102857142858,10533.102857142858
seasonal_naive,2025-09-30,cup_cold,pcs,615.0785714285713,0.0,88.58000000000001,0.0,526.4985714285713,0.0,300.0,0.0,0.0,2.6324928571428563,2632.4928571428563
seasonal_naive,2025-10-01,coffee_beans,g,41244.59714285717,7000.0,6896.879999999999,0.0,41347.717142857175,12000.0,18000.0,0.0,14400.0,49.61726057142861,49617.26057142861
seasonal_naive,2025-10-01,milk,ml,108567.5,54000.0,54663.0,0.0,107904.5,54000.0,54000.0,0.0,3240.0,6.47427,6474.2699999999995
seasonal_naive,2025-10-01,sugar,g,19979.161428571424,5000.0,3175.4900000000002,0.0,21803.671428571422,0.0,4000.0,0.0,0.0,0.981165214285714,981.165214285714
seasonal_naive,2025-10-01,chocolate_syrup,ml,10322.057142857135,0.0,811.2,0.0,9510.857142857134,0.0,1500.0,0.0,0.0,2.85325714285714,2853.25714285714
seasonal_naive,2025-10-01,tea_leaves,g,1582.1714285714274,1500.0,230.72,0.0,2851.4514285714276,0.0,0.0,0.0,0.0,1.7108708571428566,1710.8708571428565
seasonal_naive,2025-10-01,ice,g,41155.99999999997,11000.0,11944.800000000001,0.0,40211.19999999997,10000.0,10000.0,0.0,100.0,0.4021119999999997,402.1119999999997
seasonal_naive,2025-10-01,croissant_dough,pcs,24.279999999999973,30.0,41.040000000000006,0.0,13.239999999999966,20.0,20.0,0.0,900.0,0.5957999999999984,595.7999999999985
seasonal_naive,2025-10-01,bread,pcs,0.3199999999999221,80.0,72.08,0.0,8.239999999999924,70.0,70.0,0.0,560.0,0.0659199999999994,65.91999999999939
seasonal_naive,2025-10-01,cup_hot,pcs,2633.2757142857145,0.0,361.53000000000003,0.0,2271.7457142857147,0.0,1600.0,0.0,0.0,9.086982857142859,9086.982857142859
seasonal_naive,2025-10-01,cup_cold,pcs,526.4985714285713,100.0,106.09,0.0,520.4085714285713,200.0,400.0,0.0,1000.0,2.6020428571428567,2602.0428571428565
seasonal_naive,2025-10-02,coffee_beans,g,41347.717142857175,6000.0,5803.0199999999995,0.0,41544.69714285717,7000.0,19000.0,0.0,8400.0,49.8536365714286,49853.6365714286
seasonal_naive,2025-10-02,milk,ml,107904.5,54000.0,50022.0,0.0,111882.5,57000.0,57000.0,0.0,3420.0,6.71295,6712.95
seasonal_naive,2025-10-02,sugar,g,21803.671428571422,4000.0,2800.57,0.0,23003.101428571423,5000.0,5000.0,0.0,225.0,1.035139564285714,1035.139564285714
seasonal_naive,2025-10-02,chocolate_syrup,ml,9510.857142857134,1500.0,904.8000000000001,0.0,10106.057142857135,0.0,0.0,0.0,0.0,3.0318171428571405,3031.8171428571404
seasonal_naive,2025-10-02,tea_leaves,g,2851.4514285714276,0.0,218.36,0.0,2633.0914285714275,500.0,500.0,0.0,300.0,1.5798548571428566,1579.8548571428564
seasonal_naive,2025-10-02,ice,g,40211.19999999997,10000.0,8791.2,0.0,41419.99999999997,12000.0,12000.0,0.0,120.0,0.41419999999999974,414.1999999999997
seasonal_naive,2025-10-02,croissant_dough,pcs,13.239999999999966,20.0,32.400000000000006,0.0,0.8399999999999608,30.0,30.0,0.0,1350.0,0.03779999999999824,37.799999999998235
seasonal_naive,2025-10-02,bread,pcs,8.239999999999924,70.0,76.32000000000001,0.0,1.9199999999999164,90.0,90.0,0.0,720.0,0.015359999999999333,15.359999999999332
seasonal_naive,2025-10-02,cup_hot,pcs,2271.7457142857147,900.0,328.57000000000005,0.0,2843.1757142857145,700.0,1400.0,0.0,2800.0,11.372702857142858,11372.702857142858
seasonal_naive,2025-10-02,cup_cold,pcs,520.4085714285713,0.0,78.28,0.0,442.12857142857126,0.0,400.0,0.0,0.0,2.2106428571428567,2210.6428571428564
seasonal_naive,2025-10-03,coffee_beans,g,41544.69714285717,0.0,7786.799999999999,0.0,33757.89714285717,9000.0,28000.0,0.0,10800.0,40.5094765714286,40509.4765714286
seasonal_naive,2025-10-03,milk,ml,111882.5,57000.0,72061.5,0.0,96821.0,60000.0,60000.0,0.0,3600.0,5.80926,5809.26
seasonal_naive,2025-10-03,sugar,g,23003.101428571423,0.0,3883.1000000000004,0.0,19120.00142857142,4000.0,9000.0,0.0,180.0,0.8604000642857139,860.4000642857139
seasonal_naive,2025-10-03,chocolate_syrup,ml,10106.057142857135,0.0,1279.2,0.0,8826.857142857134,0.0,0.0,0.0,0.0,2.6480571428571404,2648.05714285714
seasonal_naive,2025-10-03,tea_leaves,g,2633.0914285714275,0.0,263.68,0.0,2369.4114285714277,0.0,500.0,0.0,0.0,1.4216468571428567,1421.6468571428566
seasonal_naive,2025-10-03,ice,g,41419.99999999997,12000.0,12571.2,0.0,40848.79999999997,9000.0,9000.0,0.0,90.0,0.4084879999999997,408.48799999999966
seasonal_naive,2025-10-03,croissant_dough,pcs,0.8399999999999608,30.0,30.240000000000002,0.0,0.5999999999999588,50.0,50.0,0.0,2250.0,0.026999999999998147,26.999999999998145
seasonal_naive,2025-10-03,bread,pcs,1.9199999999999164,90.0,91.16000000000001,0.0,0.7599999999999056,110.0,110.0,0.0,880.0,0.006079999999999245,6.079999999999245
seasonal_naive,2025-10-03,cup_hot,pcs,2843.1757142857145,0.0,432.6,0.0,2410.5757142857146,0.0,1400.0,0.0,0.0,9.642302857142859,9642.302857142859
seasonal_naive,2025-10-03,cup_cold,pcs,442.12857142857126,200.0,108.15,0.0,533.9785714285713,200.0,400.0,0.0,1000.0,2.6698928571428566,2669.8928571428564
seasonal_naive,2025-10-04,coffee_beans,g,33757.89714285717,12000.0,7193.52,0.0,38564.37714285717,7000.0,23000.0,0.0,8400.0,46.277252571428605,46277.2525714286
seasonal_naive,2025-10-04,milk,ml,96821.0,60000.0,67714.5,0.0,89106.5,75000.0,75000.0,0.0,4500.0,5.3463899999999995,5346.389999999999
seasonal_naive,2025-10-04,sugar,g,19120.00142857142,5000.0,3827.48,0.0,20292.52142857142,4000.0,8000.0,0.0,180.0,0.9131634642857139,913.1634642857139
seasonal_naive,2025-10-04,chocolate_syrup,ml,8826.857142857134,0.0,1092.0,0.0,7734.857142857135,2500.0,2500.0,0.0,750.0,2.3204571428571406,2320.4571428571403
seasonal_naive,2025-10-04,tea_leaves,g,2369.4114285714277,0.0,341.96000000000004,0.0,2027.4514285714274,1000.0,1500.0,0.0,600.0,1.2164708571428564,1216.4708571428564
seasonal_naive,2025-10-04,ice,g,40848.79999999997,9000.0,11620.800000000001,0.0,38227.99999999996,13000.0,13000.0,0.0,130.0,0.3822799999999996,382.27999999999963
seasonal_naive,2025-10-04,croissant_dough,pcs,0.5999999999999588,50.0,28.080000000000002,0.0,22.519999999999957,60.0,60.0,0.0,2700.0,1.013399999999998,1013.399999999998
seasonal_naive,2025-10-04,bread,pcs,0.7599999999999056,110.0,110.24000000000001,0.0,0.5199999999998965,60.0,60.0,0.0,480.0,0.004159999999999172,4.159999999999172
seasonal_naive,2025-10-04,cup_hot,pcs,2410.5757142857146,700.0,419.21000000000004,0.0,2691.3657142857146,800.0,1500.0,0.0,3200.0,10.76546285714286,10765.462857142858
seasonal_naive,2025-10-04,cup_cold,pcs,533.9785714285713,0.0,101.97,0.0,432.00857142857126,0.0,400.0,0.0,0.0,2.1600428571428565,2160.0428571428565
seasonal_naive,2025-10-05,coffee_beans,g,38564.37714285717,7000.0,7360.38,0.0,38203.99714285717,9000.0,25000.0,0.0,10800.0,45.8447965714286,45844.796571428604
seasonal_naive,2025-10-05,milk,ml,89106.5,75000.0,69079.5,0.0,95027.0,74000.0,74000.0,0.0,4440.0,5.70162,5701.62
seasonal_naive,2025-10-05,sugar,g,20292.52142857142,4000.0,3894.4300000000007,0.0,20398.091428571424,5000.0,9000.0,0.0,225.0,0.9179141142857141,917.914114285714
seasonal_naive,2025-10-05,chocolate_syrup,ml,7734.857142857135,0.0,1216.8000000000002,0.0,6518.057142857135,0.0,2500.0,0.0,0.0,1.9554171428571403,1955.4171428571403
seasonal_naive,2025-10-05,tea_leaves,g,2027.4514285714274,500.0,251.32,0.0,2276.1314285714275,0.0,1000.0,0.0,0.0,1.3656788571428564,1365.6788571428565
seasonal_naive,2025-10-05,ice,g,38227.99999999996,13000.0,14191.2,0.0,37036.79999999996,28000.0,28000.0,0.0,280.0,0.3703679999999996,370.3679999999996
seasonal_naive,2025-10-05,croissant_dough,pcs,22.519999999999957,60.0,45.36,0.0,37.159999999999954,0.0,0.0,0.0,0.0,1.6721999999999981,1672.199999999998
seasonal_naive,2025-10-05,bread,pcs,0.5199999999998965,60.0,59.36,0.0,1.1599999999998971,60.0,60.0,0.0,480.0,0.009279999999999178,9.279999999999177
seasonal_naive,2025-10-05,cup_hot,pcs,2691.3657142857146,0.0,387.28000000000003,0.0,2304.0857142857144,0.0,1500.0,0.0,0.0,9.216342857142857,9216.342857142858
seasonal_naive,2025-10-05,cup_cold,pcs,432.00857142857126,200.0,124.63000000000001,0.0,507.37857142857126,400.0,600.0,0.0,2000.0,2.5368928571428566,2536.8928571428564
seasonal_naive,2025-10-06,coffee_beans,g,38203.99714285717,9000.0,6526.079999999999,0.0,40677.91714285717,6000.0,22000.0,0.0,7200.0,48.813500571428605,48813.5005714286
seasonal_naive,2025-10-06,milk,ml,95027.0,74000.0,52468.5,0.0,116558.5,46000.0,46000.0,0.0,2760.0,6.99351,6993.509999999999
seasonal_naive,2025-10-06,sugar,g,20398.091428571424,4000.0,2861.34,0.0,21536.75142857142,3000.0,8000.0,0.0,135.0,0.9691538142857139,969.1538142857139
seasonal_naive,2025-10-06,chocolate_syrup,ml,6518.057142857135,2500.0,343.20000000000005,0.0,8674.857142857134,0.0,0.0,0.0,0.0,2.60245714285714,2602.4571428571403
seasonal_naive,2025-10-06,tea_leaves,g,2276.1314285714275,0.0,160.68,0.0,2115.4514285714276,0.0,1000.0,0.0,0.0,1.2692708571428566,1269.2708571428566
seasonal_naive,2025-10-06,ice,g,37036.79999999996,28000.0,7344.0,0.0,57692.79999999996,14000.0,14000.0,0.0,140.0,0.5769279999999997,576.9279999999997
seasonal_naive,2025-10-06,croissant_dough,pcs,37.159999999999954,0.0,35.64,0.0,1.5199999999999534,30.0,30.0,0.0,1350.0,0.0683999999999979,68.3999999999979
seasonal_naive,2025-10-06,bread,pcs,1.1599999999998971,60.0,59.36,0.0,1.7999999999998977,80.0,80.0,0.0,640.0,0.014399999999999183,14.399999999999181
seasonal_naive,2025-10-06,cup_hot,pcs,2304.0857142857144,700.0,348.14000000000004,0.0,2655.9457142857145,500.0,1300.0,0.0,2000.0,10.623782857142858,10623.782857142858
seasonal_naive,2025-10-06,cup_cold,pcs,507.37857142857126,0.0,65.92,0.0,441.45857142857125,0.0,600.0,0.0,0.0,2.207292857142856,2207.292857142856
seasonal_naive,2025-10-07,coffee_beans,g,40677.91714285717,7000.0,6118.2,0.0,41559.717142857175,7000.0,22000.0,0.0,8400.0,49.871660571428606,49871.660571428605
seasonal_naive,2025-10-07,milk,ml,116558.5,46000.0,56826.0,0.0,105732.5,68000.0,68000.0,0.0,4080.0,6.3439499999999995,6343.95
seasonal_naive,2025-10-07,sugar,g,21536.75142857142,5000.0,3292.9100000000003,0.0,23243.841428571424,3000.0,6000.0,0.0,135.0,1.045972864285714,1045.972864285714
seasonal_naive,2025-10-07,chocolate_syrup,ml,8674.857142857134,0.0,967.2,0.0,7707.657142857135,0.0,0.0,0.0,0.0,2.3122971428571404,2312.2971428571404
seasonal_naive,2025-10-07,tea_leaves,g,2115.4514285714276,1000.0,379.04,0.0,2736.4114285714277,0.0,0.0,0.0,0.0,1.6418468571428566,1641.8468571428566
seasonal_naive,2025-10-07,ice,g,57692.79999999996,14000.0,8964.0,0.0,62728.79999999996,7000.0,7000.0,0.0,70.0,0.6272879999999996,627.2879999999996
seasonal_naive,2025-10-07,croissant_dough,pcs,1.5199999999999534,30.0,29.160000000000004,1.5199999999999534,0.8399999999999963,40.0,40.0,68.3999999999979,1800.0,0.037799999999999834,37.799999999999834
seasonal_naive,2025-10-07,bread,pcs,1.7999999999998977,80.0,80.56,0.0,1.2399999999998954,70.0,70.0,0.0,560.0,0.009919999999999164,9.919999999999163
seasonal_naive,2025-10-07,cup_hot,pcs,2655.9457142857145,0.0,388.31,0.0,2267.6357142857146,500.0,1800.0,0.0,2000.0,9.070542857142858,9070.542857142858
seasonal_naive,2025-10-07,cup_cold,pcs,441.45857142857125,200.0,78.28,0.0,563.1785714285712,200.0,600.0,0.0,1000.0,2.815892857142856,2815.892857142856
seasonal_naive,2025-10-08,coffee_beans,g,41559.717142857175,9000.0,4968.719999999999,0.0,45590.99714285717,8000.0,21000.0,0.0,9600.0,54.709196571428606,54709.196571428605
seasonal_naive,2025-10-08,milk,ml,105732.5,68000.0,51933.0,0.0,121799.5,71000.0,71000.0,0.0,4260.0,7.307969999999999,7307.969999999999
seasonal_naive,2025-10-08,sugar,g,23243.841428571424,3000.0,3019.96,0.0,23223.88142857142,3000.0,6000.0,0.0,135.0,1.0450746642857138,1045.0746642857139
seasonal_naive,2025-10-08,chocolate_syrup,ml,7707.657142857135,0.0,873.6000000000001,0.0,6834.057142857135,2500.0,2500.0,0.0,750.0,2.0502171428571407,2050.2171428571405
seasonal_naive,2025-10-08,tea_leaves,g,2736.4114285714277,0.0,313.12,0.0,2423.2914285714273,0.0,0.0,0.0,0.0,1.4539748571428563,1453.9748571428563
seasonal_naive,2025-10-08,ice,g,62728.79999999996,7000.0,11664.0,0.0,58064.79999999996,9000.0,9000.0,0.0,90.0,0.5806479999999996,580.6479999999996
seasonal_naive,2025-10-08,croissant_dough,pcs,0.8399999999999963,40.0,37.800000000000004,0.0,3.039999999999992,50.0,50.0,0.0,2250.0,0.13679999999999964,136.79999999999964
seasonal_naive,2025-10-08,bread,pcs,1.2399999999998954,70.0,57.24,0.0,13.999999999999893,80.0,80.0,0.0,640.0,0.11199999999999916,111.99999999999915
seasonal_naive,2025-10-08,cup_hot,pcs,2267.6357142857146,800.0,283.25,0.0,2784.3857142857146,500.0,1500.0,0.0,2000.0,11.137542857142858,11137.542857142858
seasonal_naive,2025-10-08,cup_cold,pcs,563.1785714285712,0.0,99.91,0.0,463.26857142857125,0.0,600.0,0.0,0.0,2.3163428571428564,2316.3428571428562
seasonal_naive,2025-10-09,coffee_beans,g,45590.99714285717,6000.0,5821.56,0.0,45769.437142857176,5000.0,20000.0,0.0,6000.0,54.92332457142861,54923.32457142861
seasonal_naive,2025-10-09,milk,ml,121799.5,71000.0,52993.5,0.0,139806.0,69000.0,69000.0,0.0,4140.0,8.38836,8388.36
seasonal_naive,2025-10-09,sugar,g,23223.88142857142,3000.0,2802.63,0.0,23421.25142857142,3000.0,6000.0,0.0,135.0,1.053956314285714,1053.956314285714
seasonal_naive,2025-10-09,chocolate_syrup,ml,6834.057142857135,0.0,842.4000000000001,0.0,5991.657142857135,0.0,2500.0,0.0,0.0,1.7974971428571405,1797.4971428571405
seasonal_naive,2025-10-09,tea_leaves,g,2423.2914285714273,0.0,135.96,0.0,2287.3314285714273,1000.0,1000.0,0.0,600.0,1.3723988571428563,1372.3988571428563
seasonal_naive,2025-10-09,ice,g,58064.79999999996,9000.0,9093.600000000002,0.0,57971.19999999996,12000.0,12000.0,0.0,120.0,0.5797119999999997,579.7119999999996
seasonal_naive,2025-10-09,croissant_dough,pcs,3.039999999999992,50.0,30.240000000000002,0.0,22.79999999999999,30.0,30.0,0.0,1350.0,1.0259999999999996,1025.9999999999995
seasonal_naive,2025-10-09,bread,pcs,13.999999999999893,80.0,93.28,0.0,0.7199999999998852,100.0,100.0,0.0,800.0,0.005759999999999082,5.759999999999081
seasonal_naive,2025-10-09,cup_hot,pcs,2784.3857142857146,0.0,306.94000000000005,0.0,2477.4457142857145,300.0,1800.0,0.0,1200.0,9.909782857142858,9909.782857142858
seasonal_naive,2025-10-09,cup_cold,pcs,463.26857142857125,400.0,78.28,0.0,784.9885714285713,200.0,400.0,0.0,1000.0,3.9249428571428564,3924.942857142856
seasonal_naive,2025-10-10,coffee_beans,g,45769.437142857176,7000.0,5803.0199999999995,0.0,46966.41714285717,9000.0,22000.0,0.0,10800.0,56.359700571428604,56359.700571428606
seasonal_naive,2025-10-10,milk,ml,139806.0,69000.0,54411.0,0.0,154395.0,60000.0,60000.0,0.0,3600.0,9.263699999999998,9263.699999999999
seasonal_naive,2025-10-10,sugar,g,23421.25142857142,3000.0,3093.09,0.0,23328.161428571424,4000.0,7000.0,0.0,180.0,1.0497672642857139,1049.767264285714
seasonal_naive,2025-10-10,chocolate_syrup,ml,5991.657142857135,2500.0,1216.8000000000002,0.0,7274.857142857135,2500.0,2500.0,0.0,750.0,2.18245714285714,2182.4571428571403
seasonal_naive,2025-10-10,tea_leaves,g,2287.3314285714273,0.0,300.76,0.0,1986.5714285714275,0.0,1000.0,0.0,0.0,1.1919428571428563,1191.9428571428564
seasonal_naive,2025-10-10,ice,g,57971.19999999996,12000.0,8704.800000000001,0.0,61266.39999999996,9000.0,9000.0,0.0,90.0,0.6126639999999997,612.6639999999996
seasonal_naive,2025-10-10,croissant_dough,pcs,22.79999999999999,30.0,34.56,0.0,18.239999999999988,10.0,10.0,0.0,450.0,0.8207999999999995,820.7999999999995
seasonal_naive,2025-10-10,bread,pcs,0.7199999999998852,100.0,78.44,0.0,22.279999999999887,110.0,110.0,0.0,880.0,0.1782399999999991,178.2399999999991
seasonal_naive,2025-10-10,cup_hot,pcs,2477.4457142857145,500.0,361.53,0.0,2615.9157142857143,0.0,1300.0,0.0,0.0,10.463662857142857,10463.662857142857
seasonal_naive,2025-10-10,cup_cold,pcs,784.9885714285713,0.0,76.22,0.0,708.7685714285712,0.0,400.0,0.0,0.0,3.5438428571428564,3543.8428571428562
seasonal_naive,2025-10-11,coffee_beans,g,46966.41714285717,8000.0,7100.82,0.0,47865.59714285717,0.0,14000.0,0.0,0.0,57.4387165714286,57438.7165714286
seasonal_naive,2025-10-11,milk,ml,154395.0,60000.0,59388.0,0.0,155007.0,35000.0,35000.0,0.0,2100.0,9.30042,9300.42
seasonal_naive,2025-10-11,sugar,g,23328.161428571424,3000.0,3503.03,0.0,22825.13142857142,4000.0,8000.0,0.0,180.0,1.027130914285714,1027.130914285714
seasonal_naive,2025-10-11,chocolate_syrup,ml,7274.857142857135,0.0,655.2,0.0,6619.657142857135,0.0,2500.0,0.0,0.0,1.9858971428571404,1985.8971428571404
seasonal_naive,2025-10-11,tea_leaves,g,1986.5714285714275,0.0,238.96,0.0,1747.6114285714275,0.0,1000.0,0.0,0.0,1.0485668571428564,1048.5668571428564
seasonal_naive,2025-10-11,ice,g,61266.39999999996,9000.0,12592.800000000001,0.0,57673.599999999955,8000.0,8000.0,0.0,80.0,0.5767359999999996,576.7359999999995
seasonal_naive,2025-10-11,croissant_dough,pcs,18.239999999999988,10.0,28.080000000000002,0.0,0.15999999999998593,50.0,50.0,0.0,2250.0,0.007199999999999367,7.199999999999367
seasonal_naive,2025-10-11,bread,pcs,22.279999999999887,110.0,84.80000000000001,0.0,47.479999999999876,60.0,60.0,0.0,480.0,0.379839999999999,379.839999999999
seasonal_naive,2025-10-11,cup_hot,pcs,2615.9157142857143,500.0,362.56,0.0,2753.3557142857144,600.0,1400.0,0.0,2400.0,11.013422857142858,11013.422857142858
seasonal_naive,2025-10-11,cup_cold,pcs,708.7685714285712,200.0,113.30000000000001,0.0,795.4685714285713,0.0,200.0,0.0,0.0,3.977342857142857,3977.3428571428567
seasonal_naive,2025-10-12,coffee_beans,g,47865.59714285717,5000.0,7935.119999999999,0.0,44930.47714285718,5000.0,14000.0,0.0,6000.0,53.91657257142861,53916.57257142861
seasonal_naive,2025-10-12,milk,ml,155007.0,35000.0,70854.0,0.0,119153.0,40000.0,40000.0,0.0,2400.0,7.149179999999999,7149.179999999999
seasonal_naive,2025-10-12,sugar,g,22825.13142857142,4000.0,4052.0200000000004,0.0,22773.11142857142,0.0,4000.0,0.0,0.0,1.0247900142857138,1024.7900142857138
seasonal_naive,2025-10-12,chocolate_syrup,ml,6619.657142857135,2500.0,1092.0,0.0,8027.657142857135,0.0,0.0,0.0,0.0,2.4082971428571405,2408.2971428571404
seasonal_naive,2025-10-12,tea_leaves,g,1747.6114285714275,1000.0,325.48,0.0,2422.1314285714275,0.0,0.0,0.0,0.0,1.4532788571428563,1453.2788571428564
seasonal_naive,2025-10-12,ice,g,57673.599999999955,8000.0,15033.600000000002,0.0,50639.999999999956,6000.0,6000.0,0.0,60.0,0.5063999999999996,506.3999999999996
seasonal_naive,2025-10-12,croissant_dough,pcs,0.15999999999998593,50.0,49.68000000000001,0.0,0.47999999999997556,30.0,30.0,0.0,1350.0,0.0215999999999989,21.5999999999989
seasonal_naive,2025-10-12,bread,pcs,47.479999999999876,60.0,106.0,0.0,1.479999999999876,80.0,80.0,0.0,640.0,0.01183999999999901,11.839999999999009
seasonal_naive,2025-10-12,cup_hot,pcs,2753.3557142857144,500.0,426.42,0.0,2826.9357142857143,0.0,900.0,0.0,0.0,11.307742857142857,11307.742857142857
seasonal_naive,2025-10-12,cup_cold,pcs,795.4685714285713,0.0,131.84,0.0,663.6285714285713,100.0,300.0,0.0,500.0,3.3181428571428566,3318.1428571428564
seasonal_naive,2025-10-13,coffee_beans,g,44930.47714285718,9000.0,5135.58,0.0,48794.897142857175,6000.0,11000.0,0.0,7200.0,58.55387657142861,58553.876571428606
seasonal_naive,2025-10-13,milk,ml,119153.0,40000.0,44572.5,0.0,114580.5,55000.0,55000.0,0.0,3300.0,6.87483,6874.83
seasonal_naive,2025-10-13,sugar,g,22773.11142857142,4000.0,2409.17,0.0,24363.941428571423,3000.0,3000.0,0.0,135.0,1.0963773642857142,1096.377364285714
seasonal_naive,2025-10-13,chocolate_syrup,ml,8027.657142857135,0.0,592.8000000000001,0.0,7434.857142857134,0.0,0.0,0.0,0.0,2.2304571428571403,2230.4571428571403
seasonal_naive,2025-10-13,tea_leaves,g,2422.1314285714275,0.0,168.92000000000002,0.0,2253.2114285714274,500.0,500.0,0.0,300.0,1.3519268571428564,1351.9268571428563
seasonal_naive,2025-10-13,ice,g,50639.999999999956,6000.0,8186.400000000001,0.0,48453.599999999955,15000.0,15000.0,0.0,150.0,0.4845359999999996,484.53599999999955
seasonal_naive,2025-10-13,croissant_dough,pcs,0.47999999999997556,30.0,30.240000000000002,0.0,0.23999999999997357,40.0,40.0,0.0,1800.0,0.01079999999999881,10.79999999999881
seasonal_naive,2025-10-13,bread,pcs,1.479999999999876,80.0,59.36,0.0,22.119999999999877,100.0,100.0,0.0,800.0,0.176959999999999,176.959999999999
seasonal_naive,2025-10-13,cup_hot,pcs,2826.9357142857143,300.0,277.07000000000005,0.0,2849.8657142857146,300.0,900.0,0.0,1200.0,11.399462857142858,11399.462857142858
seasonal_naive,2025-10-13,cup_cold,pcs,663.6285714285713,200.0,70.04,0.0,793.5885714285712,0.0,100.0,0.0,0.0,3.967942857142856,3967.942857142856
seasonal_naive,2025-10-14,coffee_beans,g,48794.897142857175,0.0,8750.880000000001,0.0,40044.01714285718,4000.0,15000.0,0.0,4800.0,48.05282057142861,48052.82057142861
seasonal_naive,2025-10-14,milk,ml,114580.5,55000.0,72103.5,0.0,97477.0,46000.0,46000.0,0.0,2760.0,5.84862,5848.62
seasonal_naive,2025-10-14,sugar,g,24363.941428571423,0.0,4149.87,0.0,20214.07142857142,3000.0,6000.0,0.0,135.0,0.9096332142857139,909.6332142857138
seasonal_naive,2025-10-14,chocolate_syrup,ml,7434.857142857134,0.0,967.2,0.0,6467.657142857134,2000.0,2000.0,0.0,600.0,1.9402971428571403,1940.2971428571402
seasonal_naive,2025-10-14,tea_leaves,g,2253.2114285714274,0.0,403.76,0.0,1849.4514285714274,0.0,500.0,0.0,0.0,1.1096708571428564,1109.6708571428564
seasonal_naive,2025-10-14,ice,g,48453.599999999955,15000.0,11124.0,0.0,52329.599999999955,9000.0,9000.0,0.0,90.0,0.5232959999999997,523.2959999999996
seasonal_naive,2025-10-14,croissant_dough,pcs,0.23999999999997357,40.0,39.96,0.0,0.2799999999999727,30.0,30.0,0.0,1350.0,0.012599999999998772,12.599999999998772
seasonal_naive,2025-10-14,bread,pcs,22.119999999999877,100.0,101.76,0.0,20.35999999999987,40.0,40.0,0.0,320.0,0.16287999999999897,162.87999999999897
seasonal_naive,2025-10-14,cup_hot,pcs,2849.8657142857146,0.0,521.1800000000001,0.0,2328.6857142857143,300.0,1200.0,0.0,1200.0,9.314742857142857,9314.742857142857
seasonal_naive,2025-10-14,cup_cold,pcs,793.5885714285712,0.0,97.85,0.0,695.7385714285713,200.0,300.0,0.0,1000.0,3.4786928571428564,3478.692857142856
seasonal_naive,2025-10-15,coffee_beans,g,40044.01714285718,5000.0,6507.54,0.0,38536.47714285718,8000.0,18000.0,0.0,9600.0,46.243772571428615,46243.77257142861
seasonal_naive,2025-10-15,milk,ml,97477.0,46000.0,57540.0,0.0,85937.0,75000.0,75000.0,0.0,4500.0,5.15622,5156.22
seasonal_naive,2025-10-15,sugar,g,20214.07142857142,3000.0,3177.55,0.0,20036.52142857142,4000.0,7000.0,0.0,180.0,0.901643464285714,901.6434642857139
seasonal_naive,2025-10-15,chocolate_syrup,ml,6467.657142857134,0.0,936.0000000000001,0.0,5531.657142857134,0.0,2000.0,0.0,0.0,1.6594971428571403,1659.4971428571403
seasonal_naive,2025-10-15,tea_leaves,g,1849.4514285714274,0.0,263.68,0.0,1585.7714285714274,500.0,1000.0,0.0,300.0,0.9514628571428564,951.4628571428564
seasonal_naive,2025-10-15,ice,g,52329.599999999955,9000.0,8100.000000000001,0.0,53229.599999999955,11000.0,11000.0,0.0,110.0,0.5322959999999997,532.2959999999996
seasonal_naive,2025-10-15,croissant_dough,pcs,0.2799999999999727,30.0,30.240000000000002,0.0,0.039999999999970726,30.0,30.0,0.0,1350.0,0.0017999999999986826,1.7999999999986827
seasonal_naive,2025-10-15,bread,pcs,20.35999999999987,40.0,59.36,0.0,0.9999999999998721,100.0,100.0,0.0,800.0,0.007999999999998977,7.999999999998977
seasonal_naive,2025-10-15,cup_hot,pcs,2328.6857142857143,600.0,387.28000000000003,0.0,2541.4057142857146,500.0,1100.0,0.0,2000.0,10.165622857142859,10165.622857142858
seasonal_naive,2025-10-15,cup_cold,pcs,695.7385714285713,0.0,71.07000000000001,0.0,624.6685714285712,100.0,400.0,0.0,500.0,3.1233428571428563,3123.3428571428562
seasonal_naive,2025-10-16,coffee_beans,g,38536.47714285718,6000.0,5024.34,0.0,39512.13714285717,9000.0,21000.0,0.0,10800.0,47.414564571428606,47414.56457142861
seasonal_naive,2025-10-16,milk,ml,85937.0,75000.0,47974.5,0.0,112962.5,74000.0,74000.0,0.0,4440.0,6.77775,6777.75
seasonal_naive,2025-10-16,sugar,g,20036.52142857142,3000.0,2731.56,0.0,20304.96142857142,3000.0,7000.0,0.0,135.0,0.9137232642857139,913.7232642857139
seasonal_naive,2025-10-16,chocolate_syrup,ml,5531.657142857134,2000.0,936.0000000000001,0.0,6595.657142857134,2000.0,2000.0,0.0,600.0,1.97869714285714,1978.69714285714
seasonal_naive,2025-10-16,tea_leaves,g,1585.7714285714274,500.0,214.24,0.0,1871.5314285714273,0.0,500.0,0.0,0.0,1.1229188571428563,1122.9188571428563
seasonal_naive,2025-10-16,ice,g,53229.599999999955,11000.0,9244.800000000001,0.0,54984.79999999995,8000.0,8000.0,0.0,80.0,0.5498479999999996,549.8479999999995
seasonal_naive,2025-10-16,croissant_dough,pcs,0.039999999999970726,30.0,23.76,0.0,6.279999999999969,30.0,30.0,0.0,1350.0,0.28259999999999863,282.5999999999986
seasonal_naive,2025-10-16,bread,pcs,0.9999999999998721,100.0,86.92,0.0,14.07999999999987,70.0,70.0,0.0,560.0,0.11263999999999896,112.63999999999896
seasonal_naive,2025-10-16,cup_hot,pcs,2541.4057142857146,0.0,282.22,0.0,2259.1857142857143,500.0,1600.0,0.0,2000.0,9.036742857142858,9036.742857142857
seasonal_naive,2025-10-16,cup_cold,pcs,624.6685714285712,100.0,81.37,0.0,643.2985714285712,100.0,400.0,0.0,500.0,3.2164928571428564,3216.4928571428563
seasonal_naive,2025-10-17,coffee_beans,g,39512.13714285717,4000.0,7082.28,0.0,36429.857142857174,7000.0,24000.0,0.0,8400.0,43.71582857142861,43715.82857142861
seasonal_naive,2025-10-17,milk,ml,112962.5,74000.0,55429.5,0.0,131533.0,48000.0,48000.0,0.0,2880.0,7.891979999999999,7891.98
seasonal_naive,2025-10-17,sugar,g,20304.96142857142,4000.0,3017.9000000000005,0.0,21287.061428571422,3000.0,6000.0,0.0,135.0,0.957917764285714,957.9177642857139
seasonal_naive,2025-10-17,chocolate_syrup,ml,6595.657142857134,0.0,904.8000000000001,0.0,5690.857142857134,0.0,2000.0,0.0,0.0,1.7072571428571404,1707.2571428571403
seasonal_naive,2025-10-17,tea_leaves,g,1871.5314285714273,0.0,243.08,0.0,1628.4514285714274,500.0,1000.0,0.0,300.0,0.9770708571428565,977.0708571428564
seasonal_naive,2025-10-17,ice,g,54984.79999999995,8000.0,8035.200000000001,0.0,54949.59999999995,9000.0,9000.0,0.0,90.0,0.5494959999999995,549.4959999999995
seasonal_naive,2025-10-17,croissant_dough,pcs,6.279999999999969,30.0,35.64,0.0,0.6399999999999686,30.0,30.0,0.0,1350.0,0.028799999999998587,28.799999999998587
seasonal_naive,2025-10-17,bread,pcs,14.07999999999987,70.0,82.68,0.0,1.3999999999998636,70.0,70.0,0.0,560.0,0.011199999999998909,11.199999999998909
seasonal_naive,2025-10-17,cup_hot,pcs,2259.1857142857143,300.0,414.06,0.0,2145.125714285715,300.0,1600.0,0.0,1200.0,8.580502857142859,8580.50285714286
seasonal_naive,2025-10-17,cup_cold,pcs,643.2985714285712,0.0,70.03999999999999,0.0,573.2585714285713,0.0,400.0,0.0,0.0,2.8662928571428568,2866.2928571428565
seasonal_naive,2025-10-18,coffee_beans,g,36429.857142857174,8000.0,8565.48,0.0,35864.37714285718,7000.0,23000.0,0.0,8400.0,43.03725257142861,43037.25257142861
seasonal_naive,2025-10-18,milk,ml,131533.0,48000.0,87538.5,0.0,91994.5,58000.0,58000.0,0.0,3480.0,5.5196700000000005,5519.67
seasonal_naive,2025-10-18,sugar,g,21287.061428571422,3000.0,4850.27,0.0,19436.79142857142,4000.0,7000.0,0.0,180.0,0.8746556142857139,874.6556142857139
seasonal_naive,2025-10-18,chocolate_syrup,ml,5690.857142857134,2000.0,1684.8000000000002,0.0,6006.057142857134,1500.0,1500.0,0.0,450.0,1.8018171428571403,1801.8171428571402
seasonal_naive,2025-10-18,tea_leaves,g,1628.4514285714274,500.0,416.12,0.0,1712.3314285714273,0.0,500.0,0.0,0.0,1.0273988571428563,1027.3988571428563
seasonal_naive,2025-10-18,ice,g,54949.59999999995,9000.0,14536.800000000001,0.0,49412.79999999995,8000.0,8000.0,0.0,80.0,0.49412799999999957,494.12799999999953
seasonal_naive,2025-10-18,croissant_dough,pcs,0.6399999999999686,30.0,30.240000000000002,0.0,0.3999999999999666,40.0,40.0,0.0,1800.0,0.017999999999998496,17.999999999998497
seasonal_naive,2025-10-18,bread,pcs,1.3999999999998636,70.0,69.96000000000001,0.0,1.4399999999998556,80.0,80.0,0.0,640.0,0.011519999999998845,11.519999999998845
seasonal_naive,2025-10-18,cup_hot,pcs,2145.125714285715,300.0,507.78999999999996,0.0,1937.3357142857146,400.0,1700.0,0.0,1600.0,7.749342857142858,7749.3428571428585
seasonal_naive,2025-10-18,cup_cold,pcs,573.2585714285713,200.0,127.72,0.0,645.5385714285712,200.0,400.0,0.0,1000.0,3.227692857142856,3227.692857142856
seasonal_naive,2025-10-19,coffee_beans,g,35864.37714285718,9000.0,8157.6,0.0,36706.77714285717,17000.0,31000.0,0.0,20400.0,44.04813257142861,44048.13257142861
seasonal_naive,2025-10-19,milk,ml,91994.5,58000.0,65016.0,0.0,84978.5,99000.0,99000.0,0.0,5940.0,5.0987100000000005,5098.71
seasonal_naive,2025-10-19,sugar,g,19436.79142857142,3000.0,3850.1400000000003,0.0,18586.651428571422,7000.0,11000.0,0.0,315.0,0.836399314285714,836.399314285714
seasonal_naive,2025-10-19,chocolate_syrup,ml,6006.057142857134,0.0,1029.6000000000001,0.0,4976.4571428571335,2500.0,4000.0,0.0,750.0,1.49293714285714,1492.93714285714
seasonal_naive,2025-10-19,tea_leaves,g,1712.3314285714273,0.0,374.92,0.0,1337.4114285714272,1500.0,2000.0,0.0,900.0,0.8024468571428564,802.4468571428563
seasonal_naive,2025-10-19,ice,g,49412.79999999995,8000.0,13219.2,0.0,44193.59999999995,16000.0,16000.0,0.0,160.0,0.4419359999999995,441.93599999999947
seasonal_naive,2025-10-19,croissant_dough,pcs,0.3999999999999666,40.0,39.96,0.0,0.4399999999999693,40.0,40.0,0.0,1800.0,0.01979999999999862,19.79999999999862
seasonal_naive,2025-10-19,bread,pcs,1.4399999999998556,80.0,80.56,0.0,0.8799999999998533,50.0,50.0,0.0,400.0,0.007039999999998827,7.039999999998827
seasonal_naive,2025-10-19,cup_hot,pcs,1937.3357142857146,500.0,464.53000000000003,0.0,1972.8057142857147,1200.0,2400.0,0.0,4800.0,7.891222857142859,7891.222857142859
seasonal_naive,2025-10-19,cup_cold,pcs,645.5385714285712,100.0,116.39000000000001,0.0,629.1485714285712,0.0,300.0,0.0,0.0,3.1457428571428565,3145.7428571428563
seasonal_naive,2025-10-20,coffee_beans,g,36706.77714285717,7000.0,5154.119999999999,0.0,38552.65714285718,7000.0,31000.0,0.0,8400.0,46.263188571428614,46263.18857142861
seasonal_naive,2025-10-20,milk,ml,84978.5,99000.0,53445.0,0.0,130533.5,45000.0,45000.0,0.0,2700.0,7.8320099999999995,7832.009999999999
seasonal_naive,2025-10-20,sugar,g,18586.651428571422,4000.0,3020.99,0.0,19565.66142857142,4000.0,11000.0,0.0,180.0,0.8804547642857139,880.4547642857138
seasonal_naive,2025-10-20,chocolate_syrup,ml,4976.4571428571335,1500.0,1466.4,0.0,5010.057142857134,0.0,2500.0,0.0,0.0,1.50301714285714,1503.01714285714
seasonal_naive,2025-10-20,tea_leaves,g,1337.4114285714272,500.0,309.0,0.0,1528.4114285714272,0.0,1500.0,0.0,0.0,0.9170468571428563,917.0468571428563
seasonal_naive,2025-10-20,ice,g,44193.59999999995,16000.0,8575.2,0.0,51618.39999999995,14000.0,14000.0,0.0,140.0,0.5161839999999995,516.1839999999995
seasonal_naive,2025-10-20,croissant_dough,pcs,0.4399999999999693,40.0,23.76,0.0,16.679999999999968,50.0,50.0,0.0,2250.0,0.7505999999999986,750.5999999999985
seasonal_naive,2025-10-20,bread,pcs,0.8799999999998533,50.0,50.87999999999985,0.0,0.0,100.0,100.0,0.0,800.0,0.0,0.0
seasonal_naive,2025-10-20,cup_hot,pcs,1972.8057142857147,500.0,336.81,0.0,2135.9957142857147,300.0,2200.0,0.0,1200.0,8.54398285714286,8543.982857142859
seasonal_naive,2025-10-20,cup_cold,pcs,629.1485714285712,100.0,75.19,0.0,653.9585714285713,200.0,400.0,0.0,1000.0,3.2697928571428565,3269.7928571428565
seasonal_naive,2025-10-21,coffee_beans,g,38552.65714285718,7000.0,6266.5199999999995,0.0,39286.13714285717,4000.0,28000.0,0.0,4800.0,47.143364571428606,47143.3645714286
seasonal_naive,2025-10-21,milk,ml,130533.5,45000.0,55230.0,0.0,120303.5,61000.0,61000.0,0.0,3660.0,7.21821,7218.21
seasonal_naive,2025-10-21,sugar,g,19565.66142857142,7000.0,3013.78,0.0,23551.881428571418,3000.0,7000.0,0.0,135.0,1.059834664285714,1059.8346642857139
seasonal_naive,2025-10-21,chocolate_syrup,ml,5010.057142857134,2500.0,1185.6000000000001,0.0,6324.4571428571335,2500.0,2500.0,0.0,750.0,1.89733714285714,1897.33714285714
seasonal_naive,2025-10-21,tea_leaves,g,1528.4114285714272,0.0,267.8,0.0,1260.6114285714273,500.0,2000.0,0.0,300.0,0.7563668571428563,756.3668571428564
seasonal_naive,2025-10-21,ice,g,51618.39999999995,14000.0,6652.8,0.0,58965.59999999995,8000.0,8000.0,0.0,80.0,0.5896559999999995,589.6559999999995
seasonal_naive,2025-10-21,croissant_dough,pcs,16.679999999999968,50.0,59.400000000000006,0.0,7.2799999999999585,40.0,40.0,0.0,1800.0,0.32759999999999817,327.59999999999815
seasonal_naive,2025-10-21,bread,pcs,0.0,100.0,76.32000000000001,0.0,23.679999999999993,80.0,80.0,0.0,640.0,0.18943999999999994,189.43999999999994
seasonal_naive,2025-10-21,cup_hot,pcs,2135.9957142857147,300.0,394.49,0.0,2041.5057142857145,500.0,2400.0,0.0,2000.0,8.166022857142858,8166.022857142858
seasonal_naive,2025-10-21,cup_cold,pcs,653.9585714285713,0.0,59.74,0.0,594.2185714285713,0.0,400.0,0.0,0.0,2.9710928571428568,2971.0928571428567
seasonal_naive,2025-10-22,coffee_beans,g,39286.13714285717,17000.0,5969.879999999999,0.0,50316.257142857175,5000.0,16000.0,0.0,6000.0,60.37950857142861,60379.50857142861
seasonal_naive,2025-10-22,milk,ml,120303.5,61000.0,60375.0,0.0,120928.5,71000.0,71000.0,0.0,4260.0,7.2557100000000005,7255.71
seasonal_naive,2025-10-22,sugar,g,23551.881428571418,4000.0,3372.2200000000003,0.0,24179.66142857142,2000.0,5000.0,0.0,90.0,1.0880847642857139,1088.0847642857138
seasonal_naive,2025-10-22,chocolate_syrup,ml,6324.4571428571335,0.0,1185.6000000000001,0.0,5138.857142857133,1500.0,4000.0,0.0,450.0,1.54165714285714,1541.65714285714
seasonal_naive,2025-10-22,tea_leaves,g,1260.6114285714273,1500.0,366.68,0.0,2393.931428571427,0.0,500.0,0.0,0.0,1.4363588571428563,1436.3588571428563
seasonal_naive,2025-10-22,ice,g,58965.59999999995,8000.0,7084.800000000001,0.0,59880.79999999995,7000.0,7000.0,0.0,70.0,0.5988079999999996,598.8079999999995
seasonal_naive,2025-10-22,croissant_dough,pcs,7.2799999999999585,40.0,46.440000000000005,0.0,0.8399999999999537,20.0,20.0,0.0,900.0,0.03779999999999792,37.799999999997915
seasonal_naive,2025-10-22,bread,pcs,23.679999999999993,80.0,48.760000000000005,0.0,54.91999999999999,60.0,60.0,0.0,480.0,0.4393599999999999,439.3599999999999
seasonal_naive,2025-10-22,cup_hot,pcs,2041.5057142857145,400.0,400.67,0.0,2040.8357142857144,400.0,2400.0,0.0,1600.0,8.163342857142858,8163.342857142858
seasonal_naive,2025-10-22,cup_cold,pcs,594.2185714285713,200.0,61.8,0.0,732.4185714285712,100.0,300.0,0.0,500.0,3.662092857142856,3662.0928571428562
seasonal_naive,2025-10-23,coffee_beans,g,50316.257142857175,7000.0,5339.52,0.0,51976.73714285718,8000.0,17000.0,0.0,9600.0,62.372084571428616,62372.08457142861
seasonal_naive,2025-10-23,milk,ml,120928.5,71000.0,55660.5,0.0,136268.0,74000.0,74000.0,0.0,4440.0,8.17608,8176.08
seasonal_naive,2025-10-23,sugar,g,24179.66142857142,3000.0,3044.6800000000003,0.0,24134.98142857142,4000.0,6000.0,0.0,180.0,1.086074164285714,1086.0741642857138
seasonal_naive,2025-10-23,chocolate_syrup,ml,5138.857142857133,2500.0,1310.4,0.0,6328.4571428571335,0.0,1500.0,0.0,0.0,1.89853714285714,1898.53714285714
seasonal_naive,2025-10-23,tea_leaves,g,2393.931428571427,0.0,271.92,0.0,2122.011428571427,1000.0,1500.0,0.0,600.0,1.2732068571428563,1273.2068571428563
seasonal_naive,2025-10-23,ice,g,59880.79999999995,7000.0,7430.400000000001,0.0,59450.39999999995,7000.0,7000.0,0.0,70.0,0.5945039999999996,594.5039999999996
seasonal_naive,2025-10-23,croissant_dough,pcs,0.8399999999999537,20.0,20.520000000000003,0.0,0.31999999999995055,30.0,30.0,0.0,1350.0,0.014399999999997776,14.399999999997775
seasonal_naive,2025-10-23,bread,pcs,54.91999999999999,60.0,53.0,0.0,61.91999999999999,60.0,60.0,0.0,480.0,0.4953599999999999,495.3599999999999
seasonal_naive,2025-10-23,cup_hot,pcs,2040.8357142857144,1200.0,341.96000000000004,0.0,2898.875714285715,400.0,1600.0,0.0,1600.0,11.59550285714286,11595.50285714286
seasonal_naive,2025-10-23,cup_cold,pcs,732.4185714285712,0.0,65.92,0.0,666.4985714285713,200.0,500.0,0.0,1000.0,3.3324928571428565,3332.4928571428563
seasonal_naive,2025-10-24,coffee_beans,g,51976.73714285718,4000.0,6266.52,0.0,49710.217142857175,8000.0,21000.0,0.0,9600.0,59.652260571428606,59652.260571428604
seasonal_naive,2025-10-24,milk,ml,136268.0,74000.0,54663.0,0.0,155605.0,54000.0,54000.0,0.0,3240.0,9.3363,9336.3
seasonal_naive,2025-10-24,sugar,g,24134.98142857142,2000.0,3056.01,0.0,23078.97142857142,5000.0,9000.0,0.0,225.0,1.038553714285714,1038.553714285714
seasonal_naive,2025-10-24,chocolate_syrup,ml,6328.4571428571335,1500.0,686.4000000000001,0.0,7142.057142857133,3000.0,3000.0,0.0,900.0,2.14261714285714,2142.6171428571397
seasonal_naive,2025-10-24,tea_leaves,g,2122.011428571427,500.0,226.6,0.0,2395.411428571427,0.0,1000.0,0.0,0.0,1.4372468571428563,1437.2468571428562
seasonal_naive,2025-10-24,ice,g,59450.39999999995,7000.0,9914.400000000001,0.0,56535.99999999995,7000.0,7000.0,0.0,70.0,0.5653599999999995,565.3599999999996
seasonal_naive,2025-10-24,croissant_dough,pcs,0.31999999999995055,30.0,30.240000000000002,0.0,0.07999999999994856,70.0,70.0,0.0,3150.0,0.003599999999997685,3.599999999997685
seasonal_naive,2025-10-24,bread,pcs,61.91999999999999,60.0,97.52000000000001,1.9199999999999875,22.47999999999999,80.0,80.0,15.3599999999999,640.0,0.17983999999999992,179.83999999999992
seasonal_naive,2025-10-24,cup_hot,pcs,2898.875714285715,300.0,340.92999999999995,0.0,2857.9457142857145,300.0,1600.0,0.0,1200.0,11.431782857142858,11431.782857142858
seasonal_naive,2025-10-24,cup_cold,pcs,666.4985714285713,200.0,86.52000000000001,0.0,779.9785714285713,0.0,300.0,0.0,0.0,3.8998928571428566,3899.8928571428564
seasonal_naive,2025-10-25,coffee_beans,g,49710.217142857175,5000.0,6804.18,0.0,47906.037142857174,5000.0,21000.0,0.0,6000.0,57.48724457142861,57487.24457142861
seasonal_naive,2025-10-25,milk,ml,155605.0,54000.0,63672.0,0.0,145933.0,70000.0,70000.0,0.0,4200.0,8.75598,8755.98
seasonal_naive,2025-10-25,sugar,g,23078.97142857142,4000.0,3514.36,0.0,23564.61142857142,4000.0,9000.0,0.0,180.0,1.060407514285714,1060.407514285714
seasonal_naive,2025-10-25,chocolate_syrup,ml,7142.057142857133,0.0,780.0000000000001,0.0,6362.057142857133,0.0,3000.0,0.0,0.0,1.9086171428571397,1908.6171428571397
seasonal_naive,2025-10-25,tea_leaves,g,2395.411428571427,0.0,255.44,0.0,2139.971428571427,0.0,1000.0,0.0,0.0,1.2839828571428564,1283.9828571428563
seasonal_naive,2025-10-25,ice,g,56535.99999999995,7000.0,11404.800000000001,0.0,52131.199999999946,10000.0,10000.0,0.0,100.0,0.5213119999999994,521.3119999999994
seasonal_naive,2025-10-25,croissant_dough,pcs,0.07999999999994856,70.0,59.400000000000006,0.0,10.679999999999943,60.0,60.0,0.0,2700.0,0.4805999999999974,480.5999999999974
seasonal_naive,2025-10-25,bread,pcs,22.47999999999999,80.0,53.0,0.0,49.47999999999999,120.0,120.0,0.0,960.0,0.3958399999999999,395.8399999999999
seasonal_naive,2025-10-25,cup_hot,pcs,2857.9457142857145,500.0,368.74,0.0,2989.2057142857147,500.0,1600.0,0.0,2000.0,11.956822857142859,11956.822857142859
seasonal_naive,2025-10-25,cup_cold,pcs,779.9785714285713,0.0,98.88,0.0,681.0985714285712,0.0,300.0,0.0,0.0,3.405492857142856,3405.492857142856
seasonal_naive,2025-10-26,coffee_beans,g,47906.037142857174,8000.0,6878.34,0.0,49027.69714285718,0.0,13000.0,0.0,0.0,58.833236571428614,58833.23657142861
seasonal_naive,2025-10-26,milk,ml,145933.0,70000.0,62002.5,0.0,153930.5,18000.0,18000.0,0.0,1080.0,9.23583,9235.83
seasonal_naive,2025-10-26,sugar,g,23564.61142857142,5000.0,3522.6000000000004,0.0,25042.01142857142,0.0,4000.0,0.0,0.0,1.126890514285714,1126.8905142857138
seasonal_naive,2025-10-26,chocolate_syrup,ml,6362.057142857133,3000.0,904.8000000000001,0.0,8457.257142857132,2000.0,2000.0,0.0,600.0,2.5371771428571397,2537.1771428571396
seasonal_naive,2025-10-26,tea_leaves,g,2139.971428571427,1000.0,226.6,0.0,2913.3714285714273,0.0,0.0,0.0,0.0,1.7480228571428564,1748.0228571428563
seasonal_naive,2025-10-26,ice,g,52131.199999999946,10000.0,13694.400000000001,0.0,48436.799999999945,2000.0,2000.0,0.0,20.0,0.4843679999999995,484.3679999999995
seasonal_naive,2025-10-26,croissant_dough,pcs,10.679999999999943,60.0,49.68000000000001,0.0,20.999999999999936,10.0,10.0,0.0,450.0,0.9449999999999972,944.9999999999972
seasonal_naive,2025-10-26,bread,pcs,49.47999999999999,120.0,103.88000000000001,0.0,65.59999999999998,30.0,30.0,0.0,240.0,0.5247999999999998,524.7999999999998
seasonal_naive,2025-10-26,cup_hot,pcs,2989.2057142857147,400.0,348.14,0.0,3041.0657142857144,0.0,1200.0,0.0,0.0,12.164262857142859,12164.262857142858
seasonal_naive,2025-10-26,cup_cold,pcs,681.0985714285712,100.0,120.51,0.0,660.5885714285712,0.0,200.0,0.0,0.0,3.302942857142856,3302.942857142856
seasonal_naive,2025-10-27,coffee_beans,g,49027.69714285718,8000.0,5228.28,0.0,51799.41714285718,0.0,5000.0,0.0,0.0,62.159300571428616,62159.30057142861
seasonal_naive,2025-10-27,milk,ml,153930.5,18000.0,49213.5,0.0,122717.0,52000.0,52000.0,0.0,3120.0,7.36302,7363.0199999999995
seasonal_naive,2025-10-27,sugar,g,25042.01142857142,4000.0,2827.3500000000004,0.0,26214.66142857142,0.0,0.0,0.0,0.0,1.1796597642857138,1179.659764285714
seasonal_naive,2025-10-27,chocolate_syrup,ml,8457.257142857132,0.0,967.2,0.0,7490.057142857133,0.0,2000.0,0.0,0.0,2.24701714285714,2247.01714285714
seasonal_naive,2025-10-27,tea_leaves,g,2913.3714285714273,0.0,304.88,0.0,2608.491428571427,500.0,500.0,0.0,300.0,1.5650948571428562,1565.0948571428562
seasonal_naive,2025-10-27,ice,g,48436.799999999945,2000.0,7236.000000000001,0.0,43200.799999999945,14000.0,14000.0,0.0,140.0,0.4320079999999995,432.00799999999947
seasonal_naive,2025-10-27,croissant_dough,pcs,20.999999999999936,10.0,30.240000000000002,0.0,0.7599999999999341,50.0,50.0,0.0,2250.0,0.03419999999999703,34.19999999999703
seasonal_naive,2025-10-27,bread,pcs,65.59999999999998,30.0,95.4,0.0,0.19999999999997442,40.0,40.0,0.0,320.0,0.0015999999999997954,1.5999999999997954
seasonal_naive,2025-10-27,cup_hot,pcs,3041.0657142857144,400.0,335.7800000000001,0.0,3105.2857142857147,0.0,800.0,0.0,0.0,12.42114285714286,12421.142857142859
seasonal_naive,2025-10-27,cup_cold,pcs,660.5885714285712,200.0,62.83,0.0,797.7585714285713,0.0,0.0,0.0,0.0,3.988792857142857,3988.7928571428565
seasonal_naive,2025-10-28,coffee_beans,g,51799.41714285718,5000.0,4783.32,0.0,52016.09714285718,9000.0,9000.0,0.0,10800.0,62.41931657142862,62419.316571428615
seasonal_naive,2025-10-28,milk,ml,122717.0,52000.0,45181.5,0.0,129535.5,51000.0,51000.0,0.0,3060.0,7.772130000000001,7772.13
seasonal_naive,2025-10-28,sugar,g,26214.66142857142,0.0,2587.3599999999997,0.0,23627.30142857142,5000.0,5000.0,0.0,225.0,1.063228564285714,1063.228564285714
seasonal_naive,2025-10-28,chocolate_syrup,ml,7490.057142857133,2000.0,1497.6000000000001,0.0,7992.457142857133,1500.0,1500.0,0.0,450.0,2.3977371428571397,2397.7371428571396
seasonal_naive,2025-10-28,tea_leaves,g,2608.491428571427,0.0,284.28000000000003,0.0,2324.211428571427,0.0,500.0,0.0,0.0,1.3945268571428562,1394.5268571428562
seasonal_naive,2025-10-28,ice,g,43200.799999999945,14000.0,5918.400000000001,2200.7999999999456,49081.6,10000.0,10000.0,22.007999999999456,100.0,0.490816,490.816
seasonal_naive,2025-10-28,croissant_dough,pcs,0.7599999999999341,50.0,43.2,0.0,7.559999999999931,40.0,40.0,0.0,1800.0,0.34019999999999695,340.1999999999969
seasonal_naive,2025-10-28,bread,pcs,0.19999999999997442,40.0,38.160000000000004,0.0,2.0399999999999707,40.0,40.0,0.0,320.0,0.016319999999999765,16.319999999999766
seasonal_naive,2025-10-28,cup_hot,pcs,3105.2857142857147,300.0,332.69,0.0,3072.595714285714,500.0,1000.0,0.0,2000.0,12.290382857142857,12290.382857142857
seasonal_naive,2025-10-28,cup_cold,pcs,797.7585714285713,0.0,53.56,0.0,744.1985714285712,200.0,200.0,0.0,1000.0,3.720992857142856,3720.992857142856
seasonal_naive,2025-10-29,coffee_beans,g,52016.09714285718,0.0,6118.2,0.0,45897.897142857175,5000.0,14000.0,0.0,6000.0,55.07747657142861,55077.47657142861
seasonal_naive,2025-10-29,milk,ml,129535.5,51000.0,49864.5,0.0,130671.0,53000.0,53000.0,0.0,3180.0,7.84026,7840.259999999999
seasonal_naive,2025-10-29,sugar,g,23627.30142857142,0.0,2624.44,0.0,21002.86142857142,3000.0,8000.0,0.0,135.0,0.9451287642857139,945.1287642857139
seasonal_naive,2025-10-29,chocolate_syrup,ml,7992.457142857133,0.0,717.6,0.0,7274.857142857132,2000.0,3500.0,0.0,600.0,2.1824571428571393,2182.4571428571394
seasonal_naive,2025-10-29,tea_leaves,g,2324.211428571427,0.0,152.44,0.0,2171.7714285714274,500.0,1000.0,0.0,300.0,1.3030628571428562,1303.0628571428563
seasonal_naive,2025-10-29,ice,g,49081.6,10000.0,8769.600000000002,2081.5999999999995,48230.399999999994,7000.0,7000.0,20.815999999999995,70.0,0.482304,482.304
seasonal_naive,2025-10-29,croissant_dough,pcs,7.559999999999931,40.0,36.72,0.0,10.839999999999932,40.0,40.0,0.0,1800.0,0.48779999999999696,487.79999999999694
seasonal_naive,2025-10-29,bread,pcs,2.0399999999999707,40.0,40.28,0.0,1.7599999999999696,50.0,50.0,0.0,400.0,0.014079999999999758,14.079999999999757
seasonal_naive,2025-10-29,cup_hot,pcs,3072.595714285714,500.0,326.51000000000005,0.0,3246.0857142857144,300.0,800.0,0.0,1200.0,12.984342857142858,12984.342857142858
seasonal_naive,2025-10-29,cup_cold,pcs,744.1985714285712,0.0,75.19,0.0,669.0085714285713,0.0,200.0,0.0,0.0,3.3450428571428565,3345.0428571428565
seasonal_naive,2025-10-30,coffee_beans,g,45897.897142857175,0.0,6563.16,0.0,39334.73714285718,7000.0,21000.0,0.0,8400.0,47.20168457142861,47201.68457142861
seasonal_naive,2025-10-30,milk,ml,130671.0,53000.0,56479.5,9671.0,117520.5,65000.0,65000.0,580.26,3900.0,7.051229999999999,7051.23
seasonal_naive,2025-10-30,sugar,g,21002.86142857142,5000.0,3140.4700000000003,0.0,22862.39142857142,0.0,3000.0,0.0,0.0,1.0288076142857139,1028.807614285714
seasonal_naive,2025-10-30,chocolate_syrup,ml,7274.857142857132,1500.0,842.4000000000001,0.0,7932.457142857133,0.0,2000.0,0.0,0.0,2.3797371428571394,2379.7371428571396
seasonal_naive,2025-10-30,tea_leaves,g,2171.7714285714274,500.0,267.8,0.0,2403.971428571427,0.0,500.0,0.0,0.0,1.4423828571428563,1442.3828571428562
seasonal_naive,2025-10-30,ice,g,48230.399999999994,7000.0,9612.0,0.0,45618.399999999994,9000.0,9000.0,0.0,90.0,0.456184,456.18399999999997
seasonal_naive,2025-10-30,croissant_dough,pcs,10.839999999999932,40.0,46.440000000000005,0.0,4.3999999999999275,30.0,30.0,0.0,1350.0,0.19799999999999673,197.99999999999673
seasonal_naive,2025-10-30,bread,pcs,1.7599999999999696,50.0,50.88,0.0,0.879999999999967,90.0,90.0,0.0,720.0,0.007039999999999737,7.039999999999736
seasonal_naive,2025-10-30,cup_hot,pcs,3246.0857142857144,0.0,375.95,0.0,2870.135714285714,400.0,1200.0,0.0,1600.0,11.480542857142856,11480.542857142857
seasonal_naive,2025-10-30,cup_cold,pcs,669.0085714285713,0.0,83.43,0.0,585.5785714285712,200.0,400.0,0.0,1000.0,2.927892857142856,2927.892857142856
seasonal_naive,2025-10-31,coffee_beans,g,39334.73714285718,9000.0,7378.92,0.0,40955.81714285718,9000.0,21000.0,0.0,10800.0,49.146980571428614,49146.98057142861
seasonal_naive,2025-10-31,milk,ml,117520.5,65000.0,68124.0,0.0,114396.5,54000.0,54000.0,0.0,3240.0,6.86379,6863.79
seasonal_naive,2025-10-31,sugar,g,22862.39142857142,3000.0,3763.62,0.0,22098.77142857142,6000.0,6000.0,0.0,270.0,0.9944447142857139,994.4447142857139
seasonal_naive,2025-10-31,chocolate_syrup,ml,7932.457142857133,2000.0,904.8000000000001,0.0,9027.657142857133,0.0,0.0,0.0,0.0,2.70829714285714,2708.29714285714
seasonal_naive,2025-10-31,tea_leaves,g,2403.971428571427,0.0,201.88,0.0,2202.091428571427,500.0,1000.0,0.0,300.0,1.3212548571428564,1321.2548571428563
seasonal_naive,2025-10-31,ice,g,45618.399999999994,9000.0,15120.000000000002,0.0,39498.399999999994,9000.0,9000.0,0.0,90.0,0.39498399999999995,394.9839999999999
seasonal_naive,2025-10-31,croissant_dough,pcs,4.3999999999999275,30.0,33.480000000000004,0.0,0.9199999999999235,50.0,50.0,0.0,2250.0,0.04139999999999656,41.39999999999656
seasonal_naive,2025-10-31,bread,pcs,0.879999999999967,90.0,86.92,0.0,3.9599999999999653,50.0,50.0,0.0,400.0,0.03167999999999972,31.679999999999723
seasonal_naive,2025-10-31,cup_hot,pcs,2870.135714285714,0.0,359.47,0.0,2510.6657142857143,400.0,1600.0,0.0,1600.0,10.042662857142858,10042.662857142857
seasonal_naive,2025-10-31,cup_cold,pcs,585.5785714285712,0.0,130.81,0.0,454.76857142857125,0.0,400.0,0.0,0.0,2.2738428571428564,2273.8428571428562
seasonal_naive,2025-11-01,coffee_beans,g,40955.81714285718,5000.0,8472.779999999999,0.0,37483.03714285718,6000.0,22000.0,0.0,7200.0,44.979644571428615,44979.64457142862
seasonal_naive,2025-11-01,milk,ml,114396.5,54000.0,80650.5,0.0,87746.0,68000.0,68000.0,0.0,4080.0,5.26476,5264.76
seasonal_naive,2025-11-01,sugar,g,22098.77142857142,0.0,4437.24,0.0,17661.53142857142,4000.0,10000.0,0.0,180.0,0.794768914285714,794.7689142857139
seasonal_naive,2025-11-01,chocolate_syrup,ml,9027.657142857133,0.0,1310.4,0.0,7717.257142857132,1500.0,1500.0,0.0,450.0,2.3151771428571397,2315.1771428571396
seasonal_naive,2025-11-01,tea_leaves,g,2202.091428571427,500.0,346.08,0.0,2356.011428571427,0.0,500.0,0.0,0.0,1.4136068571428562,1413.6068571428561
seasonal_naive,2025-11-01,ice,g,39498.399999999994,9000.0,12182.400000000001,0.0,36316.0,15000.0,15000.0,0.0,150.0,0.36316000000000004,363.16
seasonal_naive,2025-11-01,croissant_dough,pcs,0.9199999999999235,50.0,50.760000000000005,0.0,0.15999999999991843,60.0,60.0,0.0,2700.0,0.007199999999996329,7.199999999996329
seasonal_naive,2025-11-01,bread,pcs,3.9599999999999653,50.0,53.0,0.0,0.9599999999999653,130.0,130.0,0.0,1040.0,0.007679999999999723,7.679999999999723
seasonal_naive,2025-11-01,cup_hot,pcs,2510.6657142857143,500.0,492.34000000000003,0.0,2518.3257142857146,400.0,1500.0,0.0,1600.0,10.073302857142858,10073.302857142859
seasonal_naive,2025-11-01,cup_cold,pcs,454.76857142857125,200.0,108.15,0.0,546.6185714285712,200.0,400.0,0.0,1000.0,2.733092857142856,2733.092857142856
seasonal_naive,2025-11-02,coffee_beans,g,37483.03714285718,7000.0,8732.34,0.0,35750.69714285718,7000.0,22000.0,0.0,8400.0,42.90083657142861,42900.83657142861
seasonal_naive,2025-11-02,milk,ml,87746.0,68000.0,75684.0,0.0,80062.0,46000.0,46000.0,0.0,2760.0,4.80372,4803.72
seasonal_naive,2025-11-02,sugar,g,17661.53142857142,6000.0,4248.75,0.0,19412.78142857142,3000.0,7000.0,0.0,135.0,0.8735751642857139,873.5751642857139
seasonal_naive,2025-11-02,chocolate_syrup,ml,7717.257142857132,0.0,936.0000000000001,0.0,6781.257142857132,0.0,1500.0,0.0,0.0,2.0343771428571396,2034.3771428571395
seasonal_naive,2025-11-02,tea_leaves,g,2356.011428571427,0.0,251.32,0.0,2104.6914285714274,0.0,500.0,0.0,0.0,1.2628148571428566,1262.8148571428565
seasonal_naive,2025-11-02,ice,g,36316.0,15000.0,14709.600000000002,0.0,36606.399999999994,21000.0,21000.0,0.0,210.0,0.36606399999999994,366.06399999999996
seasonal_naive,2025-11-02,croissant_dough,pcs,0.15999999999991843,60.0,56.160000000000004,0.0,3.9999999999999147,30.0,30.0,0.0,1350.0,0.17999999999999616,179.99999999999616
seasonal_naive,2025-11-02,bread,pcs,0.9599999999999653,130.0,106.0,0.0,24.959999999999965,70.0,70.0,0.0,560.0,0.19967999999999972,199.67999999999972
seasonal_naive,2025-11-02,cup_hot,pcs,2518.3257142857146,300.0,447.0199999999999,0.0,2371.305714285714,0.0,1200.0,0.0,0.0,9.485222857142857,9485.222857142857
seasonal_naive,2025-11-02,cup_cold,pcs,546.6185714285712,0.0,131.84,0.0,414.77857142857124,0.0,400.0,0.0,0.0,2.073892857142856,2073.892857142856
seasonal_naive,2025-11-03,coffee_beans,g,35750.69714285718,9000.0,6062.58,0.0,38688.117142857176,8000.0,21000.0,0.0,9600.0,46.425740571428605,46425.74057142861
seasonal_naive,2025-11-03,milk,ml,80062.0,46000.0,49108.5,0.0,76953.5,70000.0,70000.0,0.0,4200.0,4.61721,4617.21
seasonal_naive,2025-11-03,sugar,g,19412.78142857142,4000.0,2875.76,0.0,20537.021428571417,4000.0,7000.0,0.0,180.0,0.9241659642857137,924.1659642857137
seasonal_naive,2025-11-03,chocolate_syrup,ml,6781.257142857132,1500.0,842.4000000000001,0.0,7438.857142857132,1500.0,1500.0,0.0,450.0,2.2316571428571397,2231.6571428571397
seasonal_naive,2025-11-03,tea_leaves,g,2104.6914285714274,500.0,185.4,0.0,2419.291428571427,0.0,0.0,0.0,0.0,1.451574857142856,1451.574857142856
seasonal_naive,2025-11-03,ice,g,36606.399999999994,21000.0,9201.6,0.0,48404.799999999996,14000.0,14000.0,0.0,140.0,0.484048,484.04799999999994
seasonal_naive,2025-11-03,croissant_dough,pcs,3.9999999999999147,30.0,24.840000000000003,0.0,9.159999999999911,40.0,40.0,0.0,1800.0,0.412199999999996,412.199999999996
seasonal_naive,2025-11-03,bread,pcs,24.959999999999965,70.0,48.760000000000005,0.0,46.19999999999996,90.0,90.0,0.0,720.0,0.3695999999999997,369.5999999999997
seasonal_naive,2025-11-03,cup_hot,pcs,2371.305714285714,400.0,326.51000000000005,0.0,2444.7957142857144,700.0,1500.0,0.0,2800.0,9.779182857142859,9779.182857142858
seasonal_naive,2025-11-03,cup_cold,pcs,414.77857142857124,200.0,84.46000000000001,0.0,530.3185714285712,200.0,400.0,0.0,1000.0,2.6515928571428558,2651.592857142856
seasonal_naive,2025-11-04,coffee_beans,g,38688.117142857176,6000.0,6247.98,0.0,38440.13714285718,8000.0,23000.0,0.0,9600.0,46.12816457142861,46128.16457142861
seasonal_naive,2025-11-04,milk,ml,76953.5,70000.0,53224.5,0.0,93729.0,68000.0,68000.0,0.0,4080.0,5.62374,5623.74
seasonal_naive,2025-11-04,sugar,g,20537.021428571417,3000.0,3019.96,0.0,20517.06142857142,2000.0,6000.0,0.0,90.0,0.9232677642857139,923.2677642857138
seasonal_naive,2025-11-04,chocolate_syrup,ml,7438.857142857132,0.0,468.00000000000006,0.0,6970.857142857132,0.0,1500.0,0.0,0.0,2.0912571428571396,2091.2571428571396
seasonal_naive,2025-11-04,tea_leaves,g,2419.291428571427,0.0,263.68,0.0,2155.611428571427,500.0,500.0,0.0,300.0,1.2933668571428563,1293.3668571428561
seasonal_naive,2025-11-04,ice,g,48404.799999999996,14000.0,9244.800000000001,0.0,53159.99999999999,10000.0,10000.0,0.0,100.0,0.5316,531.5999999999999
seasonal_naive,2025-11-04,croissant_dough,pcs,9.159999999999911,40.0,28.080000000000002,0.0,21.07999999999991,30.0,30.0,0.0,1350.0,0.948599999999996,948.5999999999959
seasonal_naive,2025-11-04,bread,pcs,46.19999999999996,90.0,78.44,0.0,57.75999999999996,40.0,40.0,0.0,320.0,0.4620799999999997,462.0799999999997
seasonal_naive,2025-11-04,cup_hot,pcs,2444.7957142857144,400.0,347.11,0.0,2497.6857142857143,0.0,1100.0,0.0,0.0,9.990742857142857,9990.742857142857
seasonal_naive,2025-11-04,cup_cold,pcs,530.3185714285712,0.0,81.37,0.0,448.9485714285712,200.0,600.0,0.0,1000.0,2.244742857142856,2244.742857142856
seasonal_naive,2025-11-05,coffee_beans,g,38440.13714285718,7000.0,5784.48,0.0,39655.65714285718,9000.0,25000.0,0.0,10800.0,47.58678857142861,47586.78857142861
seasonal_naive,2025-11-05,milk,ml,93729.0,68000.0,60585.0,0.0,101144.0,93000.0,93000.0,0.0,5580.0,6.068639999999999,6068.639999999999
seasonal_naive,2025-11-05,sugar,g,20517.06142857142,4000.0,3613.2400000000002,0.0,20903.82142857142,4000.0,6000.0,0.0,180.0,0.9406719642857139,940.6719642857139
seasonal_naive,2025-11-05,chocolate_syrup,ml,6970.857142857132,1500.0,1154.4,0.0,7316.457142857133,0.0,0.0,0.0,0.0,2.19493714285714,2194.93714285714
seasonal_naive,2025-11-05,tea_leaves,g,2155.611428571427,0.0,416.12,0.0,1739.4914285714272,0.0,500.0,0.0,0.0,1.0436948571428564,1043.6948571428563
seasonal_naive,2025-11-05,ice,g,53159.99999999999,10000.0,11707.2,0.0,51452.79999999999,9000.0,9000.0,0.0,90.0,0.5145279999999999,514.5279999999999
seasonal_naive,2025-11-05,croissant_dough,pcs,21.07999999999991,30.0,34.56,0.0,16.519999999999907,30.0,30.0,0.0,1350.0,0.7433999999999957,743.3999999999958
seasonal_naive,2025-11-05,bread,pcs,57.75999999999996,40.0,86.92,0.0,10.83999999999996,70.0,70.0,0.0,560.0,0.08671999999999969,86.71999999999969
seasonal_naive,2025-11-05,cup_hot,pcs,2497.6857142857143,400.0,361.53,0.0,2536.1557142857146,900.0,1600.0,0.0,3600.0,10.144622857142858,10144.622857142858
seasonal_naive,2025-11-05,cup_cold,pcs,448.9485714285712,200.0,101.97,0.0,546.9785714285713,0.0,400.0,0.0,0.0,2.7348928571428566,2734.8928571428564
seasonal_naive,2025-11-06,coffee_beans,g,39655.65714285718,8000.0,4264.2,0.0,43391.45714285718,8000.0,25000.0,0.0,9600.0,52.06974857142862,52069.748571428616
seasonal_naive,2025-11-06,milk,ml,101144.0,93000.0,49182.0,0.0,144962.0,73000.0,73000.0,0.0,4380.0,8.69772,8697.72
seasonal_naive,2025-11-06,sugar,g,20903.82142857142,2000.0,2776.88,0.0,20126.94142857142,5000.0,9000.0,0.0,225.0,0.9057123642857139,905.7123642857139
seasonal_naive,2025-11-06,chocolate_syrup,ml,7316.457142857133,0.0,1809.6000000000001,0.0,5506.857142857132,2000.0,2000.0,0.0,600.0,1.6520571428571396,1652.0571428571395
seasonal_naive,2025-11-06,tea_leaves,g,1739.4914285714272,0.0,333.72,0.0,1405.771428571427,1000.0,1500.0,0.0,600.0,0.8434628571428562,843.4628571428561
seasonal_naive,2025-11-06,ice,g,51452.79999999999,9000.0,6609.6,0.0,53843.19999999999,12000.0,12000.0,0.0,120.0,0.5384319999999999,538.4319999999999
seasonal_naive,2025-11-06,croissant_dough,pcs,16.519999999999907,30.0,43.2,0.0,3.3199999999999044,40.0,40.0,0.0,1800.0,0.14939999999999568,149.39999999999569
seasonal_naive,2025-11-06,bread,pcs,10.83999999999996,70.0,61.480000000000004,0.0,19.359999999999957,80.0,80.0,0.0,640.0,0.15487999999999966,154.87999999999965
seasonal_naive,2025-11-06,cup_hot,pcs,2536.1557142857146,0.0,321.36,0.0,2214.7957142857144,0.0,1600.0,0.0,0.0,8.859182857142859,8859.182857142858
seasonal_naive,2025-11-06,cup_cold,pcs,546.9785714285713,0.0,58.709999999999994,0.0,488.26857142857125,200.0,600.0,0.0,1000.0,2.4413428571428564,2441.3428571428562
seasonal_naive,2025-11-07,coffee_beans,g,43391.45714285718,8000.0,7582.86,0.0,43808.59714285718,0.0,17000.0,0.0,0.0,52.57031657142861,52570.316571428615
seasonal_naive,2025-11-07,milk,ml,144962.0,73000.0,73101.0,0.0,144861.0,42000.0,42000.0,0.0,2520.0,8.69166,8691.66
seasonal_naive,2025-11-07,sugar,g,20126.94142857142,4000.0,3994.34,0.0,20132.60142857142,4000.0,9000.0,0.0,180.0,0.9059670642857138,905.9670642857138
seasonal_naive,2025-11-07,chocolate_syrup,ml,5506.857142857132,0.0,1622.4,0.0,3884.4571428571317,2500.0,4500.0,0.0,750.0,1.1653371428571395,1165.3371428571395
seasonal_naive,2025-11-07,tea_leaves,g,1405.771428571427,500.0,333.72,0.0,1572.051428571427,0.0,1000.0,0.0,0.0,0.9432308571428561,943.2308571428562
seasonal_naive,2025-11-07,ice,g,53843.19999999999,12000.0,12009.600000000002,0.0,53833.59999999999,6000.0,6000.0,0.0,60.0,0.5383359999999999,538.3359999999999
seasonal_naive,2025-11-07,croissant_dough,pcs,3.3199999999999044,40.0,43.2,0.0,0.11999999999990507,50.0,50.0,0.0,2250.0,0.0053999999999957285,5.399999999995728
seasonal_naive,2025-11-07,bread,pcs,19.359999999999957,80.0,84.80000000000001,0.0,14.559999999999945,100.0,100.0,0.0,800.0,0.11647999999999957,116.47999999999956
seasonal_naive,2025-11-07,cup_hot,pcs,2214.7957142857144,700.0,454.23,0.0,2460.5657142857144,600.0,1500.0,0.0,2400.0,9.842262857142858,9842.262857142858
seasonal_naive,2025-11-07,cup_cold,pcs,488.26857142857125,200.0,104.03,0.0,584.2385714285713,0.0,400.0,0.0,0.0,2.9211928571428563,2921.192857142856
seasonal_naive,2025-11-08,coffee_beans,g,43808.59714285718,9000.0,6933.96,0.0,45874.63714285718,10000.0,18000.0,0.0,12000.0,55.04956457142862,55049.564571428615
seasonal_naive,2025-11-08,milk,ml,144861.0,42000.0,65205.0,0.0,121656.0,46000.0,46000.0,0.0,2760.0,7.29936,7299.36
seasonal_naive,2025-11-08,sugar,g,20132.60142857142,5000.0,3454.6200000000003,0.0,21677.981428571416,4000.0,8000.0,0.0,180.0,0.9755091642857138,975.5091642857137
seasonal_naive,2025-11-08,chocolate_syrup,ml,3884.4571428571317,2000.0,1435.2,0.0,4449.257142857132,1500.0,4000.0,0.0,450.0,1.3347771428571396,1334.7771428571396
seasonal_naive,2025-11-08,tea_leaves,g,1572.051428571427,0.0,218.36,0.0,1353.691428571427,500.0,1500.0,0.0,300.0,0.8122148571428562,812.2148571428562
seasonal_naive,2025-11-08,ice,g,53833.59999999999,6000.0,13305.600000000002,0.0,46527.999999999985,12000.0,12000.0,0.0,120.0,0.46527999999999986,465.27999999999986
seasonal_naive,2025-11-08,croissant_dough,pcs,0.11999999999990507,50.0,49.68000000000001,0.0,0.43999999999989825,40.0,40.0,0.0,1800.0,0.019799999999995422,19.79999999999542
seasonal_naive,2025-11-08,bread,pcs,14.559999999999945,100.0,55.120000000000005,0.0,59.43999999999994,100.0,100.0,0.0,800.0,0.47551999999999955,475.5199999999995
seasonal_naive,2025-11-08,cup_hot,pcs,2460.5657142857144,0.0,373.89,0.0,2086.675714285714,400.0,1900.0,0.0,1600.0,8.346702857142857,8346.702857142856
seasonal_naive,2025-11-08,cup_cold,pcs,584.2385714285713,200.0,113.30000000000001,0.0,670.9385714285712,0.0,200.0,0.0,0.0,3.3546928571428563,3354.692857142856
seasonal_naive,2025-11-09,coffee_beans,g,45874.63714285718,8000.0,7860.960000000001,0.0,46013.67714285718,6000.0,16000.0,0.0,7200.0,55.21641257142861,55216.41257142861
seasonal_naive,2025-11-09,milk,ml,121656.0,46000.0,68659.5,0.0,98996.5,67000.0,67000.0,0.0,4020.0,5.93979,5939.79
seasonal_naive,2025-11-09,sugar,g,21677.981428571416,4000.0,3865.59,0.0,21812.39142857142,4000.0,8000.0,0.0,180.0,0.9815576142857139,981.5576142857138
seasonal_naive,2025-11-09,chocolate_syrup,ml,4449.257142857132,2500.0,1653.6000000000001,0.0,5295.6571428571315,3000.0,4500.0,0.0,900.0,1.5886971428571395,1588.6971428571394
seasonal_naive,2025-11-09,tea_leaves,g,1353.691428571427,1000.0,288.40000000000003,0.0,2065.291428571427,0.0,500.0,0.0,0.0,1.2391748571428562,1239.1748571428561
seasonal_naive,2025-11-09,ice,g,46527.999999999985,12000.0,12765.600000000002,0.0,45762.39999999998,18000.0,18000.0,0.0,180.0,0.4576239999999998,457.6239999999998
seasonal_naive,2025-11-09,croissant_dough,pcs,0.43999999999989825,40.0,39.96,0.0,0.4799999999998974,20.0,20.0,0.0,900.0,0.021599999999995383,21.599999999995383
seasonal_naive,2025-11-09,bread,pcs,59.43999999999994,100.0,78.44,0.0,80.99999999999994,0.0,0.0,0.0,0.0,0.6479999999999996,647.9999999999995
seasonal_naive,2025-11-09,cup_hot,pcs,2086.675714285714,900.0,450.11,0.0,2536.5657142857144,400.0,1400.0,0.0,1600.0,10.146262857142858,10146.262857142858
seasonal_naive,2025-11-09,cup_cold,pcs,670.9385714285712,0.0,113.30000000000001,0.0,557.6385714285711,300.0,500.0,0.0,1500.0,2.788192857142856,2788.1928571428557
seasonal_naive,2025-11-10,coffee_beans,g,46013.67714285718,0.0,5932.799999999999,0.0,40080.87714285718,5000.0,21000.0,0.0,6000.0,48.09705257142861,48097.05257142861
seasonal_naive,2025-11-10,milk,ml,98996.5,67000.0,52710.0,0.0,113286.5,46000.0,46000.0,0.0,2760.0,6.79719,6797.19
seasonal_naive,2025-11-10,sugar,g,21812.39142857142,4000.0,3149.74,0.0,22662.65142857142,2000.0,6000.0,0.0,90.0,1.0198193142857137,1019.8193142857137
seasonal_naive,2025-11-10,chocolate_syrup,ml,5295.6571428571315,1500.0,686.4000000000001,0.0,6109.257142857132,0.0,3000.0,0.0,0.0,1.8327771428571396,1832.7771428571396
seasonal_naive,2025-11-10,tea_leaves,g,2065.291428571427,0.0,276.04,0.0,1789.251428571427,1000.0,1500.0,0.0,600.0,1.073550857142856,1073.550857142856
seasonal_naive,2025-11-10,ice,g,45762.39999999998,18000.0,11491.2,0.0,52271.19999999998,13000.0,13000.0,0.0,130.0,0.5227119999999998,522.7119999999999
seasonal_naive,2025-11-10,croissant_dough,pcs,0.4799999999998974,20.0,19.44,0.0,1.0399999999998961,20.0,20.0,0.0,900.0,0.046799999999995325,46.79999999999532
seasonal_naive,2025-11-10,bread,pcs,80.99999999999994,0.0,80.56,0.0,0.4399999999999409,70.0,70.0,0.0,560.0,0.003519999999999527,3.519999999999527
seasonal_naive,2025-11-10,cup_hot,pcs,2536.5657142857144,0.0,318.27000000000004,0.0,2218.2957142857144,0.0,1400.0,0.0,0.0,8.873182857142858,8873.182857142858
seasonal_naive,2025-11-10,cup_cold,pcs,557.6385714285711,200.0,103.0,0.0,654.6385714285711,0.0,300.0,0.0,0.0,3.2731928571428557,3273.1928571428557
seasonal_naive,2025-11-11,coffee_beans,g,40080.87714285718,10000.0,5840.1,0.0,44240.77714285718,5000.0,16000.0,0.0,6000.0,53.08893257142862,53088.93257142862
seasonal_naive,2025-11-11,milk,ml,113286.5,46000.0,53056.5,0.0,106230.0,76000.0,76000.0,0.0,4560.0,6.3738,6373.8
seasonal_naive,2025-11-11,sugar,g,22662.65142857142,4000.0,2994.21,0.0,23668.441428571416,4000.0,6000.0,0.0,180.0,1.0650798642857138,1065.0798642857137
seasonal_naive,2025-11-11,chocolate_syrup,ml,6109.257142857132,3000.0,811.2,0.0,8298.057142857131,2000.0,2000.0,0.0,600.0,2.4894171428571394,2489.4171428571394
seasonal_naive,2025-11-11,tea_leaves,g,1789.251428571427,500.0,210.12,0.0,2079.131428571427,0.0,1000.0,0.0,0.0,1.2474788571428563,1247.4788571428562
seasonal_naive,2025-11-11,ice,g,52271.19999999998,13000.0,10519.2,0.0,54751.999999999985,11000.0,11000.0,0.0,110.0,0.5475199999999999,547.5199999999999
seasonal_naive,2025-11-11,croissant_dough,pcs,1.0399999999998961,20.0,20.520000000000003,0.0,0.519999999999893,30.0,30.0,0.0,1350.0,0.023399999999995185,23.399999999995185
seasonal_naive,2025-11-11,bread,pcs,0.4399999999999409,70.0,69.96000000000001,0.4399999999999409,0.03999999999999204,80.0,80.0,3.519999999999527,640.0,0.00031999999999993633,0.31999999999993634
seasonal_naive,2025-11-11,cup_hot,pcs,2218.2957142857144,600.0,311.06000000000006,0.0,2507.2357142857145,800.0,1600.0,0.0,3200.0,10.028942857142859,10028.942857142858
seasonal_naive,2025-11-11,cup_cold,pcs,654.6385714285711,0.0,92.7,0.0,561.9385714285712,200.0,500.0,0.0,1000.0,2.8096928571428563,2809.692857142856
seasonal_naive,2025-11-12,coffee_beans,g,44240.77714285718,6000.0,6118.2,0.0,44122.577142857175,7000.0,17000.0,0.0,8400.0,52.947092571428605,52947.092571428606
seasonal_naive,2025-11-12,milk,ml,106230.0,76000.0,51618.0,0.0,130612.0,68000.0,68000.0,0.0,4080.0,7.83672,7836.719999999999
seasonal_naive,2025-11-12,sugar,g,23668.441428571416,2000.0,2927.26,0.0,22741.181428571417,3000.0,7000.0,0.0,135.0,1.0233531642857139,1023.3531642857138
seasonal_naive,2025-11-12,chocolate_syrup,ml,8298.057142857131,0.0,1092.0,0.0,7206.057142857131,2000.0,4000.0,0.0,600.0,2.161817142857139,2161.817142857139
seasonal_naive,2025-11-12,tea_leaves,g,2079.131428571427,0.0,214.24,0.0,1864.8914285714268,500.0,1500.0,0.0,300.0,1.1189348571428561,1118.9348571428561
seasonal_naive,2025-11-12,ice,g,54751.999999999985,11000.0,9979.2,0.0,55772.79999999998,11000.0,11000.0,0.0,110.0,0.5577279999999999,557.7279999999998
seasonal_naive,2025-11-12,croissant_dough,pcs,0.519999999999893,30.0,30.240000000000002,0.0,0.279999999999891,40.0,40.0,0.0,1800.0,0.012599999999995096,12.599999999995095
seasonal_naive,2025-11-12,bread,pcs,0.03999999999999204,80.0,61.480000000000004,0.0,18.559999999999988,60.0,60.0,0.0,480.0,0.14847999999999992,148.4799999999999
seasonal_naive,2025-11-12,cup_hot,pcs,2507.2357142857145,400.0,340.93,0.0,2566.305714285714,400.0,1600.0,0.0,1600.0,10.265222857142858,10265.222857142857
seasonal_naive,2025-11-12,cup_cold,pcs,561.9385714285712,0.0,88.58000000000001,0.0,473.35857142857117,0.0,500.0,0.0,0.0,2.3667928571428556,2366.7928571428556
seasonal_naive,2025-11-13,coffee_beans,g,44122.577142857175,5000.0,5951.34,0.0,43171.23714285718,8000.0,20000.0,0.0,9600.0,51.805484571428615,51805.48457142861
seasonal_naive,2025-11-13,milk,ml,130612.0,68000.0,55314.0,0.0,143298.0,63000.0,63000.0,0.0,3780.0,8.59788,8597.88
seasonal_naive,2025-11-13,sugar,g,22741.181428571417,4000.0,3276.4300000000003,0.0,23464.751428571417,3000.0,6000.0,0.0,135.0,1.0559138142857136,1055.9138142857137
seasonal_naive,2025-11-13,chocolate_syrup,ml,7206.057142857131,2000.0,655.2,0.0,8550.85714285713,2000.0,4000.0,0.0,600.0,2.5652571428571393,2565.257142857139
seasonal_naive,2025-11-13,tea_leaves,g,1864.8914285714268,1000.0,346.08,0.0,2518.811428571427,0.0,500.0,0.0,0.0,1.511286857142856,1511.286857142856
seasonal_naive,2025-11-13,ice,g,55772.79999999998,11000.0,10519.2,0.0,56253.59999999998,10000.0,10000.0,0.0,100.0,0.5625359999999998,562.5359999999998
seasonal_naive,2025-11-13,croissant_dough,pcs,0.279999999999891,40.0,28.080000000000002,0.0,12.19999999999989,50.0,50.0,0.0,2250.0,0.548999999999995,548.999999999995
seasonal_naive,2025-11-13,bread,pcs,18.559999999999988,60.0,53.0,0.0,25.559999999999988,60.0,60.0,0.0,480.0,0.2044799999999999,204.4799999999999
seasonal_naive,2025-11-13,cup_hot,pcs,2566.305714285714,400.0,347.11,0.0,2619.1957142857145,400.0,1600.0,0.0,1600.0,10.476782857142858,10476.782857142858
seasonal_naive,2025-11-13,cup_cold,pcs,473.35857142857117,300.0,91.67,0.0,681.6885714285711,200.0,400.0,0.0,1000.0,3.4084428571428553,3408.4428571428552
seasonal_naive,2025-11-14,coffee_beans,g,43171.23714285718,5000.0,7082.28,0.0,41088.95714285718,10000.0,25000.0,0.0,12000.0,49.306748571428614,49306.748571428616
seasonal_naive,2025-11-14,milk,ml,143298.0,63000.0,68281.5,0.0,138016.5,55000.0,55000.0,0.0,3300.0,8.28099,8280.99
seasonal_naive,2025-11-14,sugar,g,23464.751428571417,3000.0,3942.8400000000006,0.0,22521.911428571417,4000.0,7000.0,0.0,180.0,1.0134860142857138,1013.4860142857137
seasonal_naive,2025-11-14,chocolate_syrup,ml,8550.85714285713,2000.0,1341.6000000000001,0.0,9209.257142857132,0.0,2000.0,0.0,0.0,2.7627771428571397,2762.7771428571396
seasonal_naive,2025-11-14,tea_leaves,g,2518.811428571427,0.0,309.0,0.0,2209.811428571427,0.0,500.0,0.0,0.0,1.3258868571428561,1325.8868571428561
seasonal_naive,2025-11-14,ice,g,56253.59999999998,10000.0,13694.400000000001,0.0,52559.19999999998,10000.0,10000.0,0.0,100.0,0.5255919999999998,525.5919999999999
seasonal_naive,2025-11-14,croissant_dough,pcs,12.19999999999989,50.0,32.400000000000006,0.0,29.799999999999883,50.0,50.0,0.0,2250.0,1.3409999999999949,1340.9999999999948
seasonal_naive,2025-11-14,bread,pcs,25.559999999999988,60.0,84.80000000000001,0.0,0.7599999999999767,50.0,50.0,0.0,400.0,0.006079999999999814,6.0799999999998136
seasonal_naive,2025-11-14,cup_hot,pcs,2619.1957142857145,0.0,391.4,0.0,2227.7957142857144,0.0,1600.0,0.0,0.0,8.911182857142858,8911.182857142858
seasonal_naive,2025-11-14,cup_cold,pcs,681.6885714285711,0.0,123.6,0.0,558.0885714285712,100.0,500.0,0.0,500.0,2.7904428571428563,2790.442857142856
seasonal_naive,2025-11-15,coffee_beans,g,41088.95714285718,7000.0,7434.539999999999,0.0,40654.41714285718,5000.0,23000.0,0.0,6000.0,48.785300571428614,48785.30057142861
seasonal_naive,2025-11-15,milk,ml,138016.5,55000.0,69247.5,0.0,123769.0,48000.0,48000.0,0.0,2880.0,7.426139999999999,7426.139999999999
seasonal_naive,2025-11-15,sugar,g,22521.911428571417,3000.0,3993.3100000000004,0.0,21528.60142857142,4000.0,8000.0,0.0,180.0,0.9687870642857138,968.7870642857138
seasonal_naive,2025-11-15,chocolate_syrup,ml,9209.257142857132,2000.0,998.4000000000001,0.0,10210.85714285713,0.0,0.0,0.0,0.0,3.063257142857139,3063.257142857139
seasonal_naive,2025-11-15,tea_leaves,g,2209.811428571427,500.0,333.72,0.0,2376.091428571427,0.0,0.0,0.0,0.0,1.4256548571428562,1425.6548571428561
seasonal_naive,2025-11-15,ice,g,52559.19999999998,10000.0,15919.2,0.0,46639.99999999998,14000.0,14000.0,0.0,140.0,0.4663999999999998,466.3999999999998
seasonal_naive,2025-11-15,croissant_dough,pcs,29.799999999999883,50.0,74.52000000000001,0.0,5.279999999999873,40.0,40.0,0.0,1800.0,0.2375999999999943,237.59999999999428
seasonal_naive,2025-11-15,bread,pcs,0.7599999999999767,50.0,48.760000000000005,0.0,1.9999999999999716,100.0,100.0,0.0,800.0,0.01599999999999977,15.999999999999773
seasonal_naive,2025-11-15,cup_hot,pcs,2227.7957142857144,800.0,391.40000000000003,0.0,2636.3957142857143,600.0,1400.0,0.0,2400.0,10.545582857142858,10545.582857142857
seasonal_naive,2025-11-15,cup_cold,pcs,558.0885714285712,200.0,138.02,0.0,620.0685714285712,100.0,400.0,0.0,500.0,3.1003428571428557,3100.342857142856
seasonal_naive,2025-11-16,coffee_beans,g,40654.41714285718,8000.0,7341.84,0.0,41312.577142857175,6000.0,21000.0,0.0,7200.0,49.575092571428605,49575.092571428606
seasonal_naive,2025-11-16,milk,ml,123769.0,48000.0,73017.0,0.0,98752.0,57000.0,57000.0,0.0,3420.0,5.92512,5925.12
seasonal_naive,2025-11-16,sugar,g,21528.60142857142,4000.0,4129.27,0.0,21399.331428571415,4000.0,8000.0,0.0,180.0,0.9629699142857137,962.9699142857137
seasonal_naive,2025-11-16,chocolate_syrup,ml,10210.85714285713,0.0,1404.0000000000002,0.0,8806.85714285713,1500.0,1500.0,0.0,450.0,2.642057142857139,2642.057142857139
seasonal_naive,2025-11-16,tea_leaves,g,2376.091428571427,0.0,288.40000000000003,0.0,2087.6914285714265,1000.0,1000.0,0.0,600.0,1.252614857142856,1252.614857142856
seasonal_naive,2025-11-16,ice,g,46639.99999999998,14000.0,16912.800000000003,0.0,43727.199999999975,24000.0,24000.0,0.0,240.0,0.43727199999999977,437.27199999999976
seasonal_naive,2025-11-16,croissant_dough,pcs,5.279999999999873,40.0,44.28,0.0,0.9999999999998721,30.0,30.0,0.0,1350.0,0.044999999999994246,44.999999999994245
seasonal_naive,2025-11-16,bread,pcs,1.9999999999999716,100.0,101.76,0.0,0.23999999999996646,80.0,80.0,0.0,640.0,0.0019199999999997318,1.9199999999997317
seasonal_naive,2025-11-16,cup_hot,pcs,2636.3957142857143,400.0,378.01000000000005,0.0,2658.385714285714,0.0,1000.0,0.0,0.0,10.633542857142857,10633.542857142857
seasonal_naive,2025-11-16,cup_cold,pcs,620.0685714285712,0.0,148.32,0.0,471.74857142857115,300.0,700.0,0.0,1500.0,2.358742857142856,2358.742857142856
seasonal_naive,2025-11-17,coffee_beans,g,41312.577142857175,10000.0,5895.719999999999,0.0,45416.85714285718,6000.0,17000.0,0.0,7200.0,54.50022857142862,54500.22857142862
seasonal_naive,2025-11-17,milk,ml,98752.0,57000.0,47071.5,0.0,108680.5,59000.0,59000.0,0.0,3540.0,6.52083,6520.83
seasonal_naive,2025-11-17,sugar,g,21399.331428571415,4000.0,2485.3900000000003,0.0,22913.941428571416,3000.0,7000.0,0.0,135.0,1.0311273642857137,1031.1273642857136
seasonal_naive,2025-11-17,chocolate_syrup,ml,8806.85714285713,0.0,717.6,0.0,8089.257142857131,0.0,1500.0,0.0,0.0,2.426777142857139,2426.777142857139
seasonal_naive,2025-11-17,tea_leaves,g,2087.6914285714265,0.0,144.20000000000002,0.0,1943.4914285714267,0.0,1000.0,0.0,0.0,1.166094857142856,1166.094857142856
seasonal_naive,2025-11-17,ice,g,43727.199999999975,24000.0,7538.400000000001,0.0,60188.799999999974,17000.0,17000.0,0.0,170.0,0.6018879999999999,601.8879999999998
seasonal_naive,2025-11-17,croissant_dough,pcs,0.9999999999998721,30.0,30.240000000000002,0.0,0.7599999999998701,60.0,60.0,0.0,2700.0,0.03419999999999416,34.199999999994155
seasonal_naive,2025-11-17,bread,pcs,0.23999999999996646,80.0,50.88,0.0,29.359999999999964,90.0,90.0,0.0,720.0,0.23487999999999973,234.8799999999997
seasonal_naive,2025-11-17,cup_hot,pcs,2658.385714285714,400.0,321.36,0.0,2737.025714285714,500.0,1100.0,0.0,2000.0,10.948102857142857,10948.102857142856
seasonal_naive,2025-11-17,cup_cold,pcs,471.74857142857115,200.0,65.92,0.0,605.8285714285712,0.0,500.0,0.0,0.0,3.029142857142856,3029.142857142856
seasonal_naive,2025-11-18,coffee_beans,g,45416.85714285718,5000.0,5914.259999999999,0.0,44502.59714285718,6000.0,18000.0,0.0,7200.0,53.40311657142861,53403.11657142861
seasonal_naive,2025-11-18,milk,ml,108680.5,59000.0,50599.5,0.0,117081.0,60000.0,60000.0,0.0,3600.0,7.024859999999999,7024.86
seasonal_naive,2025-11-18,sugar,g,22913.941428571416,4000.0,2747.01,0.0,24166.931428571417,2000.0,5000.0,0.0,90.0,1.087511914285714,1087.5119142857138
seasonal_naive,2025-11-18,chocolate_syrup,ml,8089.257142857131,1500.0,1060.8000000000002,0.0,8528.45714285713,0.0,0.0,0.0,0.0,2.5585371428571393,2558.5371428571393
seasonal_naive,2025-11-18,tea_leaves,g,1943.4914285714267,0.0,263.68,0.0,1679.8114285714269,0.0,1000.0,0.0,0.0,1.007886857142856,1007.8868571428561
seasonal_naive,2025-11-18,ice,g,60188.799999999974,17000.0,6415.200000000001,0.0,70773.59999999998,7000.0,7000.0,0.0,70.0,0.7077359999999998,707.7359999999998
seasonal_naive,2025-11-18,croissant_dough,pcs,0.7599999999998701,60.0,38.88,0.0,21.879999999999868,30.0,30.0,0.0,1350.0,0.984599999999994,984.599999999994
seasonal_naive,2025-11-18,bread,pcs,29.359999999999964,90.0,40.28,0.0,79.07999999999996,30.0,30.0,0.0,240.0,0.6326399999999996,632.6399999999996
seasonal_naive,2025-11-18,cup_hot,pcs,2737.025714285714,0.0,373.89000000000004,0.0,2363.135714285714,400.0,1500.0,0.0,1600.0,9.452542857142857,9452.542857142857
seasonal_naive,2025-11-18,cup_cold,pcs,605.8285714285712,100.0,55.620000000000005,0.0,650.2085714285711,200.0,600.0,0.0,1000.0,3.251042857142856,3251.0428571428556
seasonal_naive,2025-11-19,coffee_beans,g,44502.59714285718,6000.0,5840.099999999999,0.0,44662.49714285718,7000.0,19000.0,0.0,8400.0,53.59499657142862,53594.996571428615
seasonal_naive,2025-11-19,milk,ml,117081.0,60000.0,53613.0,0.0,123468.0,67000.0,67000.0,0.0,4020.0,7.40808,7408.08
seasonal_naive,2025-11-19,sugar,g,24166.931428571417,3000.0,3011.7200000000003,0.0,24155.211428571416,4000.0,6000.0,0.0,180.0,1.0869845142857137,1086.9845142857137
seasonal_naive,2025-11-19,chocolate_syrup,ml,8528.45714285713,0.0,1123.2,0.0,7405.257142857131,2500.0,2500.0,0.0,750.0,2.2215771428571394,2221.5771428571393
seasonal_naive,2025-11-19,tea_leaves,g,1679.8114285714269,1000.0,267.8,0.0,2412.0114285714267,1000.0,1000.0,0.0,600.0,1.447206857142856,1447.206857142856
seasonal_naive,2025-11-19,ice,g,70773.59999999998,7000.0,9460.800000000001,0.0,68312.79999999997,7000.0,7000.0,0.0,70.0,0.6831279999999997,683.1279999999997
seasonal_naive,2025-11-19,croissant_dough,pcs,21.879999999999868,30.0,37.800000000000004,0.0,14.079999999999863,10.0,10.0,0.0,450.0,0.633599999999994,633.5999999999939
seasonal_naive,2025-11-19,bread,pcs,79.07999999999996,30.0,50.88,0.0,58.19999999999995,20.0,20.0,0.0,160.0,0.4655999999999996,465.5999999999996
seasonal_naive,2025-11-19,cup_hot,pcs,2363.135714285714,600.0,347.10999999999996,0.0,2616.025714285714,500.0,1400.0,0.0,2000.0,10.464102857142857,10464.102857142856
seasonal_naive,2025-11-19,cup_cold,pcs,650.2085714285711,100.0,81.37,0.0,668.8385714285712,0.0,500.0,0.0,0.0,3.3441928571428563,3344.192857142856
seasonal_naive,2025-11-20,coffee_beans,g,44662.49714285718,6000.0,7768.26,0.0,42894.23714285718,7000.0,20000.0,0.0,8400.0,51.473084571428615,51473.08457142861
seasonal_naive,2025-11-20,milk,ml,123468.0,67000.0,68386.5,0.0,122081.5,71000.0,71000.0,0.0,4260.0,7.32489,7324.889999999999
seasonal_naive,2025-11-20,sugar,g,24155.211428571416,2000.0,3760.53,0.0,22394.681428571417,4000.0,8000.0,0.0,180.0,1.0077606642857138,1007.7606642857137
seasonal_naive,2025-11-20,chocolate_syrup,ml,7405.257142857131,0.0,967.2,0.0,6438.057142857131,0.0,2500.0,0.0,0.0,1.9314171428571392,1931.4171428571392
seasonal_naive,2025-11-20,tea_leaves,g,2412.0114285714267,0.0,214.24,0.0,2197.771428571427,0.0,1000.0,0.0,0.0,1.3186628571428562,1318.6628571428562
seasonal_naive,2025-11-20,ice,g,68312.79999999997,7000.0,12463.2,0.0,62849.59999999998,9000.0,9000.0,0.0,90.0,0.6284959999999997,628.4959999999998
seasonal_naive,2025-11-20,croissant_dough,pcs,14.079999999999863,10.0,23.76,0.0,0.31999999999986173,30.0,30.0,0.0,1350.0,0.014399999999993779,14.399999999993778
seasonal_naive,2025-11-20,bread,pcs,58.19999999999995,20.0,48.760000000000005,28.199999999999953,1.2399999999999949,100.0,100.0,225.59999999999962,800.0,0.00991999999999996,9.919999999999959
seasonal_naive,2025-11-20,cup_hot,pcs,2616.025714285714,0.0,405.82,0.0,2210.205714285714,400.0,1800.0,0.0,1600.0,8.840822857142856,8840.822857142855
seasonal_naive,2025-11-20,cup_cold,pcs,668.8385714285712,300.0,111.24,0.0,857.5985714285712,200.0,400.0,0.0,1000.0,4.287992857142855,4287.992857142855
seasonal_naive,2025-11-21,coffee_beans,g,42894.23714285718,6000.0,5524.92,0.0,43369.31714285718,10000.0,24000.0,0.0,12000.0,52.043180571428614,52043.18057142862
seasonal_naive,2025-11-21,milk,ml,122081.5,71000.0,57771.0,0.0,135310.5,68000.0,68000.0,0.0,4080.0,8.11863,8118.63
seasonal_naive,2025-11-21,sugar,g,22394.681428571417,4000.0,3294.97,0.0,23099.711428571416,4000.0,8000.0,0.0,180.0,1.0394870142857138,1039.4870142857137
seasonal_naive,2025-11-21,chocolate_syrup,ml,6438.057142857131,2500.0,1497.6000000000001,0.0,7440.457142857131,2500.0,2500.0,0.0,750.0,2.2321371428571393,2232.137142857139
seasonal_naive,2025-11-21,tea_leaves,g,2197.771428571427,0.0,379.04,0.0,1818.7314285714267,0.0,1000.0,0.0,0.0,1.091238857142856,1091.238857142856
seasonal_naive,2025-11-21,ice,g,62849.59999999998,9000.0,9439.2,0.0,62410.39999999997,13000.0,13000.0,0.0,130.0,0.6241039999999997,624.1039999999997
seasonal_naive,2025-11-21,croissant_dough,pcs,0.31999999999986173,30.0,30.240000000000002,0.0,0.07999999999985974,70.0,70.0,0.0,3150.0,0.003599999999993688,3.5999999999936882
seasonal_naive,2025-11-21,bread,pcs,1.2399999999999949,100.0,80.56,0.0,20.679999999999993,60.0,60.0,0.0,480.0,0.16543999999999995,165.43999999999994
seasonal_naive,2025-11-21,cup_hot,pcs,2210.205714285714,500.0,369.77,0.0,2340.435714285714,400.0,1700.0,0.0,1600.0,9.361742857142856,9361.742857142855
seasonal_naive,2025-11-21,cup_cold,pcs,857.5985714285712,0.0,81.37,0.0,776.2285714285711,0.0,400.0,0.0,0.0,3.881142857142855,3881.142857142855
seasonal_naive,2025-11-22,coffee_beans,g,43369.31714285718,7000.0,5914.26,0.0,44455.057142857186,4000.0,21000.0,0.0,4800.0,53.346068571428624,53346.06857142862
seasonal_naive,2025-11-22,milk,ml,135310.5,68000.0,55744.5,0.0,147566.0,43000.0,43000.0,0.0,2580.0,8.853959999999999,8853.96
seasonal_naive,2025-11-22,sugar,g,23099.711428571416,4000.0,3036.4400000000005,0.0,24063.271428571417,3000.0,7000.0,0.0,135.0,1.0828472142857137,1082.8472142857138
seasonal_naive,2025-11-22,chocolate_syrup,ml,7440.457142857131,0.0,1123.2,0.0,6317.25714285713,2000.0,4500.0,0.0,600.0,1.895177142857139,1895.177142857139
seasonal_naive,2025-11-22,tea_leaves,g,1818.7314285714267,1000.0,243.08,0.0,2575.6514285714265,500.0,500.0,0.0,300.0,1.5453908571428558,1545.3908571428558
seasonal_naive,2025-11-22,ice,g,62410.39999999997,13000.0,8510.400000000001,0.0,66899.99999999997,9000.0,9000.0,0.0,90.0,0.6689999999999998,668.9999999999998
seasonal_naive,2025-11-22,croissant_dough,pcs,0.07999999999985974,70.0,51.84,0.0,18.239999999999853,50.0,50.0,0.0,2250.0,0.8207999999999934,820.7999999999934
seasonal_naive,2025-11-22,bread,pcs,20.679999999999993,60.0,72.08,0.0,8.599999999999994,60.0,60.0,0.0,480.0,0.06879999999999996,68.79999999999995
seasonal_naive,2025-11-22,cup_hot,pcs,2340.435714285714,400.0,352.26,0.0,2388.175714285714,300.0,1600.0,0.0,1200.0,9.552702857142856,9552.702857142856
seasonal_naive,2025-11-22,cup_cold,pcs,776.2285714285711,200.0,74.16,0.0,902.0685714285711,100.0,300.0,0.0,500.0,4.510342857142856,4510.342857142856
seasonal_naive,2025-11-23,coffee_beans,g,44455.057142857186,7000.0,7286.22,0.0,44168.837142857185,0.0,14000.0,0.0,0.0,53.00260457142863,53002.60457142862
seasonal_naive,2025-11-23,milk,ml,147566.0,43000.0,70959.0,0.0,119607.0,36000.0,36000.0,0.0,2160.0,7.17642,7176.42
seasonal_naive,2025-11-23,sugar,g,24063.271428571417,4000.0,3961.38,0.0,24101.891428571416,0.0,3000.0,0.0,0.0,1.0845851142857137,1084.5851142857136
seasonal_naive,2025-11-23,chocolate_syrup,ml,6317.25714285713,2500.0,1248.0,0.0,7569.25714285713,0.0,2000.0,0.0,0.0,2.2707771428571393,2270.777142857139
seasonal_naive,2025-11-23,tea_leaves,g,2575.6514285714265,0.0,284.28000000000003,0.0,2291.371428571427,0.0,500.0,0.0,0.0,1.374822857142856,1374.822857142856
seasonal_naive,2025-11-23,ice,g,66899.99999999997,9000.0,12873.600000000002,0.0,63026.399999999965,0.0,0.0,0.0,0.0,0.6302639999999997,630.2639999999997
seasonal_naive,2025-11-23,croissant_dough,pcs,18.239999999999853,50.0,33.480000000000004,0.0,34.75999999999985,30.0,30.0,0.0,1350.0,1.5641999999999932,1564.1999999999932
seasonal_naive,2025-11-23,bread,pcs,8.599999999999994,60.0,67.84,0.0,0.7599999999999909,50.0,50.0,0.0,400.0,0.0060799999999999275,6.079999999999927
seasonal_naive,2025-11-23,cup_hot,pcs,2388.175714285714,500.0,404.79,0.0,2483.385714285714,300.0,1400.0,0.0,1200.0,9.933542857142857,9933.542857142857
seasonal_naive,2025-11-23,cup_cold,pcs,902.0685714285711,0.0,112.27000000000001,0.0,789.7985714285711,0.0,300.0,0.0,0.0,3.9489928571428554,3948.9928571428554
seasonal_naive,2025-11-24,coffee_beans,g,44168.837142857185,10000.0,5765.94,0.0,48402.89714285718,8000.0,12000.0,0.0,9600.0,58.08347657142862,58083.47657142862
seasonal_naive,2025-11-24,milk,ml,119607.0,36000.0,51922.5,0.0,103684.5,66000.0,66000.0,0.0,3960.0,6.22107,6221.07
seasonal_naive,2025-11-24,sugar,g,24101.891428571416,3000.0,2804.69,0.0,24297.201428571418,3000.0,3000.0,0.0,135.0,1.0933740642857137,1093.3740642857138
seasonal_naive,2025-11-24,chocolate_syrup,ml,7569.25714285713,2000.0,686.4000000000001,0.0,8882.85714285713,1500.0,1500.0,0.0,450.0,2.664857142857139,2664.857142857139
seasonal_naive,2025-11-24,tea_leaves,g,2291.371428571427,0.0,185.4,0.0,2105.9714285714267,0.0,500.0,0.0,0.0,1.263582857142856,1263.582857142856
seasonal_naive,2025-11-24,ice,g,63026.39999999997,0.0,9223.2,1026.3999999999696,52776.8,19000.0,19000.0,10.263999999999696,190.0,0.527768,527.768
seasonal_naive,2025-11-24,croissant_dough,pcs,34.75999999999985,30.0,47.52,0.0,17.239999999999846,0.0,0.0,0.0,0.0,0.775799999999993,775.799999999993
seasonal_naive,2025-11-24,bread,pcs,0.7599999999999909,50.0,48.760000000000005,0.0,1.9999999999999858,40.0,40.0,0.0,320.0,0.015999999999999886,15.999999999999886
seasonal_naive,2025-11-24,cup_hot,pcs,2483.385714285714,400.0,311.06000000000006,0.0,2572.3257142857137,400.0,1400.0,0.0,1600.0,10.289302857142856,10289.302857142855
seasonal_naive,2025-11-24,cup_cold,pcs,789.7985714285711,200.0,78.28,0.0,911.5185714285711,0.0,100.0,0.0,0.0,4.557592857142856,4557.592857142856
seasonal_naive,2025-11-25,coffee_beans,g,48402.89714285718,4000.0,5877.179999999999,0.0,46525.71714285718,8000.0,16000.0,0.0,9600.0,55.830860571428616,55830.86057142862
seasonal_naive,2025-11-25,milk,ml,103684.5,66000.0,60249.0,0.0,109435.5,63000.0,63000.0,0.0,3780.0,6.56613,6566.13
seasonal_naive,2025-11-25,sugar,g,24297.201428571418,0.0,3427.84,0.0,20869.361428571417,3000.0,6000.0,0.0,135.0,0.9391212642857139,939.1212642857138
seasonal_naive,2025-11-25,chocolate_syrup,ml,8882.85714285713,0.0,1123.2,0.0,7759.657142857131,0.0,1500.0,0.0,0.0,2.327897142857139,2327.897142857139
seasonal_naive,2025-11-25,tea_leaves,g,2105.9714285714267,500.0,325.48,0.0,2280.4914285714267,0.0,0.0,0.0,0.0,1.3682948571428561,1368.294857142856
seasonal_naive,2025-11-25,ice,g,52776.8,19000.0,10843.2,7776.799999999999,53156.8,8000.0,8000.0,77.768,80.0,0.531568,531.568
seasonal_naive,2025-11-25,croissant_dough,pcs,17.239999999999846,0.0,16.200000000000003,0.0,1.0399999999998428,30.0,30.0,0.0,1350.0,0.04679999999999293,46.79999999999293
seasonal_naive,2025-11-25,bread,pcs,1.9999999999999858,40.0,40.28,0.0,1.7199999999999847,40.0,40.0,0.0,320.0,0.013759999999999878,13.759999999999877
seasonal_naive,2025-11-25,cup_hot,pcs,2572.3257142857137,400.0,350.2,0.0,2622.125714285714,400.0,1400.0,0.0,1600.0,10.488502857142857,10488.502857142856
seasonal_naive,2025-11-25,cup_cold,pcs,911.5185714285711,0.0,94.75999999999999,0.0,816.758571428571,0.0,100.0,0.0,0.0,4.083792857142855,4083.792857142855
seasonal_naive,2025-11-26,coffee_beans,g,46525.71714285718,0.0,5358.0599999999995,0.0,41167.657142857184,6000.0,22000.0,0.0,7200.0,49.40118857142862,49401.18857142862
seasonal_naive,2025-11-26,milk,ml,109435.5,63000.0,52258.5,0.0,120177.0,66000.0,66000.0,0.0,3960.0,7.2106200000000005,7210.62
seasonal_naive,2025-11-26,sugar,g,20869.361428571417,3000.0,2864.43,0.0,21004.931428571417,5000.0,8000.0,0.0,225.0,0.9452219142857138,945.2219142857138
seasonal_naive,2025-11-26,chocolate_syrup,ml,7759.657142857131,1500.0,873.6000000000001,0.0,8386.057142857131,2000.0,2000.0,0.0,600.0,2.515817142857139,2515.817142857139
seasonal_naive,2025-11-26,tea_leaves,g,2280.4914285714267,0.0,218.36,0.0,2062.1314285714266,1000.0,1000.0,0.0,600.0,1.237278857142856,1237.278857142856
seasonal_naive,2025-11-26,ice,g,53156.8,8000.0,8143.200000000001,0.0,53013.6,10000.0,10000.0,0.0,100.0,0.5301359999999999,530.136
seasonal_naive,2025-11-26,croissant_dough,pcs,1.0399999999998428,30.0,29.160000000000004,1.0399999999998428,0.8399999999999963,30.0,30.0,46.79999999999293,1350.0,0.037799999999999834,37.799999999999834
seasonal_naive,2025-11-26,bread,pcs,1.7199999999999847,40.0,40.28,0.0,1.4399999999999835,110.0,110.0,0.0,880.0,0.011519999999999869,11.519999999999868
seasonal_naive,2025-11-26,cup_hot,pcs,2622.125714285714,300.0,309.0,0.0,2613.125714285714,400.0,1500.0,0.0,1600.0,10.452502857142855,10452.502857142856
seasonal_naive,2025-11-26,cup_cold,pcs,816.758571428571,100.0,72.1,0.0,844.6585714285711,200.0,200.0,0.0,1000.0,4.223292857142856,4223.292857142856
seasonal_naive,2025-11-27,coffee_beans,g,41167.657142857184,8000.0,5154.12,0.0,44013.53714285718,5000.0,19000.0,0.0,6000.0,52.81624457142862,52816.244571428615
seasonal_naive,2025-11-27,milk,ml,120177.0,66000.0,55807.5,0.0,130369.5,69000.0,69000.0,0.0,4140.0,7.82217,7822.17
seasonal_naive,2025-11-27,sugar,g,21004.931428571417,3000.0,3139.4400000000005,0.0,20865.49142857142,3000.0,8000.0,0.0,135.0,0.9389471142857139,938.9471142857138
seasonal_naive,2025-11-27,chocolate_syrup,ml,8386.057142857131,0.0,1092.0,0.0,7294.05714285713,0.0,2000.0,0.0,0.0,2.1882171428571393,2188.217142857139
seasonal_naive,2025-11-27,tea_leaves,g,2062.1314285714266,0.0,346.08,0.0,1716.0514285714266,0.0,1000.0,0.0,0.0,1.029630857142856,1029.630857142856
seasonal_naive,2025-11-27,ice,g,53013.6,10000.0,7776.000000000001,0.0,55237.6,9000.0,9000.0,0.0,90.0,0.552376,552.376
seasonal_naive,2025-11-27,croissant_dough,pcs,0.8399999999999963,30.0,30.240000000000002,0.0,0.5999999999999943,30.0,30.0,0.0,1350.0,0.026999999999999746,26.999999999999744
seasonal_naive,2025-11-27,bread,pcs,1.4399999999999835,110.0,93.28,0.0,18.159999999999982,80.0,80.0,0.0,640.0,0.14527999999999985,145.27999999999986
seasonal_naive,2025-11-27,cup_hot,pcs,2613.125714285714,300.0,340.93,0.0,2572.1957142857136,0.0,1200.0,0.0,0.0,10.288782857142854,10288.782857142854
seasonal_naive,2025-11-27,cup_cold,pcs,844.6585714285711,0.0,67.98,0.0,776.6785714285711,100.0,300.0,0.0,500.0,3.8833928571428555,3883.3928571428555
seasonal_naive,2025-11-28,coffee_beans,g,44013.53714285718,8000.0,7564.32,0.0,44449.21714285719,4000.0,15000.0,0.0,4800.0,53.33906057142863,53339.06057142863
seasonal_naive,2025-11-28,milk,ml,130369.5,69000.0,64459.5,0.0,134910.0,34000.0,34000.0,0.0,2040.0,8.0946,8094.599999999999
seasonal_naive,2025-11-28,sugar,g,20865.49142857142,5000.0,3527.75,0.0,22337.741428571415,2000.0,5000.0,0.0,90.0,1.0051983642857136,1005.1983642857136
seasonal_naive,2025-11-28,chocolate_syrup,ml,7294.05714285713,2000.0,1372.8000000000002,0.0,7921.25714285713,2500.0,2500.0,0.0,750.0,2.376377142857139,2376.377142857139
seasonal_naive,2025-11-28,tea_leaves,g,1716.0514285714266,0.0,313.12,0.0,1402.9314285714267,500.0,1500.0,0.0,300.0,0.8417588571428561,841.7588571428561
seasonal_naive,2025-11-28,ice,g,55237.6,9000.0,7495.200000000001,0.0,56742.399999999994,7000.0,7000.0,0.0,70.0,0.567424,567.424
seasonal_naive,2025-11-28,croissant_dough,pcs,0.5999999999999943,30.0,30.240000000000002,0.0,0.3599999999999923,50.0,50.0,0.0,2250.0,0.016199999999999656,16.199999999999655
seasonal_naive,2025-11-28,bread,pcs,18.159999999999982,80.0,97.52000000000001,0.0,0.6399999999999721,50.0,50.0,0.0,400.0,0.0051199999999997775,5.119999999999777
seasonal_naive,2025-11-28,cup_hot,pcs,2572.1957142857136,400.0,475.86,0.0,2496.335714285714,500.0,1300.0,0.0,2000.0,9.985342857142856,9985.342857142856
seasonal_naive,2025-11-28,cup_cold,pcs,776.6785714285711,0.0,67.98,0.0,708.6985714285711,0.0,300.0,0.0,0.0,3.5434928571428554,3543.4928571428554
seasonal_naive,2025-11-29,coffee_beans,g,44449.21714285719,6000.0,8101.98,0.0,42347.237142857186,8000.0,17000.0,0.0,9600.0,50.816684571428624,50816.684571428625
seasonal_naive,2025-11-29,milk,ml,134910.0,34000.0,65320.5,0.0,103589.5,57000.0,57000.0,0.0,3420.0,6.21537,6215.37
seasonal_naive,2025-11-29,sugar,g,22337.741428571415,3000.0,3382.5200000000004,0.0,21955.221428571414,4000.0,6000.0,0.0,180.0,0.9879849642857137,987.9849642857137
seasonal_naive,2025-11-29,chocolate_syrup,ml,7921.25714285713,0.0,1310.4,0.0,6610.85714285713,0.0,2500.0,0.0,0.0,1.983257142857139,1983.2571428571391
seasonal_naive,2025-11-29,tea_leaves,g,1402.9314285714267,1000.0,230.72,0.0,2172.211428571427,0.0,500.0,0.0,0.0,1.3033268571428562,1303.3268571428562
seasonal_naive,2025-11-29,ice,g,56742.4,7000.0,6134.400000000001,1742.3999999999983,55865.6,10000.0,10000.0,17.42399999999998,100.0,0.5586559999999999,558.656
seasonal_naive,2025-11-29,croissant_dough,pcs,0.3599999999999923,50.0,42.120000000000005,0.0,8.239999999999988,60.0,60.0,0.0,2700.0,0.37079999999999946,370.79999999999944
seasonal_naive,2025-11-29,bread,pcs,0.6399999999999721,50.0,48.760000000000005,0.0,1.879999999999967,120.0,120.0,0.0,960.0,0.015039999999999736,15.039999999999736
seasonal_naive,2025-11-29,cup_hot,pcs,2496.335714285714,400.0,497.48999999999995,0.0,2398.8457142857137,500.0,1400.0,0.0,2000.0,9.595382857142855,9595.382857142855
seasonal_naive,2025-11-29,cup_cold,pcs,708.6985714285711,0.0,53.56,0.0,655.1385714285711,0.0,300.0,0.0,0.0,3.2756928571428556,3275.6928571428557
seasonal_naive,2025-11-30,coffee_beans,g,42347.237142857186,5000.0,6730.0199999999995,0.0,40617.21714285719,8000.0,20000.0,0.0,9600.0,48.74066057142863,48740.66057142863
seasonal_naive,2025-11-30,milk,ml,103589.5,57000.0,72103.5,0.0,88486.0,74000.0,74000.0,0.0,4440.0,5.30916,5309.16
seasonal_naive,2025-11-30,sugar,g,21955.221428571414,2000.0,4165.32,0.0,19789.901428571415,4000.0,8000.0,0.0,180.0,0.8905455642857137,890.5455642857137
seasonal_naive,2025-11-30,chocolate_syrup,ml,6610.85714285713,2500.0,1528.8000000000002,0.0,7582.057142857129,2000.0,2000.0,0.0,600.0,2.2746171428571387,2274.617142857139
seasonal_naive,2025-11-30,tea_leaves,g,2172.211428571427,0.0,560.32,0.0,1611.8914285714268,500.0,1000.0,0.0,300.0,0.9671348571428561,967.134857142856
seasonal_naive,2025-11-30,ice,g,55865.6,10000.0,8380.800000000001,2865.5999999999995,54619.2,0.0,0.0,28.655999999999995,0.0,0.546192,546.192
seasonal_naive,2025-11-30,croissant_dough,pcs,8.239999999999988,60.0,68.04,0.0,0.19999999999998153,10.0,10.0,0.0,450.0,0.008999999999999168,8.999999999999169
seasonal_naive,2025-11-30,bread,pcs,1.879999999999967,120.0,103.88000000000001,0.0,17.999999999999957,30.0,30.0,0.0,240.0,0.14399999999999966,143.99999999999966
seasonal_naive,2025-11-30,cup_hot,pcs,2398.8457142857137,400.0,492.34000000000003,0.0,2306.5057142857136,500.0,1500.0,0.0,2000.0,9.226022857142855,9226.022857142854
seasonal_naive,2025-11-30,cup_cold,pcs,655.1385714285711,200.0,72.1,0.0,783.0385714285711,0.0,100.0,0.0,0.0,3.9151928571428556,3915.1928571428557
seasonal_naive,2025-12-01,coffee_beans,g,40617.21714285719,4000.0,5358.0599999999995,0.0,39259.15714285719,5000.0,21000.0,0.0,6000.0,47.11098857142863,47110.98857142863
seasonal_naive,2025-12-01,milk,ml,88486.0,74000.0,55776.0,0.0,106710.0,57000.0,57000.0,0.0,3420.0,6.4026,6402.599999999999
seasonal_naive,2025-12-01,sugar,g,19789.901428571415,4000.0,2960.22,0.0,20829.681428571414,3000.0,7000.0,0.0,135.0,0.9373356642857137,937.3356642857136
seasonal_naive,2025-12-01,chocolate_syrup,ml,7582.057142857129,0.0,1404.0000000000002,0.0,6178.057142857129,1500.0,3500.0,0.0,450.0,1.8534171428571389,1853.4171428571387
seasonal_naive,2025-12-01,tea_leaves,g,1611.8914285714268,500.0,234.84,0.0,1877.0514285714266,500.0,1000.0,0.0,300.0,1.1262308571428559,1126.230857142856
seasonal_naive,2025-12-01,ice,g,54619.2,0.0,8294.400000000001,0.0,46324.8,8000.0,8000.0,0.0,80.0,0.46324800000000005,463.24800000000005
seasonal_naive,2025-12-01,croissant_dough,pcs,0.19999999999998153,10.0,9.72,0.0,0.4799999999999809,20.0,20.0,0.0,900.0,0.02159999999999914,21.59999999999914
seasonal_naive,2025-12-01,bread,pcs,17.999999999999957,30.0,46.64,0.0,1.3599999999999568,110.0,110.0,0.0,880.0,0.010879999999999654,10.879999999999654
seasonal_naive,2025-12-01,cup_hot,pcs,2306.5057142857136,0.0,331.65999999999997,0.0,1974.8457142857137,400.0,1900.0,0.0,1600.0,7.899382857142855,7899.382857142855
seasonal_naive,2025-12-01,cup_cold,pcs,783.0385714285711,100.0,71.07000000000001,0.0,811.9685714285711,0.0,0.0,0.0,0.0,4.059842857142855,4059.8428571428553
seasonal_naive,2025-12-02,coffee_beans,g,39259.15714285719,8000.0,5562.0,0.0,41697.15714285719,5000.0,18000.0,0.0,6000.0,50.03658857142863,50036.58857142863
seasonal_naive,2025-12-02,milk,ml,106710.0,57000.0,50085.0,0.0,113625.0,69000.0,69000.0,0.0,4140.0,6.8175,6817.5
seasonal_naive,2025-12-02,sugar,g,20829.681428571414,4000.0,2836.62,0.0,21993.06142857142,3000.0,6000.0,0.0,135.0,0.9896877642857138,989.6877642857138
seasonal_naive,2025-12-02,chocolate_syrup,ml,6178.057142857129,2000.0,748.8000000000001,0.0,7429.25714285713,2000.0,3500.0,0.0,600.0,2.228777142857139,2228.777142857139
seasonal_naive,2025-12-02,tea_leaves,g,1877.0514285714266,0.0,296.64,0.0,1580.4114285714268,0.0,1000.0,0.0,0.0,0.9482468571428561,948.246857142856
seasonal_naive,2025-12-02,ice,g,46324.799999999996,8000.0,6350.400000000001,2324.7999999999984,45649.6,9000.0,9000.0,23.247999999999983,90.0,0.456496,456.496
seasonal_naive,2025-12-02,croissant_dough,pcs,0.4799999999999809,20.0,19.44,0.0,1.0399999999999778,30.0,30.0,0.0,1350.0,0.046799999999999,46.799999999999
seasonal_naive,2025-12-02,bread,pcs,1.3599999999999568,110.0,86.92,0.0,24.439999999999955,70.0,70.0,0.0,560.0,0.19551999999999964,195.51999999999964
seasonal_naive,2025-12-02,cup_hot,pcs,1974.8457142857137,500.0,351.23,0.0,2123.6157142857137,500.0,1900.0,0.0,2000.0,8.494462857142855,8494.462857142855
seasonal_naive,2025-12-02,cup_cold,pcs,811.9685714285711,0.0,56.65,0.0,755.3185714285711,200.0,200.0,0.0,1000.0,3.7765928571428553,3776.5928571428553
seasonal_naive,2025-12-03,coffee_beans,g,41697.15714285719,8000.0,6507.54,0.0,43189.61714285718,7000.0,17000.0,0.0,8400.0,51.82754057142862,51827.54057142862
seasonal_naive,2025-12-03,milk,ml,113625.0,69000.0,63945.0,0.0,118680.0,57000.0,57000.0,0.0,3420.0,7.1208,7120.8
seasonal_naive,2025-12-03,sugar,g,21993.06142857142,3000.0,3577.1900000000005,0.0,21415.871428571416,3000.0,6000.0,0.0,135.0,0.9637142142857137,963.7142142857136
seasonal_naive,2025-12-03,chocolate_syrup,ml,7429.25714285713,1500.0,1185.6000000000001,0.0,7743.65714285713,0.0,2000.0,0.0,0.0,2.3230971428571388,2323.097142857139
seasonal_naive,2025-12-03,tea_leaves,g,1580.4114285714268,500.0,313.12,0.0,1767.2914285714266,1000.0,1500.0,0.0,600.0,1.060374857142856,1060.374857142856
seasonal_naive,2025-12-03,ice,g,45649.6,9000.0,10432.800000000001,1649.5999999999995,42567.2,10000.0,10000.0,16.495999999999995,100.0,0.425672,425.67199999999997
seasonal_naive,2025-12-03,croissant_dough,pcs,1.0399999999999778,30.0,30.240000000000002,0.0,0.7999999999999758,40.0,40.0,0.0,1800.0,0.035999999999998915,35.99999999999891
seasonal_naive,2025-12-03,bread,pcs,24.439999999999955,70.0,93.28,0.0,1.159999999999954,70.0,70.0,0.0,560.0,0.009279999999999632,9.279999999999632
seasonal_naive,2025-12-03,cup_hot,pcs,2123.6157142857137,500.0,386.25,0.0,2237.3657142857137,500.0,1900.0,0.0,2000.0,8.949462857142855,8949.462857142855
seasonal_naive,2025-12-03,cup_cold,pcs,755.3185714285711,0.0,92.7,0.0,662.6185714285712,0.0,200.0,0.0,0.0,3.313092857142856,3313.092857142856
seasonal_naive,2025-12-04,coffee_beans,g,43189.61714285718,5000.0,4764.780000000001,0.0,43424.837142857185,10000.0,22000.0,0.0,12000.0,52.10980457142862,52109.80457142862
seasonal_naive,2025-12-04,milk,ml,118680.0,57000.0,51061.5,0.0,124618.5,80000.0,80000.0,0.0,4800.0,7.47711,7477.11
seasonal_naive,2025-12-04,sugar,g,21415.871428571416,3000.0,2999.36,0.0,21416.511428571415,4000.0,7000.0,0.0,180.0,0.9637430142857137,963.7430142857137
seasonal_naive,2025-12-04,chocolate_syrup,ml,7743.65714285713,2000.0,1123.2,0.0,8620.457142857129,2000.0,2000.0,0.0,600.0,2.586137142857139,2586.1371428571388
seasonal_naive,2025-12-04,tea_leaves,g,1767.2914285714266,500.0,436.72,0.0,1830.5714285714266,0.0,1000.0,0.0,0.0,1.098342857142856,1098.342857142856
seasonal_naive,2025-12-04,ice,g,42567.2,10000.0,6307.200000000001,0.0,46260.0,9000.0,9000.0,0.0,90.0,0.4626,462.6
seasonal_naive,2025-12-04,croissant_dough,pcs,0.7999999999999758,40.0,39.96,0.0,0.839999999999975,30.0,30.0,0.0,1350.0,0.037799999999998876,37.799999999998875
seasonal_naive,2025-12-04,bread,pcs,1.159999999999954,70.0,69.96000000000001,0.0,1.199999999999946,90.0,90.0,0.0,720.0,0.009599999999999569,9.599999999999568
seasonal_naive,2025-12-04,cup_hot,pcs,2237.3657142857137,500.0,356.38,0.0,2380.9857142857136,500.0,1900.0,0.0,2000.0,9.523942857142854,9523.942857142854
seasonal_naive,2025-12-04,cup_cold,pcs,662.6185714285712,0.0,54.59,0.0,608.028571428571,0.0,200.0,0.0,0.0,3.0401428571428553,3040.142857142855
seasonal_naive,2025-12-05,coffee_beans,g,43424.837142857185,5000.0,7063.74,0.0,41361.09714285719,6000.0,23000.0,0.0,7200.0,49.63331657142862,49633.31657142862
seasonal_naive,2025-12-05,milk,ml,124618.5,80000.0,62853.0,0.0,141765.5,48000.0,48000.0,0.0,2880.0,8.505930000000001,8505.93
seasonal_naive,2025-12-05,sugar,g,21416.511428571415,3000.0,3476.25,0.0,20940.261428571415,3000.0,7000.0,0.0,135.0,0.9423117642857137,942.3117642857137
seasonal_naive,2025-12-05,chocolate_syrup,ml,8620.457142857129,0.0,1560.0000000000002,0.0,7060.457142857129,1500.0,3500.0,0.0,450.0,2.118137142857139,2118.1371428571388
seasonal_naive,2025-12-05,tea_leaves,g,1830.5714285714266,0.0,337.84000000000003,0.0,1492.7314285714265,0.0,1000.0,0.0,0.0,0.8956388571428558,895.6388571428558
seasonal_naive,2025-12-05,ice,g,46260.0,9000.0,8143.200000000001,2259.999999999998,44856.8,8000.0,8000.0,22.599999999999984,80.0,0.448568,448.56800000000004
seasonal_naive,2025-12-05,croissant_dough,pcs,0.839999999999975,30.0,30.240000000000002,0.0,0.599999999999973,40.0,40.0,0.0,1800.0,0.026999999999998785,26.999999999998785
seasonal_naive,2025-12-05,bread,pcs,1.199999999999946,90.0,91.16000000000001,0.0,0.0399999999999352,90.0,90.0,0.0,720.0,0.0003199999999994816,0.3199999999994816
seasonal_naive,2025-12-05,cup_hot,pcs,2380.9857142857136,400.0,456.2900000000001,0.0,2324.6957142857136,300.0,1800.0,0.0,1200.0,9.298782857142855,9298.782857142854
seasonal_naive,2025-12-05,cup_cold,pcs,608.028571428571,0.0,72.1,0.0,535.9285714285711,200.0,400.0,0.0,1000.0,2.6796428571428557,2679.6428571428555
seasonal_naive,2025-12-06,coffee_beans,g,41361.09714285719,7000.0,6730.02,0.0,41631.07714285719,6000.0,22000.0,0.0,7200.0,49.957292571428624,49957.292571428625
seasonal_naive,2025-12-06,milk,ml,141765.5,48000.0,70161.0,0.0,119604.5,56000.0,56000.0,0.0,3360.0,7.17627,7176.2699999999995
seasonal_naive,2025-12-06,sugar,g,20940.261428571415,4000.0,4029.3600000000006,0.0,20910.901428571415,4000.0,7000.0,0.0,180.0,0.9409905642857136,940.9905642857136
seasonal_naive,2025-12-06,chocolate_syrup,ml,7060.457142857129,2000.0,1341.6000000000001,0.0,7718.857142857129,0.0,1500.0,0.0,0.0,2.3156571428571384,2315.6571428571383
seasonal_naive,2025-12-06,tea_leaves,g,1492.7314285714265,1000.0,407.88,0.0,2084.8514285714264,500.0,500.0,0.0,300.0,1.2509108571428558,1250.9108571428558
seasonal_naive,2025-12-06,ice,g,44856.8,8000.0,12571.2,0.0,40285.6,11000.0,11000.0,0.0,110.0,0.402856,402.856
seasonal_naive,2025-12-06,croissant_dough,pcs,0.599999999999973,40.0,37.800000000000004,0.0,2.7999999999999687,30.0,30.0,0.0,1350.0,0.12599999999999859,125.9999999999986
seasonal_naive,2025-12-06,bread,pcs,0.0399999999999352,90.0,86.92,0.0,3.1199999999999335,90.0,90.0,0.0,720.0,0.02495999999999947,24.959999999999468
seasonal_naive,2025-12-06,cup_hot,pcs,2324.6957142857136,500.0,409.93999999999994,0.0,2414.7557142857136,300.0,1600.0,0.0,1200.0,9.659022857142855,9659.022857142854
seasonal_naive,2025-12-06,cup_cold,pcs,535.9285714285711,200.0,110.21000000000001,0.0,625.7185714285711,0.0,200.0,0.0,0.0,3.1285928571428556,3128.5928571428553
seasonal_naive,2025-12-07,coffee_beans,g,41631.07714285719,10000.0,6674.400000000001,0.0,44956.67714285719,0.0,12000.0,0.0,0.0,53.94801257142863,53948.012571428626
seasonal_naive,2025-12-07,milk,ml,119604.5,56000.0,59209.5,0.0,116395.0,66000.0,66000.0,0.0,3960.0,6.9837,6983.7
seasonal_naive,2025-12-07,sugar,g,20910.901428571415,3000.0,3329.9900000000002,0.0,20580.911428571417,5000.0,9000.0,0.0,225.0,0.9261410142857137,926.1410142857137
seasonal_naive,2025-12-07,chocolate_syrup,ml,7718.857142857129,1500.0,717.6,0.0,8501.257142857128,4000.0,4000.0,0.0,1200.0,2.5503771428571387,2550.3771428571386
seasonal_naive,2025-12-07,tea_leaves,g,2084.8514285714264,0.0,259.56,0.0,1825.2914285714266,1500.0,2000.0,0.0,900.0,1.095174857142856,1095.174857142856
seasonal_naive,2025-12-07,ice,g,40285.6,11000.0,11253.600000000002,0.0,40032.0,9000.0,9000.0,0.0,90.0,0.40032,400.32
seasonal_naive,2025-12-07,croissant_dough,pcs,2.7999999999999687,30.0,32.400000000000006,0.0,0.39999999999996305,40.0,40.0,0.0,1800.0,0.017999999999998337,17.999999999998337
seasonal_naive,2025-12-07,bread,pcs,3.1199999999999335,90.0,69.96000000000001,0.0,23.159999999999926,90.0,90.0,0.0,720.0,0.18527999999999942,185.2799999999994
seasonal_naive,2025-12-07,cup_hot,pcs,2414.7557142857136,500.0,361.53,0.0,2553.2257142857134,600.0,1700.0,0.0,2400.0,10.212902857142854,10212.902857142853
seasonal_naive,2025-12-07,cup_cold,pcs,625.7185714285711,0.0,97.85,0.0,527.868571428571,0.0,200.0,0.0,0.0,2.6393428571428554,2639.3428571428553
seasonal_naive,2025-12-08,coffee_beans,g,44956.67714285719,6000.0,5172.66,0.0,45784.01714285719,7000.0,13000.0,0.0,8400.0,54.94082057142863,54940.82057142863
seasonal_naive,2025-12-08,milk,ml,116395.0,66000.0,47376.0,0.0,135019.0,38000.0,38000.0,0.0,2280.0,8.10114,8101.139999999999
seasonal_naive,2025-12-08,sugar,g,20580.911428571417,4000.0,2681.09,0.0,21899.821428571413,2000.0,7000.0,0.0,90.0,0.9854919642857135,985.4919642857135
seasonal_naive,2025-12-08,chocolate_syrup,ml,8501.257142857128,0.0,624.0,0.0,7877.257142857128,0.0,4000.0,0.0,0.0,2.3631771428571384,2363.1771428571383
seasonal_naive,2025-12-08,tea_leaves,g,1825.2914285714266,0.0,234.84,0.0,1590.4514285714267,0.0,2000.0,0.0,0.0,0.9542708571428561,954.270857142856
seasonal_naive,2025-12-08,ice,g,40032.0,9000.0,9050.400000000001,0.0,39981.6,11000.0,11000.0,0.0,110.0,0.399816,399.816
seasonal_naive,2025-12-08,croissant_dough,pcs,0.39999999999996305,40.0,23.76,0.0,16.63999999999996,30.0,30.0,0.0,1350.0,0.7487999999999982,748.7999999999982
seasonal_naive,2025-12-08,bread,pcs,23.159999999999926,90.0,112.36,0.0,0.7999999999999261,70.0,70.0,0.0,560.0,0.006399999999999409,6.399999999999409
seasonal_naive,2025-12-08,cup_hot,pcs,2553.2257142857134,500.0,288.4,0.0,2764.8257142857137,0.0,1200.0,0.0,0.0,11.059302857142855,11059.302857142855
seasonal_naive,2025-12-08,cup_cold,pcs,527.868571428571,0.0,78.28,0.0,449.5885714285711,200.0,400.0,0.0,1000.0,2.2479428571428555,2247.9428571428552
seasonal_naive,2025-12-09,coffee_beans,g,45784.01714285719,6000.0,5376.599999999999,0.0,46407.417142857186,5000.0,12000.0,0.0,6000.0,55.688900571428626,55688.900571428625
seasonal_naive,2025-12-09,milk,ml,135019.0,38000.0,49392.0,0.0,123627.0,54000.0,54000.0,0.0,3240.0,7.41762,7417.62
seasonal_naive,2025-12-09,sugar,g,21899.821428571413,5000.0,2831.47,0.0,24068.35142857141,3000.0,5000.0,0.0,135.0,1.0830758142857135,1083.0758142857135
seasonal_naive,2025-12-09,chocolate_syrup,ml,7877.257142857128,4000.0,717.6,0.0,11159.65714285713,0.0,0.0,0.0,0.0,3.347897142857139,3347.897142857139
seasonal_naive,2025-12-09,tea_leaves,g,1590.4514285714267,500.0,218.36,0.0,1872.0914285714266,500.0,2000.0,0.0,300.0,1.1232548571428558,1123.2548571428558
seasonal_naive,2025-12-09,ice,g,39981.6,11000.0,9525.6,0.0,41456.0,9000.0,9000.0,0.0,90.0,0.41456,414.56
seasonal_naive,2025-12-09,croissant_dough,pcs,16.63999999999996,30.0,30.240000000000002,0.0,16.39999999999996,20.0,20.0,0.0,900.0,0.7379999999999982,737.9999999999982
seasonal_naive,2025-12-09,bread,pcs,0.7999999999999261,70.0,69.96000000000001,0.0,0.8399999999999181,90.0,90.0,0.0,720.0,0.006719999999999345,6.719999999999345
seasonal_naive,2025-12-09,cup_hot,pcs,2764.8257142857137,300.0,292.52,0.0,2772.3057142857137,600.0,1500.0,0.0,2400.0,11.089222857142856,11089.222857142855
seasonal_naive,2025-12-09,cup_cold,pcs,449.5885714285711,200.0,84.46000000000001,0.0,565.128571428571,0.0,200.0,0.0,0.0,2.825642857142855,2825.642857142855
seasonal_naive,2025-12-10,coffee_beans,g,46407.417142857186,0.0,6581.699999999999,0.0,39825.71714285719,7000.0,19000.0,0.0,8400.0,47.790860571428624,47790.860571428624
seasonal_naive,2025-12-10,milk,ml,123627.0,54000.0,62695.5,0.0,114931.5,70000.0,70000.0,0.0,4200.0,6.89589,6895.889999999999
seasonal_naive,2025-12-10,sugar,g,24068.35142857141,2000.0,3580.28,0.0,22488.071428571413,3000.0,6000.0,0.0,135.0,1.0119632142857136,1011.9632142857135
seasonal_naive,2025-12-10,chocolate_syrup,ml,11159.65714285713,0.0,842.4000000000001,0.0,10317.257142857128,1500.0,1500.0,0.0,450.0,3.095177142857138,3095.1771428571383
seasonal_naive,2025-12-10,tea_leaves,g,1872.0914285714266,1500.0,255.44,0.0,3116.6514285714265,0.0,500.0,0.0,0.0,1.869990857142856,1869.990857142856
seasonal_naive,2025-12-10,ice,g,41456.0,9000.0,13478.400000000001,0.0,36977.59999999999,10000.0,10000.0,0.0,100.0,0.3697759999999999,369.7759999999999
seasonal_naive,2025-12-10,croissant_dough,pcs,16.39999999999996,20.0,35.64,0.0,0.7599999999999589,40.0,40.0,0.0,1800.0,0.034199999999998155,34.199999999998155
seasonal_naive,2025-12-10,bread,pcs,0.8399999999999181,90.0,74.2,0.0,16.639999999999915,90.0,90.0,0.0,720.0,0.13311999999999932,133.11999999999932
seasonal_naive,2025-12-10,cup_hot,pcs,2772.3057142857137,300.0,339.90000000000003,0.0,2732.4057142857137,300.0,1500.0,0.0,1200.0,10.929622857142855,10929.622857142855
seasonal_naive,2025-12-10,cup_cold,pcs,565.128571428571,0.0,117.42000000000002,0.0,447.7085714285711,200.0,400.0,0.0,1000.0,2.2385428571428556,2238.5428571428556
seasonal_naive,2025-12-11,coffee_beans,g,39825.71714285719,7000.0,6526.08,0.0,40299.63714285719,6000.0,18000.0,0.0,7200.0,48.35956457142862,48359.56457142862
seasonal_naive,2025-12-11,milk,ml,114931.5,70000.0,56206.5,0.0,128725.0,71000.0,71000.0,0.0,4260.0,7.7235000000000005,7723.5
seasonal_naive,2025-12-11,sugar,g,22488.071428571413,3000.0,3016.87,0.0,22471.201428571414,4000.0,7000.0,0.0,180.0,1.0112040642857136,1011.2040642857136
seasonal_naive,2025-12-11,chocolate_syrup,ml,10317.257142857128,0.0,780.0000000000001,0.0,9537.257142857128,0.0,1500.0,0.0,0.0,2.861177142857138,2861.1771428571383
seasonal_naive,2025-12-11,tea_leaves,g,3116.6514285714265,0.0,214.24,0.0,2902.4114285714268,500.0,1000.0,0.0,300.0,1.741446857142856,1741.446857142856
seasonal_naive,2025-12-11,ice,g,36977.59999999999,10000.0,8013.6,0.0,38963.99999999999,13000.0,13000.0,0.0,130.0,0.38963999999999993,389.63999999999993
seasonal_naive,2025-12-11,croissant_dough,pcs,0.7599999999999589,40.0,39.96,0.0,0.7999999999999545,40.0,40.0,0.0,1800.0,0.03599999999999796,35.999999999997954
seasonal_naive,2025-12-11,bread,pcs,16.639999999999915,90.0,61.480000000000004,0.0,45.15999999999991,80.0,80.0,0.0,640.0,0.3612799999999993,361.2799999999993
seasonal_naive,2025-12-11,cup_hot,pcs,2732.4057142857137,600.0,370.8,0.0,2961.6057142857135,500.0,1400.0,0.0,2000.0,11.846422857142855,11846.422857142854
seasonal_naive,2025-12-11,cup_cold,pcs,447.7085714285711,0.0,71.07,0.0,376.638571428571,0.0,400.0,0.0,0.0,1.8831928571428553,1883.1928571428552
seasonal_naive,2025-12-12,coffee_beans,g,40299.63714285719,5000.0,5042.88,0.0,40256.75714285719,9000.0,22000.0,0.0,10800.0,48.308108571428626,48308.108571428624
seasonal_naive,2025-12-12,milk,ml,128725.0,71000.0,41832.0,0.0,157893.0,61000.0,61000.0,0.0,3660.0,9.47358,9473.58
seasonal_naive,2025-12-12,sugar,g,22471.201428571414,3000.0,2379.3,0.0,23091.901428571415,4000.0,8000.0,0.0,180.0,1.0391355642857136,1039.1355642857136
seasonal_naive,2025-12-12,chocolate_syrup,ml,9537.257142857128,1500.0,748.8000000000001,0.0,10288.457142857129,2000.0,2000.0,0.0,600.0,3.0865371428571384,3086.5371428571384
seasonal_naive,2025-12-12,tea_leaves,g,2902.4114285714268,500.0,173.04,0.0,3229.371428571427,0.0,500.0,0.0,0.0,1.937622857142856,1937.622857142856
seasonal_naive,2025-12-12,ice,g,38963.99999999999,13000.0,8251.2,0.0,43712.799999999996,8000.0,8000.0,0.0,80.0,0.437128,437.128
seasonal_naive,2025-12-12,croissant_dough,pcs,0.7999999999999545,40.0,39.96,0.0,0.8399999999999537,30.0,30.0,0.0,1350.0,0.03779999999999792,37.799999999997915
seasonal_naive,2025-12-12,bread,pcs,45.15999999999991,80.0,69.96000000000001,0.0,55.1999999999999,50.0,50.0,0.0,400.0,0.4415999999999992,441.5999999999992
seasonal_naive,2025-12-12,cup_hot,pcs,2961.6057142857135,0.0,275.01,0.0,2686.5957142857137,300.0,1700.0,0.0,1200.0,10.746382857142855,10746.382857142855
seasonal_naive,2025-12-12,cup_cold,pcs,376.638571428571,200.0,73.13,0.0,503.50857142857103,200.0,400.0,0.0,1000.0,2.517542857142855,2517.542857142855
seasonal_naive,2025-12-13,coffee_beans,g,40256.75714285719,7000.0,6451.92,0.0,40804.83714285719,0.0,15000.0,0.0,0.0,48.96580457142863,48965.80457142863
seasonal_naive,2025-12-13,milk,ml,157893.0,61000.0,61362.0,0.0,157531.0,29000.0,29000.0,0.0,1740.0,9.451859999999998,9451.859999999999
seasonal_naive,2025-12-13,sugar,g,23091.901428571415,4000.0,3376.34,0.0,23715.56142857141,3000.0,7000.0,0.0,135.0,1.0672002642857135,1067.2002642857135
seasonal_naive,2025-12-13,chocolate_syrup,ml,10288.457142857129,0.0,1092.0,0.0,9196.457142857129,0.0,2000.0,0.0,0.0,2.7589371428571385,2758.9371428571385
seasonal_naive,2025-12-13,tea_leaves,g,3229.371428571427,0.0,210.12,0.0,3019.2514285714265,500.0,1000.0,0.0,300.0,1.811550857142856,1811.5508571428559
seasonal_naive,2025-12-13,ice,g,43712.799999999996,8000.0,12268.800000000001,0.0,39443.99999999999,8000.0,8000.0,0.0,80.0,0.39443999999999996,394.43999999999994
seasonal_naive,2025-12-13,croissant_dough,pcs,0.8399999999999537,30.0,28.080000000000002,0.0,2.759999999999952,70.0,70.0,0.0,3150.0,0.12419999999999783,124.19999999999783
seasonal_naive,2025-12-13,bread,pcs,55.1999999999999,50.0,80.56,0.0,24.6399999999999,80.0,80.0,0.0,640.0,0.1971199999999992,197.1199999999992
seasonal_naive,2025-12-13,cup_hot,pcs,2686.5957142857137,600.0,339.9,0.0,2946.6957142857136,0.0,1100.0,0.0,0.0,11.786782857142855,11786.782857142854
seasonal_naive,2025-12-13,cup_cold,pcs,503.50857142857103,0.0,107.12,0.0,396.388571428571,0.0,400.0,0.0,0.0,1.9819428571428552,1981.9428571428552
seasonal_naive,2025-12-14,coffee_beans,g,40804.83714285719,6000.0,6266.519999999999,0.0,40538.31714285719,7000.0,16000.0,0.0,8400.0,48.64598057142863,48645.98057142863
seasonal_naive,2025-12-14,milk,ml,157531.0,29000.0,61005.0,0.0,125526.0,32000.0,32000.0,0.0,1920.0,7.53156,7531.5599999999995
seasonal_naive,2025-12-14,sugar,g,23715.56142857141,4000.0,3388.7000000000003,0.0,24326.861428571414,0.0,3000.0,0.0,0.0,1.0947087642857136,1094.7087642857136
seasonal_naive,2025-12-14,chocolate_syrup,ml,9196.457142857129,2000.0,1060.8000000000002,0.0,10135.657142857128,0.0,0.0,0.0,0.0,3.0406971428571383,3040.6971428571383
seasonal_naive,2025-12-14,tea_leaves,g,3019.2514285714265,500.0,309.0,0.0,3210.2514285714265,0.0,500.0,0.0,0.0,1.9261508571428558,1926.1508571428558
seasonal_naive,2025-12-14,ice,g,39443.99999999999,8000.0,8726.400000000001,0.0,38717.59999999999,24000.0,24000.0,0.0,240.0,0.38717599999999996,387.17599999999993
seasonal_naive,2025-12-14,croissant_dough,pcs,2.759999999999952,70.0,72.36,0.0,0.39999999999994884,0.0,0.0,0.0,0.0,0.0179999999999977,17.999999999997698
seasonal_naive,2025-12-14,bread,pcs,24.6399999999999,80.0,86.92,0.0,17.7199999999999,70.0,70.0,0.0,560.0,0.1417599999999992,141.7599999999992
seasonal_naive,2025-12-14,cup_hot,pcs,2946.6957142857136,300.0,383.16,0.0,2863.5357142857138,0.0,800.0,0.0,0.0,11.454142857142855,11454.142857142855
seasonal_naive,2025-12-14,cup_cold,pcs,396.388571428571,200.0,77.25,0.0,519.138571428571,400.0,600.0,0.0,2000.0,2.5956928571428555,2595.6928571428552
seasonal_naive,2025-12-15,coffee_beans,g,40538.31714285719,9000.0,6711.48,0.0,42826.83714285719,7000.0,14000.0,0.0,8400.0,51.39220457142863,51392.20457142863
seasonal_naive,2025-12-15,milk,ml,125526.0,32000.0,60826.5,0.0,96699.5,58000.0,58000.0,0.0,3480.0,5.80197,5801.969999999999
seasonal_naive,2025-12-15,sugar,g,24326.861428571414,3000.0,3256.86,0.0,24070.001428571413,0.0,0.0,0.0,0.0,1.0831500642857137,1083.1500642857136
seasonal_naive,2025-12-15,chocolate_syrup,ml,10135.657142857128,0.0,1310.4,0.0,8825.257142857128,0.0,0.0,0.0,0.0,2.6475771428571386,2647.5771428571384
seasonal_naive,2025-12-15,tea_leaves,g,3210.2514285714265,0.0,280.16,0.0,2930.0914285714266,0.0,500.0,0.0,0.0,1.758054857142856,1758.054857142856
seasonal_naive,2025-12-15,ice,g,38717.59999999999,24000.0,7732.800000000001,0.0,54984.79999999999,9000.0,9000.0,0.0,90.0,0.5498479999999999,549.8479999999998
seasonal_naive,2025-12-15,croissant_dough,pcs,0.39999999999994884,0.0,0.0,0.0,0.39999999999994884,30.0,30.0,0.0,1350.0,0.0179999999999977,17.999999999997698
seasonal_naive,2025-12-15,bread,pcs,17.7199999999999,70.0,57.24,0.0,30.479999999999897,70.0,70.0,0.0,560.0,0.2438399999999992,243.83999999999918
seasonal_naive,2025-12-15,cup_hot,pcs,2863.5357142857138,500.0,418.18,0.0,2945.3557142857135,0.0,300.0,0.0,0.0,11.781422857142854,11781.422857142854
seasonal_naive,2025-12-15,cup_cold,pcs,519.138571428571,0.0,67.98,0.0,451.15857142857107,0.0,600.0,0.0,0.0,2.2557928571428554,2255.792857142855
seasonal_naive,2025-12-16,coffee_beans,g,42826.83714285719,0.0,5524.92,0.0,37301.917142857186,7000.0,21000.0,0.0,8400.0,44.76230057142862,44762.30057142862
seasonal_naive,2025-12-16,milk,ml,96699.5,58000.0,56584.5,0.0,98115.0,55000.0,55000.0,0.0,3300.0,5.8869,5886.9
seasonal_naive,2025-12-16,sugar,g,24070.001428571413,0.0,3231.11,0.0,20838.891428571413,5000.0,5000.0,0.0,225.0,0.9377501142857135,937.7501142857135
seasonal_naive,2025-12-16,chocolate_syrup,ml,8825.257142857128,0.0,1060.8000000000002,0.0,7764.457142857128,0.0,0.0,0.0,0.0,2.3293371428571383,2329.337142857138
seasonal_naive,2025-12-16,tea_leaves,g,2930.0914285714266,500.0,317.24,0.0,3112.8514285714264,0.0,0.0,0.0,0.0,1.8677108571428558,1867.7108571428557
seasonal_naive,2025-12-16,ice,g,54984.79999999999,9000.0,8575.2,0.0,55409.59999999999,7000.0,7000.0,0.0,70.0,0.5540959999999999,554.0959999999999
seasonal_naive,2025-12-16,croissant_dough,pcs,0.39999999999994884,30.0,29.160000000000004,0.39999999999994884,0.8399999999999963,30.0,30.0,17.999999999997698,1350.0,0.037799999999999834,37.799999999999834
seasonal_naive,2025-12-16,bread,pcs,30.479999999999897,70.0,67.84,0.0,32.639999999999894,40.0,40.0,0.0,320.0,0.26111999999999913,261.11999999999915
seasonal_naive,2025-12-16,cup_hot,pcs,2945.3557142857135,300.0,344.02000000000004,0.0,2901.3357142857135,600.0,600.0,0.0,2400.0,11.605342857142855,11605.342857142854
seasonal_naive,2025-12-16,cup_cold,pcs,451.15857142857107,200.0,77.25,0.0,573.908571428571,0.0,400.0,0.0,0.0,2.8695428571428554,2869.542857142855
seasonal_naive,2025-12-17,coffee_beans,g,37301.917142857186,7000.0,6285.0599999999995,0.0,38016.85714285719,6000.0,20000.0,0.0,7200.0,45.620228571428626,45620.228571428626
seasonal_naive,2025-12-17,milk,ml,98115.0,55000.0,56647.5,0.0,96467.5,67000.0,67000.0,0.0,4020.0,5.78805,5788.05
seasonal_naive,2025-12-17,sugar,g,20838.891428571413,0.0,3169.31,0.0,17669.581428571415,3000.0,8000.0,0.0,135.0,0.7951311642857137,795.1311642857137
seasonal_naive,2025-12-17,chocolate_syrup,ml,7764.457142857128,0.0,811.2,0.0,6953.257142857128,0.0,0.0,0.0,0.0,2.0859771428571383,2085.9771428571385
seasonal_naive,2025-12-17,tea_leaves,g,3112.8514285714264,0.0,238.96,0.0,2873.8914285714263,0.0,0.0,0.0,0.0,1.7243348571428558,1724.3348571428558
seasonal_naive,2025-12-17,ice,g,55409.59999999999,7000.0,9741.6,0.0,52667.999999999985,9000.0,9000.0,0.0,90.0,0.5266799999999998,526.6799999999998
seasonal_naive,2025-12-17,croissant_dough,pcs,0.8399999999999963,30.0,30.240000000000002,0.0,0.5999999999999943,40.0,40.0,0.0,1800.0,0.026999999999999746,26.999999999999744
seasonal_naive,2025-12-17,bread,pcs,32.639999999999894,40.0,72.08,0.0,0.5599999999998957,60.0,60.0,0.0,480.0,0.004479999999999165,4.4799999999991655
seasonal_naive,2025-12-17,cup_hot,pcs,2901.3357142857135,0.0,350.20000000000005,0.0,2551.1357142857137,400.0,1000.0,0.0,1600.0,10.204542857142854,10204.542857142855
seasonal_naive,2025-12-17,cup_cold,pcs,573.908571428571,0.0,85.49000000000001,0.0,488.41857142857106,200.0,600.0,0.0,1000.0,2.4420928571428555,2442.0928571428553
seasonal_naive,2025-12-18,coffee_beans,g,38016.85714285719,7000.0,6006.959999999999,0.0,39009.89714285719,6000.0,19000.0,0.0,7200.0,46.81187657142863,46811.87657142863
seasonal_naive,2025-12-18,milk,ml,96467.5,67000.0,54306.0,0.0,109161.5,53000.0,53000.0,0.0,3180.0,6.54969,6549.69
seasonal_naive,2025-12-18,sugar,g,17669.581428571415,5000.0,3034.38,0.0,19635.20142857141,2000.0,5000.0,0.0,90.0,0.8835840642857135,883.5840642857135
seasonal_naive,2025-12-18,chocolate_syrup,ml,6953.257142857128,0.0,873.6000000000001,0.0,6079.657142857128,1500.0,1500.0,0.0,450.0,1.8238971428571384,1823.8971428571383
seasonal_naive,2025-12-18,tea_leaves,g,2873.8914285714263,0.0,181.28,0.0,2692.6114285714266,0.0,0.0,0.0,0.0,1.615566857142856,1615.566857142856
seasonal_naive,2025-12-18,ice,g,52667.999999999985,9000.0,10843.2,0.0,50824.79999999999,10000.0,10000.0,0.0,100.0,0.5082479999999999,508.2479999999999
seasonal_naive,2025-12-18,croissant_dough,pcs,0.5999999999999943,40.0,25.92,0.0,14.679999999999993,40.0,40.0,0.0,1800.0,0.6605999999999997,660.5999999999997
seasonal_naive,2025-12-18,bread,pcs,0.5599999999998957,60.0,59.36,0.0,1.1999999999998963,60.0,60.0,0.0,480.0,0.00959999999999917,9.59999999999917
seasonal_naive,2025-12-18,cup_hot,pcs,2551.1357142857137,0.0,312.09,0.0,2239.0457142857135,300.0,1300.0,0.0,1200.0,8.956182857142855,8956.182857142854
seasonal_naive,2025-12-18,cup_cold,pcs,488.41857142857106,400.0,95.78999999999999,0.0,792.628571428571,0.0,200.0,0.0,0.0,3.9631428571428553,3963.142857142855
seasonal_naive,2025-12-19,coffee_beans,g,39009.89714285719,7000.0,7471.619999999999,0.0,38538.27714285719,6000.0,18000.0,0.0,7200.0,46.245932571428625,46245.932571428624
seasonal_naive,2025-12-19,milk,ml,109161.5,53000.0,61131.0,0.0,101030.5,45000.0,45000.0,0.0,2700.0,6.0618300000000005,6061.83
seasonal_naive,2025-12-19,sugar,g,19635.20142857141,3000.0,3354.7100000000005,0.0,19280.49142857141,4000.0,6000.0,0.0,180.0,0.8676221142857135,867.6221142857135
seasonal_naive,2025-12-19,chocolate_syrup,ml,6079.657142857128,0.0,655.2,0.0,5424.457142857128,0.0,1500.0,0.0,0.0,1.6273371428571384,1627.3371428571384
seasonal_naive,2025-12-19,tea_leaves,g,2692.6114285714266,0.0,210.12,0.0,2482.4914285714267,0.0,0.0,0.0,0.0,1.4894948571428561,1489.494857142856
seasonal_naive,2025-12-19,ice,g,50824.79999999999,10000.0,11772.0,0.0,49052.79999999999,11000.0,11000.0,0.0,110.0,0.4905279999999999,490.5279999999999
seasonal_naive,2025-12-19,croissant_dough,pcs,14.679999999999993,40.0,41.040000000000006,0.0,13.639999999999986,20.0,20.0,0.0,900.0,0.6137999999999993,613.7999999999994
seasonal_naive,2025-12-19,bread,pcs,1.1999999999998963,60.0,59.36,0.0,1.8399999999998968,80.0,80.0,0.0,640.0,0.014719999999999175,14.719999999999175
seasonal_naive,2025-12-19,cup_hot,pcs,2239.0457142857135,0.0,388.31000000000006,0.0,1850.7357142857136,300.0,1600.0,0.0,1200.0,7.402942857142855,7402.942857142854
seasonal_naive,2025-12-19,cup_cold,pcs,792.628571428571,0.0,100.94,0.0,691.6885714285711,0.0,200.0,0.0,0.0,3.458442857142855,3458.4428571428552
seasonal_naive,2025-12-20,coffee_beans,g,38538.27714285719,6000.0,6674.400000000001,0.0,37863.87714285719,8000.0,20000.0,0.0,9600.0,45.43665257142863,45436.65257142863
seasonal_naive,2025-12-20,milk,ml,101030.5,45000.0,64333.5,0.0,81697.0,69000.0,69000.0,0.0,4140.0,4.90182,4901.82
seasonal_naive,2025-12-20,sugar,g,19280.49142857141,2000.0,3545.26,0.0,17735.231428571413,4000.0,8000.0,0.0,180.0,0.7980854142857136,798.0854142857136
seasonal_naive,2025-12-20,chocolate_syrup,ml,5424.457142857128,1500.0,1092.0,0.0,5832.457142857128,1500.0,1500.0,0.0,450.0,1.7497371428571384,1749.7371428571385
seasonal_naive,2025-12-20,tea_leaves,g,2482.4914285714267,0.0,292.52,0.0,2189.9714285714267,0.0,0.0,0.0,0.0,1.313982857142856,1313.982857142856
seasonal_naive,2025-12-20,ice,g,49052.79999999999,11000.0,10454.400000000001,0.0,49598.39999999999,11000.0,11000.0,0.0,110.0,0.49598399999999987,495.98399999999987
seasonal_naive,2025-12-20,croissant_dough,pcs,13.639999999999986,20.0,33.480000000000004,0.0,0.15999999999998238,20.0,20.0,0.0,900.0,0.007199999999999207,7.199999999999207
seasonal_naive,2025-12-20,bread,pcs,1.8399999999998968,80.0,80.56,0.0,1.2799999999998875,60.0,60.0,0.0,480.0,0.0102399999999991,10.2399999999991
seasonal_naive,2025-12-20,cup_hot,pcs,1850.7357142857136,600.0,388.31,0.0,2062.4257142857136,400.0,1400.0,0.0,1600.0,8.249702857142855,8249.702857142855
seasonal_naive,2025-12-20,cup_cold,pcs,691.6885714285711,0.0,91.67,0.0,600.018571428571,300.0,500.0,0.0,1500.0,3.000092857142855,3000.092857142855
seasonal_naive,2025-12-21,coffee_beans,g,37863.87714285719,6000.0,6878.339999999999,0.0,36985.537142857196,10000.0,24000.0,0.0,12000.0,44.382644571428635,44382.64457142863
seasonal_naive,2025-12-21,milk,ml,81697.0,69000.0,59230.5,0.0,91466.5,86000.0,86000.0,0.0,5160.0,5.48799,5487.99
seasonal_naive,2025-12-21,sugar,g,17735.231428571413,4000.0,3203.3,0.0,18531.931428571414,6000.0,10000.0,0.0,270.0,0.8339369142857136,833.9369142857136
seasonal_naive,2025-12-21,chocolate_syrup,ml,5832.457142857128,0.0,1154.4,0.0,4678.0571428571275,3000.0,4500.0,0.0,900.0,1.4034171428571383,1403.4171428571383
seasonal_naive,2025-12-21,tea_leaves,g,2189.9714285714267,0.0,201.88,0.0,1988.0914285714266,1000.0,1000.0,0.0,600.0,1.1928548571428559,1192.854857142856
seasonal_naive,2025-12-21,ice,g,49598.39999999999,11000.0,9590.400000000001,0.0,51007.999999999985,8000.0,8000.0,0.0,80.0,0.5100799999999999,510.07999999999987
seasonal_naive,2025-12-21,croissant_dough,pcs,0.15999999999998238,20.0,19.44,0.0,0.7199999999999811,30.0,30.0,0.0,1350.0,0.03239999999999915,32.39999999999915
seasonal_naive,2025-12-21,bread,pcs,1.2799999999998875,60.0,59.36,0.0,1.919999999999888,50.0,50.0,0.0,400.0,0.015359999999999105,15.359999999999104
seasonal_naive,2025-12-21,cup_hot,pcs,2062.4257142857136,400.0,386.25,0.0,2076.1757142857136,900.0,1900.0,0.0,3600.0,8.304702857142855,8304.702857142855
seasonal_naive,2025-12-21,cup_cold,pcs,600.018571428571,200.0,84.46000000000001,0.0,715.558571428571,0.0,300.0,0.0,0.0,3.5777928571428546,3577.7928571428547
seasonal_naive,2025-12-22,coffee_beans,g,36985.537142857196,6000.0,7860.96,0.0,35124.57714285719,7000.0,25000.0,0.0,8400.0,42.14949257142863,42149.49257142863
seasonal_naive,2025-12-22,milk,ml,91466.5,86000.0,66286.5,0.0,111180.0,54000.0,54000.0,0.0,3240.0,6.670800000000001,6670.8
seasonal_naive,2025-12-22,sugar,g,18531.931428571414,4000.0,3587.4900000000002,0.0,18944.441428571412,3000.0,9000.0,0.0,135.0,0.8524998642857136,852.4998642857136
seasonal_naive,2025-12-22,chocolate_syrup,ml,4678.0571428571275,1500.0,1154.4,0.0,5023.657142857128,1000.0,4000.0,0.0,300.0,1.5070971428571385,1507.0971428571384
seasonal_naive,2025-12-22,tea_leaves,g,1988.0914285714266,0.0,247.20000000000002,0.0,1740.8914285714266,0.0,1000.0,0.0,0.0,1.0445348571428559,1044.5348571428558
seasonal_naive,2025-12-22,ice,g,51007.999999999985,8000.0,10216.800000000001,0.0,48791.19999999998,10000.0,10000.0,0.0,100.0,0.4879119999999998,487.9119999999998
seasonal_naive,2025-12-22,croissant_dough,pcs,0.7199999999999811,30.0,30.240000000000002,0.0,0.4799999999999791,30.0,30.0,0.0,1350.0,0.02159999999999906,21.59999999999906
seasonal_naive,2025-12-22,bread,pcs,1.919999999999888,50.0,50.88,0.0,1.0399999999998855,60.0,60.0,0.0,480.0,0.008319999999999083,8.319999999999084
seasonal_naive,2025-12-22,cup_hot,pcs,2076.1757142857136,300.0,447.02000000000004,0.0,1929.1557142857134,300.0,1900.0,0.0,1200.0,7.716622857142854,7716.622857142854
seasonal_naive,2025-12-22,cup_cold,pcs,715.558571428571,0.0,89.61,0.0,625.9485714285711,0.0,300.0,0.0,0.0,3.1297428571428556,3129.7428571428554
seasonal_naive,2025-12-23,coffee_beans,g,35124.57714285719,8000.0,5543.459999999999,0.0,37581.11714285719,7000.0,24000.0,0.0,8400.0,45.09734057142863,45097.34057142863
seasonal_naive,2025-12-23,milk,ml,111180.0,54000.0,52993.5,0.0,112186.5,63000.0,63000.0,0.0,3780.0,6.73119,6731.19
seasonal_naive,2025-12-23,sugar,g,18944.441428571412,6000.0,2948.8900000000003,0.0,21995.55142857141,3000.0,6000.0,0.0,135.0,0.9897998142857134,989.7998142857134
seasonal_naive,2025-12-23,chocolate_syrup,ml,5023.657142857128,3000.0,1123.2,0.0,6900.457142857127,0.0,1000.0,0.0,0.0,2.070137142857138,2070.137142857138
seasonal_naive,2025-12-23,tea_leaves,g,1740.8914285714266,0.0,259.56,0.0,1481.3314285714266,0.0,1000.0,0.0,0.0,0.8887988571428559,888.7988571428559
seasonal_naive,2025-12-23,ice,g,48791.19999999998,10000.0,7668.0,0.0,51123.19999999998,10000.0,10000.0,0.0,100.0,0.5112319999999999,511.23199999999986
seasonal_naive,2025-12-23,croissant_dough,pcs,0.4799999999999791,30.0,30.240000000000002,0.0,0.23999999999997712,30.0,30.0,0.0,1350.0,0.01079999999999897,10.79999999999897
seasonal_naive,2025-12-23,bread,pcs,1.0399999999998855,60.0,59.36,0.0,1.679999999999886,70.0,70.0,0.0,560.0,0.013439999999999088,13.439999999999088
seasonal_naive,2025-12-23,cup_hot,pcs,1929.1557142857134,300.0,341.96000000000004,0.0,1887.1957142857136,400.0,2000.0,0.0,1600.0,7.548782857142855,7548.7828571428545
seasonal_naive,2025-12-23,cup_cold,pcs,625.9485714285711,0.0,67.98,0.0,557.9685714285711,200.0,500.0,0.0,1000.0,2.7898428571428555,2789.8428571428553
seasonal_naive,2025-12-24,coffee_beans,g,37581.11714285719,10000.0,6637.32,0.0,40943.79714285719,7000.0,21000.0,0.0,8400.0,49.13255657142863,49132.55657142863
seasonal_naive,2025-12-24,milk,ml,112186.5,63000.0,65089.5,0.0,110097.0,61000.0,61000.0,0.0,3660.0,6.60582,6605.82
seasonal_naive,2025-12-24,sugar,g,21995.55142857141,3000.0,3664.74,0.0,21330.81142857141,3000.0,6000.0,0.0,135.0,0.9598865142857135,959.8865142857135
seasonal_naive,2025-12-24,chocolate_syrup,ml,6900.457142857127,1000.0,1591.2,0.0,6309.257142857127,2000.0,2000.0,0.0,600.0,1.8927771428571383,1892.7771428571382
seasonal_naive,2025-12-24,tea_leaves,g,1481.3314285714266,1000.0,317.24,0.0,2164.0914285714266,0.0,0.0,0.0,0.0,1.2984548571428558,1298.4548571428559
seasonal_naive,2025-12-24,ice,g,51123.19999999998,10000.0,11318.400000000001,0.0,49804.79999999999,7000.0,7000.0,0.0,70.0,0.4980479999999999,498.0479999999999
seasonal_naive,2025-12-24,croissant_dough,pcs,0.23999999999997712,30.0,30.239999999999977,0.0,0.0,20.0,20.0,0.0,900.0,0.0,0.0
seasonal_naive,2025-12-24,bread,pcs,1.679999999999886,70.0,69.96000000000001,0.0,1.7199999999998852,80.0,80.0,0.0,640.0,0.013759999999999082,13.759999999999081
seasonal_naive,2025-12-24,cup_hot,pcs,1887.1957142857136,400.0,400.67,0.0,1886.5257142857135,400.0,2000.0,0.0,1600.0,7.546102857142855,7546.102857142854
seasonal_naive,2025-12-24,cup_cold,pcs,557.9685714285711,300.0,99.91,0.0,758.058571428571,0.0,200.0,0.0,0.0,3.790292857142855,3790.2928571428547
seasonal_naive,2025-12-25,coffee_beans,g,40943.79714285719,7000.0,5339.5199999999995,0.0,42604.277142857194,7000.0,21000.0,0.0,8400.0,51.12513257142863,51125.13257142863
seasonal_naive,2025-12-25,milk,ml,110097.0,61000.0,47943.0,0.0,123154.0,67000.0,67000.0,0.0,4020.0,7.38924,7389.24
seasonal_naive,2025-12-25,sugar,g,21330.81142857141,3000.0,2671.8199999999997,0.0,21658.99142857141,4000.0,7000.0,0.0,180.0,0.9746546142857135,974.6546142857135
seasonal_naive,2025-12-25,chocolate_syrup,ml,6309.257142857127,0.0,748.8000000000001,0.0,5560.457142857127,1000.0,3000.0,0.0,300.0,1.668137142857138,1668.137142857138
seasonal_naive,2025-12-25,tea_leaves,g,2164.0914285714266,0.0,140.08,0.0,2024.0114285714267,1000.0,1000.0,0.0,600.0,1.214406857142856,1214.4068571428559
seasonal_naive,2025-12-25,ice,g,49804.79999999999,7000.0,9201.6,0.0,47603.19999999998,12000.0,12000.0,0.0,120.0,0.47603199999999984,476.0319999999998
seasonal_naive,2025-12-25,croissant_dough,pcs,0.0,20.0,19.44,0.0,0.5599999999999987,40.0,40.0,0.0,1800.0,0.025199999999999945,25.199999999999942
seasonal_naive,2025-12-25,bread,pcs,1.7199999999998852,80.0,53.0,0.0,28.719999999999885,100.0,100.0,0.0,800.0,0.22975999999999908,229.75999999999908
seasonal_naive,2025-12-25,cup_hot,pcs,1886.5257142857135,900.0,275.01,0.0,2511.5157142857133,400.0,1500.0,0.0,1600.0,10.046062857142854,10046.062857142853
seasonal_naive,2025-12-25,cup_cold,pcs,758.058571428571,0.0,81.37,0.0,676.688571428571,200.0,400.0,0.0,1000.0,3.383442857142855,3383.442857142855
seasonal_naive,2025-12-26,coffee_beans,g,42604.277142857194,7000.0,6600.24,0.0,43004.037142857196,6000.0,20000.0,0.0,7200.0,51.604844571428636,51604.844571428635
seasonal_naive,2025-12-26,milk,ml,123154.0,67000.0,62527.5,0.0,127626.5,59000.0,59000.0,0.0,3540.0,7.65759,7657.59
seasonal_naive,2025-12-26,sugar,g,21658.99142857141,3000.0,3522.6000000000004,0.0,21136.39142857141,3000.0,7000.0,0.0,135.0,0.9511376142857134,951.1376142857134
seasonal_naive,2025-12-26,chocolate_syrup,ml,5560.457142857127,2000.0,1404.0000000000002,0.0,6156.457142857127,1000.0,2000.0,0.0,300.0,1.8469371428571382,1846.937142857138
seasonal_naive,2025-12-26,tea_leaves,g,2024.0114285714267,0.0,333.72,0.0,1690.2914285714264,0.0,1000.0,0.0,0.0,1.0141748571428557,1014.1748571428558
seasonal_naive,2025-12-26,ice,g,47603.19999999998,12000.0,9288.0,0.0,50315.19999999998,9000.0,9000.0,0.0,90.0,0.5031519999999998,503.1519999999998
seasonal_naive,2025-12-26,croissant_dough,pcs,0.5599999999999987,40.0,39.96,0.0,0.5999999999999943,40.0,40.0,0.0,1800.0,0.026999999999999746,26.999999999999744
seasonal_naive,2025-12-26,bread,pcs,28.719999999999885,100.0,72.08,0.0,56.63999999999989,50.0,50.0,0.0,400.0,0.4531199999999991,453.1199999999991
seasonal_naive,2025-12-26,cup_hot,pcs,2511.5157142857133,300.0,415.09000000000003,0.0,2396.425714285713,400.0,1600.0,0.0,1600.0,9.585702857142852,9585.702857142853
seasonal_naive,2025-12-26,cup_cold,pcs,676.688571428571,0.0,81.37,0.0,595.318571428571,0.0,400.0,0.0,0.0,2.976592857142855,2976.592857142855
seasonal_naive,2025-12-27,coffee_beans,g,43004.037142857196,7000.0,7842.42,0.0,42161.6171428572,6000.0,19000.0,0.0,7200.0,50.59394057142863,50593.94057142863
seasonal_naive,2025-12-27,milk,ml,127626.5,59000.0,83170.5,0.0,103456.0,58000.0,58000.0,0.0,3480.0,6.2073599999999995,6207.36
seasonal_naive,2025-12-27,sugar,g,21136.39142857141,4000.0,4483.59,0.0,20652.80142857141,4000.0,7000.0,0.0,180.0,0.9293760642857134,929.3760642857134
seasonal_naive,2025-12-27,chocolate_syrup,ml,6156.457142857127,1000.0,1622.4,0.0,5534.0571428571275,2000.0,3000.0,0.0,600.0,1.6602171428571382,1660.2171428571382
seasonal_naive,2025-12-27,tea_leaves,g,1690.2914285714264,0.0,341.96000000000004,0.0,1348.3314285714264,500.0,1500.0,0.0,300.0,0.8089988571428559,808.9988571428559
seasonal_naive,2025-12-27,ice,g,50315.19999999998,9000.0,12290.400000000001,0.0,47024.79999999998,9000.0,9000.0,0.0,90.0,0.47024799999999983,470.2479999999998
seasonal_naive,2025-12-27,croissant_dough,pcs,0.5999999999999943,40.0,39.96,0.0,0.6399999999999935,70.0,70.0,0.0,3150.0,0.028799999999999708,28.799999999999706
seasonal_naive,2025-12-27,bread,pcs,56.63999999999989,50.0,78.44,0.0,28.19999999999989,60.0,60.0,0.0,480.0,0.2255999999999991,225.5999999999991
seasonal_naive,2025-12-27,cup_hot,pcs,2396.425714285713,400.0,466.59000000000003,0.0,2329.8357142857135,400.0,1600.0,0.0,1600.0,9.319342857142853,9319.342857142854
seasonal_naive,2025-12-27,cup_cold,pcs,595.318571428571,200.0,108.15,0.0,687.168571428571,0.0,200.0,0.0,0.0,3.435842857142855,3435.842857142855
seasonal_naive,2025-12-28,coffee_beans,g,42161.6171428572,7000.0,8435.699999999999,0.0,40725.91714285719,9000.0,21000.0,0.0,10800.0,48.87110057142863,48871.10057142863
seasonal_naive,2025-12-28,milk,ml,103456.0,58000.0,83275.5,0.0,78180.5,82000.0,82000.0,0.0,4920.0,4.69083,4690.83
seasonal_naive,2025-12-28,sugar,g,20652.80142857141,3000.0,4355.87,0.0,19296.931428571406,5000.0,9000.0,0.0,225.0,0.8683619142857133,868.3619142857133
seasonal_naive,2025-12-28,chocolate_syrup,ml,5534.0571428571275,1000.0,2184.0,0.0,4350.0571428571275,4000.0,6000.0,0.0,1200.0,1.3050171428571382,1305.0171428571382
seasonal_naive,2025-12-28,tea_leaves,g,1348.3314285714264,1000.0,271.92,0.0,2076.4114285714268,0.0,500.0,0.0,0.0,1.245846857142856,1245.846857142856
seasonal_naive,2025-12-28,ice,g,47024.79999999998,9000.0,13543.2,0.0,42481.59999999998,13000.0,13000.0,0.0,130.0,0.4248159999999998,424.8159999999998
seasonal_naive,2025-12-28,croissant_dough,pcs,0.6399999999999935,70.0,70.2,0.0,0.4399999999999977,20.0,20.0,0.0,900.0,0.019799999999999898,19.799999999999898
seasonal_naive,2025-12-28,bread,pcs,28.19999999999989,60.0,86.92,0.0,1.2799999999998875,60.0,60.0,0.0,480.0,0.0102399999999991,10.2399999999991
seasonal_naive,2025-12-28,cup_hot,pcs,2329.8357142857135,400.0,491.31000000000006,0.0,2238.5257142857135,700.0,1900.0,0.0,2800.0,8.954102857142855,8954.102857142854
seasonal_naive,2025-12-28,cup_cold,pcs,687.168571428571,0.0,117.42,0.0,569.7485714285709,200.0,400.0,0.0,1000.0,2.8487428571428546,2848.7428571428545
seasonal_naive,2025-12-29,coffee_beans,g,40725.91714285719,6000.0,6915.42,0.0,39810.497142857195,8000.0,23000.0,0.0,9600.0,47.772596571428636,47772.596571428636
seasonal_naive,2025-12-29,milk,ml,78180.5,82000.0,56679.0,0.0,103501.5,72000.0,72000.0,0.0,4320.0,6.21009,6210.09
seasonal_naive,2025-12-29,sugar,g,19296.931428571406,4000.0,3073.5200000000004,0.0,20223.41142857141,4000.0,9000.0,0.0,180.0,0.9100535142857135,910.0535142857134
seasonal_naive,2025-12-29,chocolate_syrup,ml,4350.0571428571275,2000.0,436.80000000000007,0.0,5913.257142857126,2000.0,6000.0,0.0,600.0,1.7739771428571378,1773.9771428571378
seasonal_naive,2025-12-29,tea_leaves,g,2076.4114285714268,0.0,230.72,0.0,1845.6914285714265,500.0,1000.0,0.0,300.0,1.107414857142856,1107.414857142856
seasonal_naive,2025-12-29,ice,g,42481.59999999998,13000.0,8640.0,0.0,46841.59999999998,14000.0,14000.0,0.0,140.0,0.4684159999999998,468.41599999999977
seasonal_naive,2025-12-29,croissant_dough,pcs,0.4399999999999977,20.0,19.44,0.0,0.9999999999999964,40.0,40.0,0.0,1800.0,0.044999999999999846,44.999999999999844
seasonal_naive,2025-12-29,bread,pcs,1.2799999999998875,60.0,59.36,0.0,1.919999999999888,80.0,80.0,0.0,640.0,0.015359999999999105,15.359999999999104
seasonal_naive,2025-12-29,cup_hot,pcs,2238.5257142857135,400.0,380.07,0.0,2258.4557142857134,300.0,1800.0,0.0,1200.0,9.033822857142853,9033.822857142854
seasonal_naive,2025-12-29,cup_cold,pcs,569.7485714285709,200.0,76.22,0.0,693.528571428571,0.0,200.0,0.0,0.0,3.467642857142855,3467.642857142855
seasonal_naive,2025-12-30,coffee_beans,g,39810.497142857195,6000.0,9529.56,0.0,36280.9371428572,5000.0,22000.0,0.0,6000.0,43.537124571428635,43537.124571428634
seasonal_naive,2025-12-30,milk,ml,103501.5,72000.0,89985.0,0.0,85516.5,53000.0,53000.0,0.0,3180.0,5.13099,5130.99
seasonal_naive,2025-12-30,sugar,g,20223.41142857141,5000.0,4945.03,0.0,20278.381428571407,3000.0,7000.0,0.0,135.0,0.9125271642857133,912.5271642857133
seasonal_naive,2025-12-30,chocolate_syrup,ml,5913.257142857126,4000.0,1778.4,0.0,8134.857142857127,0.0,2000.0,0.0,0.0,2.440457142857138,2440.457142857138
seasonal_naive,2025-12-30,tea_leaves,g,1845.6914285714265,500.0,288.40000000000003,0.0,2057.2914285714264,0.0,500.0,0.0,0.0,1.2343748571428557,1234.3748571428557
seasonal_naive,2025-12-30,ice,g,46841.59999999998,14000.0,19159.200000000004,0.0,41682.39999999998,8000.0,8000.0,0.0,80.0,0.4168239999999998,416.8239999999998
seasonal_naive,2025-12-30,croissant_dough,pcs,0.9999999999999964,40.0,39.96,0.0,1.039999999999992,30.0,30.0,0.0,1350.0,0.04679999999999964,46.79999999999964
seasonal_naive,2025-12-30,bread,pcs,1.919999999999888,80.0,80.56,0.0,1.3599999999998857,130.0,130.0,0.0,1040.0,0.010879999999999087,10.879999999999086
seasonal_naive,2025-12-30,cup_hot,pcs,2258.4557142857134,400.0,493.37000000000006,0.0,2165.0857142857135,400.0,1800.0,0.0,1600.0,8.660342857142854,8660.342857142854
seasonal_naive,2025-12-30,cup_cold,pcs,693.528571428571,0.0,166.86,0.0,526.6685714285709,200.0,400.0,0.0,1000.0,2.6333428571428543,2633.3428571428544
seasonal_naive,2025-12-31,coffee_beans,g,36280.9371428572,9000.0,8027.82,0.0,37253.1171428572,10000.0,23000.0,0.0,12000.0,44.70374057142864,44703.740571428636
seasonal_naive,2025-12-31,milk,ml,85516.5,53000.0,84777.0,0.0,53739.5,120000.0,120000.0,0.0,7200.0,3.22437,3224.37
seasonal_naive,2025-12-31,sugar,g,20278.381428571407,4000.0,4770.960000000001,0.0,19507.421428571408,5000.0,8000.0,0.0,225.0,0.8778339642857134,877.8339642857134
seasonal_naive,2025-12-31,chocolate_syrup,ml,8134.857142857127,2000.0,1528.8000000000002,0.0,8606.057142857127,2500.0,2500.0,0.0,750.0,2.581817142857138,2581.817142857138
seasonal_naive,2025-12-31,tea_leaves,g,2057.2914285714264,0.0,564.44,0.0,1492.8514285714264,500.0,1000.0,0.0,300.0,0.8957108571428558,895.7108571428558
seasonal_naive,2025-12-31,ice,g,41682.39999999998,8000.0,8683.2,0.0,40999.199999999975,19000.0,19000.0,0.0,190.0,0.40999199999999975,409.99199999999973
seasonal_naive,2025-12-31,croissant_dough,pcs,1.039999999999992,30.0,30.240000000000002,0.0,0.79999999999999,30.0,30.0,0.0,1350.0,0.03599999999999955,35.99999999999955
seasonal_naive,2025-12-31,bread,pcs,1.3599999999998857,130.0,129.32,0.0,2.0399999999998926,50.0,50.0,0.0,400.0,0.01631999999999914,16.31999999999914
seasonal_naive,2025-12-31,cup_hot,pcs,2165.0857142857135,400.0,561.35,0.0,2003.7357142857134,600.0,2000.0,0.0,2400.0,8.014942857142854,8014.942857142853
seasonal_naive,2025-12-31,cup_cold,pcs,526.6685714285709,0.0,76.22,0.0,450.448571428571,200.0,600.0,0.0,1000.0,2.252242857142855,2252.242857142855
ml,2025-07-20,coffee_beans,g,19935.79714285714,0.0,6507.539999999999,0.0,13428.257142857141,51000.0,51000.0,0.0,61200.0,16.113908571428567,16113.908571428568
ml,2025-07-20,milk,ml,190152.0,0.0,57666.0,0.0,132486.0,48000.0,48000.0,0.0,2880.0,7.94916,7949.16
ml,2025-07-20,sugar,g,10670.21142857143,0.0,3174.46,0.0,7495.751428571428,23000.0,23000.0,0.0,1035.0,0.33730881428571424,337.3088142857142
ml,2025-07-20,chocolate_syrup,ml,3436.4571428571435,0.0,1185.6000000000001,0.0,2250.857142857143,8000.0,8000.0,0.0,2400.0,0.6752571428571429,675.2571428571429
ml,2025-07-20,tea_leaves,g,881.0914285714287,0.0,226.6,0.0,654.4914285714286,2500.0,2500.0,0.0,1500.0,0.3926948571428572,392.6948571428572
ml,2025-07-20,ice,g,32899.885714285716,0.0,9763.2,0.0,23136.685714285715,45000.0,45000.0,0.0,450.0,0.23136685714285715,231.36685714285716
ml,2025-07-20,croissant_dough,pcs,38.417142857142856,0.0,28.080000000000002,0.0,10.337142857142855,30.0,30.0,0.0,1350.0,0.46517142857142846,465.17142857142846
ml,2025-07-20,bread,pcs,85.86,0.0,84.80000000000001,0.0,1.059999999999988,80.0,80.0,0.0,640.0,0.008479999999999904,8.479999999999905
ml,2025-07-20,cup_hot,pcs,1151.2457142857145,0.0,371.83,0.0,779.4157142857146,3000.0,3000.0,0.0,12000.0,3.117662857142858,3117.6628571428582
ml,2025-07-20,cup_cold,pcs,290.0185714285714,0.0,85.49000000000001,0.0,204.5285714285714,900.0,900.0,0.0,4500.0,1.0226428571428572,1022.6428571428571
ml,2025-07-21,coffee_beans,g,13428.257142857141,0.0,5784.48,0.0,7643.777142857143,0.0,51000.0,0.0,0.0,9.172532571428572,9172.532571428572
ml,2025-07-21,milk,ml,132486.0,48000.0,56679.0,0.0,123807.0,48000.0,48000.0,0.0,2880.0,7.42842,7428.42
ml,2025-07-21,sugar,g,7495.751428571428,0.0,3109.57,0.0,4386.181428571428,0.0,23000.0,0.0,0.0,0.19737816428571428,197.37816428571426
ml,2025-07-21,chocolate_syrup,ml,2250.857142857143,0.0,1029.6000000000001,0.0,1221.257142857143,0.0,8000.0,0.0,0.0,0.3663771428571429,366.37714285714287
ml,2025-07-21,tea_leaves,g,654.4914285714286,0.0,255.44,0.0,399.05142857142863,0.0,2500.0,0.0,0.0,0.2394308571428572,239.43085714285718
ml,2025-07-21,ice,g,23136.685714285715,45000.0,10130.400000000001,0.0,58006.28571428571,11000.0,11000.0,0.0,110.0,0.5800628571428571,580.0628571428571
ml,2025-07-21,croissant_dough,pcs,10.337142857142855,30.0,28.080000000000002,0.0,12.257142857142853,30.0,30.0,0.0,1350.0,0.5515714285714284,551.5714285714283
ml,2025-07-21,bread,pcs,1.059999999999988,80.0,61.480000000000004,0.0,19.579999999999984,80.0,80.0,0.0,640.0,0.15663999999999986,156.63999999999987
ml,2025-07-21,cup_hot,pcs,779.4157142857146,0.0,331.66,0.0,447.7557142857146,300.0,3300.0,0.0,1200.0,1.7910228571428584,1791.0228571428584
ml,2025-07-21,cup_cold,pcs,204.5285714285714,0.0,87.55000000000001,0.0,116.9785714285714,100.0,1000.0,0.0,500.0,0.584892857142857,584.892857142857
ml,2025-07-22,coffee_beans,g,7643.777142857143,0.0,5506.379999999999,0.0,2137.3971428571435,12000.0,63000.0,0.0,14400.0,2.5648765714285724,2564.8765714285723
ml,2025-07-22,milk,ml,123807.0,48000.0,45664.5,0.0,126142.5,67000.0,67000.0,0.0,4020.0,7.568549999999999,7568.549999999999
ml,2025-07-22,sugar,g,4386.181428571428,23000.0,2502.9,0.0,24883.281428571427,6000.0,6000.0,0.0,270.0,1.119747664285714,1119.747664285714
ml,2025-07-22,chocolate_syrup,ml,1221.257142857143,8000.0,842.4000000000001,0.0,8378.857142857143,2000.0,2000.0,0.0,600.0,2.513657142857143,2513.657142857143
ml,2025-07-22,tea_leaves,g,399.05142857142863,0.0,247.20000000000002,0.0,151.8514285714286,0.0,2500.0,0.0,0.0,0.09111085714285717,91.11085714285717
ml,2025-07-22,ice,g,58006.28571428571,11000.0,6264.000000000001,0.0,62742.28571428571,10000.0,10000.0,0.0,100.0,0.6274228571428571,627.4228571428571
ml,2025-07-22,croissant_dough,pcs,12.257142857142853,30.0,21.6,0.0,20.65714285714285,30.0,30.0,0.0,1350.0,0.9295714285714284,929.5714285714283
ml,2025-07-22,bread,pcs,19.579999999999984,80.0,89.04,0.0,10.539999999999978,70.0,70.0,0.0,560.0,0.08431999999999983,84.31999999999982
ml,2025-07-22,cup_hot,pcs,447.7557142857146,0.0,341.96000000000004,0.0,105.79571428571455,400.0,3700.0,0.0,1600.0,0.4231828571428582,423.1828571428582
ml,2025-07-22,cup_cold,pcs,116.9785714285714,0.0,53.56,0.0,63.4185714285714,100.0,1100.0,0.0,500.0,0.317092857142857,317.092857142857
ml,2025-07-23,coffee_beans,g,2137.3971428571435,51000.0,2836.62,0.0,50300.77714285714,7000.0,19000.0,0.0,8400.0,60.36093257142857,60360.932571428566
ml,2025-07-23,milk,ml,126142.5,67000.0,19299.0,0.0,173843.5,57000.0,57000.0,0.0,3420.0,10.43061,10430.609999999999
ml,2025-07-23,sugar,g,24883.281428571427,0.0,1131.97,0.0,23751.31142857143,3000.0,9000.0,0.0,135.0,1.0688090142857143,1068.8090142857143
ml,2025-07-23,chocolate_syrup,ml,8378.857142857143,0.0,0.0,0.0,8378.857142857143,0.0,2000.0,0.0,0.0,2.513657142857143,2513.657142857143
ml,2025-07-23,tea_leaves,g,151.8514285714286,2500.0,0.0,0.0,2651.8514285714286,500.0,500.0,0.0,300.0,1.5911108571428572,1591.1108571428572
ml,2025-07-23,ice,g,62742.28571428571,10000.0,6069.6,0.0,66672.6857142857,7000.0,7000.0,0.0,70.0,0.6667268571428571,666.726857142857
ml,2025-07-23,croissant_dough,pcs,20.65714285714285,30.0,29.160000000000004,0.0,21.497142857142848,20.0,20.0,0.0,900.0,0.9673714285714282,967.3714285714282
ml,2025-07-23,bread,pcs,10.539999999999978,70.0,78.44,0.0,2.09999999999998,80.0,80.0,0.0,640.0,0.016799999999999843,16.79999999999984
ml,2025-07-23,cup_hot,pcs,105.79571428571455,0.0,105.06,0.0,0.7357142857145504,500.0,4200.0,0.0,2000.0,0.002942857142858202,2.9428571428582018
ml,2025-07-23,cup_cold,pcs,63.4185714285714,0.0,52.53,0.0,10.888571428571396,100.0,1200.0,0.0,500.0,0.05444285714285698,54.44285714285698
ml,2025-07-24,coffee_beans,g,50300.77714285714,0.0,5209.74,0.0,45091.03714285715,0.0,19000.0,0.0,0.0,54.10924457142858,54109.24457142858
ml,2025-07-24,milk,ml,173843.5,57000.0,41044.5,10843.5,178955.5,38000.0,38000.0,650.61,2280.0,10.73733,10737.33
ml,2025-07-24,sugar,g,23751.31142857143,6000.0,2376.21,0.0,27375.10142857143,0.0,3000.0,0.0,0.0,1.2318795642857143,1231.8795642857142
ml,2025-07-24,chocolate_syrup,ml,8378.857142857143,2000.0,592.8000000000001,0.0,9786.057142857142,0.0,0.0,0.0,0.0,2.9358171428571427,2935.8171428571427
ml,2025-07-24,tea_leaves,g,2651.8514285714286,0.0,276.04,0.0,2375.8114285714287,0.0,500.0,0.0,0.0,1.4254868571428572,1425.4868571428572
ml,2025-07-24,ice,g,66672.6857142857,7000.0,5335.200000000001,0.0,68337.4857142857,5000.0,5000.0,0.0,50.0,0.6833748571428571,683.3748571428571
ml,2025-07-24,croissant_dough,pcs,21.497142857142848,20.0,41.040000000000006,0.0,0.4571428571428413,30.0,30.0,0.0,1350.0,0.02057142857142786,20.57142857142786
ml,2025-07-24,bread,pcs,2.09999999999998,80.0,59.36,0.0,22.73999999999998,80.0,80.0,0.0,640.0,0.18191999999999986,181.91999999999985
ml,2025-07-24,cup_hot,pcs,0.7357142857145504,3000.0,331.65999999999997,0.0,2669.075714285714,400.0,1600.0,0.0,1600.0,10.676302857142858,10676.302857142857
ml,2025-07-24,cup_cold,pcs,10.888571428571396,900.0,46.35,0.0,864.5385714285715,0.0,300.0,0.0,0.0,4.322692857142857,4322.692857142857
ml,2025-07-25,coffee_beans,g,45091.03714285715,12000.0,6340.6799999999985,0.0,50750.35714285715,10000.0,17000.0,0.0,12000.0,60.900428571428584,60900.42857142858
ml,2025-07-25,milk,ml,178955.5,38000.0,65121.0,6955.5,144879.0,43000.0,43000.0,417.33,2580.0,8.69274,8692.74
ml,2025-07-25,sugar,g,27375.10142857143,3000.0,3774.95,0.0,26600.15142857143,4000.0,4000.0,0.0,180.0,1.1970068142857142,1197.0068142857142
ml,2025-07-25,chocolate_syrup,ml,9786.057142857142,0.0,1248.0,0.0,8538.057142857142,1500.0,1500.0,0.0,450.0,2.5614171428571426,2561.4171428571426
ml,2025-07-25,tea_leaves,g,2375.8114285714287,0.0,420.24,0.0,1955.5714285714287,500.0,1000.0,0.0,300.0,1.1733428571428572,1173.3428571428572
ml,2025-07-25,ice,g,68337.4857142857,5000.0,11210.400000000001,0.0,62127.085714285706,7000.0,7000.0,0.0,70.0,0.621270857142857,621.270857142857
ml,2025-07-25,croissant_dough,pcs,0.4571428571428413,30.0,25.92,0.0,4.53714285714284,50.0,50.0,0.0,2250.0,0.20417142857142778,204.17142857142778
ml,2025-07-25,bread,pcs,22.73999999999998,80.0,67.84,0.0,34.89999999999998,70.0,70.0,0.0,560.0,0.27919999999999984,279.1999999999998
ml,2025-07-25,cup_hot,pcs,2669.075714285714,300.0,399.64000000000004,0.0,2569.4357142857143,0.0,1300.0,0.0,0.0,10.277742857142858,10277.742857142857
ml,2025-07-25,cup_cold,pcs,864.5385714285715,100.0,98.88,0.0,865.6585714285715,0.0,200.0,0.0,0.0,4.328292857142857,4328.292857142857
ml,2025-07-26,coffee_beans,g,50750.35714285715,7000.0,6581.700000000001,0.0,51168.65714285715,0.0,10000.0,0.0,0.0,61.402388571428574,61402.38857142857
ml,2025-07-26,milk,ml,144879.0,43000.0,68922.0,0.0,118957.0,58000.0,58000.0,0.0,3480.0,7.1374200000000005,7137.42
ml,2025-07-26,sugar,g,26600.15142857143,0.0,3877.95,0.0,22722.201428571432,4000.0,8000.0,0.0,180.0,1.0224990642857144,1022.4990642857144
ml,2025-07-26,chocolate_syrup,ml,8538.057142857142,0.0,2028.0000000000002,0.0,6510.057142857143,1500.0,3000.0,0.0,450.0,1.9530171428571428,1953.0171428571427
ml,2025-07-26,tea_leaves,g,1955.5714285714287,500.0,379.04,0.0,2076.5314285714285,0.0,500.0,0.0,0.0,1.245918857142857,1245.918857142857
ml,2025-07-26,ice,g,62127.085714285706,7000.0,11728.800000000001,0.0,57398.2857142857,11000.0,11000.0,0.0,110.0,0.573982857142857,573.982857142857
ml,2025-07-26,croissant_dough,pcs,4.53714285714284,50.0,45.36,0.0,9.17714285714284,40.0,40.0,0.0,1800.0,0.4129714285714278,412.9714285714278
ml,2025-07-26,bread,pcs,34.89999999999998,70.0,76.32000000000001,0.0,28.57999999999997,80.0,80.0,0.0,640.0,0.22863999999999976,228.63999999999976
ml,2025-07-26,cup_hot,pcs,2569.4357142857143,400.0,425.39,0.0,2544.0457142857144,600.0,1500.0,0.0,2400.0,10.176182857142859,10176.182857142858
ml,2025-07-26,cup_cold,pcs,865.6585714285715,100.0,101.97,0.0,863.6885714285715,200.0,300.0,0.0,1000.0,4.318442857142858,4318.442857142858
ml,2025-07-27,coffee_beans,g,51168.65714285715,0.0,8398.619999999999,0.0,42770.03714285715,7000.0,17000.0,0.0,8400.0,51.32404457142858,51324.04457142858
ml,2025-07-27,milk,ml,118957.0,58000.0,79989.0,0.0,96968.0,54000.0,54000.0,0.0,3240.0,5.81808,5818.08
ml,2025-07-27,sugar,g,22722.201428571432,4000.0,4418.700000000001,0.0,22303.501428571428,0.0,4000.0,0.0,0.0,1.0036575642857142,1003.6575642857142
ml,2025-07-27,chocolate_syrup,ml,6510.057142857143,1500.0,1591.2,0.0,6418.857142857143,1500.0,3000.0,0.0,450.0,1.925657142857143,1925.6571428571428
ml,2025-07-27,tea_leaves,g,2076.5314285714285,0.0,346.08,0.0,1730.4514285714288,1000.0,1500.0,0.0,600.0,1.0382708571428574,1038.2708571428573
ml,2025-07-27,ice,g,57398.2857142857,11000.0,12571.2,0.0,55827.0857142857,10000.0,10000.0,0.0,100.0,0.5582708571428571,558.270857142857
ml,2025-07-27,croissant_dough,pcs,9.17714285714284,40.0,34.56,0.0,14.617142857142838,20.0,20.0,0.0,900.0,0.6577714285714277,657.7714285714277
ml,2025-07-27,bread,pcs,28.57999999999997,80.0,76.32000000000001,0.0,32.25999999999996,60.0,60.0,0.0,480.0,0.2580799999999997,258.0799999999997
ml,2025-07-27,cup_hot,pcs,2544.0457142857144,500.0,495.43000000000006,0.0,2548.6157142857146,0.0,1000.0,0.0,0.0,10.19446285714286,10194.462857142858
ml,2025-07-27,cup_cold,pcs,863.6885714285715,100.0,110.21000000000001,0.0,853.4785714285716,0.0,200.0,0.0,0.0,4.267392857142858,4267.392857142858
ml,2025-07-28,coffee_beans,g,42770.03714285715,10000.0,5432.219999999999,0.0,47337.81714285715,7000.0,14000.0,0.0,8400.0,56.80538057142858,56805.38057142858
ml,2025-07-28,milk,ml,96968.0,54000.0,47365.5,0.0,103602.5,72000.0,72000.0,0.0,4320.0,6.21615,6216.15
ml,2025-07-28,sugar,g,22303.501428571428,4000.0,2702.7200000000003,0.0,23600.78142857143,6000.0,6000.0,0.0,270.0,1.0620351642857142,1062.0351642857142
ml,2025-07-28,chocolate_syrup,ml,6418.857142857143,1500.0,686.4000000000001,0.0,7232.4571428571435,1500.0,3000.0,0.0,450.0,2.169737142857143,2169.7371428571428
ml,2025-07-28,tea_leaves,g,1730.4514285714288,500.0,243.08,0.0,1987.3714285714286,0.0,1000.0,0.0,0.0,1.192422857142857,1192.422857142857
ml,2025-07-28,ice,g,55827.0857142857,10000.0,7214.400000000001,4827.085714285702,53785.6,16000.0,16000.0,48.270857142857025,160.0,0.537856,537.856
ml,2025-07-28,croissant_dough,pcs,14.617142857142838,20.0,25.92,0.0,8.697142857142836,30.0,30.0,0.0,1350.0,0.3913714285714276,391.3714285714276
ml,2025-07-28,bread,pcs,32.25999999999996,60.0,76.32000000000001,0.0,15.939999999999955,70.0,70.0,0.0,560.0,0.12751999999999963,127.51999999999964
ml,2025-07-28,cup_hot,pcs,2548.6157142857146,400.0,319.29999999999995,0.0,2629.3157142857144,700.0,1300.0,0.0,2800.0,10.517262857142859,10517.262857142858
ml,2025-07-28,cup_cold,pcs,853.4785714285716,0.0,65.92,0.0,787.5585714285717,0.0,200.0,0.0,0.0,3.9377928571428584,3937.7928571428583
ml,2025-07-29,coffee_beans,g,47337.81714285715,0.0,7082.280000000001,0.0,40255.53714285715,0.0,14000.0,0.0,0.0,48.30664457142858,48306.64457142858
ml,2025-07-29,milk,ml,103602.5,72000.0,62874.0,0.0,112728.5,57000.0,57000.0,0.0,3420.0,6.7637100000000006,6763.71
ml,2025-07-29,sugar,g,23600.78142857143,0.0,3500.9700000000003,0.0,20099.81142857143,0.0,6000.0,0.0,0.0,0.9044915142857143,904.4915142857143
ml,2025-07-29,chocolate_syrup,ml,7232.4571428571435,1500.0,1372.8000000000002,0.0,7359.657142857142,0.0,1500.0,0.0,0.0,2.2078971428571426,2207.8971428571426
ml,2025-07-29,tea_leaves,g,1987.3714285714286,0.0,321.36,0.0,1666.0114285714287,0.0,1000.0,0.0,0.0,0.9996068571428572,999.6068571428572
ml,2025-07-29,ice,g,53785.6,16000.0,10044.0,3785.5999999999995,55956.0,9000.0,9000.0,37.855999999999995,90.0,0.5595600000000001,559.5600000000001
ml,2025-07-29,croissant_dough,pcs,8.697142857142836,30.0,37.800000000000004,0.0,0.8971428571428319,30.0,30.0,0.0,1350.0,0.04037142857142744,40.37142857142744
ml,2025-07-29,bread,pcs,15.939999999999955,70.0,84.80000000000001,0.0,1.1399999999999437,80.0,80.0,0.0,640.0,0.00911999999999955,9.11999999999955
ml,2025-07-29,cup_hot,pcs,2629.3157142857144,0.0,431.57000000000005,0.0,2197.7457142857143,0.0,1300.0,0.0,0.0,8.790982857142858,8790.982857142857
ml,2025-07-29,cup_cold,pcs,787.5585714285717,0.0,87.55000000000001,0.0,700.0085714285716,0.0,200.0,0.0,0.0,3.500042857142858,3500.042857142858
ml,2025-07-30,coffee_beans,g,40255.53714285715,7000.0,5877.18,0.0,41378.35714285715,12000.0,19000.0,0.0,14400.0,49.654028571428576,49654.02857142858
ml,2025-07-30,milk,ml,112728.5,57000.0,53613.0,0.0,116115.5,74000.0,74000.0,0.0,4440.0,6.96693,6966.929999999999
ml,2025-07-30,sugar,g,20099.81142857143,6000.0,2927.2600000000007,0.0,23172.55142857143,6000.0,6000.0,0.0,270.0,1.0427648142857142,1042.7648142857142
ml,2025-07-30,chocolate_syrup,ml,7359.657142857142,1500.0,811.2,0.0,8048.457142857143,2000.0,2000.0,0.0,600.0,2.4145371428571427,2414.5371428571425
ml,2025-07-30,tea_leaves,g,1666.0114285714287,1000.0,197.76,0.0,2468.2514285714287,500.0,500.0,0.0,300.0,1.4809508571428571,1480.950857142857
ml,2025-07-30,ice,g,55956.0,9000.0,9460.800000000001,0.0,55495.2,8000.0,8000.0,0.0,80.0,0.554952,554.952
ml,2025-07-30,croissant_dough,pcs,0.8971428571428319,30.0,30.240000000000002,0.0,0.6571428571428299,30.0,30.0,0.0,1350.0,0.029571428571427347,29.571428571427347
ml,2025-07-30,bread,pcs,1.1399999999999437,80.0,80.56,0.0,0.5799999999999415,80.0,80.0,0.0,640.0,0.004639999999999532,4.639999999999532
ml,2025-07-30,cup_hot,pcs,2197.7457142857143,600.0,320.33,0.0,2477.4157142857143,800.0,1500.0,0.0,3200.0,9.909662857142857,9909.662857142857
ml,2025-07-30,cup_cold,pcs,700.0085714285716,200.0,82.4,0.0,817.6085714285716,200.0,200.0,0.0,1000.0,4.088042857142859,4088.0428571428583
ml,2025-07-31,coffee_beans,g,41378.35714285715,7000.0,7212.0599999999995,0.0,41166.29714285715,7000.0,19000.0,0.0,8400.0,49.399556571428576,49399.55657142858
ml,2025-07-31,milk,ml,116115.5,74000.0,67798.5,0.0,122317.0,64000.0,64000.0,0.0,3840.0,7.33902,7339.0199999999995
ml,2025-07-31,sugar,g,23172.55142857143,0.0,3664.7400000000007,0.0,19507.81142857143,0.0,6000.0,0.0,0.0,0.8778515142857143,877.8515142857143
ml,2025-07-31,chocolate_syrup,ml,8048.457142857143,0.0,1029.6000000000001,0.0,7018.857142857143,0.0,2000.0,0.0,0.0,2.105657142857143,2105.657142857143
ml,2025-07-31,tea_leaves,g,2468.2514285714287,0.0,243.08,0.0,2225.171428571429,0.0,500.0,0.0,0.0,1.3351028571428571,1335.1028571428571
ml,2025-07-31,ice,g,55495.2,8000.0,11059.2,0.0,52436.0,10000.0,10000.0,0.0,100.0,0.52436,524.36
ml,2025-07-31,croissant_dough,pcs,0.6571428571428299,30.0,30.240000000000002,0.0,0.41714285714282795,30.0,30.0,0.0,1350.0,0.01877142857142726,18.771428571427258
ml,2025-07-31,bread,pcs,0.5799999999999415,80.0,65.72,0.0,14.859999999999943,80.0,80.0,0.0,640.0,0.11887999999999954,118.87999999999954
ml,2025-07-31,cup_hot,pcs,2477.4157142857143,0.0,397.58000000000004,0.0,2079.8357142857144,0.0,1500.0,0.0,0.0,8.319342857142857,8319.342857142858
ml,2025-07-31,cup_cold,pcs,817.6085714285716,0.0,97.85,0.0,719.7585714285716,0.0,200.0,0.0,0.0,3.598792857142858,3598.792857142858
ml,2025-08-01,coffee_beans,g,41166.29714285715,0.0,7990.74,0.0,33175.55714285715,7000.0,26000.0,0.0,8400.0,39.81066857142858,39810.66857142858
ml,2025-08-01,milk,ml,122317.0,64000.0,73437.0,0.0,112880.0,58000.0,58000.0,0.0,3480.0,6.7728,6772.8
ml,2025-08-01,sugar,g,19507.81142857143,6000.0,4133.39,0.0,21374.421428571426,6000.0,6000.0,0.0,270.0,0.9618489642857142,961.8489642857141
ml,2025-08-01,chocolate_syrup,ml,7018.857142857143,2000.0,1216.8000000000002,0.0,7802.057142857142,2000.0,2000.0,0.0,600.0,2.3406171428571425,2340.6171428571424
ml,2025-08-01,tea_leaves,g,2225.171428571429,0.0,337.84000000000003,0.0,1887.3314285714287,500.0,1000.0,0.0,300.0,1.1323988571428572,1132.3988571428572
ml,2025-08-01,ice,g,52436.0,10000.0,12679.2,0.0,49756.799999999996,8000.0,8000.0,0.0,80.0,0.497568,497.568
ml,2025-08-01,croissant_dough,pcs,0.41714285714282795,30.0,30.240000000000002,0.0,0.17714285714282596,40.0,40.0,0.0,1800.0,0.007971428571427169,7.971428571427168
ml,2025-08-01,bread,pcs,14.859999999999943,80.0,82.68,0.0,12.179999999999936,90.0,90.0,0.0,720.0,0.09743999999999949,97.43999999999949
ml,2025-08-01,cup_hot,pcs,2079.8357142857144,700.0,457.32000000000005,0.0,2322.5157142857142,700.0,1500.0,0.0,2800.0,9.290062857142857,9290.062857142857
ml,2025-08-01,cup_cold,pcs,719.7585714285716,0.0,111.24000000000001,0.0,608.5185714285716,200.0,400.0,0.0,1000.0,3.042592857142858,3042.592857142858
ml,2025-08-02,coffee_beans,g,33175.55714285715,12000.0,6359.22,0.0,38816.337142857155,6000.0,20000.0,0.0,7200.0,46.57960457142859,46579.60457142859
ml,2025-08-02,milk,ml,112880.0,58000.0,62265.0,0.0,108615.0,59000.0,59000.0,0.0,3540.0,6.5169,6516.9
ml,2025-08-02,sugar,g,21374.421428571426,0.0,3381.4900000000002,0.0,17992.931428571428,4000.0,10000.0,0.0,180.0,0.8096819142857142,809.6819142857142
ml,2025-08-02,chocolate_syrup,ml,7802.057142857142,0.0,1560.0000000000002,0.0,6242.057142857142,1000.0,3000.0,0.0,300.0,1.8726171428571425,1872.6171428571424
ml,2025-08-02,tea_leaves,g,1887.3314285714287,500.0,238.96,0.0,2148.3714285714286,0.0,500.0,0.0,0.0,1.2890228571428572,1289.0228571428572
ml,2025-08-02,ice,g,49756.799999999996,8000.0,12204.0,0.0,45552.799999999996,11000.0,11000.0,0.0,110.0,0.455528,455.52799999999996
ml,2025-08-02,croissant_dough,pcs,0.17714285714282596,40.0,39.96,0.0,0.2171428571428251,40.0,40.0,0.0,1800.0,0.00977142857142713,9.77142857142713
ml,2025-08-02,bread,pcs,12.179999999999936,90.0,97.52000000000001,0.0,4.6599999999999255,80.0,80.0,0.0,640.0,0.037279999999999404,37.279999999999404
ml,2025-08-02,cup_hot,pcs,2322.5157142857142,0.0,358.44000000000005,0.0,1964.0757142857142,0.0,1500.0,0.0,0.0,7.856302857142857,7856.302857142857
ml,2025-08-02,cup_cold,pcs,608.5185714285716,0.0,106.09,0.0,502.4285714285716,0.0,400.0,0.0,0.0,2.5121428571428583,2512.1428571428582
ml,2025-08-03,coffee_beans,g,38816.337142857155,7000.0,8658.18,0.0,37158.15714285715,0.0,13000.0,0.0,0.0,44.58978857142857,44589.78857142857
ml,2025-08-03,milk,ml,108615.0,59000.0,87108.0,0.0,80507.0,50000.0,50000.0,0.0,3000.0,4.83042,4830.42
ml,2025-08-03,sugar,g,17992.931428571428,6000.0,5159.27,0.0,18833.661428571428,0.0,4000.0,0.0,0.0,0.8475147642857143,847.5147642857143
ml,2025-08-03,chocolate_syrup,ml,6242.057142857142,2000.0,1372.8000000000002,0.0,6869.257142857142,1000.0,2000.0,0.0,300.0,2.0607771428571424,2060.7771428571423
ml,2025-08-03,tea_leaves,g,2148.3714285714286,0.0,428.48,0.0,1719.8914285714286,0.0,500.0,0.0,0.0,1.031934857142857,1031.934857142857
ml,2025-08-03,ice,g,45552.799999999996,11000.0,19245.600000000002,0.0,37307.2,15000.0,15000.0,0.0,150.0,0.373072,373.072
ml,2025-08-03,croissant_dough,pcs,0.2171428571428251,40.0,39.96,0.0,0.25714285714282425,30.0,30.0,0.0,1350.0,0.011571428571427091,11.571428571427091
ml,2025-08-03,bread,pcs,4.6599999999999255,80.0,82.68,0.0,1.9799999999999187,70.0,70.0,0.0,560.0,0.01583999999999935,15.83999999999935
ml,2025-08-03,cup_hot,pcs,1964.0757142857142,800.0,461.44,0.0,2302.635714285714,500.0,1200.0,0.0,2000.0,9.210542857142856,9210.542857142857
ml,2025-08-03,cup_cold,pcs,502.4285714285716,200.0,172.01,0.0,530.4185714285716,200.0,400.0,0.0,1000.0,2.6520928571428577,2652.0928571428576
ml,2025-08-04,coffee_beans,g,37158.15714285715,7000.0,5005.8,0.0,39152.35714285715,11000.0,17000.0,0.0,13200.0,46.982828571428584,46982.82857142858
ml,2025-08-04,milk,ml,80507.0,50000.0,49686.0,0.0,80821.0,71000.0,71000.0,0.0,4260.0,4.84926,4849.26
ml,2025-08-04,sugar,g,18833.661428571428,4000.0,2797.4800000000005,0.0,20036.181428571428,6000.0,6000.0,0.0,270.0,0.9016281642857142,901.6281642857142
ml,2025-08-04,chocolate_syrup,ml,6869.257142857142,1000.0,1029.6000000000001,0.0,6839.657142857142,1500.0,2500.0,0.0,450.0,2.051897142857143,2051.8971428571426
ml,2025-08-04,tea_leaves,g,1719.8914285714286,500.0,304.88,0.0,1915.0114285714285,500.0,500.0,0.0,300.0,1.149006857142857,1149.0068571428571
ml,2025-08-04,ice,g,37307.2,15000.0,7603.200000000001,0.0,44703.99999999999,17000.0,17000.0,0.0,170.0,0.44704,447.03999999999996
ml,2025-08-04,croissant_dough,pcs,0.25714285714282425,30.0,30.240000000000002,0.0,0.017142857142822265,30.0,30.0,0.0,1350.0,0.000771428571427002,0.7714285714270019
ml,2025-08-04,bread,pcs,1.9799999999999187,70.0,69.96000000000001,0.0,2.0199999999999108,70.0,70.0,0.0,560.0,0.016159999999999286,16.159999999999286
ml,2025-08-04,cup_hot,pcs,2302.635714285714,0.0,322.39,0.0,1980.2457142857143,400.0,1600.0,0.0,1600.0,7.9209828571428575,7920.982857142857
ml,2025-08-04,cup_cold,pcs,530.4185714285716,0.0,65.92,0.0,464.4985714285716,200.0,600.0,0.0,1000.0,2.322492857142858,2322.492857142858
ml,2025-08-05,coffee_beans,g,39152.35714285715,6000.0,5487.84,0.0,39664.51714285715,6000.0,17000.0,0.0,7200.0,47.59742057142858,47597.42057142858
ml,2025-08-05,milk,ml,80821.0,71000.0,50431.5,0.0,101389.5,54000.0,54000.0,0.0,3240.0,6.08337,6083.37
ml,2025-08-05,sugar,g,20036.181428571428,0.0,2721.26,0.0,17314.921428571426,4000.0,10000.0,0.0,180.0,0.7791714642857142,779.1714642857141
ml,2025-08-05,chocolate_syrup,ml,6839.657142857142,1000.0,873.6000000000001,0.0,6966.057142857142,1000.0,2500.0,0.0,300.0,2.0898171428571426,2089.8171428571427
ml,2025-08-05,tea_leaves,g,1915.0114285714285,0.0,140.08,0.0,1774.9314285714286,500.0,1000.0,0.0,300.0,1.0649588571428572,1064.9588571428571
ml,2025-08-05,ice,g,44703.99999999999,17000.0,8510.400000000001,0.0,53193.59999999999,7000.0,7000.0,0.0,70.0,0.531936,531.9359999999999
ml,2025-08-05,croissant_dough,pcs,0.017142857142822265,30.0,24.840000000000003,0.0,5.177142857142819,30.0,30.0,0.0,1350.0,0.23297142857142686,232.97142857142686
ml,2025-08-05,bread,pcs,2.0199999999999108,70.0,57.24,0.0,14.779999999999909,70.0,70.0,0.0,560.0,0.11823999999999928,118.23999999999927
ml,2025-08-05,cup_hot,pcs,1980.2457142857143,700.0,292.52,0.0,2387.7257142857143,400.0,1300.0,0.0,1600.0,9.550902857142857,9550.902857142857
ml,2025-08-05,cup_cold,pcs,464.4985714285716,200.0,76.22,0.0,588.2785714285716,0.0,400.0,0.0,0.0,2.941392857142858,2941.392857142858
ml,2025-08-06,coffee_beans,g,39664.51714285715,0.0,6396.299999999999,0.0,33268.21714285715,6000.0,23000.0,0.0,7200.0,39.92186057142858,39921.86057142858
ml,2025-08-06,milk,ml,101389.5,54000.0,63462.0,0.0,91927.5,63000.0,63000.0,0.0,3780.0,5.51565,5515.65
ml,2025-08-06,sugar,g,17314.921428571426,6000.0,3529.8100000000004,0.0,19785.11142857143,3000.0,7000.0,0.0,135.0,0.8903300142857142,890.3300142857142
ml,2025-08-06,chocolate_syrup,ml,6966.057142857142,1500.0,1092.0,0.0,7374.057142857142,1500.0,2500.0,0.0,450.0,2.2122171428571424,2212.2171428571423
ml,2025-08-06,tea_leaves,g,1774.9314285714286,0.0,321.36,0.0,1453.5714285714284,0.0,1000.0,0.0,0.0,0.872142857142857,872.142857142857
ml,2025-08-06,ice,g,53193.59999999999,7000.0,10648.800000000001,0.0,49544.79999999999,8000.0,8000.0,0.0,80.0,0.49544799999999994,495.4479999999999
ml,2025-08-06,croissant_dough,pcs,5.177142857142819,30.0,34.56,0.0,0.6171428571428166,30.0,30.0,0.0,1350.0,0.027771428571426747,27.771428571426746
ml,2025-08-06,bread,pcs,14.779999999999909,70.0,72.08,0.0,12.69999999999991,60.0,60.0,0.0,480.0,0.10159999999999929,101.59999999999928
ml,2025-08-06,cup_hot,pcs,2387.7257142857143,0.0,380.07000000000005,0.0,2007.6557142857143,400.0,1700.0,0.0,1600.0,8.030622857142857,8030.622857142857
ml,2025-08-06,cup_cold,pcs,588.2785714285716,0.0,91.67,0.0,496.6085714285716,0.0,400.0,0.0,0.0,2.483042857142858,2483.0428571428583
ml,2025-08-07,coffee_beans,g,33268.21714285715,11000.0,5320.98,0.0,38947.23714285715,8000.0,20000.0,0.0,9600.0,46.73668457142858,46736.68457142858
ml,2025-08-07,milk,ml,91927.5,63000.0,47481.0,0.0,107446.5,68000.0,68000.0,0.0,4080.0,6.44679,6446.79
ml,2025-08-07,sugar,g,19785.11142857143,4000.0,2725.3799999999997,0.0,21059.731428571427,3000.0,6000.0,0.0,135.0,0.9476879142857142,947.6879142857142
ml,2025-08-07,chocolate_syrup,ml,7374.057142857142,1000.0,686.4000000000001,0.0,7687.6571428571415,1000.0,2500.0,0.0,300.0,2.3062971428571424,2306.2971428571423
ml,2025-08-07,tea_leaves,g,1453.5714285714284,500.0,152.44,0.0,1801.1314285714286,500.0,1000.0,0.0,300.0,1.0806788571428572,1080.6788571428572
ml,2025-08-07,ice,g,49544.79999999999,8000.0,11145.6,0.0,46399.19999999999,11000.0,11000.0,0.0,110.0,0.4639919999999999,463.9919999999999
ml,2025-08-07,croissant_dough,pcs,0.6171428571428166,30.0,17.28,0.0,13.337142857142815,30.0,30.0,0.0,1350.0,0.6001714285714267,600.1714285714266
ml,2025-08-07,bread,pcs,12.69999999999991,60.0,57.24,0.0,15.459999999999908,80.0,80.0,0.0,640.0,0.12367999999999928,123.67999999999927
ml,2025-08-07,cup_hot,pcs,2007.6557142857143,500.0,257.5,0.0,2250.155714285714,500.0,1700.0,0.0,2000.0,9.000622857142856,9000.622857142856
ml,2025-08-07,cup_cold,pcs,496.6085714285716,200.0,98.88,0.0,597.7285714285716,200.0,400.0,0.0,1000.0,2.9886428571428585,2988.6428571428582
ml,2025-08-08,coffee_beans,g,38947.23714285715,6000.0,6767.1,0.0,38180.13714285715,7000.0,21000.0,0.0,8400.0,45.81616457142858,45816.16457142858
ml,2025-08-08,milk,ml,107446.5,68000.0,60417.0,0.0,115029.5,44000.0,44000.0,0.0,2640.0,6.90177,6901.7699999999995
ml,2025-08-08,sugar,g,21059.731428571427,3000.0,3443.29,0.0,20616.44142857143,4000.0,7000.0,0.0,180.0,0.9277398642857144,927.7398642857144
ml,2025-08-08,chocolate_syrup,ml,7687.6571428571415,1500.0,936.0000000000001,0.0,8251.65714285714,1000.0,2000.0,0.0,300.0,2.475497142857142,2475.497142857142
ml,2025-08-08,tea_leaves,g,1801.1314285714286,500.0,296.64,0.0,2004.4914285714285,0.0,500.0,0.0,0.0,1.202694857142857,1202.694857142857
ml,2025-08-08,ice,g,46399.19999999999,11000.0,10648.800000000001,0.0,46750.399999999994,12000.0,12000.0,0.0,120.0,0.467504,467.50399999999996
ml,2025-08-08,croissant_dough,pcs,13.337142857142815,30.0,34.56,0.0,8.777142857142813,30.0,30.0,0.0,1350.0,0.3949714285714266,394.9714285714266
ml,2025-08-08,bread,pcs,15.459999999999908,80.0,74.2,0.0,21.259999999999906,70.0,70.0,0.0,560.0,0.17007999999999926,170.07999999999925
ml,2025-08-08,cup_hot,pcs,2250.155714285714,400.0,388.31000000000006,0.0,2261.845714285714,0.0,1300.0,0.0,0.0,9.047382857142857,9047.382857142857
ml,2025-08-08,cup_cold,pcs,597.7285714285716,200.0,92.7,0.0,705.0285714285717,0.0,200.0,0.0,0.0,3.5251428571428587,3525.1428571428587
ml,2025-08-09,coffee_beans,g,38180.13714285715,6000.0,6637.319999999999,0.0,37542.81714285715,6000.0,21000.0,0.0,7200.0,45.05138057142858,45051.38057142858
ml,2025-08-09,milk,ml,115029.5,44000.0,73962.0,0.0,85067.5,56000.0,56000.0,0.0,3360.0,5.10405,5104.05
ml,2025-08-09,sugar,g,20616.44142857143,3000.0,3876.9200000000005,0.0,19739.52142857143,4000.0,8000.0,0.0,180.0,0.8882784642857142,888.2784642857142
ml,2025-08-09,chocolate_syrup,ml,8251.65714285714,1000.0,3057.6000000000004,0.0,6194.057142857141,1500.0,2500.0,0.0,450.0,1.8582171428571423,1858.2171428571423
ml,2025-08-09,tea_leaves,g,2004.4914285714285,0.0,247.20000000000002,0.0,1757.2914285714287,500.0,1000.0,0.0,300.0,1.054374857142857,1054.374857142857
ml,2025-08-09,ice,g,46750.399999999994,12000.0,11145.6,0.0,47604.79999999999,11000.0,11000.0,0.0,110.0,0.4760479999999999,476.0479999999999
ml,2025-08-09,croissant_dough,pcs,8.777142857142813,30.0,37.800000000000004,0.0,0.9771428571428089,40.0,40.0,0.0,1800.0,0.0439714285714264,43.9714285714264
ml,2025-08-09,bread,pcs,21.259999999999906,70.0,91.16000000000001,0.0,0.09999999999989484,80.0,80.0,0.0,640.0,0.0007999999999991587,0.7999999999991587
ml,2025-08-09,cup_hot,pcs,2261.845714285714,400.0,431.57,0.0,2230.2757142857145,600.0,1500.0,0.0,2400.0,8.921102857142857,8921.102857142858
ml,2025-08-09,cup_cold,pcs,705.0285714285717,0.0,99.91,0.0,605.1185714285716,200.0,400.0,0.0,1000.0,3.025592857142858,3025.592857142858
ml,2025-08-10,coffee_beans,g,37542.81714285715,8000.0,6859.799999999999,0.0,38683.01714285715,8000.0,21000.0,0.0,9600.0,46.419620571428574,46419.620571428575
ml,2025-08-10,milk,ml,85067.5,56000.0,69657.0,0.0,71410.5,72000.0,72000.0,0.0,4320.0,4.28463,4284.63
ml,2025-08-10,sugar,g,19739.52142857143,4000.0,3951.08,0.0,19788.44142857143,4000.0,8000.0,0.0,180.0,0.8904798642857144,890.4798642857144
ml,2025-08-10,chocolate_syrup,ml,6194.057142857141,1000.0,1185.6000000000001,0.0,6008.457142857141,4000.0,5500.0,0.0,1200.0,1.8025371428571424,1802.5371428571423
ml,2025-08-10,tea_leaves,g,1757.2914285714287,500.0,346.08,0.0,1911.2114285714285,0.0,500.0,0.0,0.0,1.1467268571428573,1146.7268571428572
ml,2025-08-10,ice,g,47604.79999999999,11000.0,11145.600000000002,0.0,47459.19999999999,13000.0,13000.0,0.0,130.0,0.47459199999999996,474.5919999999999
ml,2025-08-10,croissant_dough,pcs,0.9771428571428089,40.0,39.96,0.0,1.017142857142808,30.0,30.0,0.0,1350.0,0.04577142857142636,45.77142857142636
ml,2025-08-10,bread,pcs,0.09999999999989484,80.0,78.44,0.0,1.6599999999998971,70.0,70.0,0.0,560.0,0.013279999999999178,13.279999999999177
ml,2025-08-10,cup_hot,pcs,2230.2757142857145,400.0,408.90999999999997,0.0,2221.365714285714,500.0,1600.0,0.0,2000.0,8.885462857142857,8885.462857142857
ml,2025-08-10,cup_cold,pcs,605.1185714285716,0.0,97.85000000000001,0.0,507.26857142857165,0.0,400.0,0.0,0.0,2.536342857142858,2536.342857142858
ml,2025-08-11,coffee_beans,g,38683.01714285715,7000.0,7156.4400000000005,0.0,38526.57714285715,0.0,14000.0,0.0,0.0,46.23189257142858,46231.89257142858
ml,2025-08-11,milk,ml,71410.5,72000.0,71505.0,0.0,71905.5,69000.0,69000.0,0.0,4140.0,4.31433,4314.33
ml,2025-08-11,sugar,g,19788.44142857143,4000.0,3883.1,0.0,19905.341428571428,4000.0,8000.0,0.0,180.0,0.8957403642857142,895.7403642857142
ml,2025-08-11,chocolate_syrup,ml,6008.457142857141,1500.0,1310.4,0.0,6198.057142857141,0.0,4000.0,0.0,0.0,1.8594171428571422,1859.4171428571422
ml,2025-08-11,tea_leaves,g,1911.2114285714285,0.0,412.0,0.0,1499.2114285714285,500.0,1000.0,0.0,300.0,0.8995268571428572,899.5268571428571
ml,2025-08-11,ice,g,47459.19999999999,13000.0,5659.200000000001,0.0,54799.999999999985,13000.0,13000.0,0.0,130.0,0.5479999999999999,547.9999999999999
ml,2025-08-11,croissant_dough,pcs,1.017142857142808,30.0,30.240000000000002,0.0,0.7771428571428061,30.0,30.0,0.0,1350.0,0.03497142857142627,34.97142857142627
ml,2025-08-11,bread,pcs,1.6599999999998971,70.0,55.120000000000005,0.0,16.539999999999893,70.0,70.0,0.0,560.0,0.13231999999999913,132.31999999999914
ml,2025-08-11,cup_hot,pcs,2221.365714285714,500.0,493.37,0.0,2227.9957142857143,400.0,1500.0,0.0,1600.0,8.911982857142858,8911.982857142857
ml,2025-08-11,cup_cold,pcs,507.26857142857165,200.0,50.47,0.0,656.7985714285717,200.0,400.0,0.0,1000.0,3.283992857142858,3283.992857142858
ml,2025-08-12,coffee_beans,g,38526.57714285715,6000.0,5728.86,0.0,38797.71714285715,14000.0,22000.0,0.0,16800.0,46.557260571428586,46557.26057142858
ml,2025-08-12,milk,ml,71905.5,69000.0,55902.0,0.0,85003.5,81000.0,81000.0,0.0,4860.0,5.100210000000001,5100.21
ml,2025-08-12,sugar,g,19905.341428571428,4000.0,3195.06,0.0,20710.281428571427,4000.0,8000.0,0.0,180.0,0.9319626642857142,931.9626642857141
ml,2025-08-12,chocolate_syrup,ml,6198.057142857141,4000.0,1216.8000000000002,0.0,8981.257142857141,2500.0,2500.0,0.0,750.0,2.6943771428571424,2694.377142857142
ml,2025-08-12,tea_leaves,g,1499.2114285714285,500.0,288.40000000000003,0.0,1710.8114285714287,500.0,1000.0,0.0,300.0,1.0264868571428571,1026.4868571428572
ml,2025-08-12,ice,g,54799.999999999985,13000.0,8251.2,0.0,59548.79999999999,7000.0,7000.0,0.0,70.0,0.5954879999999999,595.4879999999999
ml,2025-08-12,croissant_dough,pcs,0.7771428571428061,30.0,30.240000000000002,0.0,0.5371428571428041,40.0,40.0,0.0,1800.0,0.024171428571426182,24.171428571426183
ml,2025-08-12,bread,pcs,16.539999999999893,70.0,84.80000000000001,0.0,1.7399999999998812,80.0,80.0,0.0,640.0,0.01391999999999905,13.91999999999905
ml,2025-08-12,cup_hot,pcs,2227.9957142857143,0.0,356.38000000000005,0.0,1871.6157142857141,600.0,2100.0,0.0,2400.0,7.486462857142857,7486.462857142857
ml,2025-08-12,cup_cold,pcs,656.7985714285717,0.0,74.16,0.0,582.6385714285716,0.0,400.0,0.0,0.0,2.913192857142858,2913.192857142858
ml,2025-08-13,coffee_beans,g,38797.71714285715,8000.0,6563.159999999999,0.0,40234.55714285716,7000.0,21000.0,0.0,8400.0,48.28146857142859,48281.46857142859
ml,2025-08-13,milk,ml,85003.5,81000.0,58831.5,0.0,107172.0,75000.0,75000.0,0.0,4500.0,6.43032,6430.32
ml,2025-08-13,sugar,g,20710.281428571427,4000.0,3472.13,0.0,21238.15142857143,4000.0,8000.0,0.0,180.0,0.9557168142857142,955.7168142857142
ml,2025-08-13,chocolate_syrup,ml,8981.257142857141,0.0,967.2,0.0,8014.05714285714,1500.0,4000.0,0.0,450.0,2.4042171428571417,2404.217142857142
ml,2025-08-13,tea_leaves,g,1710.8114285714287,0.0,436.72,0.0,1274.0914285714284,500.0,1500.0,0.0,300.0,0.764454857142857,764.454857142857
ml,2025-08-13,ice,g,59548.79999999999,7000.0,7711.200000000001,0.0,58837.59999999999,9000.0,9000.0,0.0,90.0,0.588376,588.376
ml,2025-08-13,croissant_dough,pcs,0.5371428571428041,40.0,39.96,0.0,0.5771428571428032,50.0,50.0,0.0,2250.0,0.025971428571426147,25.971428571426145
ml,2025-08-13,bread,pcs,1.7399999999998812,80.0,80.56,0.0,1.179999999999879,90.0,90.0,0.0,720.0,0.00943999999999903,9.439999999999031
ml,2025-08-13,cup_hot,pcs,1871.6157142857141,600.0,436.72,0.0,2034.8957142857143,500.0,2000.0,0.0,2000.0,8.139582857142857,8139.582857142857
ml,2025-08-13,cup_cold,pcs,582.6385714285716,200.0,69.01,0.0,713.6285714285716,200.0,400.0,0.0,1000.0,3.568142857142858,3568.142857142858
ml,2025-08-14,coffee_beans,g,40234.55714285716,0.0,7898.04,0.0,32336.517142857156,8000.0,29000.0,0.0,9600.0,38.80382057142859,38803.82057142859
ml,2025-08-14,milk,ml,107172.0,75000.0,75463.5,0.0,106708.5,71000.0,71000.0,0.0,4260.0,6.4025099999999995,6402.509999999999
ml,2025-08-14,sugar,g,21238.15142857143,4000.0,4173.56,0.0,21064.591428571428,4000.0,8000.0,0.0,180.0,0.9479066142857142,947.9066142857142
ml,2025-08-14,chocolate_syrup,ml,8014.05714285714,2500.0,1435.2,0.0,9078.857142857141,0.0,1500.0,0.0,0.0,2.7236571428571423,2723.6571428571424
ml,2025-08-14,tea_leaves,g,1274.0914285714284,500.0,457.32,0.0,1316.7714285714285,500.0,1500.0,0.0,300.0,0.7900628571428571,790.0628571428571
ml,2025-08-14,ice,g,58837.59999999999,9000.0,6264.0,0.0,61573.59999999999,7000.0,7000.0,0.0,70.0,0.6157359999999998,615.7359999999999
ml,2025-08-14,croissant_dough,pcs,0.5771428571428032,50.0,32.400000000000006,0.0,18.177142857142798,30.0,30.0,0.0,1350.0,0.8179714285714259,817.9714285714259
ml,2025-08-14,bread,pcs,1.179999999999879,90.0,91.16000000000001,0.0,0.019999999999868123,80.0,80.0,0.0,640.0,0.00015999999999894498,0.159999999998945
ml,2025-08-14,cup_hot,pcs,2034.8957142857143,500.0,544.87,0.0,1990.0257142857142,400.0,1900.0,0.0,1600.0,7.960102857142857,7960.102857142857
ml,2025-08-14,cup_cold,pcs,713.6285714285716,0.0,55.620000000000005,0.0,658.0085714285716,0.0,400.0,0.0,0.0,3.290042857142858,3290.042857142858
ml,2025-08-15,coffee_beans,g,32336.517142857156,14000.0,5562.0,0.0,40774.517142857156,8000.0,23000.0,0.0,9600.0,48.92942057142859,48929.420571428585
ml,2025-08-15,milk,ml,106708.5,71000.0,62842.5,0.0,114866.0,68000.0,68000.0,0.0,4080.0,6.89196,6891.96
ml,2025-08-15,sugar,g,21064.591428571428,4000.0,3519.51,0.0,21545.08142857143,4000.0,8000.0,0.0,180.0,0.9695286642857143,969.5286642857143
ml,2025-08-15,chocolate_syrup,ml,9078.857142857141,1500.0,1310.4,0.0,9268.45714285714,2000.0,2000.0,0.0,600.0,2.780537142857142,2780.537142857142
ml,2025-08-15,tea_leaves,g,1316.7714285714285,500.0,288.40000000000003,0.0,1528.3714285714286,500.0,1500.0,0.0,300.0,0.9170228571428571,917.0228571428571
ml,2025-08-15,ice,g,61573.59999999999,7000.0,10519.2,0.0,58054.39999999999,5000.0,5000.0,0.0,50.0,0.5805439999999998,580.5439999999999
ml,2025-08-15,croissant_dough,pcs,18.177142857142798,30.0,27.0,0.0,21.177142857142798,30.0,30.0,0.0,1350.0,0.9529714285714259,952.9714285714259
ml,2025-08-15,bread,pcs,0.019999999999868123,80.0,67.84,0.0,12.179999999999865,90.0,90.0,0.0,720.0,0.09743999999999892,97.43999999999892
ml,2025-08-15,cup_hot,pcs,1990.0257142857142,400.0,330.63,0.0,2059.3957142857143,500.0,2000.0,0.0,2000.0,8.237582857142858,8237.582857142857
ml,2025-08-15,cup_cold,pcs,658.0085714285716,200.0,93.73,0.0,764.2785714285716,0.0,200.0,0.0,0.0,3.821392857142858,3821.392857142858
ml,2025-08-16,coffee_beans,g,40774.517142857156,7000.0,6637.319999999999,0.0,41137.197142857156,0.0,16000.0,0.0,0.0,49.36463657142858,49364.636571428586
ml,2025-08-16,milk,ml,114866.0,68000.0,67116.0,0.0,115750.0,61000.0,61000.0,0.0,3660.0,6.945,6945.0
ml,2025-08-16,sugar,g,21545.08142857143,4000.0,3722.4199999999996,0.0,21822.66142857143,4000.0,8000.0,0.0,180.0,0.9820197642857144,982.0197642857144
ml,2025-08-16,chocolate_syrup,ml,9268.45714285714,0.0,1591.2,0.0,7677.257142857141,1500.0,3500.0,0.0,450.0,2.3031771428571424,2303.1771428571424
ml,2025-08-16,tea_leaves,g,1528.3714285714286,500.0,255.44,0.0,1772.9314285714286,0.0,1000.0,0.0,0.0,1.0637588571428571,1063.758857142857
ml,2025-08-16,ice,g,58054.39999999999,5000.0,12744.0,0.0,50310.39999999999,11000.0,11000.0,0.0,110.0,0.5031039999999999,503.10399999999987
ml,2025-08-16,croissant_dough,pcs,21.177142857142798,30.0,24.840000000000003,0.0,26.337142857142794,40.0,40.0,0.0,1800.0,1.1851714285714257,1185.1714285714256
ml,2025-08-16,bread,pcs,12.179999999999865,90.0,101.76,0.0,0.4199999999998596,90.0,90.0,0.0,720.0,0.003359999999998877,3.3599999999988768
ml,2025-08-16,cup_hot,pcs,2059.3957142857143,600.0,371.83000000000004,0.0,2287.5657142857144,0.0,1400.0,0.0,0.0,9.150262857142858,9150.262857142858
ml,2025-08-16,cup_cold,pcs,764.2785714285716,0.0,113.30000000000001,0.0,650.9785714285716,200.0,400.0,0.0,1000.0,3.2548928571428584,3254.8928571428582
ml,2025-08-17,coffee_beans,g,41137.197142857156,8000.0,8676.72,0.0,40460.477142857155,8000.0,16000.0,0.0,9600.0,48.55257257142859,48552.57257142859
ml,2025-08-17,milk,ml,115750.0,61000.0,88515.0,0.0,88235.0,54000.0,54000.0,0.0,3240.0,5.294099999999999,5294.099999999999
ml,2025-08-17,sugar,g,21822.66142857143,4000.0,4941.9400000000005,0.0,20880.72142857143,0.0,4000.0,0.0,0.0,0.9396324642857142,939.6324642857143
ml,2025-08-17,chocolate_syrup,ml,7677.257142857141,2000.0,1716.0000000000002,0.0,7961.25714285714,1500.0,3000.0,0.0,450.0,2.388377142857142,2388.3771428571417
ml,2025-08-17,tea_leaves,g,1772.9314285714286,500.0,626.24,0.0,1646.6914285714286,0.0,500.0,0.0,0.0,0.9880148571428571,988.0148571428571
ml,2025-08-17,ice,g,50310.39999999999,11000.0,7992.000000000001,0.0,53318.39999999999,9000.0,9000.0,0.0,90.0,0.5331839999999999,533.1839999999999
ml,2025-08-17,croissant_dough,pcs,26.337142857142794,40.0,61.56,0.0,4.777142857142792,10.0,10.0,0.0,450.0,0.21497142857142565,214.97142857142563
ml,2025-08-17,bread,pcs,0.4199999999998596,90.0,89.04,0.0,1.3799999999998533,80.0,80.0,0.0,640.0,0.011039999999998827,11.039999999998827
ml,2025-08-17,cup_hot,pcs,2287.5657142857144,500.0,625.21,0.0,2162.3557142857144,600.0,1500.0,0.0,2400.0,8.649422857142858,8649.422857142858
ml,2025-08-17,cup_cold,pcs,650.9785714285716,200.0,70.04,0.0,780.9385714285715,0.0,200.0,0.0,0.0,3.904692857142858,3904.692857142858
ml,2025-08-18,coffee_beans,g,40460.477142857155,8000.0,6581.7,0.0,41878.77714285716,7000.0,15000.0,0.0,8400.0,50.25453257142859,50254.53257142859
ml,2025-08-18,milk,ml,88235.0,54000.0,62811.0,0.0,79424.0,68000.0,68000.0,0.0,4080.0,4.76544,4765.44
ml,2025-08-18,sugar,g,20880.72142857143,4000.0,3349.56,0.0,21531.161428571428,6000.0,6000.0,0.0,270.0,0.9689022642857142,968.9022642857142
ml,2025-08-18,chocolate_syrup,ml,7961.25714285714,1500.0,1092.0,0.0,8369.25714285714,1500.0,3000.0,0.0,450.0,2.5107771428571417,2510.777142857142
ml,2025-08-18,tea_leaves,g,1646.6914285714286,500.0,276.04,0.0,1870.6514285714284,1000.0,1000.0,0.0,600.0,1.122390857142857,1122.390857142857
ml,2025-08-18,ice,g,53318.39999999999,9000.0,6782.400000000001,1318.399999999986,54217.6,13000.0,13000.0,13.18399999999986,130.0,0.5421760000000001,542.176
ml,2025-08-18,croissant_dough,pcs,4.777142857142792,10.0,14.040000000000001,0.0,0.7371428571427909,30.0,30.0,0.0,1350.0,0.0331714285714256,33.171428571425594
ml,2025-08-18,bread,pcs,1.3799999999998533,80.0,80.56,0.0,0.8199999999998511,90.0,90.0,0.0,720.0,0.006559999999998809,6.559999999998809
ml,2025-08-18,cup_hot,pcs,2162.3557142857144,400.0,412.0,0.0,2150.3557142857144,500.0,1600.0,0.0,2000.0,8.601422857142857,8601.422857142858
ml,2025-08-18,cup_cold,pcs,780.9385714285715,0.0,58.71,0.0,722.2285714285716,0.0,200.0,0.0,0.0,3.6111428571428585,3611.1428571428582
ml,2025-08-19,coffee_beans,g,41878.77714285716,0.0,4783.32,0.0,37095.45714285716,7000.0,22000.0,0.0,8400.0,44.51454857142859,44514.54857142859
ml,2025-08-19,milk,ml,79424.0,68000.0,43302.0,0.0,104122.0,68000.0,68000.0,0.0,4080.0,6.24732,6247.32
ml,2025-08-19,sugar,g,21531.161428571428,0.0,2472.0,0.0,19059.161428571428,3000.0,9000.0,0.0,135.0,0.8576622642857142,857.6622642857142
ml,2025-08-19,chocolate_syrup,ml,8369.25714285714,1500.0,904.8000000000001,0.0,8964.45714285714,0.0,1500.0,0.0,0.0,2.6893371428571418,2689.3371428571418
ml,2025-08-19,tea_leaves,g,1870.6514285714284,0.0,238.96,0.0,1631.6914285714283,0.0,1000.0,0.0,0.0,0.979014857142857,979.014857142857
ml,2025-08-19,ice,g,54217.6,13000.0,6307.200000000001,6217.599999999999,54692.8,8000.0,8000.0,62.175999999999995,80.0,0.546928,546.928
ml,2025-08-19,croissant_dough,pcs,0.7371428571427909,30.0,30.240000000000002,0.0,0.4971428571427907,30.0,30.0,0.0,1350.0,0.022371428571425583,22.371428571425582
ml,2025-08-19,bread,pcs,0.8199999999998511,90.0,57.24,0.0,33.57999999999985,80.0,80.0,0.0,640.0,0.2686399999999988,268.6399999999988
ml,2025-08-19,cup_hot,pcs,2150.3557142857144,500.0,298.7,0.0,2351.6557142857146,400.0,1500.0,0.0,1600.0,9.406622857142859,9406.622857142858
ml,2025-08-19,cup_cold,pcs,722.2285714285716,0.0,56.650000000000006,0.0,665.5785714285716,200.0,400.0,0.0,1000.0,3.3278928571428583,3327.8928571428582
ml,2025-08-20,coffee_beans,g,37095.45714285716,8000.0,4616.46,0.0,40478.99714285716,6000.0,20000.0,0.0,7200.0,48.57479657142859,48574.79657142859
ml,2025-08-20,milk,ml,104122.0,68000.0,37369.5,0.0,134752.5,54000.0,54000.0,0.0,3240.0,8.08515,8085.15
ml,2025-08-20,sugar,g,19059.161428571428,6000.0,2026.01,0.0,23033.15142857143,0.0,3000.0,0.0,0.0,1.0364918142857142,1036.4918142857143
ml,2025-08-20,chocolate_syrup,ml,8964.45714285714,1500.0,655.2,0.0,9809.25714285714,2000.0,2000.0,0.0,600.0,2.942777142857142,2942.777142857142
ml,2025-08-20,tea_leaves,g,1631.6914285714283,0.0,177.16,0.0,1454.5314285714285,0.0,1000.0,0.0,0.0,0.872718857142857,872.718857142857
ml,2025-08-20,ice,g,54692.8,8000.0,4730.400000000001,692.7999999999997,57269.6,7000.0,7000.0,6.927999999999997,70.0,0.572696,572.696
ml,2025-08-20,croissant_dough,pcs,0.4971428571427907,30.0,30.240000000000002,0.0,0.2571428571427887,40.0,40.0,0.0,1800.0,0.011571428571425494,11.571428571425493
ml,2025-08-20,bread,pcs,33.57999999999985,80.0,65.72,0.0,47.85999999999985,60.0,60.0,0.0,480.0,0.38287999999999883,382.8799999999988
ml,2025-08-20,cup_hot,pcs,2351.6557142857146,0.0,282.22,0.0,2069.4357142857143,400.0,1900.0,0.0,1600.0,8.277742857142858,8277.742857142857
ml,2025-08-20,cup_cold,pcs,665.5785714285716,200.0,40.17,0.0,825.4085714285716,0.0,200.0,0.0,0.0,4.127042857142858,4127.042857142858
ml,2025-08-21,coffee_beans,g,40478.99714285716,7000.0,5840.1,0.0,41638.89714285715,6000.0,19000.0,0.0,7200.0,49.96667657142858,49966.67657142858
ml,2025-08-21,milk,ml,134752.5,54000.0,53760.0,0.0,134992.5,49000.0,49000.0,0.0,2940.0,8.099549999999999,8099.549999999999
ml,2025-08-21,sugar,g,23033.15142857143,3000.0,3084.85,0.0,22948.30142857143,5000.0,5000.0,0.0,225.0,1.0326735642857143,1032.6735642857143
ml,2025-08-21,chocolate_syrup,ml,9809.25714285714,0.0,998.4000000000001,0.0,8810.857142857141,0.0,2000.0,0.0,0.0,2.6432571428571423,2643.2571428571423
ml,2025-08-21,tea_leaves,g,1454.5314285714285,1000.0,288.40000000000003,0.0,2166.1314285714284,500.0,500.0,0.0,300.0,1.299678857142857,1299.678857142857
ml,2025-08-21,ice,g,57269.6,7000.0,10303.2,4269.599999999999,49696.8,9000.0,9000.0,42.696,90.0,0.496968,496.968
ml,2025-08-21,croissant_dough,pcs,0.2571428571427887,40.0,39.96,0.0,0.2971428571427879,40.0,40.0,0.0,1800.0,0.013371428571425455,13.371428571425454
ml,2025-08-21,bread,pcs,47.85999999999985,60.0,86.92,0.0,20.93999999999985,70.0,70.0,0.0,560.0,0.16751999999999878,167.5199999999988
ml,2025-08-21,cup_hot,pcs,2069.4357142857143,600.0,338.87000000000006,0.0,2330.5657142857144,0.0,1300.0,0.0,0.0,9.322262857142858,9322.262857142858
ml,2025-08-21,cup_cold,pcs,825.4085714285716,0.0,90.64,0.0,734.7685714285716,200.0,400.0,0.0,1000.0,3.673842857142858,3673.842857142858
ml,2025-08-22,coffee_beans,g,41638.89714285715,7000.0,6210.9,0.0,42427.99714285716,8000.0,20000.0,0.0,9600.0,50.91359657142859,50913.59657142859
ml,2025-08-22,milk,ml,134992.5,49000.0,59524.5,0.0,124468.0,52000.0,52000.0,0.0,3120.0,7.4680800000000005,7468.08
ml,2025-08-22,sugar,g,22948.30142857143,0.0,3201.24,0.0,19747.06142857143,5000.0,10000.0,0.0,225.0,0.8886177642857144,888.6177642857143
ml,2025-08-22,chocolate_syrup,ml,8810.857142857141,2000.0,1341.6000000000001,0.0,9469.25714285714,2000.0,2000.0,0.0,600.0,2.840777142857142,2840.777142857142
ml,2025-08-22,tea_leaves,g,2166.1314285714284,0.0,296.64,0.0,1869.4914285714285,500.0,1000.0,0.0,300.0,1.121694857142857,1121.694857142857
ml,2025-08-22,ice,g,49696.8,9000.0,8553.600000000002,0.0,50143.2,10000.0,10000.0,0.0,100.0,0.501432,501.43199999999996
ml,2025-08-22,croissant_dough,pcs,0.2971428571427879,40.0,39.96,0.0,0.337142857142787,40.0,40.0,0.0,1800.0,0.015171428571425416,15.171428571425416
ml,2025-08-22,bread,pcs,20.93999999999985,70.0,69.96000000000001,0.0,20.97999999999984,100.0,100.0,0.0,800.0,0.16783999999999874,167.83999999999872
ml,2025-08-22,cup_hot,pcs,2330.5657142857144,500.0,390.37,0.0,2440.1957142857145,700.0,1500.0,0.0,2800.0,9.760782857142859,9760.782857142858
ml,2025-08-22,cup_cold,pcs,734.7685714285716,0.0,73.13000000000001,0.0,661.6385714285716,0.0,400.0,0.0,0.0,3.308192857142858,3308.192857142858
ml,2025-08-23,coffee_beans,g,42427.99714285716,6000.0,7230.599999999999,0.0,41197.39714285715,0.0,14000.0,0.0,0.0,49.436876571428584,49436.876571428584
ml,2025-08-23,milk,ml,124468.0,52000.0,67074.0,0.0,109394.0,56000.0,56000.0,0.0,3360.0,6.5636399999999995,6563.639999999999
ml,2025-08-23,sugar,g,19747.06142857143,5000.0,3797.6100000000006,0.0,20949.45142857143,4000.0,9000.0,0.0,180.0,0.9427253142857143,942.7253142857143
ml,2025-08-23,chocolate_syrup,ml,9469.25714285714,0.0,936.0000000000001,0.0,8533.25714285714,1500.0,3500.0,0.0,450.0,2.5599771428571416,2559.9771428571416
ml,2025-08-23,tea_leaves,g,1869.4914285714285,0.0,288.40000000000003,0.0,1581.0914285714284,0.0,1000.0,0.0,0.0,0.948654857142857,948.654857142857
ml,2025-08-23,ice,g,50143.2,10000.0,12117.6,0.0,48025.6,11000.0,11000.0,0.0,110.0,0.48025599999999996,480.256
ml,2025-08-23,croissant_dough,pcs,0.337142857142787,40.0,39.96,0.0,0.37714285714278617,40.0,40.0,0.0,1800.0,0.01697142857142538,16.971428571425378
ml,2025-08-23,bread,pcs,20.97999999999984,100.0,120.84,0.0,0.13999999999984425,90.0,90.0,0.0,720.0,0.001119999999998754,1.119999999998754
ml,2025-08-23,cup_hot,pcs,2440.1957142857145,400.0,396.55000000000007,0.0,2443.6457142857143,0.0,1100.0,0.0,0.0,9.774582857142857,9774.582857142857
ml,2025-08-23,cup_cold,pcs,661.6385714285716,200.0,108.15,0.0,753.4885714285715,0.0,200.0,0.0,0.0,3.7674428571428575,3767.4428571428575
ml,2025-08-24,coffee_beans,g,41197.39714285715,6000.0,6340.68,0.0,40856.71714285716,12000.0,20000.0,0.0,14400.0,49.02806057142859,49028.06057142859
ml,2025-08-24,milk,ml,109394.0,56000.0,52962.0,0.0,112432.0,56000.0,56000.0,0.0,3360.0,6.74592,6745.92
ml,2025-08-24,sugar,g,20949.45142857143,5000.0,2868.55,0.0,23080.90142857143,3000.0,7000.0,0.0,135.0,1.0386405642857144,1038.6405642857144
ml,2025-08-24,chocolate_syrup,ml,8533.25714285714,2000.0,748.8000000000001,0.0,9784.45714285714,0.0,1500.0,0.0,0.0,2.9353371428571418,2935.3371428571418
ml,2025-08-24,tea_leaves,g,1581.0914285714284,500.0,210.12,0.0,1870.9714285714285,500.0,1000.0,0.0,300.0,1.122582857142857,1122.5828571428572
ml,2025-08-24,ice,g,48025.6,11000.0,9007.2,0.0,50018.399999999994,14000.0,14000.0,0.0,140.0,0.500184,500.18399999999997
ml,2025-08-24,croissant_dough,pcs,0.37714285714278617,40.0,33.480000000000004,0.0,6.897142857142782,40.0,40.0,0.0,1800.0,0.31037142857142525,310.3714285714252
ml,2025-08-24,bread,pcs,0.13999999999984425,90.0,74.2,0.0,15.939999999999841,80.0,80.0,0.0,640.0,0.12751999999999875,127.51999999999873
ml,2025-08-24,cup_hot,pcs,2443.6457142857143,400.0,352.26,0.0,2491.385714285714,800.0,1500.0,0.0,3200.0,9.965542857142857,9965.542857142857
ml,2025-08-24,cup_cold,pcs,753.4885714285715,0.0,77.25,0.0,676.2385714285715,200.0,400.0,0.0,1000.0,3.3811928571428576,3381.1928571428575
ml,2025-08-25,coffee_beans,g,40856.71714285716,8000.0,5469.299999999999,0.0,43387.41714285716,0.0,12000.0,0.0,0.0,52.06490057142859,52064.90057142859
ml,2025-08-25,milk,ml,112432.0,56000.0,52647.0,0.0,115785.0,44000.0,44000.0,0.0,2640.0,6.9471,6947.099999999999
ml,2025-08-25,sugar,g,23080.90142857143,4000.0,2839.7100000000005,0.0,24241.19142857143,0.0,3000.0,0.0,0.0,1.0908536142857141,1090.8536142857142
ml,2025-08-25,chocolate_syrup,ml,9784.45714285714,1500.0,936.0000000000001,0.0,10348.45714285714,1500.0,1500.0,0.0,450.0,3.104537142857142,3104.537142857142
ml,2025-08-25,tea_leaves,g,1870.9714285714285,500.0,238.96,0.0,2132.0114285714285,0.0,500.0,0.0,0.0,1.279206857142857,1279.206857142857
ml,2025-08-25,ice,g,50018.399999999994,14000.0,6112.8,0.0,57905.6,12000.0,12000.0,0.0,120.0,0.579056,579.056
ml,2025-08-25,croissant_dough,pcs,6.897142857142782,40.0,32.400000000000006,0.0,14.497142857142777,30.0,30.0,0.0,1350.0,0.652371428571425,652.371428571425
ml,2025-08-25,bread,pcs,15.939999999999841,80.0,61.480000000000004,0.0,34.45999999999984,70.0,70.0,0.0,560.0,0.2756799999999987,275.6799999999987
ml,2025-08-25,cup_hot,pcs,2491.385714285714,0.0,339.90000000000003,0.0,2151.4857142857145,0.0,1500.0,0.0,0.0,8.605942857142859,8605.942857142858
ml,2025-08-25,cup_cold,pcs,676.2385714285715,200.0,54.59,0.0,821.6485714285716,0.0,200.0,0.0,0.0,4.108242857142859,4108.242857142858
ml,2025-08-26,coffee_beans,g,43387.41714285716,0.0,7137.9,0.0,36249.51714285716,11000.0,23000.0,0.0,13200.0,43.499420571428594,43499.42057142859
ml,2025-08-26,milk,ml,115785.0,44000.0,63262.5,0.0,96522.5,67000.0,67000.0,0.0,4020.0,5.7913499999999996,5791.349999999999
ml,2025-08-26,sugar,g,24241.19142857143,3000.0,3426.81,0.0,23814.381428571425,5000.0,5000.0,0.0,225.0,1.0716471642857142,1071.647164285714
ml,2025-08-26,chocolate_syrup,ml,10348.45714285714,0.0,1310.4,0.0,9038.05714285714,0.0,1500.0,0.0,0.0,2.711417142857142,2711.417142857142
ml,2025-08-26,tea_leaves,g,2132.0114285714285,0.0,276.04,0.0,1855.9714285714285,500.0,1000.0,0.0,300.0,1.1135828571428572,1113.5828571428572
ml,2025-08-26,ice,g,57905.6,12000.0,9223.2,0.0,60682.399999999994,6000.0,6000.0,0.0,60.0,0.6068239999999999,606.824
ml,2025-08-26,croissant_dough,pcs,14.497142857142777,30.0,24.840000000000003,0.0,19.657142857142773,40.0,40.0,0.0,1800.0,0.8845714285714248,884.5714285714248
ml,2025-08-26,bread,pcs,34.45999999999984,70.0,103.88000000000001,0.0,0.5799999999998278,60.0,60.0,0.0,480.0,0.004639999999998622,4.639999999998622
ml,2025-08-26,cup_hot,pcs,2151.4857142857145,700.0,428.48,0.0,2423.0057142857145,600.0,1400.0,0.0,2400.0,9.692022857142858,9692.022857142858
ml,2025-08-26,cup_cold,pcs,821.6485714285716,0.0,80.34,0.0,741.3085714285716,100.0,300.0,0.0,500.0,3.706542857142858,3706.542857142858
ml,2025-08-27,coffee_beans,g,36249.51714285716,12000.0,5413.679999999999,0.0,42835.837142857155,8000.0,19000.0,0.0,9600.0,51.40300457142859,51403.00457142859
ml,2025-08-27,milk,ml,96522.5,67000.0,45570.0,0.0,117952.5,78000.0,78000.0,0.0,4680.0,7.07715,7077.15
ml,2025-08-27,sugar,g,23814.381428571425,0.0,2623.41,0.0,21190.97142857143,4000.0,9000.0,0.0,180.0,0.9535937142857143,953.5937142857142
ml,2025-08-27,chocolate_syrup,ml,9038.05714285714,1500.0,1029.6000000000001,0.0,9508.45714285714,2000.0,2000.0,0.0,600.0,2.852537142857142,2852.537142857142
ml,2025-08-27,tea_leaves,g,1855.9714285714285,500.0,238.96,0.0,2117.0114285714285,0.0,500.0,0.0,0.0,1.270206857142857,1270.206857142857
ml,2025-08-27,ice,g,60682.399999999994,6000.0,8920.800000000001,0.0,57761.59999999999,10000.0,10000.0,0.0,100.0,0.5776159999999999,577.6159999999999
ml,2025-08-27,croissant_dough,pcs,19.657142857142773,40.0,37.800000000000004,0.0,21.85714285714277,20.0,20.0,0.0,900.0,0.9835714285714245,983.5714285714246
ml,2025-08-27,bread,pcs,0.5799999999998278,60.0,33.92,0.0,26.659999999999826,80.0,80.0,0.0,640.0,0.2132799999999986,213.2799999999986
ml,2025-08-27,cup_hot,pcs,2423.0057142857145,0.0,316.21000000000004,0.0,2106.7957142857144,500.0,1900.0,0.0,2000.0,8.427182857142858,8427.182857142858
ml,2025-08-27,cup_cold,pcs,741.3085714285716,0.0,78.28,0.0,663.0285714285716,100.0,400.0,0.0,500.0,3.315142857142858,3315.142857142858
ml,2025-08-28,coffee_beans,g,42835.837142857155,0.0,7100.82,0.0,35735.01714285716,6000.0,25000.0,0.0,7200.0,42.88202057142859,42882.02057142859
ml,2025-08-28,milk,ml,117952.5,78000.0,56322.0,0.0,139630.5,67000.0,67000.0,0.0,4020.0,8.37783,8377.83
ml,2025-08-28,sugar,g,21190.97142857143,5000.0,2939.62,0.0,23251.351428571426,3000.0,7000.0,0.0,135.0,1.046310814285714,1046.310814285714
ml,2025-08-28,chocolate_syrup,ml,9508.45714285714,0.0,686.4000000000001,0.0,8822.057142857138,1500.0,3500.0,0.0,450.0,2.6466171428571417,2646.6171428571415
ml,2025-08-28,tea_leaves,g,2117.0114285714285,0.0,247.20000000000002,0.0,1869.8114285714282,500.0,1000.0,0.0,300.0,1.1218868571428569,1121.8868571428568
ml,2025-08-28,ice,g,57761.59999999999,10000.0,7128.000000000001,0.0,60633.59999999999,9000.0,9000.0,0.0,90.0,0.6063359999999999,606.3359999999999
ml,2025-08-28,croissant_dough,pcs,21.85714285714277,20.0,31.32,0.0,10.537142857142769,40.0,40.0,0.0,1800.0,0.47417142857142464,474.1714285714246
ml,2025-08-28,bread,pcs,26.659999999999826,80.0,89.04,0.0,17.61999999999982,70.0,70.0,0.0,560.0,0.14095999999999856,140.95999999999856
ml,2025-08-28,cup_hot,pcs,2106.7957142857144,800.0,418.18,0.0,2488.6157142857146,400.0,1500.0,0.0,1600.0,9.95446285714286,9954.462857142858
ml,2025-08-28,cup_cold,pcs,663.0285714285716,200.0,60.77,0.0,802.2585714285715,100.0,300.0,0.0,500.0,4.011292857142857,4011.2928571428574
ml,2025-08-29,coffee_beans,g,35735.01714285716,11000.0,7953.66,0.0,38781.35714285716,9000.0,23000.0,0.0,10800.0,46.53762857142859,46537.62857142859
ml,2025-08-29,milk,ml,139630.5,67000.0,72849.0,0.0,133781.5,52000.0,52000.0,0.0,3120.0,8.02689,8026.889999999999
ml,2025-08-29,sugar,g,23251.351428571426,4000.0,4050.9900000000007,0.0,23200.36142857143,3000.0,6000.0,0.0,135.0,1.0440162642857143,1044.0162642857142
ml,2025-08-29,chocolate_syrup,ml,8822.057142857138,2000.0,1248.0,0.0,9574.057142857138,0.0,1500.0,0.0,0.0,2.8722171428571417,2872.2171428571414
ml,2025-08-29,tea_leaves,g,1869.8114285714282,500.0,407.88,0.0,1961.9314285714283,0.0,500.0,0.0,0.0,1.177158857142857,1177.158857142857
ml,2025-08-29,ice,g,60633.59999999999,9000.0,9957.600000000002,0.0,59675.99999999999,7000.0,7000.0,0.0,70.0,0.59676,596.76
ml,2025-08-29,croissant_dough,pcs,10.537142857142769,40.0,45.36,0.0,5.177142857142769,50.0,50.0,0.0,2250.0,0.2329714285714246,232.9714285714246
ml,2025-08-29,bread,pcs,17.61999999999982,70.0,86.92,0.0,0.6999999999998181,110.0,110.0,0.0,880.0,0.0055999999999985445,5.599999999998545
ml,2025-08-29,cup_hot,pcs,2488.6157142857146,0.0,498.52,0.0,1990.0957142857142,400.0,1900.0,0.0,1600.0,7.960382857142857,7960.382857142857
ml,2025-08-29,cup_cold,pcs,802.2585714285715,0.0,86.52000000000001,0.0,715.7385714285715,0.0,300.0,0.0,0.0,3.578692857142858,3578.6928571428575
ml,2025-08-30,coffee_beans,g,38781.35714285716,8000.0,8120.52,0.0,38660.83714285716,6000.0,21000.0,0.0,7200.0,46.3930045714286,46393.004571428595
ml,2025-08-30,milk,ml,133781.5,52000.0,76093.5,0.0,109688.0,64000.0,64000.0,0.0,3840.0,6.58128,6581.28
ml,2025-08-30,sugar,g,23200.36142857143,3000.0,4289.950000000001,0.0,21910.411428571428,4000.0,7000.0,0.0,180.0,0.9859685142857143,985.9685142857143
ml,2025-08-30,chocolate_syrup,ml,9574.057142857138,1500.0,1996.8000000000002,0.0,9077.25714285714,2000.0,2000.0,0.0,600.0,2.7231771428571414,2723.1771428571415
ml,2025-08-30,tea_leaves,g,1961.9314285714283,0.0,329.6,0.0,1632.3314285714282,1000.0,1500.0,0.0,600.0,0.9793988571428569,979.3988571428569
ml,2025-08-30,ice,g,59675.99999999999,7000.0,14320.800000000001,0.0,52355.19999999999,9000.0,9000.0,0.0,90.0,0.5235519999999999,523.5519999999999
ml,2025-08-30,croissant_dough,pcs,5.177142857142769,50.0,55.080000000000005,0.0,0.09714285714276372,50.0,50.0,0.0,2250.0,0.004371428571424367,4.371428571424367
ml,2025-08-30,bread,pcs,0.6999999999998181,110.0,95.4,0.0,15.299999999999812,110.0,110.0,0.0,880.0,0.1223999999999985,122.3999999999985
ml,2025-08-30,cup_hot,pcs,1990.0957142857142,600.0,470.71000000000004,0.0,2119.385714285714,400.0,1700.0,0.0,1600.0,8.477542857142856,8477.542857142857
ml,2025-08-30,cup_cold,pcs,715.7385714285715,100.0,128.75,0.0,686.9885714285715,200.0,400.0,0.0,1000.0,3.4349428571428575,3434.9428571428575
ml,2025-08-31,coffee_beans,g,38660.83714285716,6000.0,9548.099999999999,0.0,35112.737142857164,0.0,15000.0,0.0,0.0,42.13528457142859,42135.284571428594
ml,2025-08-31,milk,ml,109688.0,64000.0,90163.5,0.0,83524.5,64000.0,64000.0,0.0,3840.0,5.01147,5011.47
ml,2025-08-31,sugar,g,21910.411428571428,3000.0,5103.65,0.0,19806.761428571426,3000.0,7000.0,0.0,135.0,0.8913042642857141,891.3042642857141
ml,2025-08-31,chocolate_syrup,ml,9077.25714285714,0.0,1060.8000000000002,0.0,8016.457142857139,2000.0,4000.0,0.0,600.0,2.4049371428571416,2404.9371428571417
ml,2025-08-31,tea_leaves,g,1632.3314285714282,500.0,424.36,0.0,1707.9714285714283,0.0,1000.0,0.0,0.0,1.024782857142857,1024.782857142857
ml,2025-08-31,ice,g,52355.19999999999,9000.0,15184.800000000001,0.0,46170.399999999994,7000.0,7000.0,0.0,70.0,0.46170399999999995,461.70399999999995
ml,2025-08-31,croissant_dough,pcs,0.09714285714276372,50.0,42.120000000000005,0.0,7.977142857142759,40.0,40.0,0.0,1800.0,0.35897142857142417,358.97142857142416
ml,2025-08-31,bread,pcs,15.299999999999812,110.0,112.36,0.0,12.939999999999813,60.0,60.0,0.0,480.0,0.1035199999999985,103.5199999999985
ml,2025-08-31,cup_hot,pcs,2119.385714285714,500.0,536.63,0.0,2082.755714285714,400.0,1600.0,0.0,1600.0,8.331022857142857,8331.022857142856
ml,2025-08-31,cup_cold,pcs,686.9885714285715,100.0,134.93,0.0,652.0585714285716,0.0,300.0,0.0,0.0,3.2602928571428578,3260.292857142858
ml,2025-09-01,coffee_beans,g,35112.737142857164,9000.0,7360.379999999999,0.0,36752.35714285717,12000.0,18000.0,0.0,14400.0,44.102828571428596,44102.828571428596
ml,2025-09-01,milk,ml,83524.5,64000.0,61477.5,0.0,86047.0,68000.0,68000.0,0.0,4080.0,5.16282,5162.82
ml,2025-09-01,sugar,g,19806.761428571426,4000.0,3814.09,0.0,19992.671428571426,3000.0,6000.0,0.0,135.0,0.8996702142857141,899.6702142857141
ml,2025-09-01,chocolate_syrup,ml,8016.457142857139,2000.0,592.8000000000001,0.0,9423.657142857139,0.0,2000.0,0.0,0.0,2.8270971428571414,2827.0971428571415
ml,2025-09-01,tea_leaves,g,1707.9714285714283,0.0,510.88,0.0,1197.0914285714284,0.0,1000.0,0.0,0.0,0.7182548571428571,718.2548571428571
ml,2025-09-01,ice,g,46170.399999999994,7000.0,9266.400000000001,0.0,43903.999999999985,13000.0,13000.0,0.0,130.0,0.4390399999999999,439.03999999999985
ml,2025-09-01,croissant_dough,pcs,7.977142857142759,40.0,23.76,0.0,24.217142857142758,30.0,30.0,0.0,1350.0,1.0897714285714242,1089.7714285714242
ml,2025-09-01,bread,pcs,12.939999999999813,60.0,72.08,0.0,0.8599999999998147,80.0,80.0,0.0,640.0,0.0068799999999985175,6.8799999999985175
ml,2025-09-01,cup_hot,pcs,2082.755714285714,400.0,473.79999999999995,0.0,2008.9557142857143,400.0,1600.0,0.0,1600.0,8.035822857142858,8035.822857142857
ml,2025-09-01,cup_cold,pcs,652.0585714285716,100.0,82.4,0.0,669.6585714285716,0.0,200.0,0.0,0.0,3.348292857142858,3348.292857142858
ml,2025-09-02,coffee_beans,g,36752.35714285717,6000.0,6488.999999999999,0.0,36263.35714285717,7000.0,19000.0,0.0,8400.0,43.5160285714286,43516.0285714286
ml,2025-09-02,milk,ml,86047.0,68000.0,67641.0,0.0,86406.0,63000.0,63000.0,0.0,3780.0,5.18436,5184.36
ml,2025-09-02,sugar,g,19992.671428571426,3000.0,3704.9100000000003,0.0,19287.761428571426,4000.0,7000.0,0.0,180.0,0.8679492642857141,867.9492642857141
ml,2025-09-02,chocolate_syrup,ml,9423.657142857139,2000.0,1840.8000000000002,0.0,9582.857142857138,1500.0,1500.0,0.0,450.0,2.8748571428571412,2874.8571428571413
ml,2025-09-02,tea_leaves,g,1197.0914285714284,1000.0,403.76,0.0,1793.3314285714282,1000.0,1000.0,0.0,600.0,1.075998857142857,1075.9988571428569
ml,2025-09-02,ice,g,43903.999999999985,13000.0,6976.800000000001,0.0,49927.19999999999,9000.0,9000.0,0.0,90.0,0.49927199999999994,499.27199999999993
ml,2025-09-02,croissant_dough,pcs,24.217142857142758,30.0,33.480000000000004,0.0,20.737142857142754,20.0,20.0,0.0,900.0,0.933171428571424,933.1714285714239
ml,2025-09-02,bread,pcs,0.8599999999998147,80.0,80.56,0.0,0.2999999999998124,80.0,80.0,0.0,640.0,0.0023999999999984993,2.3999999999984993
ml,2025-09-02,cup_hot,pcs,2008.9557142857143,400.0,461.44,0.0,1947.5157142857142,500.0,1700.0,0.0,2000.0,7.790062857142857,7790.062857142857
ml,2025-09-02,cup_cold,pcs,669.6585714285716,0.0,60.769999999999996,0.0,608.8885714285716,200.0,400.0,0.0,1000.0,3.044442857142858,3044.442857142858
ml,2025-09-03,coffee_beans,g,36263.35714285717,0.0,7323.299999999999,0.0,28940.057142857164,7000.0,26000.0,0.0,8400.0,34.728068571428594,34728.068571428594
ml,2025-09-03,milk,ml,86406.0,63000.0,71746.5,0.0,77659.5,75000.0,75000.0,0.0,4500.0,4.6595699999999995,4659.57
ml,2025-09-03,sugar,g,19287.761428571426,3000.0,3970.65,0.0,18317.11142857143,4000.0,8000.0,0.0,180.0,0.8242700142857143,824.2700142857143
ml,2025-09-03,chocolate_syrup,ml,9582.857142857138,0.0,1466.4,0.0,8116.457142857138,1500.0,3000.0,0.0,450.0,2.4349371428571414,2434.937142857141
ml,2025-09-03,tea_leaves,g,1793.3314285714282,0.0,383.16,0.0,1410.1714285714284,0.0,1000.0,0.0,0.0,0.846102857142857,846.102857142857
ml,2025-09-03,ice,g,49927.19999999999,9000.0,10000.800000000001,0.0,48926.39999999999,6000.0,6000.0,0.0,60.0,0.4892639999999999,489.2639999999999
ml,2025-09-03,croissant_dough,pcs,20.737142857142754,20.0,39.96,0.0,0.7771428571427528,30.0,30.0,0.0,1350.0,0.03497142857142387,34.97142857142387
ml,2025-09-03,bread,pcs,0.2999999999998124,80.0,78.44,0.0,1.8599999999998147,80.0,80.0,0.0,640.0,0.014879999999998518,14.879999999998518
ml,2025-09-03,cup_hot,pcs,1947.5157142857142,400.0,463.50000000000006,0.0,1884.0157142857142,500.0,1800.0,0.0,2000.0,7.536062857142857,7536.062857142857
ml,2025-09-03,cup_cold,pcs,608.8885714285716,200.0,87.55000000000001,0.0,721.3385714285715,0.0,200.0,0.0,0.0,3.606692857142858,3606.6928571428575
ml,2025-09-04,coffee_beans,g,28940.057142857164,12000.0,7823.88,0.0,33116.17714285717,9000.0,23000.0,0.0,10800.0,39.7394125714286,39739.4125714286
ml,2025-09-04,milk,ml,77659.5,75000.0,69793.5,0.0,82866.0,81000.0,81000.0,0.0,4860.0,4.97196,4971.96
ml,2025-09-04,sugar,g,18317.11142857143,4000.0,3937.6900000000005,0.0,18379.421428571426,4000.0,8000.0,0.0,180.0,0.8270739642857142,827.0739642857142
ml,2025-09-04,chocolate_syrup,ml,8116.457142857138,1500.0,998.4000000000001,0.0,8618.057142857138,1500.0,3000.0,0.0,450.0,2.5854171428571413,2585.4171428571412
ml,2025-09-04,tea_leaves,g,1410.1714285714284,0.0,416.12,0.0,994.0514285714282,500.0,1500.0,0.0,300.0,0.5964308571428569,596.4308571428569
ml,2025-09-04,ice,g,48926.39999999999,6000.0,10173.600000000002,0.0,44752.79999999999,9000.0,9000.0,0.0,90.0,0.4475279999999999,447.5279999999999
ml,2025-09-04,croissant_dough,pcs,0.7771428571427528,30.0,30.240000000000002,0.0,0.5371428571427508,40.0,40.0,0.0,1800.0,0.024171428571423785,24.171428571423785
ml,2025-09-04,bread,pcs,1.8599999999998147,80.0,80.56,0.0,1.2999999999998124,90.0,90.0,0.0,720.0,0.010399999999998499,10.3999999999985
ml,2025-09-04,cup_hot,pcs,1884.0157142857142,400.0,484.1,0.0,1799.915714285714,600.0,2000.0,0.0,2400.0,7.199662857142856,7199.662857142856
ml,2025-09-04,cup_cold,pcs,721.3385714285715,0.0,87.55000000000001,0.0,633.7885714285716,100.0,300.0,0.0,500.0,3.168942857142858,3168.942857142858
ml,2025-09-05,coffee_beans,g,33116.17714285717,7000.0,6711.479999999999,0.0,33404.69714285717,9000.0,25000.0,0.0,10800.0,40.0856365714286,40085.6365714286
ml,2025-09-05,milk,ml,82866.0,81000.0,65173.5,0.0,98692.5,67000.0,67000.0,0.0,4020.0,5.92155,5921.55
ml,2025-09-05,sugar,g,18379.421428571426,4000.0,3730.6600000000003,0.0,18648.761428571426,4000.0,8000.0,0.0,180.0,0.8391942642857141,839.1942642857141
ml,2025-09-05,chocolate_syrup,ml,8618.057142857138,1500.0,1279.2,0.0,8838.857142857138,0.0,1500.0,0.0,0.0,2.651657142857141,2651.657142857141
ml,2025-09-05,tea_leaves,g,994.0514285714282,1000.0,395.52,0.0,1598.5314285714283,500.0,1000.0,0.0,300.0,0.9591188571428569,959.1188571428569
ml,2025-09-05,ice,g,44752.79999999999,9000.0,9720.0,0.0,44032.79999999999,11000.0,11000.0,0.0,110.0,0.44032799999999994,440.3279999999999
ml,2025-09-05,croissant_dough,pcs,0.5371428571427508,40.0,32.400000000000006,0.0,8.137142857142745,40.0,40.0,0.0,1800.0,0.36617142857142354,366.1714285714235
ml,2025-09-05,bread,pcs,1.2999999999998124,90.0,89.04,0.0,2.259999999999806,100.0,100.0,0.0,800.0,0.018079999999998448,18.07999999999845
ml,2025-09-05,cup_hot,pcs,1799.915714285714,400.0,427.45,0.0,1772.465714285714,400.0,2000.0,0.0,1600.0,7.089862857142856,7089.862857142856
ml,2025-09-05,cup_cold,pcs,633.7885714285716,0.0,86.52000000000001,0.0,547.2685714285715,0.0,300.0,0.0,0.0,2.7363428571428576,2736.3428571428576
ml,2025-09-06,coffee_beans,g,33404.69714285717,7000.0,6859.799999999999,0.0,33544.89714285717,6000.0,24000.0,0.0,7200.0,40.2538765714286,40253.8765714286
ml,2025-09-06,milk,ml,98692.5,67000.0,70213.5,0.0,95479.0,58000.0,58000.0,0.0,3480.0,5.72874,5728.74
ml,2025-09-06,sugar,g,18648.761428571426,4000.0,3942.8400000000006,0.0,18705.921428571426,5000.0,9000.0,0.0,225.0,0.8417664642857142,841.7664642857142
ml,2025-09-06,chocolate_syrup,ml,8838.857142857138,1500.0,1310.4,0.0,9028.457142857138,2500.0,2500.0,0.0,750.0,2.708537142857141,2708.537142857141
ml,2025-09-06,tea_leaves,g,1598.5314285714283,0.0,374.92,0.0,1223.6114285714282,0.0,1000.0,0.0,0.0,0.7341668571428569,734.1668571428569
ml,2025-09-06,ice,g,44032.79999999999,11000.0,10065.6,0.0,44967.19999999998,10000.0,10000.0,0.0,100.0,0.44967199999999985,449.67199999999985
ml,2025-09-06,croissant_dough,pcs,8.137142857142745,40.0,47.52,0.0,0.6171428571427384,50.0,50.0,0.0,2250.0,0.02777142857142323,27.77142857142323
ml,2025-09-06,bread,pcs,2.259999999999806,100.0,101.76,0.0,0.49999999999980105,100.0,100.0,0.0,800.0,0.0039999999999984085,3.9999999999984084
ml,2025-09-06,cup_hot,pcs,1772.465714285714,500.0,429.51000000000005,0.0,1842.955714285714,400.0,1900.0,0.0,1600.0,7.371822857142856,7371.822857142856
ml,2025-09-06,cup_cold,pcs,547.2685714285715,200.0,88.58,0.0,658.6885714285715,200.0,300.0,0.0,1000.0,3.2934428571428582,3293.442857142858
ml,2025-09-07,coffee_beans,g,33544.89714285717,9000.0,6748.5599999999995,0.0,35796.33714285717,6000.0,21000.0,0.0,7200.0,42.9556045714286,42955.6045714286
ml,2025-09-07,milk,ml,95479.0,58000.0,64312.5,0.0,89166.5,67000.0,67000.0,0.0,4020.0,5.34999,5349.99
ml,2025-09-07,sugar,g,18705.921428571426,4000.0,3739.9300000000003,0.0,18965.991428571426,3000.0,8000.0,0.0,135.0,0.8534696142857141,853.4696142857141
ml,2025-09-07,chocolate_syrup,ml,9028.457142857138,0.0,998.4000000000001,0.0,8030.057142857138,0.0,2500.0,0.0,0.0,2.4090171428571416,2409.0171428571416
ml,2025-09-07,tea_leaves,g,1223.6114285714282,500.0,259.56,0.0,1464.0514285714282,1000.0,1500.0,0.0,600.0,0.878430857142857,878.4308571428569
ml,2025-09-07,ice,g,44967.19999999998,10000.0,16135.2,0.0,38831.999999999985,10000.0,10000.0,0.0,100.0,0.3883199999999999,388.3199999999999
ml,2025-09-07,croissant_dough,pcs,0.6171428571427384,50.0,38.88,0.0,11.737142857142736,40.0,40.0,0.0,1800.0,0.5281714285714232,528.1714285714231
ml,2025-09-07,bread,pcs,0.49999999999980105,100.0,72.08,0.0,28.419999999999803,80.0,80.0,0.0,640.0,0.22735999999999842,227.35999999999842
ml,2025-09-07,cup_hot,pcs,1842.955714285714,500.0,331.66,0.0,2011.295714285714,400.0,1800.0,0.0,1600.0,8.045182857142857,8045.182857142856
ml,2025-09-07,cup_cold,pcs,658.6885714285715,0.0,141.11,0.0,517.5785714285715,0.0,300.0,0.0,0.0,2.5878928571428577,2587.892857142858
ml,2025-09-08,coffee_beans,g,35796.33714285717,9000.0,5191.2,0.0,39605.13714285717,5000.0,17000.0,0.0,6000.0,47.52616457142861,47526.164571428606
ml,2025-09-08,milk,ml,89166.5,67000.0,42147.0,0.0,114019.5,51000.0,51000.0,0.0,3060.0,6.84117,6841.17
ml,2025-09-08,sugar,g,18965.991428571426,5000.0,2374.15,0.0,21591.841428571424,3000.0,6000.0,0.0,135.0,0.971632864285714,971.632864285714
ml,2025-09-08,chocolate_syrup,ml,8030.057142857138,2500.0,592.8000000000001,0.0,9937.25714285714,1000.0,1000.0,0.0,300.0,2.9811771428571414,2981.1771428571415
ml,2025-09-08,tea_leaves,g,1464.0514285714282,500.0,201.88,0.0,1762.1714285714284,0.0,1000.0,0.0,0.0,1.0573028571428569,1057.302857142857
ml,2025-09-08,ice,g,38831.999999999985,10000.0,5983.200000000001,0.0,42848.79999999998,16000.0,16000.0,0.0,160.0,0.4284879999999998,428.48799999999983
ml,2025-09-08,croissant_dough,pcs,11.737142857142736,40.0,32.400000000000006,0.0,19.33714285714273,40.0,40.0,0.0,1800.0,0.8701714285714229,870.1714285714229
ml,2025-09-08,bread,pcs,28.419999999999803,80.0,65.72,0.0,42.699999999999804,70.0,70.0,0.0,560.0,0.34159999999999846,341.59999999999843
ml,2025-09-08,cup_hot,pcs,2011.295714285714,600.0,304.88,0.0,2306.415714285714,0.0,1200.0,0.0,0.0,9.225662857142856,9225.662857142856
ml,2025-09-08,cup_cold,pcs,517.5785714285715,100.0,53.56,0.0,564.0185714285715,200.0,400.0,0.0,1000.0,2.820092857142858,2820.0928571428576
ml,2025-09-09,coffee_beans,g,39605.13714285717,6000.0,6971.039999999999,0.0,38634.097142857165,6000.0,17000.0,0.0,7200.0,46.360916571428604,46360.9165714286
ml,2025-09-09,milk,ml,114019.5,51000.0,62296.5,0.0,102723.0,47000.0,47000.0,0.0,2820.0,6.16338,6163.38
ml,2025-09-09,sugar,g,21591.841428571424,3000.0,3459.7700000000004,0.0,21132.071428571428,0.0,3000.0,0.0,0.0,0.9509432142857143,950.9432142857142
ml,2025-09-09,chocolate_syrup,ml,9937.25714285714,0.0,998.4000000000001,0.0,8938.857142857138,0.0,1000.0,0.0,0.0,2.681657142857141,2681.657142857141
ml,2025-09-09,tea_leaves,g,1762.1714285714284,0.0,271.92,0.0,1490.2514285714283,0.0,1000.0,0.0,0.0,0.8941508571428569,894.1508571428569
ml,2025-09-09,ice,g,42848.79999999998,16000.0,11944.800000000001,0.0,46903.999999999985,7000.0,7000.0,0.0,70.0,0.46903999999999985,469.03999999999985
ml,2025-09-09,croissant_dough,pcs,19.33714285714273,40.0,42.120000000000005,0.0,17.217142857142726,30.0,30.0,0.0,1350.0,0.7747714285714227,774.7714285714227
ml,2025-09-09,bread,pcs,42.699999999999804,70.0,97.52000000000001,0.0,15.179999999999794,70.0,70.0,0.0,560.0,0.12143999999999835,121.43999999999835
ml,2025-09-09,cup_hot,pcs,2306.415714285714,400.0,385.22,0.0,2321.195714285714,500.0,1300.0,0.0,2000.0,9.284782857142856,9284.782857142856
ml,2025-09-09,cup_cold,pcs,564.0185714285715,0.0,103.0,0.0,461.0185714285715,0.0,400.0,0.0,0.0,2.3050928571428577,2305.0928571428576
ml,2025-09-10,coffee_beans,g,38634.097142857165,6000.0,5320.98,0.0,39313.11714285717,7000.0,18000.0,0.0,8400.0,47.1757405714286,47175.7405714286
ml,2025-09-10,milk,ml,102723.0,47000.0,55639.5,0.0,94083.5,74000.0,74000.0,0.0,4440.0,5.64501,5645.01
ml,2025-09-10,sugar,g,21132.071428571428,3000.0,3015.84,0.0,21116.231428571424,6000.0,6000.0,0.0,270.0,0.950230414285714,950.230414285714
ml,2025-09-10,chocolate_syrup,ml,8938.857142857138,1000.0,1248.0,0.0,8690.857142857138,2000.0,2000.0,0.0,600.0,2.6072571428571414,2607.2571428571414
ml,2025-09-10,tea_leaves,g,1490.2514285714283,1000.0,226.6,0.0,2263.6514285714284,500.0,500.0,0.0,300.0,1.358190857142857,1358.1908571428569
ml,2025-09-10,ice,g,46903.999999999985,7000.0,9460.800000000001,0.0,44443.19999999998,12000.0,12000.0,0.0,120.0,0.4444319999999999,444.43199999999985
ml,2025-09-10,croissant_dough,pcs,17.217142857142726,30.0,18.36,0.0,28.857142857142726,40.0,40.0,0.0,1800.0,1.2985714285714227,1298.5714285714228
ml,2025-09-10,bread,pcs,15.179999999999794,70.0,82.68,0.0,2.499999999999787,90.0,90.0,0.0,720.0,0.019999999999998293,19.999999999998295
ml,2025-09-10,cup_hot,pcs,2321.195714285714,400.0,312.09,0.0,2409.105714285714,500.0,1400.0,0.0,2000.0,9.636422857142856,9636.422857142856
ml,2025-09-10,cup_cold,pcs,461.0185714285715,200.0,81.37,0.0,579.6485714285715,200.0,400.0,0.0,1000.0,2.8982428571428573,2898.2428571428572
ml,2025-09-11,coffee_beans,g,39313.11714285717,5000.0,5803.0199999999995,0.0,38510.097142857165,7000.0,20000.0,0.0,8400.0,46.212116571428595,46212.116571428596
ml,2025-09-11,milk,ml,94083.5,74000.0,47533.5,0.0,120550.0,66000.0,66000.0,0.0,3960.0,7.2330000000000005,7233.0
ml,2025-09-11,sugar,g,21116.231428571424,0.0,2766.58,0.0,18349.651428571426,3000.0,9000.0,0.0,135.0,0.8257343142857142,825.7343142857142
ml,2025-09-11,chocolate_syrup,ml,8690.857142857138,0.0,780.0000000000001,0.0,7910.857142857138,0.0,2000.0,0.0,0.0,2.3732571428571414,2373.2571428571414
ml,2025-09-11,tea_leaves,g,2263.6514285714284,0.0,280.16,0.0,1983.4914285714283,0.0,500.0,0.0,0.0,1.190094857142857,1190.0948571428569
ml,2025-09-11,ice,g,44443.19999999998,12000.0,8510.400000000001,0.0,47932.79999999998,11000.0,11000.0,0.0,110.0,0.4793279999999998,479.3279999999998
ml,2025-09-11,croissant_dough,pcs,28.857142857142726,40.0,36.72,0.0,32.13714285714273,30.0,30.0,0.0,1350.0,1.4461714285714227,1446.1714285714227
ml,2025-09-11,bread,pcs,2.499999999999787,90.0,84.80000000000001,0.0,7.6999999999997755,100.0,100.0,0.0,800.0,0.061599999999998205,61.599999999998204
ml,2025-09-11,cup_hot,pcs,2409.105714285714,400.0,342.99,0.0,2466.115714285714,400.0,1400.0,0.0,1600.0,9.864462857142858,9864.462857142857
ml,2025-09-11,cup_cold,pcs,579.6485714285715,0.0,75.19,0.0,504.45857142857153,0.0,400.0,0.0,0.0,2.5222928571428573,2522.2928571428574
ml,2025-09-12,coffee_beans,g,38510.097142857165,6000.0,6322.139999999999,0.0,38187.957142857165,7000.0,21000.0,0.0,8400.0,45.8255485714286,45825.5485714286
ml,2025-09-12,milk,ml,120550.0,66000.0,53056.5,0.0,133493.5,42000.0,42000.0,0.0,2520.0,8.00961,8009.61
ml,2025-09-12,sugar,g,18349.651428571426,6000.0,3056.01,0.0,21293.641428571427,3000.0,6000.0,0.0,135.0,0.9582138642857142,958.2138642857142
ml,2025-09-12,chocolate_syrup,ml,7910.857142857138,2000.0,592.8000000000001,0.0,9318.057142857138,2000.0,2000.0,0.0,600.0,2.7954171428571413,2795.4171428571412
ml,2025-09-12,tea_leaves,g,1983.4914285714283,0.0,247.20000000000002,0.0,1736.2914285714282,500.0,1000.0,0.0,300.0,1.041774857142857,1041.774857142857
ml,2025-09-12,ice,g,47932.79999999998,11000.0,8748.0,0.0,50184.79999999998,9000.0,9000.0,0.0,90.0,0.5018479999999998,501.84799999999984
ml,2025-09-12,croissant_dough,pcs,32.13714285714273,30.0,49.68000000000001,0.0,12.45714285714272,50.0,50.0,0.0,2250.0,0.5605714285714224,560.5714285714224
ml,2025-09-12,bread,pcs,7.6999999999997755,100.0,89.04,0.0,18.65999999999977,110.0,110.0,0.0,880.0,0.14927999999999816,149.27999999999815
ml,2025-09-12,cup_hot,pcs,2466.115714285714,0.0,355.35,0.0,2110.7657142857142,0.0,1400.0,0.0,0.0,8.443062857142857,8443.062857142857
ml,2025-09-12,cup_cold,pcs,504.45857142857153,200.0,77.25,0.0,627.2085714285715,200.0,400.0,0.0,1000.0,3.1360428571428574,3136.0428571428574
ml,2025-09-13,coffee_beans,g,38187.957142857165,7000.0,5728.86,0.0,39459.09714285717,5000.0,19000.0,0.0,6000.0,47.350916571428606,47350.91657142861
ml,2025-09-13,milk,ml,133493.5,42000.0,56658.0,0.0,118835.5,47000.0,47000.0,0.0,2820.0,7.13013,7130.13
ml,2025-09-13,sugar,g,21293.641428571427,3000.0,3123.9900000000002,0.0,21169.651428571426,4000.0,7000.0,0.0,180.0,0.9526343142857142,952.6343142857141
ml,2025-09-13,chocolate_syrup,ml,9318.057142857138,0.0,1372.8000000000002,0.0,7945.257142857137,0.0,2000.0,0.0,0.0,2.383577142857141,2383.577142857141
ml,2025-09-13,tea_leaves,g,1736.2914285714282,500.0,259.56,0.0,1976.7314285714283,0.0,500.0,0.0,0.0,1.1860388571428568,1186.0388571428568
ml,2025-09-13,ice,g,50184.79999999998,9000.0,9525.6,0.0,49659.19999999998,10000.0,10000.0,0.0,100.0,0.4965919999999998,496.5919999999998
ml,2025-09-13,croissant_dough,pcs,12.45714285714272,50.0,34.56,0.0,27.89714285714272,50.0,50.0,0.0,2250.0,1.2553714285714224,1255.3714285714223
ml,2025-09-13,bread,pcs,18.65999999999977,110.0,84.80000000000001,0.0,43.85999999999976,100.0,100.0,0.0,800.0,0.3508799999999981,350.87999999999806
ml,2025-09-13,cup_hot,pcs,2110.7657142857142,500.0,345.05,0.0,2265.715714285714,600.0,1500.0,0.0,2400.0,9.062862857142857,9062.862857142856
ml,2025-09-13,cup_cold,pcs,627.2085714285715,0.0,83.43,0.0,543.7785714285715,0.0,400.0,0.0,0.0,2.7188928571428574,2718.8928571428573
ml,2025-09-14,coffee_beans,g,39459.09714285717,7000.0,7564.319999999999,0.0,38894.77714285717,5000.0,17000.0,0.0,6000.0,46.67373257142861,46673.732571428605
ml,2025-09-14,milk,ml,118835.5,47000.0,68806.5,0.0,97029.0,43000.0,43000.0,0.0,2580.0,5.82174,5821.74
ml,2025-09-14,sugar,g,21169.651428571426,3000.0,3932.54,0.0,20237.111428571425,0.0,4000.0,0.0,0.0,0.910670014285714,910.670014285714
ml,2025-09-14,chocolate_syrup,ml,7945.257142857137,2000.0,1185.6000000000001,0.0,8759.657142857137,1000.0,1000.0,0.0,300.0,2.6278971428571407,2627.897142857141
ml,2025-09-14,tea_leaves,g,1976.7314285714283,0.0,263.68,0.0,1713.0514285714282,0.0,500.0,0.0,0.0,1.027830857142857,1027.830857142857
ml,2025-09-14,ice,g,49659.19999999998,10000.0,14126.400000000001,0.0,45532.799999999974,10000.0,10000.0,0.0,100.0,0.45532799999999973,455.32799999999975
ml,2025-09-14,croissant_dough,pcs,27.89714285714272,50.0,46.440000000000005,0.0,31.457142857142713,10.0,10.0,0.0,450.0,1.415571428571422,1415.571428571422
ml,2025-09-14,bread,pcs,43.85999999999976,100.0,118.72,0.0,25.13999999999976,60.0,60.0,0.0,480.0,0.20111999999999808,201.11999999999807
ml,2025-09-14,cup_hot,pcs,2265.715714285714,500.0,398.61000000000007,0.0,2367.1057142857144,0.0,1000.0,0.0,0.0,9.468422857142858,9468.422857142858
ml,2025-09-14,cup_cold,pcs,543.7785714285715,200.0,126.69,0.0,617.0885714285715,200.0,400.0,0.0,1000.0,3.0854428571428576,3085.4428571428575
ml,2025-09-15,coffee_beans,g,38894.77714285717,7000.0,4987.26,0.0,40907.51714285717,7000.0,17000.0,0.0,8400.0,49.089020571428605,49089.020571428606
ml,2025-09-15,milk,ml,97029.0,43000.0,46840.5,0.0,93188.5,60000.0,60000.0,0.0,3600.0,5.59131,5591.3099999999995
ml,2025-09-15,sugar,g,20237.111428571425,4000.0,2605.9000000000005,0.0,21631.211428571427,5000.0,5000.0,0.0,225.0,0.9734045142857142,973.4045142857142
ml,2025-09-15,chocolate_syrup,ml,8759.657142857137,0.0,873.6000000000001,0.0,7886.0571428571375,1000.0,2000.0,0.0,300.0,2.3658171428571415,2365.8171428571413
ml,2025-09-15,tea_leaves,g,1713.0514285714282,500.0,243.08,0.0,1969.971428571428,500.0,500.0,0.0,300.0,1.1819828571428568,1181.9828571428568
ml,2025-09-15,ice,g,45532.799999999974,10000.0,7344.000000000001,0.0,48188.799999999974,15000.0,15000.0,0.0,150.0,0.48188799999999976,481.88799999999975
ml,2025-09-15,croissant_dough,pcs,31.457142857142713,10.0,35.64,0.0,5.817142857142713,40.0,40.0,0.0,1800.0,0.26177142857142205,261.77142857142206
ml,2025-09-15,bread,pcs,25.13999999999976,60.0,59.36,0.0,25.77999999999976,90.0,90.0,0.0,720.0,0.2062399999999981,206.23999999999808
ml,2025-09-15,cup_hot,pcs,2367.1057142857144,400.0,302.82,0.0,2464.285714285714,600.0,1200.0,0.0,2400.0,9.857142857142858,9857.142857142857
ml,2025-09-15,cup_cold,pcs,617.0885714285715,0.0,63.86,0.0,553.2285714285715,0.0,400.0,0.0,0.0,2.766142857142858,2766.142857142858
ml,2025-09-16,coffee_beans,g,40907.51714285717,5000.0,4356.9,0.0,41550.61714285717,5000.0,17000.0,0.0,6000.0,49.8607405714286,49860.7405714286
ml,2025-09-16,milk,ml,93188.5,60000.0,43701.0,0.0,109487.5,54000.0,54000.0,0.0,3240.0,6.56925,6569.25
ml,2025-09-16,sugar,g,21631.211428571427,0.0,2269.09,0.0,19362.121428571423,3000.0,8000.0,0.0,135.0,0.871295464285714,871.295464285714
ml,2025-09-16,chocolate_syrup,ml,7886.0571428571375,1000.0,1279.2,0.0,7606.857142857138,1000.0,2000.0,0.0,300.0,2.2820571428571412,2282.057142857141
ml,2025-09-16,tea_leaves,g,1969.971428571428,0.0,214.24,0.0,1755.7314285714283,0.0,500.0,0.0,0.0,1.053438857142857,1053.438857142857
ml,2025-09-16,ice,g,48188.799999999974,15000.0,4860.0,0.0,58328.799999999974,8000.0,8000.0,0.0,80.0,0.5832879999999998,583.2879999999998
ml,2025-09-16,croissant_dough,pcs,5.817142857142713,40.0,32.400000000000006,0.0,13.417142857142707,30.0,30.0,0.0,1350.0,0.6037714285714217,603.7714285714218
ml,2025-09-16,bread,pcs,25.77999999999976,90.0,69.96000000000001,0.0,45.81999999999975,60.0,60.0,0.0,480.0,0.366559999999998,366.559999999998
ml,2025-09-16,cup_hot,pcs,2464.285714285714,0.0,296.64000000000004,0.0,2167.6457142857143,300.0,1500.0,0.0,1200.0,8.670582857142858,8670.582857142857
ml,2025-09-16,cup_cold,pcs,553.2285714285715,200.0,41.2,0.0,712.0285714285715,200.0,400.0,0.0,1000.0,3.5601428571428575,3560.1428571428573
ml,2025-09-17,coffee_beans,g,41550.61714285717,5000.0,5710.32,0.0,40840.29714285717,6000.0,18000.0,0.0,7200.0,49.0083565714286,49008.3565714286
ml,2025-09-17,milk,ml,109487.5,54000.0,55723.5,0.0,107764.0,60000.0,60000.0,0.0,3600.0,6.46584,6465.84
ml,2025-09-17,sugar,g,19362.121428571423,5000.0,3212.57,0.0,21149.551428571423,3000.0,6000.0,0.0,135.0,0.951729814285714,951.729814285714
ml,2025-09-17,chocolate_syrup,ml,7606.857142857138,1000.0,1185.6000000000001,0.0,7421.257142857137,1500.0,2500.0,0.0,450.0,2.2263771428571415,2226.3771428571413
ml,2025-09-17,tea_leaves,g,1755.7314285714283,0.0,329.6,0.0,1426.1314285714282,500.0,1000.0,0.0,300.0,0.8556788571428569,855.6788571428568
ml,2025-09-17,ice,g,58328.799999999974,8000.0,10303.2,0.0,56025.59999999998,6000.0,6000.0,0.0,60.0,0.5602559999999998,560.2559999999997
ml,2025-09-17,croissant_dough,pcs,13.417142857142707,30.0,43.2,0.0,0.21714285714270432,40.0,40.0,0.0,1800.0,0.009771428571421695,9.771428571421694
ml,2025-09-17,bread,pcs,45.81999999999975,60.0,84.80000000000001,0.0,21.01999999999974,70.0,70.0,0.0,560.0,0.16815999999999792,168.15999999999792
ml,2025-09-17,cup_hot,pcs,2167.6457142857143,600.0,349.1700000000001,0.0,2418.4757142857143,400.0,1300.0,0.0,1600.0,9.673902857142858,9673.902857142857
ml,2025-09-17,cup_cold,pcs,712.0285714285715,0.0,89.61,0.0,622.4185714285716,0.0,400.0,0.0,0.0,3.1120928571428577,3112.0928571428576
ml,2025-09-18,coffee_beans,g,40840.29714285717,7000.0,6340.68,0.0,41499.61714285717,7000.0,18000.0,0.0,8400.0,49.7995405714286,49799.5405714286
ml,2025-09-18,milk,ml,107764.0,60000.0,58863.0,0.0,108901.0,65000.0,65000.0,0.0,3900.0,6.534059999999999,6534.0599999999995
ml,2025-09-18,sugar,g,21149.551428571423,3000.0,3142.53,0.0,21007.021428571425,3000.0,6000.0,0.0,135.0,0.9453159642857141,945.315964285714
ml,2025-09-18,chocolate_syrup,ml,7421.257142857137,1000.0,1310.4,0.0,7110.857142857138,1000.0,2500.0,0.0,300.0,2.1332571428571416,2133.2571428571414
ml,2025-09-18,tea_leaves,g,1426.1314285714282,500.0,234.84,0.0,1691.2914285714282,500.0,1000.0,0.0,300.0,1.014774857142857,1014.774857142857
ml,2025-09-18,ice,g,56025.59999999998,6000.0,8186.400000000001,0.0,53839.199999999975,10000.0,10000.0,0.0,100.0,0.5383919999999998,538.3919999999997
ml,2025-09-18,croissant_dough,pcs,0.21714285714270432,40.0,33.480000000000004,0.0,6.7371428571427,40.0,40.0,0.0,1800.0,0.30317142857142154,303.17142857142153
ml,2025-09-18,bread,pcs,21.01999999999974,70.0,78.44,0.0,12.579999999999742,90.0,90.0,0.0,720.0,0.10063999999999794,100.63999999999794
ml,2025-09-18,cup_hot,pcs,2418.4757142857143,0.0,381.09999999999997,0.0,2037.3757142857141,500.0,1800.0,0.0,2000.0,8.149502857142856,8149.502857142857
ml,2025-09-18,cup_cold,pcs,622.4185714285716,200.0,73.13,0.0,749.2885714285716,200.0,400.0,0.0,1000.0,3.746442857142858,3746.442857142858
ml,2025-09-19,coffee_beans,g,41499.61714285717,5000.0,7193.52,0.0,39306.09714285717,8000.0,21000.0,0.0,9600.0,47.16731657142861,47167.31657142861
ml,2025-09-19,milk,ml,108901.0,65000.0,72775.5,0.0,101125.5,55000.0,55000.0,0.0,3300.0,6.06753,6067.53
ml,2025-09-19,sugar,g,21007.021428571425,3000.0,3881.0400000000004,0.0,20125.981428571424,4000.0,7000.0,0.0,180.0,0.9056691642857141,905.669164285714
ml,2025-09-19,chocolate_syrup,ml,7110.857142857138,1500.0,1903.2000000000003,0.0,6707.657142857137,2000.0,3000.0,0.0,600.0,2.012297142857141,2012.297142857141
ml,2025-09-19,tea_leaves,g,1691.2914285714282,0.0,358.44,0.0,1332.8514285714282,0.0,1000.0,0.0,0.0,0.7997108571428568,799.7108571428569
ml,2025-09-19,ice,g,53839.199999999975,10000.0,9460.800000000001,0.0,54378.39999999998,9000.0,9000.0,0.0,90.0,0.5437839999999998,543.7839999999998
ml,2025-09-19,croissant_dough,pcs,6.7371428571427,40.0,44.28,0.0,2.457142857142699,40.0,40.0,0.0,1800.0,0.11057142857142147,110.57142857142146
ml,2025-09-19,bread,pcs,12.579999999999742,90.0,69.96000000000001,0.0,32.619999999999735,100.0,100.0,0.0,800.0,0.26095999999999786,260.9599999999979
ml,2025-09-19,cup_hot,pcs,2037.3757142857141,600.0,470.71000000000004,0.0,2166.665714285714,400.0,1600.0,0.0,1600.0,8.666662857142855,8666.662857142856
ml,2025-09-19,cup_cold,pcs,749.2885714285716,0.0,81.37,0.0,667.9185714285716,0.0,400.0,0.0,0.0,3.3395928571428577,3339.5928571428576
ml,2025-09-20,coffee_beans,g,39306.09714285717,6000.0,6285.06,0.0,39021.03714285717,7000.0,22000.0,0.0,8400.0,46.8252445714286,46825.2445714286
ml,2025-09-20,milk,ml,101125.5,55000.0,66328.5,0.0,89797.0,70000.0,70000.0,0.0,4200.0,5.38782,5387.82
ml,2025-09-20,sugar,g,20125.981428571424,3000.0,3542.17,0.0,19583.811428571425,5000.0,9000.0,0.0,225.0,0.8812715142857142,881.2715142857141
ml,2025-09-20,chocolate_syrup,ml,6707.657142857137,1000.0,1903.2000000000003,0.0,5804.457142857137,2000.0,4000.0,0.0,600.0,1.7413371428571411,1741.337142857141
ml,2025-09-20,tea_leaves,g,1332.8514285714282,500.0,280.16,0.0,1552.691428571428,500.0,1000.0,0.0,300.0,0.9316148571428569,931.6148571428569
ml,2025-09-20,ice,g,54378.39999999998,9000.0,10476.0,0.0,52902.39999999997,10000.0,10000.0,0.0,100.0,0.5290239999999998,529.0239999999998
ml,2025-09-20,croissant_dough,pcs,2.457142857142699,40.0,42.120000000000005,0.0,0.33714285714269465,40.0,40.0,0.0,1800.0,0.01517142857142126,15.17142857142126
ml,2025-09-20,bread,pcs,32.619999999999735,100.0,116.60000000000001,0.0,16.019999999999726,80.0,80.0,0.0,640.0,0.1281599999999978,128.1599999999978
ml,2025-09-20,cup_hot,pcs,2166.665714285714,300.0,390.37000000000006,0.0,2076.295714285714,500.0,1800.0,0.0,2000.0,8.305182857142857,8305.182857142856
ml,2025-09-20,cup_cold,pcs,667.9185714285716,200.0,91.67,0.0,776.2485714285715,0.0,200.0,0.0,0.0,3.8812428571428574,3881.2428571428572
ml,2025-09-21,coffee_beans,g,39021.03714285717,7000.0,8157.6,0.0,37863.43714285717,0.0,15000.0,0.0,0.0,45.4361245714286,45436.1245714286
ml,2025-09-21,milk,ml,89797.0,70000.0,63556.5,0.0,96240.5,55000.0,55000.0,0.0,3300.0,5.77443,5774.429999999999
ml,2025-09-21,sugar,g,19583.811428571425,4000.0,3552.47,0.0,20031.341428571424,0.0,5000.0,0.0,0.0,0.9014103642857141,901.4103642857141
ml,2025-09-21,chocolate_syrup,ml,5804.457142857137,2000.0,967.2,0.0,6837.257142857137,3000.0,5000.0,0.0,900.0,2.0511771428571413,2051.177142857141
ml,2025-09-21,tea_leaves,g,1552.691428571428,500.0,276.04,0.0,1776.6514285714281,500.0,1000.0,0.0,300.0,1.065990857142857,1065.9908571428568
ml,2025-09-21,ice,g,52902.39999999997,10000.0,9871.2,0.0,53031.199999999975,7000.0,7000.0,0.0,70.0,0.5303119999999998,530.3119999999998
ml,2025-09-21,croissant_dough,pcs,0.33714285714269465,40.0,39.96,0.0,0.3771428571426938,30.0,30.0,0.0,1350.0,0.016971428571421223,16.97142857142122
ml,2025-09-21,bread,pcs,16.019999999999726,80.0,63.6,0.0,32.419999999999725,80.0,80.0,0.0,640.0,0.2593599999999978,259.3599999999978
ml,2025-09-21,cup_hot,pcs,2076.295714285714,400.0,467.62,0.0,2008.675714285714,0.0,1400.0,0.0,0.0,8.034702857142857,8034.702857142856
ml,2025-09-21,cup_cold,pcs,776.2485714285715,0.0,86.52000000000001,0.0,689.7285714285715,200.0,400.0,0.0,1000.0,3.448642857142858,3448.642857142858
ml,2025-09-22,coffee_beans,g,37863.43714285717,8000.0,4987.259999999999,0.0,40876.17714285717,11000.0,18000.0,0.0,13200.0,49.0514125714286,49051.4125714286
ml,2025-09-22,milk,ml,96240.5,55000.0,55062.0,0.0,96178.5,53000.0,53000.0,0.0,3180.0,5.77071,5770.71
ml,2025-09-22,sugar,g,20031.341428571424,5000.0,3281.58,0.0,21749.761428571423,6000.0,6000.0,0.0,270.0,0.978739264285714,978.739264285714
ml,2025-09-22,chocolate_syrup,ml,6837.257142857137,2000.0,1248.0,0.0,7589.257142857137,0.0,3000.0,0.0,0.0,2.276777142857141,2276.777142857141
ml,2025-09-22,tea_leaves,g,1776.6514285714281,0.0,350.2,0.0,1426.451428571428,0.0,1000.0,0.0,0.0,0.8558708571428568,855.8708571428568
ml,2025-09-22,ice,g,53031.199999999975,7000.0,10540.800000000001,0.0,49490.39999999997,12000.0,12000.0,0.0,120.0,0.49490399999999973,494.9039999999997
ml,2025-09-22,croissant_dough,pcs,0.3771428571426938,30.0,30.240000000000002,0.0,0.1371428571426918,40.0,40.0,0.0,1800.0,0.006171428571421131,6.171428571421131
ml,2025-09-22,bread,pcs,32.419999999999725,80.0,76.32000000000001,0.0,36.09999999999972,50.0,50.0,0.0,400.0,0.2887999999999977,288.79999999999774
ml,2025-09-22,cup_hot,pcs,2008.675714285714,500.0,311.06,0.0,2197.615714285714,800.0,1700.0,0.0,3200.0,8.790462857142856,8790.462857142857
ml,2025-09-22,cup_cold,pcs,689.7285714285715,200.0,94.76,0.0,794.9685714285715,0.0,200.0,0.0,0.0,3.974842857142858,3974.8428571428576
ml,2025-09-23,coffee_beans,g,40876.17714285717,7000.0,5895.719999999999,0.0,41980.45714285717,6000.0,17000.0,0.0,7200.0,50.37654857142861,50376.548571428604
ml,2025-09-23,milk,ml,96178.5,53000.0,56406.0,0.0,92772.5,63000.0,63000.0,0.0,3780.0,5.56635,5566.349999999999
ml,2025-09-23,sugar,g,21749.761428571423,0.0,3297.0299999999997,0.0,18452.731428571424,4000.0,10000.0,0.0,180.0,0.830372914285714,830.372914285714
ml,2025-09-23,chocolate_syrup,ml,7589.257142857137,3000.0,1185.6000000000001,0.0,9403.657142857137,2000.0,2000.0,0.0,600.0,2.821097142857141,2821.097142857141
ml,2025-09-23,tea_leaves,g,1426.451428571428,500.0,407.88,0.0,1518.5714285714282,500.0,1000.0,0.0,300.0,0.9111428571428569,911.1428571428569
ml,2025-09-23,ice,g,49490.39999999997,12000.0,8143.200000000001,0.0,53347.19999999997,10000.0,10000.0,0.0,100.0,0.5334719999999996,533.4719999999996
ml,2025-09-23,croissant_dough,pcs,0.1371428571426918,40.0,39.96,0.0,0.17714285714269096,40.0,40.0,0.0,1800.0,0.007971428571421094,7.971428571421093
ml,2025-09-23,bread,pcs,36.09999999999972,50.0,84.80000000000001,0.0,1.2999999999997058,80.0,80.0,0.0,640.0,0.010399999999997647,10.399999999997647
ml,2025-09-23,cup_hot,pcs,2197.615714285714,400.0,397.58000000000004,0.0,2200.0357142857138,0.0,1300.0,0.0,0.0,8.800142857142855,8800.142857142855
ml,2025-09-23,cup_cold,pcs,794.9685714285715,0.0,71.07,0.0,723.8985714285716,0.0,200.0,0.0,0.0,3.619492857142858,3619.492857142858
ml,2025-09-24,coffee_beans,g,41980.45714285717,0.0,6136.74,0.0,35843.717142857175,7000.0,24000.0,0.0,8400.0,43.01246057142861,43012.46057142861
ml,2025-09-24,milk,ml,92772.5,63000.0,61141.5,0.0,94631.0,71000.0,71000.0,0.0,4260.0,5.67786,5677.86
ml,2025-09-24,sugar,g,18452.731428571424,6000.0,3221.84,0.0,21230.891428571424,3000.0,7000.0,0.0,135.0,0.9553901142857141,955.390114285714
ml,2025-09-24,chocolate_syrup,ml,9403.657142857137,0.0,2028.0000000000002,0.0,7375.657142857137,0.0,2000.0,0.0,0.0,2.212697142857141,2212.697142857141
ml,2025-09-24,tea_leaves,g,1518.5714285714282,500.0,271.92,0.0,1746.6514285714281,500.0,1000.0,0.0,300.0,1.047990857142857,1047.9908571428568
ml,2025-09-24,ice,g,53347.19999999997,10000.0,6825.6,0.0,56521.59999999997,9000.0,9000.0,0.0,90.0,0.5652159999999997,565.2159999999997
ml,2025-09-24,croissant_dough,pcs,0.17714285714269096,40.0,39.96,0.0,0.2171428571426901,40.0,40.0,0.0,1800.0,0.009771428571421055,9.771428571421055
ml,2025-09-24,bread,pcs,1.2999999999997058,80.0,80.56,0.0,0.7399999999996965,90.0,90.0,0.0,720.0,0.005919999999997572,5.919999999997572
ml,2025-09-24,cup_hot,pcs,2200.0357142857138,500.0,416.12,0.0,2283.915714285714,800.0,1600.0,0.0,3200.0,9.135662857142856,9135.662857142856
ml,2025-09-24,cup_cold,pcs,723.8985714285716,0.0,59.74,0.0,664.1585714285716,200.0,400.0,0.0,1000.0,3.320792857142858,3320.792857142858
ml,2025-09-25,coffee_beans,g,35843.717142857175,11000.0,4709.16,0.0,42134.55714285717,7000.0,20000.0,0.0,8400.0,50.561468571428605,50561.4685714286
ml,2025-09-25,milk,ml,94631.0,71000.0,45297.0,0.0,120334.0,77000.0,77000.0,0.0,4620.0,7.22004,7220.04
ml,2025-09-25,sugar,g,21230.891428571424,4000.0,2488.4800000000005,0.0,22742.411428571424,4000.0,7000.0,0.0,180.0,1.023408514285714,1023.4085142857141
ml,2025-09-25,chocolate_syrup,ml,7375.657142857137,2000.0,967.2,0.0,8408.457142857136,3000.0,3000.0,0.0,900.0,2.5225371428571406,2522.5371428571407
ml,2025-09-25,tea_leaves,g,1746.6514285714281,0.0,201.88,0.0,1544.7714285714283,0.0,1000.0,0.0,0.0,0.9268628571428569,926.8628571428569
ml,2025-09-25,ice,g,56521.59999999997,9000.0,7646.400000000001,0.0,57875.19999999997,7000.0,7000.0,0.0,70.0,0.5787519999999997,578.7519999999997
ml,2025-09-25,croissant_dough,pcs,0.2171428571426901,40.0,32.400000000000006,0.0,7.817142857142684,40.0,40.0,0.0,1800.0,0.3517714285714208,351.7714285714208
ml,2025-09-25,bread,pcs,0.7399999999996965,90.0,72.08,0.0,18.659999999999698,90.0,90.0,0.0,720.0,0.14927999999999758,149.27999999999759
ml,2025-09-25,cup_hot,pcs,2283.915714285714,0.0,277.07000000000005,0.0,2006.8457142857142,500.0,2100.0,0.0,2000.0,8.027382857142857,8027.382857142857
ml,2025-09-25,cup_cold,pcs,664.1585714285716,200.0,66.95,0.0,797.2085714285715,0.0,200.0,0.0,0.0,3.9860428571428574,3986.0428571428574
ml,2025-09-26,coffee_beans,g,42134.55714285717,6000.0,6637.32,0.0,41497.23714285717,0.0,14000.0,0.0,0.0,49.79668457142861,49796.6845714286
ml,2025-09-26,milk,ml,120334.0,77000.0,53560.5,0.0,143773.5,44000.0,44000.0,0.0,2640.0,8.62641,8626.41
ml,2025-09-26,sugar,g,22742.411428571424,3000.0,3065.2799999999997,0.0,22677.131428571425,0.0,4000.0,0.0,0.0,1.0204709142857142,1020.4709142857141
ml,2025-09-26,chocolate_syrup,ml,8408.457142857136,0.0,592.8000000000001,0.0,7815.657142857137,0.0,3000.0,0.0,0.0,2.3446971428571413,2344.697142857141
ml,2025-09-26,tea_leaves,g,1544.7714285714283,500.0,288.40000000000003,0.0,1756.3714285714282,500.0,1000.0,0.0,300.0,1.053822857142857,1053.822857142857
ml,2025-09-26,ice,g,57875.19999999997,7000.0,8553.6,875.1999999999707,55446.4,8000.0,8000.0,8.751999999999708,80.0,0.5544640000000001,554.464
ml,2025-09-26,croissant_dough,pcs,7.817142857142684,40.0,35.64,0.0,12.177142857142684,40.0,40.0,0.0,1800.0,0.5479714285714208,547.9714285714208
ml,2025-09-26,bread,pcs,18.659999999999698,90.0,99.64,0.0,9.019999999999698,90.0,90.0,0.0,720.0,0.07215999999999759,72.15999999999758
ml,2025-09-26,cup_hot,pcs,2006.8457142857142,800.0,386.25000000000006,0.0,2420.595714285714,0.0,1300.0,0.0,0.0,9.682382857142857,9682.382857142857
ml,2025-09-26,cup_cold,pcs,797.2085714285715,0.0,74.16,0.0,723.0485714285716,200.0,400.0,0.0,1000.0,3.615242857142858,3615.2428571428577
ml,2025-09-27,coffee_beans,g,41497.23714285717,7000.0,6618.78,0.0,41878.45714285717,11000.0,18000.0,0.0,13200.0,50.2541485714286,50254.1485714286
ml,2025-09-27,milk,ml,143773.5,44000.0,56931.0,0.0,130842.5,51000.0,51000.0,0.0,3060.0,7.850549999999999,7850.549999999999
ml,2025-09-27,sugar,g,22677.131428571425,4000.0,3379.4300000000003,0.0,23297.701428571425,6000.0,6000.0,0.0,270.0,1.048396564285714,1048.396564285714
ml,2025-09-27,chocolate_syrup,ml,7815.657142857137,3000.0,1060.8000000000002,0.0,9754.857142857136,2000.0,2000.0,0.0,600.0,2.926457142857141,2926.4571428571408
ml,2025-09-27,tea_leaves,g,1756.3714285714282,500.0,321.36,0.0,1935.011428571428,0.0,500.0,0.0,0.0,1.1610068571428567,1161.0068571428567
ml,2025-09-27,ice,g,55446.4,8000.0,10864.800000000001,446.39999999999964,52135.2,9000.0,9000.0,4.463999999999997,90.0,0.521352,521.352
ml,2025-09-27,croissant_dough,pcs,12.177142857142684,40.0,51.84,0.0,0.33714285714268044,40.0,40.0,0.0,1800.0,0.01517142857142062,15.17142857142062
ml,2025-09-27,bread,pcs,9.019999999999698,90.0,97.52000000000001,0.0,1.4999999999996874,110.0,110.0,0.0,880.0,0.011999999999997499,11.999999999997499
ml,2025-09-27,cup_hot,pcs,2420.595714285714,0.0,385.22,0.0,2035.375714285714,500.0,1800.0,0.0,2000.0,8.141502857142855,8141.502857142856
ml,2025-09-27,cup_cold,pcs,723.0485714285716,0.0,97.85000000000001,0.0,625.1985714285715,0.0,400.0,0.0,0.0,3.1259928571428577,3125.9928571428577
ml,2025-09-28,coffee_beans,g,41878.45714285717,7000.0,8324.46,0.0,40553.99714285717,0.0,11000.0,0.0,0.0,48.6647965714286,48664.796571428604
ml,2025-09-28,milk,ml,130842.5,51000.0,72880.5,0.0,108962.0,44000.0,44000.0,0.0,2640.0,6.537719999999999,6537.719999999999
ml,2025-09-28,sugar,g,23297.701428571425,0.0,4036.57,0.0,19261.131428571425,0.0,6000.0,0.0,0.0,0.8667509142857142,866.7509142857141
ml,2025-09-28,chocolate_syrup,ml,9754.857142857136,0.0,1341.6000000000001,0.0,8413.257142857135,0.0,2000.0,0.0,0.0,2.5239771428571407,2523.9771428571407
ml,2025-09-28,tea_leaves,g,1935.011428571428,0.0,280.16,0.0,1654.8514285714282,500.0,1000.0,0.0,300.0,0.992910857142857,992.9108571428569
ml,2025-09-28,ice,g,52135.2,9000.0,13068.0,0.0,48067.2,8000.0,8000.0,0.0,80.0,0.480672,480.67199999999997
ml,2025-09-28,croissant_dough,pcs,0.33714285714268044,40.0,39.96,0.0,0.3771428571426796,40.0,40.0,0.0,1800.0,0.01697142857142058,16.97142857142058
ml,2025-09-28,bread,pcs,1.4999999999996874,110.0,80.56,0.0,30.939999999999685,100.0,100.0,0.0,800.0,0.2475199999999975,247.51999999999748
ml,2025-09-28,cup_hot,pcs,2035.375714285714,800.0,463.50000000000006,0.0,2371.875714285714,0.0,1000.0,0.0,0.0,9.487502857142855,9487.502857142856
ml,2025-09-28,cup_cold,pcs,625.1985714285715,200.0,113.3,0.0,711.8985714285716,0.0,200.0,0.0,0.0,3.559492857142858,3559.492857142858
ml,2025-09-29,coffee_beans,g,40553.99714285717,0.0,5450.76,0.0,35103.23714285717,10000.0,21000.0,0.0,12000.0,42.12388457142861,42123.88457142861
ml,2025-09-29,milk,ml,108962.0,44000.0,56374.5,0.0,96587.5,57000.0,57000.0,0.0,3420.0,5.79525,5795.25
ml,2025-09-29,sugar,g,19261.131428571425,6000.0,3213.6000000000004,0.0,22047.531428571423,4000.0,4000.0,0.0,180.0,0.992138914285714,992.138914285714
ml,2025-09-29,chocolate_syrup,ml,8413.257142857135,2000.0,904.8000000000001,0.0,9508.457142857136,1500.0,1500.0,0.0,450.0,2.8525371428571407,2852.5371428571407
ml,2025-09-29,tea_leaves,g,1654.8514285714282,500.0,280.16,0.0,1874.691428571428,0.0,500.0,0.0,0.0,1.124814857142857,1124.814857142857
ml,2025-09-29,ice,g,48067.2,8000.0,11059.2,0.0,45008.0,12000.0,12000.0,0.0,120.0,0.45008,450.08
ml,2025-09-29,croissant_dough,pcs,0.3771428571426796,40.0,24.840000000000003,0.0,15.537142857142676,40.0,40.0,0.0,1800.0,0.6991714285714205,699.1714285714204
ml,2025-09-29,bread,pcs,30.939999999999685,100.0,63.6,0.0,67.33999999999969,70.0,70.0,0.0,560.0,0.5387199999999975,538.7199999999975
ml,2025-09-29,cup_hot,pcs,2371.875714285714,500.0,305.91,0.0,2565.965714285714,600.0,1100.0,0.0,2400.0,10.263862857142856,10263.862857142856
ml,2025-09-29,cup_cold,pcs,711.8985714285716,0.0,96.82,0.0,615.0785714285715,0.0,200.0,0.0,0.0,3.075392857142858,3075.392857142858
ml,2025-09-30,coffee_beans,g,35103.23714285717,11000.0,5858.64,0.0,40244.59714285717,5000.0,15000.0,0.0,6000.0,48.293516571428604,48293.516571428605
ml,2025-09-30,milk,ml,96587.5,57000.0,53256.0,0.0,100331.5,65000.0,65000.0,0.0,3900.0,6.019889999999999,6019.889999999999
ml,2025-09-30,sugar,g,22047.531428571423,0.0,3068.3700000000003,0.0,18979.161428571424,4000.0,8000.0,0.0,180.0,0.8540622642857141,854.062264285714
ml,2025-09-30,chocolate_syrup,ml,9508.457142857136,0.0,686.4000000000001,0.0,8822.057142857137,0.0,1500.0,0.0,0.0,2.6466171428571412,2646.617142857141
ml,2025-09-30,tea_leaves,g,1874.691428571428,0.0,292.52,0.0,1582.1714285714281,500.0,1000.0,0.0,300.0,0.9493028571428569,949.3028571428569
ml,2025-09-30,ice,g,45008.0,12000.0,10173.600000000002,0.0,46834.399999999994,11000.0,11000.0,0.0,110.0,0.4683439999999999,468.34399999999994
ml,2025-09-30,croissant_dough,pcs,15.537142857142676,40.0,31.32,0.0,24.217142857142676,30.0,30.0,0.0,1350.0,1.0897714285714206,1089.7714285714205
ml,2025-09-30,bread,pcs,67.33999999999969,70.0,89.04,0.0,48.299999999999685,50.0,50.0,0.0,400.0,0.38639999999999747,386.3999999999975
ml,2025-09-30,cup_hot,pcs,2565.965714285714,0.0,332.69,0.0,2233.275714285714,0.0,1100.0,0.0,0.0,8.933102857142856,8933.102857142856
ml,2025-09-30,cup_cold,pcs,615.0785714285715,200.0,88.58000000000001,0.0,726.4985714285715,200.0,200.0,0.0,1000.0,3.632492857142857,3632.4928571428572
ml,2025-10-01,coffee_beans,g,40244.59714285717,0.0,6896.879999999999,0.0,33347.717142857175,6000.0,21000.0,0.0,7200.0,40.017260571428615,40017.26057142861
ml,2025-10-01,milk,ml,100331.5,65000.0,54663.0,0.0,110668.5,61000.0,61000.0,0.0,3660.0,6.64011,6640.11
ml,2025-10-01,sugar,g,18979.161428571424,4000.0,3175.4900000000002,0.0,19803.671428571422,0.0,4000.0,0.0,0.0,0.891165214285714,891.165214285714
ml,2025-10-01,chocolate_syrup,ml,8822.057142857137,1500.0,811.2,0.0,9510.857142857136,1500.0,1500.0,0.0,450.0,2.8532571428571405,2853.2571428571405
ml,2025-10-01,tea_leaves,g,1582.1714285714281,500.0,230.72,0.0,1851.451428571428,0.0,500.0,0.0,0.0,1.1108708571428567,1110.8708571428567
ml,2025-10-01,ice,g,46834.399999999994,11000.0,11944.800000000001,0.0,45889.59999999999,9000.0,9000.0,0.0,90.0,0.4588959999999999,458.8959999999999
ml,2025-10-01,croissant_dough,pcs,24.217142857142676,30.0,41.040000000000006,0.0,13.17714285714267,40.0,40.0,0.0,1800.0,0.5929714285714202,592.9714285714201
ml,2025-10-01,bread,pcs,48.299999999999685,50.0,72.08,0.0,26.219999999999686,80.0,80.0,0.0,640.0,0.2097599999999975,209.7599999999975
ml,2025-10-01,cup_hot,pcs,2233.275714285714,500.0,361.53000000000003,0.0,2371.745714285714,700.0,1300.0,0.0,2800.0,9.486982857142856,9486.982857142855
ml,2025-10-01,cup_cold,pcs,726.4985714285715,0.0,106.09,0.0,620.4085714285716,100.0,300.0,0.0,500.0,3.102042857142858,3102.042857142858
ml,2025-10-02,coffee_beans,g,33347.717142857175,10000.0,5803.0199999999995,0.0,37544.69714285717,8000.0,19000.0,0.0,9600.0,45.0536365714286,45053.6365714286
ml,2025-10-02,milk,ml,110668.5,61000.0,50022.0,0.0,121646.5,59000.0,59000.0,0.0,3540.0,7.29879,7298.79
ml,2025-10-02,sugar,g,19803.671428571422,4000.0,2800.57,0.0,21003.101428571423,6000.0,6000.0,0.0,270.0,0.945139564285714,945.139564285714
ml,2025-10-02,chocolate_syrup,ml,9510.857142857136,0.0,904.8000000000001,0.0,8606.057142857137,0.0,1500.0,0.0,0.0,2.581817142857141,2581.817142857141
ml,2025-10-02,tea_leaves,g,1851.451428571428,0.0,218.36,0.0,1633.091428571428,500.0,1000.0,0.0,300.0,0.9798548571428568,979.8548571428568
ml,2025-10-02,ice,g,45889.59999999999,9000.0,8791.2,0.0,46098.399999999994,11000.0,11000.0,0.0,110.0,0.46098399999999995,460.9839999999999
ml,2025-10-02,croissant_dough,pcs,13.17714285714267,40.0,52.92,0.0,0.25714285714266794,40.0,40.0,0.0,1800.0,0.011571428571420057,11.571428571420057
ml,2025-10-02,bread,pcs,26.219999999999686,80.0,80.56,0.0,25.659999999999684,80.0,80.0,0.0,640.0,0.20527999999999746,205.27999999999747
ml,2025-10-02,cup_hot,pcs,2371.745714285714,0.0,328.57000000000005,0.0,2043.175714285714,400.0,1700.0,0.0,1600.0,8.172702857142857,8172.702857142856
ml,2025-10-02,cup_cold,pcs,620.4085714285716,0.0,78.28,0.0,542.1285714285715,200.0,500.0,0.0,1000.0,2.7106428571428576,2710.6428571428573
ml,2025-10-03,coffee_beans,g,37544.69714285717,5000.0,7786.799999999999,0.0,34757.897142857175,7000.0,21000.0,0.0,8400.0,41.70947657142861,41709.47657142861
ml,2025-10-03,milk,ml,121646.5,59000.0,72061.5,0.0,108585.0,44000.0,44000.0,0.0,2640.0,6.5150999999999994,6515.099999999999
ml,2025-10-03,sugar,g,21003.101428571423,0.0,3883.1000000000004,0.0,17120.00142857142,3000.0,9000.0,0.0,135.0,0.770400064285714,770.4000642857139
ml,2025-10-03,chocolate_syrup,ml,8606.057142857137,1500.0,1279.2,0.0,8826.857142857136,1500.0,1500.0,0.0,450.0,2.648057142857141,2648.0571428571407
ml,2025-10-03,tea_leaves,g,1633.091428571428,500.0,263.68,0.0,1869.4114285714281,0.0,500.0,0.0,0.0,1.1216468571428568,1121.6468571428568
ml,2025-10-03,ice,g,46098.399999999994,11000.0,12571.2,0.0,44527.19999999999,9000.0,9000.0,0.0,90.0,0.44527199999999995,445.27199999999993
ml,2025-10-03,croissant_dough,pcs,0.25714285714266794,40.0,39.96,0.0,0.2971428571426671,50.0,50.0,0.0,2250.0,0.013371428571420018,13.371428571420019
ml,2025-10-03,bread,pcs,25.659999999999684,80.0,103.88000000000001,0.0,1.7799999999996743,100.0,100.0,0.0,800.0,0.014239999999997395,14.239999999997394
ml,2025-10-03,cup_hot,pcs,2043.175714285714,600.0,432.6,0.0,2210.575714285714,0.0,1100.0,0.0,0.0,8.842302857142856,8842.302857142857
ml,2025-10-03,cup_cold,pcs,542.1285714285715,0.0,108.15,0.0,433.9785714285715,0.0,500.0,0.0,0.0,2.169892857142858,2169.892857142858
ml,2025-10-04,coffee_beans,g,34757.897142857175,6000.0,7193.52,0.0,33564.37714285718,6000.0,21000.0,0.0,7200.0,40.27725257142861,40277.25257142861
ml,2025-10-04,milk,ml,108585.0,44000.0,67714.5,0.0,84870.5,61000.0,61000.0,0.0,3660.0,5.09223,5092.23
ml,2025-10-04,sugar,g,17120.00142857142,6000.0,3827.48,0.0,19292.52142857142,4000.0,7000.0,0.0,180.0,0.8681634642857139,868.1634642857139
ml,2025-10-04,chocolate_syrup,ml,8826.857142857136,0.0,1092.0,0.0,7734.857142857136,1500.0,3000.0,0.0,450.0,2.320457142857141,2320.4571428571408
ml,2025-10-04,tea_leaves,g,1869.4114285714281,0.0,341.96000000000004,0.0,1527.451428571428,500.0,1000.0,0.0,300.0,0.9164708571428569,916.4708571428569
ml,2025-10-04,ice,g,44527.19999999999,9000.0,11620.800000000001,0.0,41906.399999999994,12000.0,12000.0,0.0,120.0,0.419064,419.06399999999996
ml,2025-10-04,croissant_dough,pcs,0.2971428571426671,50.0,28.080000000000002,0.0,22.217142857142665,50.0,50.0,0.0,2250.0,0.99977142857142,999.77142857142
ml,2025-10-04,bread,pcs,1.7799999999996743,100.0,101.76,0.0,0.01999999999966917,100.0,100.0,0.0,800.0,0.00015999999999735337,0.15999999999735337
ml,2025-10-04,cup_hot,pcs,2210.575714285714,0.0,419.21000000000004,0.0,1791.3657142857141,700.0,1800.0,0.0,2800.0,7.165462857142857,7165.462857142857
ml,2025-10-04,cup_cold,pcs,433.9785714285715,200.0,101.97,0.0,532.0085714285715,100.0,400.0,0.0,500.0,2.6600428571428574,2660.0428571428574
ml,2025-10-05,coffee_beans,g,33564.37714285718,8000.0,7360.38,0.0,34203.99714285717,8000.0,21000.0,0.0,9600.0,41.044796571428606,41044.796571428604
ml,2025-10-05,milk,ml,84870.5,61000.0,69079.5,0.0,76791.0,57000.0,57000.0,0.0,3420.0,4.6074600000000006,4607.46
ml,2025-10-05,sugar,g,19292.52142857142,3000.0,3894.4300000000007,0.0,18398.09142857142,4000.0,8000.0,0.0,180.0,0.8279141142857139,827.9141142857139
ml,2025-10-05,chocolate_syrup,ml,7734.857142857136,1500.0,1216.8000000000002,0.0,8018.057142857136,0.0,1500.0,0.0,0.0,2.4054171428571407,2405.417142857141
ml,2025-10-05,tea_leaves,g,1527.451428571428,500.0,251.32,0.0,1776.131428571428,0.0,500.0,0.0,0.0,1.0656788571428568,1065.6788571428567
ml,2025-10-05,ice,g,41906.399999999994,12000.0,14191.2,0.0,39715.19999999999,15000.0,15000.0,0.0,150.0,0.39715199999999995,397.15199999999993
ml,2025-10-05,croissant_dough,pcs,22.217142857142665,50.0,45.36,0.0,26.857142857142666,10.0,10.0,0.0,450.0,1.20857142857142,1208.57142857142
ml,2025-10-05,bread,pcs,0.01999999999966917,100.0,86.92,0.0,13.099999999999667,70.0,70.0,0.0,560.0,0.10479999999999734,104.79999999999734
ml,2025-10-05,cup_hot,pcs,1791.3657142857141,700.0,387.28000000000003,0.0,2104.085714285714,0.0,1100.0,0.0,0.0,8.416342857142856,8416.342857142856
ml,2025-10-05,cup_cold,pcs,532.0085714285715,100.0,124.63000000000001,0.0,507.3785714285715,200.0,500.0,0.0,1000.0,2.5368928571428575,2536.8928571428573
ml,2025-10-06,coffee_beans,g,34203.99714285717,7000.0,6526.079999999999,0.0,34677.91714285717,7000.0,21000.0,0.0,8400.0,41.6135005714286,41613.5005714286
ml,2025-10-06,milk,ml,76791.0,57000.0,52468.5,0.0,81322.5,59000.0,59000.0,0.0,3540.0,4.87935,4879.349999999999
ml,2025-10-06,sugar,g,18398.09142857142,4000.0,2861.34,0.0,19536.75142857142,3000.0,7000.0,0.0,135.0,0.8791538142857139,879.1538142857139
ml,2025-10-06,chocolate_syrup,ml,8018.057142857136,1500.0,343.20000000000005,0.0,9174.857142857136,1500.0,1500.0,0.0,450.0,2.752457142857141,2752.4571428571408
ml,2025-10-06,tea_leaves,g,1776.131428571428,0.0,160.68,0.0,1615.451428571428,500.0,1000.0,0.0,300.0,0.9692708571428569,969.2708571428568
ml,2025-10-06,ice,g,39715.19999999999,15000.0,7344.0,0.0,47371.19999999999,15000.0,15000.0,0.0,150.0,0.47371199999999997,473.71199999999993
ml,2025-10-06,croissant_dough,pcs,26.857142857142666,10.0,35.64,0.0,1.2171428571426652,30.0,30.0,0.0,1350.0,0.054771428571419936,54.77142857141993
ml,2025-10-06,bread,pcs,13.099999999999667,70.0,82.68,0.0,0.41999999999966064,80.0,80.0,0.0,640.0,0.0033599999999972853,3.359999999997285
ml,2025-10-06,cup_hot,pcs,2104.085714285714,400.0,348.14000000000004,0.0,2155.945714285714,700.0,1400.0,0.0,2800.0,8.623782857142857,8623.782857142856
ml,2025-10-06,cup_cold,pcs,507.3785714285715,200.0,65.92,0.0,641.4585714285715,0.0,300.0,0.0,0.0,3.2072928571428574,3207.2928571428574
ml,2025-10-07,coffee_beans,g,34677.91714285717,6000.0,6118.2,0.0,34559.717142857175,7000.0,22000.0,0.0,8400.0,41.47166057142861,41471.660571428605
ml,2025-10-07,milk,ml,81322.5,59000.0,56826.0,0.0,83496.5,60000.0,60000.0,0.0,3600.0,5.00979,5009.79
ml,2025-10-07,sugar,g,19536.75142857142,4000.0,3292.9100000000003,0.0,20243.84142857142,4000.0,7000.0,0.0,180.0,0.9109728642857139,910.9728642857139
ml,2025-10-07,chocolate_syrup,ml,9174.857142857136,0.0,967.2,0.0,8207.657142857135,0.0,1500.0,0.0,0.0,2.4622971428571403,2462.2971428571404
ml,2025-10-07,tea_leaves,g,1615.451428571428,500.0,379.04,0.0,1736.4114285714281,0.0,500.0,0.0,0.0,1.041846857142857,1041.8468571428568
ml,2025-10-07,ice,g,47371.19999999999,15000.0,8964.0,0.0,53407.19999999999,9000.0,9000.0,0.0,90.0,0.5340719999999999,534.0719999999999
ml,2025-10-07,croissant_dough,pcs,1.2171428571426652,30.0,30.240000000000002,0.0,0.9771428571426632,30.0,30.0,0.0,1350.0,0.04397142857141985,43.97142857141985
ml,2025-10-07,bread,pcs,0.41999999999966064,80.0,78.44,0.0,1.979999999999663,80.0,80.0,0.0,640.0,0.015839999999997304,15.839999999997303
ml,2025-10-07,cup_hot,pcs,2155.945714285714,0.0,388.31,0.0,1767.635714285714,400.0,1800.0,0.0,1600.0,7.070542857142856,7070.542857142856
ml,2025-10-07,cup_cold,pcs,641.4585714285715,0.0,78.28,0.0,563.1785714285716,200.0,500.0,0.0,1000.0,2.815892857142858,2815.892857142858
ml,2025-10-08,coffee_beans,g,34559.717142857175,8000.0,4968.719999999999,0.0,37590.99714285717,8000.0,22000.0,0.0,9600.0,45.109196571428605,45109.196571428605
ml,2025-10-08,milk,ml,83496.5,60000.0,51933.0,0.0,91563.5,71000.0,71000.0,0.0,4260.0,5.49381,5493.8099999999995
ml,2025-10-08,sugar,g,20243.84142857142,3000.0,3019.96,0.0,20223.88142857142,3000.0,7000.0,0.0,135.0,0.910074664285714,910.074664285714
ml,2025-10-08,chocolate_syrup,ml,8207.657142857135,1500.0,873.6000000000001,0.0,8834.057142857135,1500.0,1500.0,0.0,450.0,2.6502171428571404,2650.2171428571405
ml,2025-10-08,tea_leaves,g,1736.4114285714281,0.0,313.12,0.0,1423.291428571428,500.0,1000.0,0.0,300.0,0.8539748571428568,853.9748571428568
ml,2025-10-08,ice,g,53407.19999999999,9000.0,11664.0,0.0,50743.19999999999,10000.0,10000.0,0.0,100.0,0.5074319999999999,507.4319999999999
ml,2025-10-08,croissant_dough,pcs,0.9771428571426632,30.0,30.240000000000002,0.0,0.7371428571426613,40.0,40.0,0.0,1800.0,0.033171428571419755,33.17142857141975
ml,2025-10-08,bread,pcs,1.979999999999663,80.0,57.24,0.0,24.73999999999966,100.0,100.0,0.0,800.0,0.1979199999999973,197.9199999999973
ml,2025-10-08,cup_hot,pcs,1767.635714285714,700.0,283.25,0.0,2184.385714285714,600.0,1700.0,0.0,2400.0,8.737542857142857,8737.542857142857
ml,2025-10-08,cup_cold,pcs,563.1785714285716,100.0,99.91,0.0,563.2685714285715,200.0,600.0,0.0,1000.0,2.8163428571428577,2816.3428571428576
ml,2025-10-09,coffee_beans,g,37590.99714285717,7000.0,5821.56,0.0,38769.437142857176,8000.0,23000.0,0.0,9600.0,46.52332457142861,46523.32457142861
ml,2025-10-09,milk,ml,91563.5,71000.0,52993.5,0.0,109570.0,66000.0,66000.0,0.0,3960.0,6.5742,6574.2
ml,2025-10-09,sugar,g,20223.88142857142,4000.0,2802.63,0.0,21421.25142857142,4000.0,7000.0,0.0,180.0,0.9639563142857139,963.9563142857139
ml,2025-10-09,chocolate_syrup,ml,8834.057142857135,0.0,842.4000000000001,0.0,7991.657142857135,1000.0,2500.0,0.0,300.0,2.3974971428571403,2397.4971428571403
ml,2025-10-09,tea_leaves,g,1423.291428571428,500.0,135.96,0.0,1787.331428571428,500.0,1000.0,0.0,300.0,1.0723988571428567,1072.3988571428567
ml,2025-10-09,ice,g,50743.19999999999,10000.0,9093.600000000002,0.0,51649.59999999999,14000.0,14000.0,0.0,140.0,0.5164959999999998,516.4959999999999
ml,2025-10-09,croissant_dough,pcs,0.7371428571426613,40.0,30.240000000000002,0.0,10.49714285714266,40.0,40.0,0.0,1800.0,0.47237142857141967,472.37142857141964
ml,2025-10-09,bread,pcs,24.73999999999966,100.0,103.88000000000001,0.0,20.859999999999644,80.0,80.0,0.0,640.0,0.16687999999999717,166.87999999999715
ml,2025-10-09,cup_hot,pcs,2184.385714285714,0.0,306.94000000000005,0.0,1877.4457142857138,400.0,2100.0,0.0,1600.0,7.509782857142856,7509.782857142855
ml,2025-10-09,cup_cold,pcs,563.2685714285715,200.0,78.28,0.0,684.9885714285715,0.0,400.0,0.0,0.0,3.4249428571428577,3424.9428571428575
ml,2025-10-10,coffee_beans,g,38769.437142857176,7000.0,5803.0199999999995,0.0,39966.41714285718,9000.0,25000.0,0.0,10800.0,47.95970057142861,47959.70057142861
ml,2025-10-10,milk,ml,109570.0,66000.0,54411.0,0.0,121159.0,54000.0,54000.0,0.0,3240.0,7.26954,7269.54
ml,2025-10-10,sugar,g,21421.25142857142,3000.0,3093.09,0.0,21328.16142857142,4000.0,8000.0,0.0,180.0,0.9597672642857139,959.7672642857138
ml,2025-10-10,chocolate_syrup,ml,7991.657142857135,1500.0,1216.8000000000002,0.0,8274.857142857134,1500.0,2500.0,0.0,450.0,2.4824571428571405,2482.4571428571403
ml,2025-10-10,tea_leaves,g,1787.331428571428,0.0,300.76,0.0,1486.571428571428,0.0,1000.0,0.0,0.0,0.8919428571428567,891.9428571428567
ml,2025-10-10,ice,g,51649.59999999999,14000.0,8704.800000000001,0.0,56944.79999999999,10000.0,10000.0,0.0,100.0,0.5694479999999998,569.4479999999999
ml,2025-10-10,croissant_dough,pcs,10.49714285714266,40.0,34.56,0.0,15.937142857142657,40.0,40.0,0.0,1800.0,0.7171714285714196,717.1714285714196
ml,2025-10-10,bread,pcs,20.859999999999644,80.0,78.44,0.0,22.419999999999646,100.0,100.0,0.0,800.0,0.1793599999999972,179.35999999999717
ml,2025-10-10,cup_hot,pcs,1877.4457142857138,700.0,361.53,0.0,2215.915714285714,0.0,1400.0,0.0,0.0,8.863662857142856,8863.662857142856
ml,2025-10-10,cup_cold,pcs,684.9885714285715,0.0,76.22,0.0,608.7685714285715,200.0,600.0,0.0,1000.0,3.0438428571428577,3043.8428571428576
ml,2025-10-11,coffee_beans,g,39966.41714285718,8000.0,7100.82,0.0,40865.59714285718,0.0,17000.0,0.0,0.0,49.038716571428616,49038.71657142862
ml,2025-10-11,milk,ml,121159.0,54000.0,59388.0,0.0,115771.0,53000.0,53000.0,0.0,3180.0,6.94626,6946.259999999999
ml,2025-10-11,sugar,g,21328.16142857142,4000.0,3503.03,0.0,21825.131428571418,5000.0,9000.0,0.0,225.0,0.9821309142857138,982.1309142857137
ml,2025-10-11,chocolate_syrup,ml,8274.857142857134,1000.0,655.2,0.0,8619.657142857135,1500.0,3000.0,0.0,450.0,2.5858971428571405,2585.8971428571404
ml,2025-10-11,tea_leaves,g,1486.571428571428,500.0,238.96,0.0,1747.611428571428,500.0,1000.0,0.0,300.0,1.0485668571428566,1048.5668571428566
ml,2025-10-11,ice,g,56944.79999999999,10000.0,12592.800000000001,0.0,54351.999999999985,10000.0,10000.0,0.0,100.0,0.5435199999999999,543.5199999999999
ml,2025-10-11,croissant_dough,pcs,15.937142857142657,40.0,34.56,0.0,21.377142857142655,40.0,40.0,0.0,1800.0,0.9619714285714195,961.9714285714194
ml,2025-10-11,bread,pcs,22.419999999999646,100.0,84.80000000000001,0.0,37.619999999999635,90.0,90.0,0.0,720.0,0.30095999999999706,300.9599999999971
ml,2025-10-11,cup_hot,pcs,2215.915714285714,400.0,362.56,0.0,2253.355714285714,600.0,1600.0,0.0,2400.0,9.013422857142857,9013.422857142856
ml,2025-10-11,cup_cold,pcs,608.7685714285715,200.0,113.30000000000001,0.0,695.4685714285715,0.0,400.0,0.0,0.0,3.4773428571428577,3477.3428571428576
ml,2025-10-12,coffee_beans,g,40865.59714285718,8000.0,7935.119999999999,0.0,40930.477142857184,10000.0,19000.0,0.0,12000.0,49.11657257142862,49116.572571428616
ml,2025-10-12,milk,ml,115771.0,53000.0,70854.0,0.0,97917.0,40000.0,40000.0,0.0,2400.0,5.875019999999999,5875.0199999999995
ml,2025-10-12,sugar,g,21825.131428571418,4000.0,4052.0200000000004,0.0,21773.11142857142,0.0,5000.0,0.0,0.0,0.979790014285714,979.7900142857139
ml,2025-10-12,chocolate_syrup,ml,8619.657142857135,1500.0,1092.0,0.0,9027.657142857135,0.0,1500.0,0.0,0.0,2.7082971428571403,2708.2971428571404
ml,2025-10-12,tea_leaves,g,1747.611428571428,500.0,325.48,0.0,1922.131428571428,0.0,500.0,0.0,0.0,1.1532788571428567,1153.2788571428566
ml,2025-10-12,ice,g,54351.999999999985,10000.0,15033.600000000002,0.0,49318.39999999998,15000.0,15000.0,0.0,150.0,0.4931839999999998,493.1839999999998
ml,2025-10-12,croissant_dough,pcs,21.377142857142655,40.0,60.480000000000004,0.0,0.8971428571426543,20.0,20.0,0.0,900.0,0.04037142857141945,40.37142857141944
ml,2025-10-12,bread,pcs,37.619999999999635,90.0,127.2,0.0,0.4199999999996322,50.0,50.0,0.0,400.0,0.003359999999997058,3.359999999997058
ml,2025-10-12,cup_hot,pcs,2253.355714285714,600.0,426.42,0.0,2426.935714285714,0.0,1000.0,0.0,0.0,9.707742857142856,9707.742857142855
ml,2025-10-12,cup_cold,pcs,695.4685714285715,200.0,131.84,0.0,763.6285714285715,100.0,300.0,0.0,500.0,3.8181428571428575,3818.1428571428573
ml,2025-10-13,coffee_beans,g,40930.477142857184,9000.0,5135.58,0.0,44794.89714285718,7000.0,17000.0,0.0,8400.0,53.75387657142862,53753.87657142862
ml,2025-10-13,milk,ml,97917.0,40000.0,44572.5,0.0,93344.5,62000.0,62000.0,0.0,3720.0,5.60067,5600.67
ml,2025-10-13,sugar,g,21773.11142857142,5000.0,2409.17,0.0,24363.94142857142,4000.0,4000.0,0.0,180.0,1.0963773642857138,1096.3773642857138
ml,2025-10-13,chocolate_syrup,ml,9027.657142857135,1500.0,592.8000000000001,0.0,9934.857142857134,0.0,0.0,0.0,0.0,2.9804571428571403,2980.4571428571403
ml,2025-10-13,tea_leaves,g,1922.131428571428,0.0,168.92000000000002,0.0,1753.2114285714279,0.0,500.0,0.0,0.0,1.0519268571428568,1051.9268571428568
ml,2025-10-13,ice,g,49318.39999999998,15000.0,8186.400000000001,0.0,56131.999999999985,20000.0,20000.0,0.0,200.0,0.5613199999999998,561.3199999999998
ml,2025-10-13,croissant_dough,pcs,0.8971428571426543,20.0,20.520000000000003,0.0,0.37714285714265117,40.0,40.0,0.0,1800.0,0.016971428571419304,16.971428571419303
ml,2025-10-13,bread,pcs,0.4199999999996322,50.0,48.760000000000005,0.0,1.659999999999627,90.0,90.0,0.0,720.0,0.013279999999997016,13.279999999997017
ml,2025-10-13,cup_hot,pcs,2426.935714285714,400.0,277.07000000000005,0.0,2549.8657142857137,600.0,1200.0,0.0,2400.0,10.199462857142855,10199.462857142855
ml,2025-10-13,cup_cold,pcs,763.6285714285715,0.0,70.04,0.0,693.5885714285714,200.0,500.0,0.0,1000.0,3.467942857142857,3467.942857142857
ml,2025-10-14,coffee_beans,g,44794.89714285718,0.0,8750.880000000001,0.0,36044.01714285718,0.0,17000.0,0.0,0.0,43.25282057142861,43252.82057142861
ml,2025-10-14,milk,ml,93344.5,62000.0,72103.5,0.0,83241.0,57000.0,57000.0,0.0,3420.0,4.99446,4994.46
ml,2025-10-14,sugar,g,24363.94142857142,0.0,4149.87,0.0,20214.07142857142,3000.0,7000.0,0.0,135.0,0.9096332142857139,909.6332142857138
ml,2025-10-14,chocolate_syrup,ml,9934.857142857134,0.0,967.2,0.0,8967.657142857135,0.0,0.0,0.0,0.0,2.6902971428571405,2690.2971428571404
ml,2025-10-14,tea_leaves,g,1753.2114285714279,500.0,403.76,0.0,1849.4514285714279,500.0,500.0,0.0,300.0,1.1096708571428566,1109.6708571428567
ml,2025-10-14,ice,g,56131.999999999985,20000.0,11124.0,0.0,65007.999999999985,7000.0,7000.0,0.0,70.0,0.6500799999999999,650.0799999999998
ml,2025-10-14,croissant_dough,pcs,0.37714285714265117,40.0,39.96,0.0,0.4171428571426503,50.0,50.0,0.0,2250.0,0.018771428571419266,18.771428571419264
ml,2025-10-14,bread,pcs,1.659999999999627,90.0,91.16000000000001,0.0,0.4999999999996163,80.0,80.0,0.0,640.0,0.0039999999999969305,3.9999999999969305
ml,2025-10-14,cup_hot,pcs,2549.8657142857137,0.0,521.1800000000001,0.0,2028.6857142857139,0.0,1200.0,0.0,0.0,8.114742857142856,8114.742857142855
ml,2025-10-14,cup_cold,pcs,693.5885714285714,200.0,97.85,0.0,795.7385714285715,0.0,300.0,0.0,0.0,3.9786928571428577,3978.6928571428575
ml,2025-10-15,coffee_beans,g,36044.01714285718,10000.0,6507.54,0.0,39536.477142857184,15000.0,22000.0,0.0,18000.0,47.443772571428624,47443.77257142862
ml,2025-10-15,milk,ml,83241.0,57000.0,57540.0,0.0,82701.0,98000.0,98000.0,0.0,5880.0,4.962059999999999,4962.0599999999995
ml,2025-10-15,sugar,g,20214.07142857142,4000.0,3177.55,0.0,21036.521428571417,4000.0,7000.0,0.0,180.0,0.9466434642857138,946.6434642857138
ml,2025-10-15,chocolate_syrup,ml,8967.657142857135,0.0,936.0000000000001,0.0,8031.657142857135,1500.0,1500.0,0.0,450.0,2.4094971428571403,2409.4971428571403
ml,2025-10-15,tea_leaves,g,1849.4514285714279,0.0,263.68,0.0,1585.7714285714278,500.0,1000.0,0.0,300.0,0.9514628571428566,951.4628571428566
ml,2025-10-15,ice,g,65007.999999999985,7000.0,8100.000000000001,0.0,63907.999999999985,12000.0,12000.0,0.0,120.0,0.6390799999999999,639.0799999999998
ml,2025-10-15,croissant_dough,pcs,0.4171428571426503,50.0,49.68000000000001,0.0,0.7371428571426435,40.0,40.0,0.0,1800.0,0.03317142857141896,33.17142857141896
ml,2025-10-15,bread,pcs,0.4999999999996163,80.0,78.44,0.0,2.0599999999996186,90.0,90.0,0.0,720.0,0.01647999999999695,16.47999999999695
ml,2025-10-15,cup_hot,pcs,2028.6857142857139,600.0,387.28000000000003,0.0,2241.4057142857137,900.0,1500.0,0.0,3600.0,8.965622857142854,8965.622857142855
ml,2025-10-15,cup_cold,pcs,795.7385714285715,0.0,71.07000000000001,0.0,724.6685714285715,200.0,500.0,0.0,1000.0,3.623342857142857,3623.342857142857
ml,2025-10-16,coffee_beans,g,39536.477142857184,7000.0,5024.34,0.0,41512.13714285718,8000.0,23000.0,0.0,9600.0,49.81456457142862,49814.564571428615
ml,2025-10-16,milk,ml,82701.0,98000.0,47974.5,0.0,132726.5,80000.0,80000.0,0.0,4800.0,7.96359,7963.59
ml,2025-10-16,sugar,g,21036.521428571417,3000.0,2731.56,0.0,21304.96142857142,4000.0,8000.0,0.0,180.0,0.9587232642857139,958.7232642857139
ml,2025-10-16,chocolate_syrup,ml,8031.657142857135,0.0,936.0000000000001,0.0,7095.657142857135,0.0,1500.0,0.0,0.0,2.1286971428571406,2128.6971428571405
ml,2025-10-16,tea_leaves,g,1585.7714285714278,0.0,214.24,0.0,1371.531428571428,0.0,1000.0,0.0,0.0,0.8229188571428568,822.9188571428568
ml,2025-10-16,ice,g,63907.999999999985,12000.0,9244.800000000001,0.0,66663.19999999998,8000.0,8000.0,0.0,80.0,0.6666319999999999,666.6319999999998
ml,2025-10-16,croissant_dough,pcs,0.7371428571426435,40.0,23.76,0.0,16.977142857142642,40.0,40.0,0.0,1800.0,0.7639714285714189,763.9714285714189
ml,2025-10-16,bread,pcs,2.0599999999996186,90.0,86.92,0.0,5.139999999999617,90.0,90.0,0.0,720.0,0.04111999999999694,41.119999999996935
ml,2025-10-16,cup_hot,pcs,2241.4057142857137,0.0,282.22,0.0,1959.1857142857139,500.0,2000.0,0.0,2000.0,7.8367428571428555,7836.742857142855
ml,2025-10-16,cup_cold,pcs,724.6685714285715,100.0,81.37,0.0,743.2985714285714,0.0,400.0,0.0,0.0,3.7164928571428573,3716.4928571428572
ml,2025-10-17,coffee_beans,g,41512.13714285718,0.0,7082.28,0.0,34429.85714285718,6000.0,29000.0,0.0,7200.0,41.31582857142862,41315.82857142862
ml,2025-10-17,milk,ml,132726.5,80000.0,55429.5,0.0,157297.0,39000.0,39000.0,0.0,2340.0,9.43782,9437.82
ml,2025-10-17,sugar,g,21304.96142857142,4000.0,3017.9000000000005,0.0,22287.06142857142,3000.0,7000.0,0.0,135.0,1.0029177642857139,1002.9177642857138
ml,2025-10-17,chocolate_syrup,ml,7095.657142857135,1500.0,904.8000000000001,0.0,7690.857142857134,2000.0,2000.0,0.0,600.0,2.3072571428571402,2307.25714285714
ml,2025-10-17,tea_leaves,g,1371.531428571428,500.0,243.08,0.0,1628.4514285714279,500.0,1000.0,0.0,300.0,0.9770708571428567,977.0708571428567
ml,2025-10-17,ice,g,66663.19999999998,8000.0,8035.200000000001,0.0,66627.99999999997,9000.0,9000.0,0.0,90.0,0.6662799999999998,666.2799999999997
ml,2025-10-17,croissant_dough,pcs,16.977142857142642,40.0,38.88,0.0,18.09714285714264,40.0,40.0,0.0,1800.0,0.8143714285714188,814.3714285714187
ml,2025-10-17,bread,pcs,5.139999999999617,90.0,89.04,0.0,6.099999999999611,130.0,130.0,0.0,1040.0,0.04879999999999689,48.799999999996885
ml,2025-10-17,cup_hot,pcs,1959.1857142857139,600.0,414.06,0.0,2145.125714285714,0.0,1400.0,0.0,0.0,8.580502857142855,8580.502857142856
ml,2025-10-17,cup_cold,pcs,743.2985714285714,200.0,70.03999999999999,0.0,873.2585714285715,100.0,300.0,0.0,500.0,4.366292857142858,4366.292857142857
ml,2025-10-18,coffee_beans,g,34429.85714285718,15000.0,8565.48,0.0,40864.37714285718,6000.0,20000.0,0.0,7200.0,49.03725257142861,49037.25257142861
ml,2025-10-18,milk,ml,157297.0,39000.0,87538.5,0.0,108758.5,46000.0,46000.0,0.0,2760.0,6.52551,6525.509999999999
ml,2025-10-18,sugar,g,22287.06142857142,4000.0,4850.27,0.0,21436.791428571418,3000.0,6000.0,0.0,135.0,0.9646556142857138,964.6556142857138
ml,2025-10-18,chocolate_syrup,ml,7690.857142857134,0.0,1684.8000000000002,0.0,6006.057142857135,0.0,2000.0,0.0,0.0,1.8018171428571406,1801.8171428571404
ml,2025-10-18,tea_leaves,g,1628.4514285714279,500.0,416.12,0.0,1712.3314285714278,0.0,500.0,0.0,0.0,1.0273988571428565,1027.3988571428565
ml,2025-10-18,ice,g,66627.99999999997,9000.0,14536.800000000001,0.0,61091.199999999975,8000.0,8000.0,0.0,80.0,0.6109119999999998,610.9119999999998
ml,2025-10-18,croissant_dough,pcs,18.09714285714264,40.0,57.24,0.0,0.8571428571426338,60.0,60.0,0.0,2700.0,0.03857142857141852,38.57142857141852
ml,2025-10-18,bread,pcs,6.099999999999611,130.0,116.60000000000001,0.0,19.499999999999602,130.0,130.0,0.0,1040.0,0.1559999999999968,155.99999999999682
ml,2025-10-18,cup_hot,pcs,2145.125714285714,0.0,507.78999999999996,0.0,1637.3357142857137,600.0,2000.0,0.0,2400.0,6.549342857142855,6549.342857142855
ml,2025-10-18,cup_cold,pcs,873.2585714285715,0.0,127.72,0.0,745.5385714285715,0.0,300.0,0.0,0.0,3.7276928571428574,3727.692857142857
ml,2025-10-19,coffee_beans,g,40864.37714285718,8000.0,8157.6,0.0,40706.77714285719,8000.0,20000.0,0.0,9600.0,48.84813257142862,48848.13257142862
ml,2025-10-19,milk,ml,108758.5,46000.0,65016.0,0.0,89742.5,71000.0,71000.0,0.0,4260.0,5.38455,5384.55
ml,2025-10-19,sugar,g,21436.791428571418,3000.0,3850.1400000000003,0.0,20586.65142857142,4000.0,7000.0,0.0,180.0,0.9263993142857138,926.3993142857138
ml,2025-10-19,chocolate_syrup,ml,6006.057142857135,2000.0,1029.6000000000001,0.0,6976.457142857134,2000.0,2000.0,0.0,600.0,2.0929371428571404,2092.9371428571403
ml,2025-10-19,tea_leaves,g,1712.3314285714278,0.0,374.92,0.0,1337.411428571428,1000.0,1500.0,0.0,600.0,0.8024468571428568,802.4468571428567
ml,2025-10-19,ice,g,61091.199999999975,8000.0,13219.2,0.0,55871.99999999997,9000.0,9000.0,0.0,90.0,0.5587199999999997,558.7199999999997
ml,2025-10-19,croissant_dough,pcs,0.8571428571426338,60.0,60.480000000000004,0.0,0.37714285714262985,30.0,30.0,0.0,1350.0,0.016971428571418343,16.971428571418343
ml,2025-10-19,bread,pcs,19.499999999999602,130.0,139.92000000000002,0.0,9.579999999999586,50.0,50.0,0.0,400.0,0.0766399999999967,76.63999999999669
ml,2025-10-19,cup_hot,pcs,1637.3357142857137,900.0,464.53000000000003,0.0,2072.8057142857137,600.0,1700.0,0.0,2400.0,8.291222857142856,8291.222857142855
ml,2025-10-19,cup_cold,pcs,745.5385714285715,200.0,116.39000000000001,0.0,829.1485714285715,200.0,300.0,0.0,1000.0,4.145742857142857,4145.742857142857
ml,2025-10-20,coffee_beans,g,40706.77714285719,6000.0,5154.119999999999,0.0,41552.657142857184,0.0,14000.0,0.0,0.0,49.86318857142862,49863.18857142862
ml,2025-10-20,milk,ml,89742.5,71000.0,53445.0,0.0,107297.5,40000.0,40000.0,0.0,2400.0,6.437849999999999,6437.849999999999
ml,2025-10-20,sugar,g,20586.65142857142,3000.0,3020.99,0.0,20565.661428571417,3000.0,7000.0,0.0,135.0,0.9254547642857137,925.4547642857137
ml,2025-10-20,chocolate_syrup,ml,6976.457142857134,0.0,1466.4,0.0,5510.057142857134,0.0,2000.0,0.0,0.0,1.65301714285714,1653.01714285714
ml,2025-10-20,tea_leaves,g,1337.411428571428,500.0,309.0,0.0,1528.411428571428,0.0,1000.0,0.0,0.0,0.9170468571428568,917.0468571428568
ml,2025-10-20,ice,g,55871.99999999997,9000.0,8575.2,0.0,56296.799999999974,14000.0,14000.0,0.0,140.0,0.5629679999999997,562.9679999999997
ml,2025-10-20,croissant_dough,pcs,0.37714285714262985,30.0,23.76,0.0,6.617142857142628,40.0,40.0,0.0,1800.0,0.29777142857141825,297.77142857141826
ml,2025-10-20,bread,pcs,9.579999999999586,50.0,59.36,0.0,0.21999999999958675,90.0,90.0,0.0,720.0,0.0017599999999966941,1.759999999996694
ml,2025-10-20,cup_hot,pcs,2072.8057142857137,500.0,336.81,0.0,2235.995714285714,0.0,1200.0,0.0,0.0,8.943982857142855,8943.982857142855
ml,2025-10-20,cup_cold,pcs,829.1485714285715,0.0,75.19,0.0,753.9585714285715,0.0,300.0,0.0,0.0,3.7697928571428574,3769.7928571428574
ml,2025-10-21,coffee_beans,g,41552.657142857184,6000.0,6266.5199999999995,0.0,41286.13714285719,11000.0,19000.0,0.0,13200.0,49.543364571428626,49543.364571428625
ml,2025-10-21,milk,ml,107297.5,40000.0,55230.0,0.0,92067.5,65000.0,65000.0,0.0,3900.0,5.52405,5524.05
ml,2025-10-21,sugar,g,20565.661428571417,4000.0,3013.78,0.0,21551.881428571418,3000.0,6000.0,0.0,135.0,0.9698346642857137,969.8346642857138
ml,2025-10-21,chocolate_syrup,ml,5510.057142857134,2000.0,1185.6000000000001,0.0,6324.457142857134,2500.0,2500.0,0.0,750.0,1.8973371428571402,1897.3371428571402
ml,2025-10-21,tea_leaves,g,1528.411428571428,0.0,267.8,0.0,1260.611428571428,500.0,1500.0,0.0,300.0,0.7563668571428567,756.3668571428567
ml,2025-10-21,ice,g,56296.799999999974,14000.0,6652.8,3296.799999999974,60347.2,10000.0,10000.0,32.96799999999974,100.0,0.603472,603.472
ml,2025-10-21,croissant_dough,pcs,6.617142857142628,40.0,46.440000000000005,0.0,0.177142857142627,40.0,40.0,0.0,1800.0,0.007971428571418216,7.971428571418215
ml,2025-10-21,bread,pcs,0.21999999999958675,90.0,76.32000000000001,0.0,13.89999999999958,90.0,90.0,0.0,720.0,0.11119999999999663,111.19999999999663
ml,2025-10-21,cup_hot,pcs,2235.995714285714,0.0,394.49,0.0,1841.5057142857138,700.0,1900.0,0.0,2800.0,7.366022857142855,7366.022857142855
ml,2025-10-21,cup_cold,pcs,753.9585714285715,100.0,59.74,0.0,794.2185714285715,200.0,400.0,0.0,1000.0,3.9710928571428576,3971.0928571428576
ml,2025-10-22,coffee_beans,g,41286.13714285719,8000.0,5969.879999999999,0.0,43316.25714285718,8000.0,19000.0,0.0,9600.0,51.97950857142862,51979.50857142862
ml,2025-10-22,milk,ml,92067.5,65000.0,60375.0,0.0,96692.5,67000.0,67000.0,0.0,4020.0,5.801550000000001,5801.55
ml,2025-10-22,sugar,g,21551.881428571418,3000.0,3372.2200000000003,0.0,21179.661428571417,4000.0,7000.0,0.0,180.0,0.9530847642857138,953.0847642857137
ml,2025-10-22,chocolate_syrup,ml,6324.457142857134,0.0,1185.6000000000001,0.0,5138.857142857134,1000.0,3500.0,0.0,300.0,1.5416571428571402,1541.6571428571401
ml,2025-10-22,tea_leaves,g,1260.611428571428,1000.0,366.68,0.0,1893.931428571428,0.0,500.0,0.0,0.0,1.136358857142857,1136.3588571428568
ml,2025-10-22,ice,g,60347.2,10000.0,7084.800000000001,347.1999999999998,62915.2,8000.0,8000.0,3.471999999999998,80.0,0.6291519999999999,629.1519999999999
ml,2025-10-22,croissant_dough,pcs,0.177142857142627,40.0,39.96,0.0,0.21714285714262616,50.0,50.0,0.0,2250.0,0.009771428571418177,9.771428571418177
ml,2025-10-22,bread,pcs,13.89999999999958,90.0,48.760000000000005,0.0,55.139999999999574,90.0,90.0,0.0,720.0,0.4411199999999966,441.1199999999966
ml,2025-10-22,cup_hot,pcs,1841.5057142857138,600.0,400.67,0.0,2040.835714285714,500.0,1800.0,0.0,2000.0,8.163342857142856,8163.342857142856
ml,2025-10-22,cup_cold,pcs,794.2185714285715,0.0,61.8,0.0,732.4185714285715,0.0,400.0,0.0,0.0,3.662092857142857,3662.092857142857
ml,2025-10-23,coffee_beans,g,43316.25714285718,0.0,5339.52,0.0,37976.737142857186,8000.0,27000.0,0.0,9600.0,45.57208457142862,45572.08457142862
ml,2025-10-23,milk,ml,96692.5,67000.0,55660.5,0.0,108032.0,71000.0,71000.0,0.0,4260.0,6.481920000000001,6481.92
ml,2025-10-23,sugar,g,21179.661428571417,3000.0,3044.6800000000003,0.0,21134.981428571416,4000.0,8000.0,0.0,180.0,0.9510741642857137,951.0741642857137
ml,2025-10-23,chocolate_syrup,ml,5138.857142857134,2500.0,1310.4,0.0,6328.4571428571335,1500.0,2500.0,0.0,450.0,1.89853714285714,1898.53714285714
ml,2025-10-23,tea_leaves,g,1893.931428571428,0.0,271.92,0.0,1622.0114285714278,500.0,1000.0,0.0,300.0,0.9732068571428566,973.2068571428566
ml,2025-10-23,ice,g,62915.2,8000.0,7430.400000000001,4915.199999999999,58569.6,11000.0,11000.0,49.15199999999999,110.0,0.585696,585.696
ml,2025-10-23,croissant_dough,pcs,0.21714285714262616,50.0,48.6,0.0,1.6171428571426247,40.0,40.0,0.0,1800.0,0.07277142857141812,72.77142857141811
ml,2025-10-23,bread,pcs,55.139999999999574,90.0,53.0,0.0,92.13999999999957,50.0,50.0,0.0,400.0,0.7371199999999966,737.1199999999966
ml,2025-10-23,cup_hot,pcs,2040.835714285714,600.0,341.96000000000004,0.0,2298.875714285714,500.0,1700.0,0.0,2000.0,9.195502857142856,9195.502857142856
ml,2025-10-23,cup_cold,pcs,732.4185714285715,200.0,65.92,0.0,866.4985714285715,0.0,200.0,0.0,0.0,4.332492857142857,4332.492857142857
ml,2025-10-24,coffee_beans,g,37976.737142857186,11000.0,6266.52,0.0,42710.21714285718,7000.0,23000.0,0.0,8400.0,51.25226057142862,51252.26057142862
ml,2025-10-24,milk,ml,108032.0,71000.0,54663.0,0.0,124369.0,53000.0,53000.0,0.0,3180.0,7.46214,7462.139999999999
ml,2025-10-24,sugar,g,21134.981428571416,4000.0,3056.01,0.0,22078.971428571418,4000.0,8000.0,0.0,180.0,0.9935537142857138,993.5537142857138
ml,2025-10-24,chocolate_syrup,ml,6328.4571428571335,1000.0,686.4000000000001,0.0,6642.057142857134,1500.0,3000.0,0.0,450.0,1.9926171428571402,1992.6171428571402
ml,2025-10-24,tea_leaves,g,1622.0114285714278,500.0,226.6,0.0,1895.4114285714277,500.0,1000.0,0.0,300.0,1.1372468571428564,1137.2468571428565
ml,2025-10-24,ice,g,58569.6,11000.0,9914.400000000001,569.5999999999995,59085.6,9000.0,9000.0,5.695999999999994,90.0,0.590856,590.856
ml,2025-10-24,croissant_dough,pcs,1.6171428571426247,40.0,38.88,0.0,2.737142857142622,50.0,50.0,0.0,2250.0,0.12317142857141801,123.171428571418
ml,2025-10-24,bread,pcs,92.13999999999957,50.0,97.52000000000001,2.1399999999995742,42.47999999999999,70.0,70.0,17.119999999996594,560.0,0.3398399999999999,339.8399999999999
ml,2025-10-24,cup_hot,pcs,2298.875714285714,0.0,340.92999999999995,0.0,1957.9457142857138,0.0,1700.0,0.0,0.0,7.831782857142856,7831.782857142855
ml,2025-10-24,cup_cold,pcs,866.4985714285715,0.0,86.52000000000001,0.0,779.9785714285715,200.0,400.0,0.0,1000.0,3.899892857142858,3899.892857142858
ml,2025-10-25,coffee_beans,g,42710.21714285718,8000.0,6804.18,0.0,43906.03714285718,0.0,15000.0,0.0,0.0,52.687244571428614,52687.244571428615
ml,2025-10-25,milk,ml,124369.0,53000.0,63672.0,0.0,113697.0,48000.0,48000.0,0.0,2880.0,6.82182,6821.82
ml,2025-10-25,sugar,g,22078.971428571418,4000.0,3514.36,0.0,22564.611428571417,3000.0,7000.0,0.0,135.0,1.0154075142857137,1015.4075142857138
ml,2025-10-25,chocolate_syrup,ml,6642.057142857134,1500.0,780.0000000000001,0.0,7362.057142857133,0.0,1500.0,0.0,0.0,2.2086171428571397,2208.6171428571397
ml,2025-10-25,tea_leaves,g,1895.4114285714277,0.0,255.44,0.0,1639.9714285714279,0.0,1000.0,0.0,0.0,0.9839828571428567,983.9828571428567
ml,2025-10-25,ice,g,59085.6,9000.0,11404.800000000001,0.0,56680.8,11000.0,11000.0,0.0,110.0,0.566808,566.808
ml,2025-10-25,croissant_dough,pcs,2.737142857142622,50.0,51.84,0.0,0.8971428571426188,50.0,50.0,0.0,2250.0,0.040371428571417844,40.371428571417844
ml,2025-10-25,bread,pcs,42.47999999999999,70.0,53.0,0.0,59.47999999999999,110.0,110.0,0.0,880.0,0.47583999999999993,475.8399999999999
ml,2025-10-25,cup_hot,pcs,1957.9457142857138,700.0,368.74,0.0,2289.205714285714,700.0,1700.0,0.0,2800.0,9.156822857142856,9156.822857142855
ml,2025-10-25,cup_cold,pcs,779.9785714285715,200.0,98.88,0.0,881.0985714285715,0.0,200.0,0.0,0.0,4.405492857142858,4405.492857142857
ml,2025-10-26,coffee_beans,g,43906.03714285718,8000.0,6878.34,0.0,45027.697142857185,9000.0,16000.0,0.0,10800.0,54.033236571428624,54033.23657142862
ml,2025-10-26,milk,ml,113697.0,48000.0,62002.5,0.0,99694.5,54000.0,54000.0,0.0,3240.0,5.98167,5981.67
ml,2025-10-26,sugar,g,22564.611428571417,4000.0,3522.6000000000004,0.0,23042.011428571415,0.0,3000.0,0.0,0.0,1.0368905142857137,1036.8905142857136
ml,2025-10-26,chocolate_syrup,ml,7362.057142857133,1500.0,904.8000000000001,0.0,7957.257142857134,1000.0,1000.0,0.0,300.0,2.38717714285714,2387.17714285714
ml,2025-10-26,tea_leaves,g,1639.9714285714279,500.0,226.6,0.0,1913.3714285714277,0.0,500.0,0.0,0.0,1.1480228571428566,1148.0228571428565
ml,2025-10-26,ice,g,56680.8,11000.0,13694.400000000001,0.0,53986.399999999994,9000.0,9000.0,0.0,90.0,0.5398639999999999,539.8639999999999
ml,2025-10-26,croissant_dough,pcs,0.8971428571426188,50.0,49.68000000000001,0.0,1.217142857142612,40.0,40.0,0.0,1800.0,0.054771428571417535,54.77142857141754
ml,2025-10-26,bread,pcs,59.47999999999999,110.0,103.88000000000001,0.0,65.59999999999998,0.0,0.0,0.0,0.0,0.5247999999999998,524.7999999999998
ml,2025-10-26,cup_hot,pcs,2289.205714285714,500.0,348.14,0.0,2441.0657142857135,0.0,1200.0,0.0,0.0,9.764262857142855,9764.262857142854
ml,2025-10-26,cup_cold,pcs,881.0985714285715,0.0,120.51,0.0,760.5885714285714,0.0,200.0,0.0,0.0,3.802942857142857,3802.942857142857
ml,2025-10-27,coffee_beans,g,45027.697142857185,7000.0,5228.28,0.0,46799.417142857186,6000.0,15000.0,0.0,7200.0,56.15930057142862,56159.30057142862
ml,2025-10-27,milk,ml,99694.5,54000.0,49213.5,0.0,104481.0,57000.0,57000.0,0.0,3420.0,6.26886,6268.86
ml,2025-10-27,sugar,g,23042.011428571415,3000.0,2827.3500000000004,0.0,23214.661428571417,5000.0,5000.0,0.0,225.0,1.0446597642857136,1044.6597642857137
ml,2025-10-27,chocolate_syrup,ml,7957.257142857134,0.0,967.2,0.0,6990.057142857133,0.0,1000.0,0.0,0.0,2.09701714285714,2097.01714285714
ml,2025-10-27,tea_leaves,g,1913.3714285714277,500.0,304.88,0.0,2108.4914285714276,500.0,500.0,0.0,300.0,1.2650948571428564,1265.0948571428564
ml,2025-10-27,ice,g,53986.399999999994,9000.0,7236.000000000001,0.0,55750.399999999994,15000.0,15000.0,0.0,150.0,0.5575039999999999,557.5039999999999
ml,2025-10-27,croissant_dough,pcs,1.217142857142612,40.0,41.040000000000006,0.0,0.1771428571426057,40.0,40.0,0.0,1800.0,0.007971428571417256,7.971428571417256
ml,2025-10-27,bread,pcs,65.59999999999998,0.0,63.6,0.0,1.9999999999999787,100.0,100.0,0.0,800.0,0.01599999999999983,15.99999999999983
ml,2025-10-27,cup_hot,pcs,2441.0657142857135,500.0,335.7800000000001,0.0,2605.2857142857138,500.0,1200.0,0.0,2000.0,10.421142857142856,10421.142857142855
ml,2025-10-27,cup_cold,pcs,760.5885714285714,0.0,62.83,0.0,697.7585714285715,200.0,400.0,0.0,1000.0,3.4887928571428577,3488.7928571428574
ml,2025-10-28,coffee_beans,g,46799.417142857186,0.0,4783.32,0.0,42016.09714285718,0.0,15000.0,0.0,0.0,50.41931657142862,50419.316571428615
ml,2025-10-28,milk,ml,104481.0,57000.0,45181.5,0.0,116299.5,62000.0,62000.0,0.0,3720.0,6.977969999999999,6977.969999999999
ml,2025-10-28,sugar,g,23214.661428571417,0.0,2587.3599999999997,0.0,20627.301428571416,3000.0,8000.0,0.0,135.0,0.9282285642857137,928.2285642857137
ml,2025-10-28,chocolate_syrup,ml,6990.057142857133,1000.0,1497.6000000000001,0.0,6492.4571428571335,1500.0,1500.0,0.0,450.0,1.9477371428571402,1947.73714285714
ml,2025-10-28,tea_leaves,g,2108.4914285714276,0.0,284.28000000000003,0.0,1824.2114285714279,0.0,500.0,0.0,0.0,1.0945268571428568,1094.5268571428567
ml,2025-10-28,ice,g,55750.399999999994,15000.0,5918.400000000001,0.0,64832.0,7000.0,7000.0,0.0,70.0,0.6483200000000001,648.32
ml,2025-10-28,croissant_dough,pcs,0.1771428571426057,40.0,39.96,0.0,0.21714285714260484,40.0,40.0,0.0,1800.0,0.009771428571417218,9.771428571417218
ml,2025-10-28,bread,pcs,1.9999999999999787,100.0,97.52000000000001,1.9999999999999787,2.4799999999999898,80.0,80.0,15.99999999999983,640.0,0.01983999999999992,19.839999999999918
ml,2025-10-28,cup_hot,pcs,2605.2857142857138,0.0,332.69,0.0,2272.5957142857137,0.0,1200.0,0.0,0.0,9.090382857142854,9090.382857142855
ml,2025-10-28,cup_cold,pcs,697.7585714285715,200.0,53.56,0.0,844.1985714285715,0.0,200.0,0.0,0.0,4.220992857142857,4220.992857142857
ml,2025-10-29,coffee_beans,g,42016.09714285718,9000.0,6118.2,0.0,44897.89714285718,10000.0,16000.0,0.0,12000.0,53.87747657142862,53877.47657142862
ml,2025-10-29,milk,ml,116299.5,62000.0,49864.5,0.0,128435.0,56000.0,56000.0,0.0,3360.0,7.706099999999999,7706.099999999999
ml,2025-10-29,sugar,g,20627.301428571416,5000.0,2624.44,0.0,23002.861428571417,0.0,3000.0,0.0,0.0,1.0351287642857137,1035.1287642857137
ml,2025-10-29,chocolate_syrup,ml,6492.4571428571335,0.0,717.6,0.0,5774.857142857133,2000.0,3500.0,0.0,600.0,1.7324571428571398,1732.4571428571398
ml,2025-10-29,tea_leaves,g,1824.2114285714279,0.0,152.44,0.0,1671.7714285714278,500.0,1000.0,0.0,300.0,1.0030628571428566,1003.0628571428566
ml,2025-10-29,ice,g,64832.0,7000.0,8769.600000000002,1831.9999999999966,61230.399999999994,8000.0,8000.0,18.319999999999965,80.0,0.612304,612.304
ml,2025-10-29,croissant_dough,pcs,0.21714285714260484,40.0,36.72,0.0,3.497142857142606,50.0,50.0,0.0,2250.0,0.15737142857141725,157.37142857141725
ml,2025-10-29,bread,pcs,2.4799999999999898,80.0,80.56,0.0,1.9199999999999875,90.0,90.0,0.0,720.0,0.0153599999999999,15.3599999999999
ml,2025-10-29,cup_hot,pcs,2272.5957142857137,700.0,326.51000000000005,0.0,2646.0857142857135,700.0,1200.0,0.0,2800.0,10.584342857142854,10584.342857142854
ml,2025-10-29,cup_cold,pcs,844.1985714285715,0.0,75.19,0.0,769.0085714285715,200.0,400.0,0.0,1000.0,3.8450428571428574,3845.0428571428574
ml,2025-10-30,coffee_beans,g,44897.89714285718,6000.0,6563.16,0.0,44334.737142857186,6000.0,16000.0,0.0,7200.0,53.20168457142863,53201.684571428625
ml,2025-10-30,milk,ml,128435.0,56000.0,56479.5,0.0,127955.5,61000.0,61000.0,0.0,3660.0,7.67733,7677.33
ml,2025-10-30,sugar,g,23002.861428571417,3000.0,3140.4700000000003,0.0,22862.391428571416,5000.0,5000.0,0.0,225.0,1.0288076142857137,1028.8076142857137
ml,2025-10-30,chocolate_syrup,ml,5774.857142857133,1500.0,842.4000000000001,0.0,6432.457142857133,0.0,2000.0,0.0,0.0,1.9297371428571397,1929.7371428571396
ml,2025-10-30,tea_leaves,g,1671.7714285714278,500.0,267.8,0.0,1903.9714285714279,0.0,500.0,0.0,0.0,1.1423828571428567,1142.3828571428567
ml,2025-10-30,ice,g,61230.399999999994,8000.0,9612.0,0.0,59618.399999999994,9000.0,9000.0,0.0,90.0,0.5961839999999999,596.184
ml,2025-10-30,croissant_dough,pcs,3.497142857142606,50.0,46.440000000000005,0.0,7.057142857142601,50.0,50.0,0.0,2250.0,0.31757142857141707,317.5714285714171
ml,2025-10-30,bread,pcs,1.9199999999999875,90.0,86.92,0.0,4.999999999999986,90.0,90.0,0.0,720.0,0.03999999999999989,39.999999999999886
ml,2025-10-30,cup_hot,pcs,2646.0857142857135,0.0,375.95,0.0,2270.1357142857137,0.0,1200.0,0.0,0.0,9.080542857142856,9080.542857142855
ml,2025-10-30,cup_cold,pcs,769.0085714285715,0.0,83.43,0.0,685.5785714285714,0.0,400.0,0.0,0.0,3.427892857142857,3427.892857142857
ml,2025-10-31,coffee_beans,g,44334.737142857186,0.0,7378.92,0.0,36955.81714285719,7000.0,23000.0,0.0,8400.0,44.34698057142863,44346.98057142863
ml,2025-10-31,milk,ml,127955.5,61000.0,68124.0,0.0,120831.5,53000.0,53000.0,0.0,3180.0,7.24989,7249.889999999999
ml,2025-10-31,sugar,g,22862.391428571416,0.0,3763.62,0.0,19098.771428571417,4000.0,9000.0,0.0,180.0,0.8594447142857138,859.4447142857138
ml,2025-10-31,chocolate_syrup,ml,6432.457142857133,2000.0,904.8000000000001,0.0,7527.657142857133,2000.0,2000.0,0.0,600.0,2.25829714285714,2258.29714285714
ml,2025-10-31,tea_leaves,g,1903.9714285714279,0.0,201.88,0.0,1702.0914285714277,500.0,1000.0,0.0,300.0,1.0212548571428566,1021.2548571428566
ml,2025-10-31,ice,g,59618.399999999994,9000.0,15120.000000000002,618.3999999999969,52880.0,9000.0,9000.0,6.183999999999969,90.0,0.5287999999999999,528.8
ml,2025-10-31,croissant_dough,pcs,7.057142857142601,50.0,46.440000000000005,0.0,10.617142857142596,40.0,40.0,0.0,1800.0,0.47777142857141686,477.77142857141683
ml,2025-10-31,bread,pcs,4.999999999999986,90.0,86.92,0.0,8.079999999999984,100.0,100.0,0.0,800.0,0.06463999999999988,64.63999999999987
ml,2025-10-31,cup_hot,pcs,2270.1357142857137,500.0,359.47,0.0,2410.6657142857134,700.0,1400.0,0.0,2800.0,9.642662857142854,9642.662857142854
ml,2025-10-31,cup_cold,pcs,685.5785714285714,200.0,130.81,0.0,754.7685714285715,0.0,200.0,0.0,0.0,3.7738428571428577,3773.8428571428576
ml,2025-11-01,coffee_beans,g,36955.81714285719,10000.0,8472.779999999999,0.0,38483.03714285718,6000.0,19000.0,0.0,7200.0,46.17964457142862,46179.64457142862
ml,2025-11-01,milk,ml,120831.5,53000.0,80650.5,0.0,93181.0,53000.0,53000.0,0.0,3180.0,5.59086,5590.86
ml,2025-11-01,sugar,g,19098.771428571417,5000.0,4437.24,0.0,19661.531428571416,3000.0,7000.0,0.0,135.0,0.8847689142857137,884.7689142857137
ml,2025-11-01,chocolate_syrup,ml,7527.657142857133,0.0,1310.4,0.0,6217.257142857133,0.0,2000.0,0.0,0.0,1.8651771428571398,1865.1771428571396
ml,2025-11-01,tea_leaves,g,1702.0914285714277,500.0,346.08,0.0,1856.0114285714278,0.0,500.0,0.0,0.0,1.1136068571428566,1113.6068571428566
ml,2025-11-01,ice,g,52880.0,9000.0,12182.400000000001,0.0,49697.6,13000.0,13000.0,0.0,130.0,0.49697600000000003,496.976
ml,2025-11-01,croissant_dough,pcs,10.617142857142596,40.0,49.68000000000001,0.0,0.9371428571425895,50.0,50.0,0.0,2250.0,0.04217142857141653,42.17142857141653
ml,2025-11-01,bread,pcs,8.079999999999984,100.0,106.0,0.0,2.079999999999984,90.0,90.0,0.0,720.0,0.016639999999999874,16.639999999999873
ml,2025-11-01,cup_hot,pcs,2410.6657142857134,0.0,492.34000000000003,0.0,1918.3257142857137,0.0,1400.0,0.0,0.0,7.673302857142855,7673.302857142855
ml,2025-11-01,cup_cold,pcs,754.7685714285715,0.0,108.15,0.0,646.6185714285715,200.0,400.0,0.0,1000.0,3.2330928571428577,3233.0928571428576
ml,2025-11-02,coffee_beans,g,38483.03714285718,6000.0,8732.34,0.0,35750.697142857185,8000.0,21000.0,0.0,9600.0,42.90083657142862,42900.83657142862
ml,2025-11-02,milk,ml,93181.0,53000.0,75684.0,0.0,70497.0,67000.0,67000.0,0.0,4020.0,4.22982,4229.82
ml,2025-11-02,sugar,g,19661.531428571416,4000.0,4248.75,0.0,19412.781428571416,4000.0,7000.0,0.0,180.0,0.8735751642857137,873.5751642857136
ml,2025-11-02,chocolate_syrup,ml,6217.257142857133,2000.0,936.0000000000001,0.0,7281.257142857133,1500.0,1500.0,0.0,450.0,2.18437714285714,2184.37714285714
ml,2025-11-02,tea_leaves,g,1856.0114285714278,0.0,251.32,0.0,1604.6914285714279,500.0,1000.0,0.0,300.0,0.9628148571428568,962.8148571428567
ml,2025-11-02,ice,g,49697.6,13000.0,14709.600000000002,0.0,47988.0,12000.0,12000.0,0.0,120.0,0.47988000000000003,479.88
ml,2025-11-02,croissant_dough,pcs,0.9371428571425895,50.0,50.760000000000005,0.0,0.17714285714258438,40.0,40.0,0.0,1800.0,0.007971428571416297,7.971428571416297
ml,2025-11-02,bread,pcs,2.079999999999984,90.0,91.16000000000001,0.0,0.9199999999999733,90.0,90.0,0.0,720.0,0.007359999999999787,7.359999999999786
ml,2025-11-02,cup_hot,pcs,1918.3257142857137,700.0,447.0199999999999,0.0,2171.3057142857137,700.0,1400.0,0.0,2800.0,8.685222857142856,8685.222857142855
ml,2025-11-02,cup_cold,pcs,646.6185714285715,200.0,131.84,0.0,714.7785714285715,0.0,200.0,0.0,0.0,3.5738928571428574,3573.8928571428573
ml,2025-11-03,coffee_beans,g,35750.697142857185,7000.0,6062.58,0.0,36688.11714285719,7000.0,21000.0,0.0,8400.0,44.02574057142863,44025.74057142863
ml,2025-11-03,milk,ml,70497.0,67000.0,49108.5,0.0,88388.5,66000.0,66000.0,0.0,3960.0,5.30331,5303.3099999999995
ml,2025-11-03,sugar,g,19412.781428571416,3000.0,2875.76,0.0,19537.021428571417,3000.0,7000.0,0.0,135.0,0.8791659642857137,879.1659642857137
ml,2025-11-03,chocolate_syrup,ml,7281.257142857133,0.0,842.4000000000001,0.0,6438.857142857132,1000.0,2500.0,0.0,300.0,1.9316571428571396,1931.6571428571397
ml,2025-11-03,tea_leaves,g,1604.6914285714279,500.0,185.4,0.0,1919.2914285714278,0.0,500.0,0.0,0.0,1.1515748571428568,1151.5748571428567
ml,2025-11-03,ice,g,47988.0,12000.0,9201.6,0.0,50786.399999999994,15000.0,15000.0,0.0,150.0,0.507864,507.864
ml,2025-11-03,croissant_dough,pcs,0.17714285714258438,40.0,24.840000000000003,0.0,15.337142857142581,40.0,40.0,0.0,1800.0,0.6901714285714162,690.1714285714162
ml,2025-11-03,bread,pcs,0.9199999999999733,90.0,48.760000000000005,0.0,42.15999999999997,80.0,80.0,0.0,640.0,0.33727999999999975,337.27999999999975
ml,2025-11-03,cup_hot,pcs,2171.3057142857137,0.0,326.51000000000005,0.0,1844.7957142857135,400.0,1800.0,0.0,1600.0,7.379182857142855,7379.182857142854
ml,2025-11-03,cup_cold,pcs,714.7785714285715,0.0,84.46000000000001,0.0,630.3185714285714,200.0,400.0,0.0,1000.0,3.151592857142857,3151.592857142857
ml,2025-11-04,coffee_beans,g,36688.11714285719,6000.0,6247.98,0.0,36440.13714285719,6000.0,21000.0,0.0,7200.0,43.72816457142862,43728.16457142862
ml,2025-11-04,milk,ml,88388.5,66000.0,53224.5,0.0,101164.0,50000.0,50000.0,0.0,3000.0,6.06984,6069.84
ml,2025-11-04,sugar,g,19537.021428571417,4000.0,3019.96,0.0,20517.061428571415,3000.0,6000.0,0.0,135.0,0.9232677642857137,923.2677642857136
ml,2025-11-04,chocolate_syrup,ml,6438.857142857132,1500.0,468.00000000000006,0.0,7470.857142857132,0.0,1000.0,0.0,0.0,2.2412571428571395,2241.2571428571396
ml,2025-11-04,tea_leaves,g,1919.2914285714278,0.0,263.68,0.0,1655.6114285714277,500.0,1000.0,0.0,300.0,0.9933668571428567,993.3668571428566
ml,2025-11-04,ice,g,50786.399999999994,15000.0,9244.800000000001,0.0,56541.59999999999,9000.0,9000.0,0.0,90.0,0.5654159999999999,565.4159999999999
ml,2025-11-04,croissant_dough,pcs,15.337142857142581,40.0,28.080000000000002,0.0,27.25714285714258,20.0,20.0,0.0,900.0,1.2265714285714162,1226.5714285714162
ml,2025-11-04,bread,pcs,42.15999999999997,80.0,78.44,0.0,43.71999999999997,40.0,40.0,0.0,320.0,0.3497599999999998,349.75999999999976
ml,2025-11-04,cup_hot,pcs,1844.7957142857135,700.0,347.11,0.0,2197.6857142857134,0.0,1100.0,0.0,0.0,8.790742857142854,8790.742857142854
ml,2025-11-04,cup_cold,pcs,630.3185714285714,0.0,81.37,0.0,548.9485714285714,100.0,500.0,0.0,500.0,2.744742857142857,2744.7428571428572
ml,2025-11-05,coffee_beans,g,36440.13714285719,8000.0,5784.48,0.0,38655.65714285719,7000.0,20000.0,0.0,8400.0,46.38678857142863,46386.78857142863
ml,2025-11-05,milk,ml,101164.0,50000.0,60585.0,0.0,90579.0,64000.0,64000.0,0.0,3840.0,5.43474,5434.74
ml,2025-11-05,sugar,g,20517.061428571415,3000.0,3613.2400000000002,0.0,19903.821428571417,3000.0,6000.0,0.0,135.0,0.8956719642857137,895.6719642857137
ml,2025-11-05,chocolate_syrup,ml,7470.857142857132,1000.0,1154.4,0.0,7316.457142857133,1500.0,1500.0,0.0,450.0,2.19493714285714,2194.93714285714
ml,2025-11-05,tea_leaves,g,1655.6114285714277,500.0,416.12,0.0,1739.4914285714278,0.0,500.0,0.0,0.0,1.0436948571428566,1043.6948571428566
ml,2025-11-05,ice,g,56541.59999999999,9000.0,11707.2,0.0,53834.399999999994,10000.0,10000.0,0.0,100.0,0.5383439999999999,538.3439999999999
ml,2025-11-05,croissant_dough,pcs,27.25714285714258,20.0,34.56,0.0,12.697142857142577,30.0,30.0,0.0,1350.0,0.571371428571416,571.371428571416
ml,2025-11-05,bread,pcs,43.71999999999997,40.0,82.68,0.0,1.0399999999999636,70.0,70.0,0.0,560.0,0.00831999999999971,8.319999999999709
ml,2025-11-05,cup_hot,pcs,2197.6857142857134,0.0,361.53,0.0,1836.1557142857137,800.0,1900.0,0.0,3200.0,7.344622857142855,7344.622857142855
ml,2025-11-05,cup_cold,pcs,548.9485714285714,200.0,101.97,0.0,646.9785714285715,200.0,500.0,0.0,1000.0,3.234892857142858,3234.892857142858
ml,2025-11-06,coffee_beans,g,38655.65714285719,7000.0,4264.2,0.0,41391.45714285719,8000.0,21000.0,0.0,9600.0,49.66974857142863,49669.74857142862
ml,2025-11-06,milk,ml,90579.0,64000.0,49182.0,0.0,105397.0,72000.0,72000.0,0.0,4320.0,6.3238199999999996,6323.82
ml,2025-11-06,sugar,g,19903.821428571417,3000.0,2776.88,0.0,20126.941428571416,5000.0,8000.0,0.0,225.0,0.9057123642857137,905.7123642857136
ml,2025-11-06,chocolate_syrup,ml,7316.457142857133,0.0,1809.6000000000001,0.0,5506.857142857132,1000.0,2500.0,0.0,300.0,1.6520571428571396,1652.0571428571395
ml,2025-11-06,tea_leaves,g,1739.4914285714278,0.0,333.72,0.0,1405.7714285714278,1000.0,1500.0,0.0,600.0,0.8434628571428567,843.4628571428567
ml,2025-11-06,ice,g,53834.399999999994,10000.0,6609.6,0.0,57224.799999999996,11000.0,11000.0,0.0,110.0,0.572248,572.2479999999999
ml,2025-11-06,croissant_dough,pcs,12.697142857142577,30.0,42.120000000000005,0.0,0.5771428571425723,40.0,40.0,0.0,1800.0,0.025971428571415753,25.971428571415753
ml,2025-11-06,bread,pcs,1.0399999999999636,70.0,61.480000000000004,0.0,9.55999999999996,80.0,80.0,0.0,640.0,0.07647999999999967,76.47999999999968
ml,2025-11-06,cup_hot,pcs,1836.1557142857137,700.0,321.36,0.0,2214.7957142857135,400.0,1600.0,0.0,1600.0,8.859182857142855,8859.182857142854
ml,2025-11-06,cup_cold,pcs,646.9785714285715,0.0,58.709999999999994,0.0,588.2685714285715,0.0,500.0,0.0,0.0,2.9413428571428577,2941.3428571428576
ml,2025-11-07,coffee_beans,g,41391.45714285719,6000.0,7582.86,0.0,39808.597142857194,0.0,15000.0,0.0,0.0,47.77031657142863,47770.31657142863
ml,2025-11-07,milk,ml,105397.0,72000.0,73101.0,0.0,104296.0,44000.0,44000.0,0.0,2640.0,6.25776,6257.76
ml,2025-11-07,sugar,g,20126.941428571416,3000.0,3994.34,0.0,19132.601428571415,3000.0,8000.0,0.0,135.0,0.8609670642857138,860.9670642857137
ml,2025-11-07,chocolate_syrup,ml,5506.857142857132,1500.0,1622.4,0.0,5384.457142857133,2000.0,3000.0,0.0,600.0,1.6153371428571397,1615.3371428571397
ml,2025-11-07,tea_leaves,g,1405.7714285714278,500.0,333.72,0.0,1572.0514285714278,0.0,1000.0,0.0,0.0,0.9432308571428566,943.2308571428566
ml,2025-11-07,ice,g,57224.799999999996,11000.0,12009.600000000002,0.0,56215.2,8000.0,8000.0,0.0,80.0,0.562152,562.1519999999999
ml,2025-11-07,croissant_dough,pcs,0.5771428571425723,40.0,39.96,0.0,0.6171428571425679,50.0,50.0,0.0,2250.0,0.027771428571415555,27.771428571415555
ml,2025-11-07,bread,pcs,9.55999999999996,80.0,84.80000000000001,0.0,4.759999999999948,90.0,90.0,0.0,720.0,0.038079999999999586,38.079999999999586
ml,2025-11-07,cup_hot,pcs,2214.7957142857135,400.0,454.23,0.0,2160.5657142857135,0.0,1200.0,0.0,0.0,8.642262857142855,8642.262857142854
ml,2025-11-07,cup_cold,pcs,588.2685714285715,200.0,104.03,0.0,684.2385714285715,0.0,300.0,0.0,0.0,3.4211928571428576,3421.1928571428575
ml,2025-11-08,coffee_beans,g,39808.597142857194,7000.0,6933.96,0.0,39874.63714285719,12000.0,20000.0,0.0,14400.0,47.84956457142862,47849.56457142862
ml,2025-11-08,milk,ml,104296.0,44000.0,65205.0,0.0,83091.0,73000.0,73000.0,0.0,4380.0,4.98546,4985.46
ml,2025-11-08,sugar,g,19132.601428571415,5000.0,3454.6200000000003,0.0,20677.981428571416,5000.0,8000.0,0.0,225.0,0.9305091642857137,930.5091642857137
ml,2025-11-08,chocolate_syrup,ml,5384.457142857133,1000.0,1435.2,0.0,4949.257142857132,1500.0,3500.0,0.0,450.0,1.4847771428571397,1484.7771428571396
ml,2025-11-08,tea_leaves,g,1572.0514285714278,0.0,218.36,0.0,1353.6914285714277,500.0,1500.0,0.0,300.0,0.8122148571428566,812.2148571428565
ml,2025-11-08,ice,g,56215.2,8000.0,13305.600000000002,0.0,50909.59999999999,14000.0,14000.0,0.0,140.0,0.509096,509.09599999999995
ml,2025-11-08,croissant_dough,pcs,0.6171428571425679,50.0,49.68000000000001,0.0,0.9371428571425611,50.0,50.0,0.0,2250.0,0.04217142857141525,42.17142857141525
ml,2025-11-08,bread,pcs,4.759999999999948,90.0,55.120000000000005,0.0,39.639999999999944,90.0,90.0,0.0,720.0,0.31711999999999957,317.11999999999955
ml,2025-11-08,cup_hot,pcs,2160.5657142857135,0.0,373.89,0.0,1786.6757142857136,700.0,1900.0,0.0,2800.0,7.146702857142855,7146.702857142855
ml,2025-11-08,cup_cold,pcs,684.2385714285715,100.0,113.30000000000001,0.0,670.9385714285714,200.0,400.0,0.0,1000.0,3.354692857142857,3354.692857142857
ml,2025-11-09,coffee_beans,g,39874.63714285719,8000.0,7860.960000000001,0.0,40013.67714285719,6000.0,18000.0,0.0,7200.0,48.01641257142863,48016.41257142863
ml,2025-11-09,milk,ml,83091.0,73000.0,68659.5,0.0,87431.5,55000.0,55000.0,0.0,3300.0,5.245889999999999,5245.889999999999
ml,2025-11-09,sugar,g,20677.981428571416,3000.0,3865.59,0.0,19812.391428571413,0.0,5000.0,0.0,0.0,0.8915576142857136,891.5576142857135
ml,2025-11-09,chocolate_syrup,ml,4949.257142857132,2000.0,1653.6000000000001,0.0,5295.657142857132,1500.0,3000.0,0.0,450.0,1.5886971428571397,1588.6971428571396
ml,2025-11-09,tea_leaves,g,1353.6914285714277,1000.0,288.40000000000003,0.0,2065.291428571428,0.0,500.0,0.0,0.0,1.2391748571428567,1239.1748571428566
ml,2025-11-09,ice,g,50909.59999999999,14000.0,12765.600000000002,0.0,52143.999999999985,12000.0,12000.0,0.0,120.0,0.5214399999999998,521.4399999999998
ml,2025-11-09,croissant_dough,pcs,0.9371428571425611,50.0,50.760000000000005,0.0,0.17714285714255595,40.0,40.0,0.0,1800.0,0.007971428571415019,7.971428571415018
ml,2025-11-09,bread,pcs,39.639999999999944,90.0,78.44,0.0,51.199999999999946,40.0,40.0,0.0,320.0,0.4095999999999996,409.59999999999957
ml,2025-11-09,cup_hot,pcs,1786.6757142857136,800.0,450.11,0.0,2136.5657142857135,400.0,1500.0,0.0,1600.0,8.546262857142855,8546.262857142854
ml,2025-11-09,cup_cold,pcs,670.9385714285714,200.0,113.30000000000001,0.0,757.6385714285714,200.0,400.0,0.0,1000.0,3.788192857142857,3788.192857142857
ml,2025-11-10,coffee_beans,g,40013.67714285719,0.0,5932.799999999999,0.0,34080.87714285719,8000.0,26000.0,0.0,9600.0,40.89705257142863,40897.05257142863
ml,2025-11-10,milk,ml,87431.5,55000.0,52710.0,0.0,89721.5,63000.0,63000.0,0.0,3780.0,5.38329,5383.29
ml,2025-11-10,sugar,g,19812.391428571413,5000.0,3149.74,0.0,21662.651428571415,6000.0,6000.0,0.0,270.0,0.9748193142857137,974.8193142857136
ml,2025-11-10,chocolate_syrup,ml,5295.657142857132,1500.0,686.4000000000001,0.0,6109.257142857132,1500.0,3000.0,0.0,450.0,1.8327771428571396,1832.7771428571396
ml,2025-11-10,tea_leaves,g,2065.291428571428,0.0,276.04,0.0,1789.2514285714276,0.0,500.0,0.0,0.0,1.0735508571428565,1073.5508571428566
ml,2025-11-10,ice,g,52143.999999999985,12000.0,11491.2,0.0,52652.79999999999,14000.0,14000.0,0.0,140.0,0.5265279999999999,526.5279999999999
ml,2025-11-10,croissant_dough,pcs,0.17714285714255595,40.0,35.64,0.0,4.537142857142555,40.0,40.0,0.0,1800.0,0.204171428571415,204.171428571415
ml,2025-11-10,bread,pcs,51.199999999999946,40.0,91.16000000000001,0.0,0.0399999999999352,70.0,70.0,0.0,560.0,0.0003199999999994816,0.3199999999994816
ml,2025-11-10,cup_hot,pcs,2136.5657142857135,400.0,318.27000000000004,0.0,2218.2957142857135,400.0,1500.0,0.0,1600.0,8.873182857142854,8873.182857142854
ml,2025-11-10,cup_cold,pcs,757.6385714285714,0.0,103.0,0.0,654.6385714285714,0.0,400.0,0.0,0.0,3.273192857142857,3273.192857142857
ml,2025-11-11,coffee_beans,g,34080.87714285719,12000.0,5840.1,0.0,40240.77714285719,6000.0,20000.0,0.0,7200.0,48.288932571428624,48288.932571428624
ml,2025-11-11,milk,ml,89721.5,63000.0,53056.5,0.0,99665.0,65000.0,65000.0,0.0,3900.0,5.9799,5979.9
ml,2025-11-11,sugar,g,21662.651428571415,0.0,2994.21,0.0,18668.441428571416,4000.0,10000.0,0.0,180.0,0.8400798642857137,840.0798642857137
ml,2025-11-11,chocolate_syrup,ml,6109.257142857132,1500.0,811.2,0.0,6798.057142857132,0.0,1500.0,0.0,0.0,2.0394171428571393,2039.4171428571394
ml,2025-11-11,tea_leaves,g,1789.2514285714276,500.0,210.12,0.0,2079.131428571428,500.0,500.0,0.0,300.0,1.2474788571428568,1247.4788571428567
ml,2025-11-11,ice,g,52652.79999999999,14000.0,10519.2,0.0,56133.59999999999,12000.0,12000.0,0.0,120.0,0.561336,561.3359999999999
ml,2025-11-11,croissant_dough,pcs,4.537142857142555,40.0,44.28,0.0,0.25714285714255425,40.0,40.0,0.0,1800.0,0.011571428571414941,11.571428571414941
ml,2025-11-11,bread,pcs,0.0399999999999352,70.0,69.96000000000001,0.0,0.07999999999992724,80.0,80.0,0.0,640.0,0.0006399999999994179,0.6399999999994179
ml,2025-11-11,cup_hot,pcs,2218.2957142857135,0.0,311.06000000000006,0.0,1907.2357142857136,0.0,1500.0,0.0,0.0,7.628942857142855,7628.942857142854
ml,2025-11-11,cup_cold,pcs,654.6385714285714,0.0,92.7,0.0,561.9385714285713,200.0,600.0,0.0,1000.0,2.8096928571428568,2809.6928571428566
ml,2025-11-12,coffee_beans,g,40240.77714285719,6000.0,6118.2,0.0,40122.57714285719,7000.0,21000.0,0.0,8400.0,48.14709257142863,48147.09257142863
ml,2025-11-12,milk,ml,99665.0,65000.0,51618.0,0.0,113047.0,66000.0,66000.0,0.0,3960.0,6.78282,6782.82
ml,2025-11-12,sugar,g,18668.441428571416,6000.0,2927.26,0.0,21741.181428571414,3000.0,7000.0,0.0,135.0,0.9783531642857136,978.3531642857135
ml,2025-11-12,chocolate_syrup,ml,6798.057142857132,1500.0,1092.0,0.0,7206.057142857132,1500.0,1500.0,0.0,450.0,2.1618171428571396,2161.8171428571395
ml,2025-11-12,tea_leaves,g,2079.131428571428,0.0,214.24,0.0,1864.8914285714277,0.0,500.0,0.0,0.0,1.1189348571428566,1118.9348571428566
ml,2025-11-12,ice,g,56133.59999999999,12000.0,9979.2,0.0,58154.39999999999,13000.0,13000.0,0.0,130.0,0.5815439999999998,581.5439999999999
ml,2025-11-12,croissant_dough,pcs,0.25714285714255425,40.0,38.88,0.0,1.3771428571425517,40.0,40.0,0.0,1800.0,0.06197142857141483,61.971428571414826
ml,2025-11-12,bread,pcs,0.07999999999992724,80.0,61.480000000000004,0.0,18.599999999999923,80.0,80.0,0.0,640.0,0.14879999999999938,148.7999999999994
ml,2025-11-12,cup_hot,pcs,1907.2357142857136,700.0,340.93,0.0,2266.3057142857133,700.0,1500.0,0.0,2800.0,9.065222857142853,9065.222857142853
ml,2025-11-12,cup_cold,pcs,561.9385714285713,200.0,88.58000000000001,0.0,673.3585714285714,0.0,400.0,0.0,0.0,3.366792857142857,3366.792857142857
ml,2025-11-13,coffee_beans,g,40122.57714285719,8000.0,5951.34,0.0,42171.23714285719,7000.0,20000.0,0.0,8400.0,50.605484571428626,50605.48457142863
ml,2025-11-13,milk,ml,113047.0,66000.0,55314.0,0.0,123733.0,62000.0,62000.0,0.0,3720.0,7.423979999999999,7423.98
ml,2025-11-13,sugar,g,21741.181428571414,4000.0,3276.4300000000003,0.0,22464.751428571413,3000.0,6000.0,0.0,135.0,1.0109138142857135,1010.9138142857136
ml,2025-11-13,chocolate_syrup,ml,7206.057142857132,0.0,655.2,0.0,6550.857142857132,1000.0,2500.0,0.0,300.0,1.9652571428571397,1965.2571428571396
ml,2025-11-13,tea_leaves,g,1864.8914285714277,0.0,346.08,0.0,1518.8114285714278,500.0,1000.0,0.0,300.0,0.9112868571428567,911.2868571428567
ml,2025-11-13,ice,g,58154.39999999999,13000.0,10519.2,0.0,60635.19999999998,11000.0,11000.0,0.0,110.0,0.6063519999999999,606.3519999999999
ml,2025-11-13,croissant_dough,pcs,1.3771428571425517,40.0,28.080000000000002,0.0,13.29714285714255,50.0,50.0,0.0,2250.0,0.5983714285714148,598.3714285714148
ml,2025-11-13,bread,pcs,18.599999999999923,80.0,53.0,0.0,45.59999999999992,80.0,80.0,0.0,640.0,0.3647999999999994,364.7999999999994
ml,2025-11-13,cup_hot,pcs,2266.3057142857133,400.0,347.11,0.0,2319.1957142857136,400.0,1500.0,0.0,1600.0,9.276782857142855,9276.782857142854
ml,2025-11-13,cup_cold,pcs,673.3585714285714,200.0,91.67,0.0,781.6885714285714,200.0,400.0,0.0,1000.0,3.908442857142857,3908.442857142857
ml,2025-11-14,coffee_beans,g,42171.23714285719,6000.0,7082.28,0.0,41088.957142857194,8000.0,22000.0,0.0,9600.0,49.306748571428635,49306.74857142863
ml,2025-11-14,milk,ml,123733.0,62000.0,68281.5,0.0,117451.5,51000.0,51000.0,0.0,3060.0,7.04709,7047.09
ml,2025-11-14,sugar,g,22464.751428571413,3000.0,3942.8400000000006,0.0,21521.911428571413,4000.0,7000.0,0.0,180.0,0.9684860142857136,968.4860142857135
ml,2025-11-14,chocolate_syrup,ml,6550.857142857132,1500.0,1341.6000000000001,0.0,6709.257142857132,1000.0,2000.0,0.0,300.0,2.0127771428571397,2012.7771428571396
ml,2025-11-14,tea_leaves,g,1518.8114285714278,500.0,309.0,0.0,1709.8114285714278,500.0,1000.0,0.0,300.0,1.0258868571428565,1025.8868571428566
ml,2025-11-14,ice,g,60635.19999999998,11000.0,13694.400000000001,0.0,57940.79999999999,11000.0,11000.0,0.0,110.0,0.5794079999999999,579.4079999999999
ml,2025-11-14,croissant_dough,pcs,13.29714285714255,50.0,32.400000000000006,0.0,30.897142857142544,40.0,40.0,0.0,1800.0,1.3903714285714146,1390.3714285714145
ml,2025-11-14,bread,pcs,45.59999999999992,80.0,106.0,0.0,19.599999999999923,60.0,60.0,0.0,480.0,0.15679999999999938,156.7999999999994
ml,2025-11-14,cup_hot,pcs,2319.1957142857136,400.0,391.4,0.0,2327.795714285713,0.0,1100.0,0.0,0.0,9.311182857142853,9311.182857142852
ml,2025-11-14,cup_cold,pcs,781.6885714285714,0.0,123.6,0.0,658.0885714285714,0.0,400.0,0.0,0.0,3.2904428571428572,3290.442857142857
ml,2025-11-15,coffee_beans,g,41088.957142857194,7000.0,7434.539999999999,0.0,40654.41714285719,6000.0,21000.0,0.0,7200.0,48.785300571428635,48785.300571428634
ml,2025-11-15,milk,ml,117451.5,51000.0,69247.5,0.0,99204.0,63000.0,63000.0,0.0,3780.0,5.95224,5952.24
ml,2025-11-15,sugar,g,21521.911428571413,3000.0,3993.3100000000004,0.0,20528.60142857141,4000.0,8000.0,0.0,180.0,0.9237870642857136,923.7870642857135
ml,2025-11-15,chocolate_syrup,ml,6709.257142857132,1000.0,998.4000000000001,0.0,6710.857142857132,1500.0,2500.0,0.0,450.0,2.0132571428571397,2013.2571428571396
ml,2025-11-15,tea_leaves,g,1709.8114285714278,0.0,333.72,0.0,1376.0914285714275,0.0,1000.0,0.0,0.0,0.8256548571428565,825.6548571428565
ml,2025-11-15,ice,g,57940.79999999999,11000.0,15919.2,0.0,53021.599999999984,13000.0,13000.0,0.0,130.0,0.5302159999999999,530.2159999999999
ml,2025-11-15,croissant_dough,pcs,30.897142857142544,40.0,70.2,0.0,0.6971428571425378,30.0,30.0,0.0,1350.0,0.0313714285714142,31.3714285714142
ml,2025-11-15,bread,pcs,19.599999999999923,60.0,65.72,0.0,13.879999999999924,100.0,100.0,0.0,800.0,0.1110399999999994,111.0399999999994
ml,2025-11-15,cup_hot,pcs,2327.795714285713,0.0,391.40000000000003,0.0,1936.3957142857134,700.0,1800.0,0.0,2800.0,7.745582857142854,7745.582857142854
ml,2025-11-15,cup_cold,pcs,658.0885714285714,200.0,138.02,0.0,720.0685714285714,200.0,400.0,0.0,1000.0,3.600342857142857,3600.342857142857
ml,2025-11-16,coffee_beans,g,40654.41714285719,7000.0,7341.84,0.0,40312.57714285719,6000.0,20000.0,0.0,7200.0,48.37509257142863,48375.09257142863
ml,2025-11-16,milk,ml,99204.0,63000.0,73017.0,0.0,89187.0,58000.0,58000.0,0.0,3480.0,5.3512200000000005,5351.22
ml,2025-11-16,sugar,g,20528.60142857141,4000.0,4129.27,0.0,20399.331428571415,3000.0,7000.0,0.0,135.0,0.9179699142857137,917.9699142857137
ml,2025-11-16,chocolate_syrup,ml,6710.857142857132,1000.0,1404.0000000000002,0.0,6306.857142857131,0.0,1500.0,0.0,0.0,1.8920571428571393,1892.0571428571393
ml,2025-11-16,tea_leaves,g,1376.0914285714275,500.0,288.40000000000003,0.0,1587.6914285714277,500.0,1000.0,0.0,300.0,0.9526148571428565,952.6148571428565
ml,2025-11-16,ice,g,53021.599999999984,13000.0,16912.800000000003,0.0,49108.79999999998,15000.0,15000.0,0.0,150.0,0.4910879999999998,491.0879999999998
ml,2025-11-16,croissant_dough,pcs,0.6971428571425378,30.0,30.240000000000002,0.0,0.4571428571425358,40.0,40.0,0.0,1800.0,0.02057142857141411,20.57142857141411
ml,2025-11-16,bread,pcs,13.879999999999924,100.0,112.36,0.0,1.519999999999925,60.0,60.0,0.0,480.0,0.0121599999999994,12.1599999999994
ml,2025-11-16,cup_hot,pcs,1936.3957142857134,700.0,378.01000000000005,0.0,2258.385714285713,0.0,1100.0,0.0,0.0,9.033542857142853,9033.542857142853
ml,2025-11-16,cup_cold,pcs,720.0685714285714,0.0,148.32,0.0,571.7485714285714,0.0,400.0,0.0,0.0,2.858742857142857,2858.742857142857
ml,2025-11-17,coffee_beans,g,40312.57714285719,8000.0,5895.719999999999,0.0,42416.85714285719,6000.0,18000.0,0.0,7200.0,50.90022857142863,50900.228571428626
ml,2025-11-17,milk,ml,89187.0,58000.0,47071.5,0.0,100115.5,65000.0,65000.0,0.0,3900.0,6.00693,6006.929999999999
ml,2025-11-17,sugar,g,20399.331428571415,4000.0,2485.3900000000003,0.0,21913.941428571412,4000.0,7000.0,0.0,180.0,0.9861273642857136,986.1273642857135
ml,2025-11-17,chocolate_syrup,ml,6306.857142857131,1500.0,717.6,0.0,7089.257142857132,2000.0,2000.0,0.0,600.0,2.1267771428571396,2126.7771428571396
ml,2025-11-17,tea_leaves,g,1587.6914285714277,500.0,144.20000000000002,0.0,1943.4914285714276,0.0,500.0,0.0,0.0,1.1660948571428564,1166.0948571428564
ml,2025-11-17,ice,g,49108.79999999998,15000.0,7538.400000000001,0.0,56570.39999999998,17000.0,17000.0,0.0,170.0,0.5657039999999999,565.7039999999998
ml,2025-11-17,croissant_dough,pcs,0.4571428571425358,40.0,35.64,0.0,4.817142857142535,40.0,40.0,0.0,1800.0,0.21677142857141407,216.77142857141408
ml,2025-11-17,bread,pcs,1.519999999999925,60.0,50.88,0.0,10.639999999999922,80.0,80.0,0.0,640.0,0.08511999999999938,85.11999999999938
ml,2025-11-17,cup_hot,pcs,2258.385714285713,400.0,321.36,0.0,2337.0257142857135,700.0,1400.0,0.0,2800.0,9.348102857142855,9348.102857142854
ml,2025-11-17,cup_cold,pcs,571.7485714285714,200.0,65.92,0.0,705.8285714285714,300.0,500.0,0.0,1500.0,3.529142857142857,3529.142857142857
ml,2025-11-18,coffee_beans,g,42416.85714285719,6000.0,5914.259999999999,0.0,42502.597142857194,7000.0,19000.0,0.0,8400.0,51.003116571428635,51003.11657142863
ml,2025-11-18,milk,ml,100115.5,65000.0,50599.5,0.0,114516.0,54000.0,54000.0,0.0,3240.0,6.87096,6870.96
ml,2025-11-18,sugar,g,21913.941428571412,3000.0,2747.01,0.0,22166.931428571414,3000.0,7000.0,0.0,135.0,0.9975119142857136,997.5119142857136
ml,2025-11-18,chocolate_syrup,ml,7089.257142857132,0.0,1060.8000000000002,0.0,6028.457142857131,0.0,2000.0,0.0,0.0,1.808537142857139,1808.537142857139
ml,2025-11-18,tea_leaves,g,1943.4914285714276,0.0,263.68,0.0,1679.8114285714275,500.0,1000.0,0.0,300.0,1.0078868571428565,1007.8868571428565
ml,2025-11-18,ice,g,56570.39999999998,17000.0,6415.200000000001,0.0,67155.19999999998,8000.0,8000.0,0.0,80.0,0.6715519999999998,671.5519999999998
ml,2025-11-18,croissant_dough,pcs,4.817142857142535,40.0,38.88,0.0,5.937142857142533,40.0,40.0,0.0,1800.0,0.26717142857141396,267.17142857141397
ml,2025-11-18,bread,pcs,10.639999999999922,80.0,40.28,0.0,50.35999999999992,70.0,70.0,0.0,560.0,0.4028799999999994,402.87999999999937
ml,2025-11-18,cup_hot,pcs,2337.0257142857135,0.0,373.89000000000004,0.0,1963.1357142857132,400.0,1800.0,0.0,1600.0,7.852542857142853,7852.542857142853
ml,2025-11-18,cup_cold,pcs,705.8285714285714,0.0,55.620000000000005,0.0,650.2085714285713,0.0,500.0,0.0,0.0,3.2510428571428567,3251.0428571428565
ml,2025-11-19,coffee_beans,g,42502.597142857194,6000.0,5840.099999999999,0.0,42662.49714285719,7000.0,20000.0,0.0,8400.0,51.194996571428625,51194.99657142862
ml,2025-11-19,milk,ml,114516.0,54000.0,53613.0,0.0,114903.0,63000.0,63000.0,0.0,3780.0,6.8941799999999995,6894.179999999999
ml,2025-11-19,sugar,g,22166.931428571414,4000.0,3011.7200000000003,0.0,23155.211428571412,0.0,3000.0,0.0,0.0,1.0419845142857134,1041.9845142857134
ml,2025-11-19,chocolate_syrup,ml,6028.457142857131,2000.0,1123.2,0.0,6905.257142857131,2000.0,2000.0,0.0,600.0,2.0715771428571395,2071.5771428571393
ml,2025-11-19,tea_leaves,g,1679.8114285714275,500.0,267.8,0.0,1912.0114285714276,0.0,500.0,0.0,0.0,1.1472068571428566,1147.2068571428565
ml,2025-11-19,ice,g,67155.19999999998,8000.0,9460.800000000001,0.0,65694.39999999998,6000.0,6000.0,0.0,60.0,0.6569439999999999,656.9439999999998
ml,2025-11-19,croissant_dough,pcs,5.937142857142533,40.0,37.800000000000004,0.0,8.137142857142528,40.0,40.0,0.0,1800.0,0.3661714285714138,366.1714285714138
ml,2025-11-19,bread,pcs,50.35999999999992,70.0,50.88,0.0,69.47999999999992,40.0,40.0,0.0,320.0,0.5558399999999993,555.8399999999993
ml,2025-11-19,cup_hot,pcs,1963.1357142857132,700.0,347.10999999999996,0.0,2316.0257142857135,500.0,1600.0,0.0,2000.0,9.264102857142854,9264.102857142854
ml,2025-11-19,cup_cold,pcs,650.2085714285713,200.0,81.37,0.0,768.8385714285714,0.0,300.0,0.0,0.0,3.844192857142857,3844.192857142857
ml,2025-11-20,coffee_beans,g,42662.49714285719,6000.0,7768.26,0.0,40894.23714285719,7000.0,21000.0,0.0,8400.0,49.07308457142864,49073.08457142863
ml,2025-11-20,milk,ml,114903.0,63000.0,68386.5,0.0,109516.5,62000.0,62000.0,0.0,3720.0,6.57099,6570.99
ml,2025-11-20,sugar,g,23155.211428571412,3000.0,3760.53,0.0,22394.681428571414,6000.0,6000.0,0.0,270.0,1.0077606642857135,1007.7606642857136
ml,2025-11-20,chocolate_syrup,ml,6905.257142857131,0.0,967.2,0.0,5938.057142857131,1000.0,3000.0,0.0,300.0,1.7814171428571393,1781.4171428571392
ml,2025-11-20,tea_leaves,g,1912.0114285714276,0.0,214.24,0.0,1697.7714285714276,500.0,1000.0,0.0,300.0,1.0186628571428566,1018.6628571428565
ml,2025-11-20,ice,g,65694.39999999998,6000.0,12463.2,0.0,59231.19999999998,10000.0,10000.0,0.0,100.0,0.5923119999999998,592.3119999999998
ml,2025-11-20,croissant_dough,pcs,8.137142857142528,40.0,30.240000000000002,0.0,17.897142857142526,40.0,40.0,0.0,1800.0,0.8053714285714137,805.3714285714137
ml,2025-11-20,bread,pcs,69.47999999999992,40.0,108.12,0.0,1.3599999999999142,60.0,60.0,0.0,480.0,0.010879999999999314,10.879999999999313
ml,2025-11-20,cup_hot,pcs,2316.0257142857135,0.0,405.82,0.0,1910.2057142857132,0.0,1600.0,0.0,0.0,7.640822857142853,7640.822857142853
ml,2025-11-20,cup_cold,pcs,768.8385714285714,0.0,111.24,0.0,657.5985714285714,300.0,600.0,0.0,1500.0,3.287992857142857,3287.9928571428572
ml,2025-11-21,coffee_beans,g,40894.23714285719,7000.0,5524.92,0.0,42369.317142857195,10000.0,24000.0,0.0,12000.0,50.84318057142863,50843.18057142863
ml,2025-11-21,milk,ml,109516.5,62000.0,57771.0,0.0,113745.5,66000.0,66000.0,0.0,3960.0,6.82473,6824.73
ml,2025-11-21,sugar,g,22394.681428571414,0.0,3294.97,0.0,19099.711428571412,5000.0,11000.0,0.0,225.0,0.8594870142857135,859.4870142857135
ml,2025-11-21,chocolate_syrup,ml,5938.057142857131,2000.0,1497.6000000000001,0.0,6440.457142857131,1000.0,2000.0,0.0,300.0,1.9321371428571392,1932.1371428571392
ml,2025-11-21,tea_leaves,g,1697.7714285714276,500.0,379.04,0.0,1818.7314285714276,0.0,500.0,0.0,0.0,1.0912388571428564,1091.2388571428564
ml,2025-11-21,ice,g,59231.19999999998,10000.0,9439.2,0.0,59791.99999999998,12000.0,12000.0,0.0,120.0,0.5979199999999999,597.9199999999998
ml,2025-11-21,croissant_dough,pcs,17.897142857142526,40.0,33.480000000000004,0.0,24.417142857142522,40.0,40.0,0.0,1800.0,1.0987714285714134,1098.7714285714135
ml,2025-11-21,bread,pcs,1.3599999999999142,60.0,59.36,0.0,1.9999999999999147,100.0,100.0,0.0,800.0,0.015999999999999317,15.999999999999318
ml,2025-11-21,cup_hot,pcs,1910.2057142857132,700.0,369.77,0.0,2240.435714285713,800.0,1700.0,0.0,3200.0,8.961742857142852,8961.742857142852
ml,2025-11-21,cup_cold,pcs,657.5985714285714,300.0,81.37,0.0,876.2285714285714,0.0,300.0,0.0,0.0,4.381142857142857,4381.142857142857
ml,2025-11-22,coffee_beans,g,42369.317142857195,7000.0,5914.26,0.0,43455.05714285719,0.0,17000.0,0.0,0.0,52.14606857142863,52146.06857142863
ml,2025-11-22,milk,ml,113745.5,66000.0,55744.5,0.0,124001.0,54000.0,54000.0,0.0,3240.0,7.44006,7440.0599999999995
ml,2025-11-22,sugar,g,19099.711428571412,6000.0,3036.4400000000005,0.0,22063.271428571414,4000.0,9000.0,0.0,180.0,0.9928472142857135,992.8472142857136
ml,2025-11-22,chocolate_syrup,ml,6440.457142857131,1000.0,1123.2,0.0,6317.257142857131,1500.0,2500.0,0.0,450.0,1.8951771428571391,1895.1771428571392
ml,2025-11-22,tea_leaves,g,1818.7314285714276,0.0,243.08,0.0,1575.6514285714275,1000.0,1500.0,0.0,600.0,0.9453908571428565,945.3908571428565
ml,2025-11-22,ice,g,59791.99999999998,12000.0,8510.400000000001,0.0,63281.59999999998,10000.0,10000.0,0.0,100.0,0.6328159999999998,632.8159999999998
ml,2025-11-22,croissant_dough,pcs,24.417142857142522,40.0,51.84,0.0,12.577142857142519,40.0,40.0,0.0,1800.0,0.5659714285714134,565.9714285714133
ml,2025-11-22,bread,pcs,1.9999999999999147,100.0,72.08,0.0,29.919999999999916,90.0,90.0,0.0,720.0,0.23935999999999932,239.35999999999933
ml,2025-11-22,cup_hot,pcs,2240.435714285713,400.0,352.26,0.0,2288.175714285713,0.0,1300.0,0.0,0.0,9.152702857142852,9152.702857142853
ml,2025-11-22,cup_cold,pcs,876.2285714285714,0.0,74.16,0.0,802.0685714285713,200.0,500.0,0.0,1000.0,4.010342857142857,4010.3428571428567
ml,2025-11-23,coffee_beans,g,43455.05714285719,7000.0,7286.22,0.0,43168.83714285719,8000.0,18000.0,0.0,9600.0,51.80260457142863,51802.60457142863
ml,2025-11-23,milk,ml,124001.0,54000.0,70959.0,0.0,107042.0,40000.0,40000.0,0.0,2400.0,6.42252,6422.5199999999995
ml,2025-11-23,sugar,g,22063.271428571414,5000.0,3961.38,0.0,23101.891428571413,0.0,4000.0,0.0,0.0,1.0395851142857138,1039.5851142857136
ml,2025-11-23,chocolate_syrup,ml,6317.257142857131,1000.0,1248.0,0.0,6069.257142857131,2000.0,3500.0,0.0,600.0,1.8207771428571393,1820.7771428571393
ml,2025-11-23,tea_leaves,g,1575.6514285714275,500.0,284.28000000000003,0.0,1791.3714285714275,0.0,1000.0,0.0,0.0,1.0748228571428564,1074.8228571428565
ml,2025-11-23,ice,g,63281.59999999998,10000.0,12873.600000000002,0.0,60407.99999999997,8000.0,8000.0,0.0,80.0,0.6040799999999997,604.0799999999997
ml,2025-11-23,croissant_dough,pcs,12.577142857142519,40.0,33.480000000000004,0.0,19.097142857142515,40.0,40.0,0.0,1800.0,0.8593714285714131,859.3714285714132
ml,2025-11-23,bread,pcs,29.919999999999916,90.0,97.52000000000001,0.0,22.399999999999906,60.0,60.0,0.0,480.0,0.17919999999999925,179.19999999999925
ml,2025-11-23,cup_hot,pcs,2288.175714285713,500.0,404.79,0.0,2383.385714285713,600.0,1400.0,0.0,2400.0,9.533542857142853,9533.542857142853
ml,2025-11-23,cup_cold,pcs,802.0685714285713,0.0,112.27000000000001,0.0,689.7985714285713,0.0,500.0,0.0,0.0,3.4489928571428567,3448.992857142857
ml,2025-11-24,coffee_beans,g,43168.83714285719,10000.0,5765.94,0.0,47402.8971428572,7000.0,15000.0,0.0,8400.0,56.88347657142864,56883.47657142863
ml,2025-11-24,milk,ml,107042.0,40000.0,51922.5,0.0,95119.5,61000.0,61000.0,0.0,3660.0,5.7071700000000005,5707.17
ml,2025-11-24,sugar,g,23101.891428571413,4000.0,2804.69,0.0,24297.20142857141,5000.0,5000.0,0.0,225.0,1.0933740642857135,1093.3740642857135
ml,2025-11-24,chocolate_syrup,ml,6069.257142857131,1500.0,686.4000000000001,0.0,6882.85714285713,1500.0,3500.0,0.0,450.0,2.064857142857139,2064.857142857139
ml,2025-11-24,tea_leaves,g,1791.3714285714275,0.0,185.4,0.0,1605.9714285714276,0.0,1000.0,0.0,0.0,0.9635828571428565,963.5828571428565
ml,2025-11-24,ice,g,60407.99999999997,8000.0,9223.2,0.0,59184.799999999974,18000.0,18000.0,0.0,180.0,0.5918479999999997,591.8479999999997
ml,2025-11-24,croissant_dough,pcs,19.097142857142515,40.0,47.52,0.0,11.577142857142512,20.0,20.0,0.0,900.0,0.5209714285714131,520.9714285714131
ml,2025-11-24,bread,pcs,22.399999999999906,60.0,57.24,0.0,25.159999999999904,80.0,80.0,0.0,640.0,0.20127999999999924,201.27999999999923
ml,2025-11-24,cup_hot,pcs,2383.385714285713,0.0,311.06000000000006,0.0,2072.325714285713,0.0,1400.0,0.0,0.0,8.289302857142852,8289.302857142851
ml,2025-11-24,cup_cold,pcs,689.7985714285713,300.0,78.28,0.0,911.5185714285714,0.0,200.0,0.0,0.0,4.557592857142857,4557.592857142857
ml,2025-11-25,coffee_beans,g,47402.8971428572,0.0,5877.179999999999,0.0,41525.71714285719,0.0,15000.0,0.0,0.0,49.83086057142862,49830.860571428624
ml,2025-11-25,milk,ml,95119.5,61000.0,60249.0,0.0,95870.5,65000.0,65000.0,0.0,3900.0,5.75223,5752.23
ml,2025-11-25,sugar,g,24297.20142857141,0.0,3427.84,0.0,20869.361428571414,3000.0,8000.0,0.0,135.0,0.9391212642857135,939.1212642857136
ml,2025-11-25,chocolate_syrup,ml,6882.85714285713,2000.0,1123.2,0.0,7759.657142857131,0.0,1500.0,0.0,0.0,2.327897142857139,2327.897142857139
ml,2025-11-25,tea_leaves,g,1605.9714285714276,1000.0,325.48,0.0,2280.4914285714276,0.0,0.0,0.0,0.0,1.3682948571428566,1368.2948571428565
ml,2025-11-25,ice,g,59184.799999999974,18000.0,10843.2,5184.799999999974,61156.8,11000.0,11000.0,51.847999999999736,110.0,0.6115680000000001,611.5680000000001
ml,2025-11-25,croissant_dough,pcs,11.577142857142512,20.0,27.0,0.0,4.577142857142512,40.0,40.0,0.0,1800.0,0.20597142857141304,205.97142857141304
ml,2025-11-25,bread,pcs,25.159999999999904,80.0,103.88000000000001,0.0,1.2799999999998875,60.0,60.0,0.0,480.0,0.0102399999999991,10.2399999999991
ml,2025-11-25,cup_hot,pcs,2072.325714285713,800.0,350.2,0.0,2522.125714285713,700.0,1300.0,0.0,2800.0,10.088502857142853,10088.502857142852
ml,2025-11-25,cup_cold,pcs,911.5185714285714,0.0,94.75999999999999,0.0,816.7585714285714,200.0,400.0,0.0,1000.0,4.083792857142857,4083.792857142857
ml,2025-11-26,coffee_beans,g,41525.71714285719,8000.0,5358.0599999999995,0.0,44167.65714285719,12000.0,19000.0,0.0,14400.0,53.00118857142863,53001.188571428625
ml,2025-11-26,milk,ml,95870.5,65000.0,52258.5,0.0,108612.0,78000.0,78000.0,0.0,4680.0,6.516719999999999,6516.719999999999
ml,2025-11-26,sugar,g,20869.361428571414,5000.0,2864.43,0.0,23004.931428571414,4000.0,7000.0,0.0,180.0,1.0352219142857138,1035.2219142857136
ml,2025-11-26,chocolate_syrup,ml,7759.657142857131,1500.0,873.6000000000001,0.0,8386.057142857131,2000.0,2000.0,0.0,600.0,2.515817142857139,2515.817142857139
ml,2025-11-26,tea_leaves,g,2280.4914285714276,0.0,218.36,0.0,2062.1314285714275,1000.0,1000.0,0.0,600.0,1.2372788571428563,1237.2788571428564
ml,2025-11-26,ice,g,61156.8,11000.0,8143.200000000001,0.0,64013.6,12000.0,12000.0,0.0,120.0,0.6401359999999999,640.136
ml,2025-11-26,croissant_dough,pcs,4.577142857142512,40.0,43.2,0.0,1.377142857142509,40.0,40.0,0.0,1800.0,0.06197142857141291,61.97142857141291
ml,2025-11-26,bread,pcs,1.2799999999998875,60.0,59.36,0.0,1.919999999999888,80.0,80.0,0.0,640.0,0.015359999999999105,15.359999999999104
ml,2025-11-26,cup_hot,pcs,2522.125714285713,0.0,309.0,0.0,2213.125714285713,400.0,1700.0,0.0,1600.0,8.852502857142852,8852.502857142852
ml,2025-11-26,cup_cold,pcs,816.7585714285714,200.0,72.1,0.0,944.6585714285713,0.0,200.0,0.0,0.0,4.723292857142857,4723.2928571428565
ml,2025-11-27,coffee_beans,g,44167.65714285719,7000.0,5154.12,0.0,46013.537142857196,6000.0,18000.0,0.0,7200.0,55.21624457142864,55216.24457142864
ml,2025-11-27,milk,ml,108612.0,78000.0,55807.5,0.0,130804.5,67000.0,67000.0,0.0,4020.0,7.848269999999999,7848.2699999999995
ml,2025-11-27,sugar,g,23004.931428571414,3000.0,3139.4400000000005,0.0,22865.49142857141,3000.0,7000.0,0.0,135.0,1.0289471142857136,1028.9471142857135
ml,2025-11-27,chocolate_syrup,ml,8386.057142857131,0.0,1092.0,0.0,7294.057142857131,1000.0,3000.0,0.0,300.0,2.1882171428571393,2188.217142857139
ml,2025-11-27,tea_leaves,g,2062.1314285714275,0.0,346.08,0.0,1716.0514285714276,0.0,1000.0,0.0,0.0,1.0296308571428565,1029.6308571428565
ml,2025-11-27,ice,g,64013.6,12000.0,7776.000000000001,0.0,68237.6,9000.0,9000.0,0.0,90.0,0.6823760000000001,682.3760000000001
ml,2025-11-27,croissant_dough,pcs,1.377142857142509,40.0,41.040000000000006,0.0,0.3371428571425028,40.0,40.0,0.0,1800.0,0.015171428571412626,15.171428571412626
ml,2025-11-27,bread,pcs,1.919999999999888,80.0,80.56,0.0,1.3599999999998857,90.0,90.0,0.0,720.0,0.010879999999999087,10.879999999999086
ml,2025-11-27,cup_hot,pcs,2213.125714285713,600.0,340.93,0.0,2472.195714285713,0.0,1100.0,0.0,0.0,9.888782857142854,9888.782857142853
ml,2025-11-27,cup_cold,pcs,944.6585714285713,0.0,67.98,0.0,876.6785714285713,100.0,300.0,0.0,500.0,4.383392857142857,4383.392857142857
ml,2025-11-28,coffee_beans,g,46013.537142857196,0.0,7564.32,0.0,38449.2171428572,6000.0,24000.0,0.0,7200.0,46.13906057142864,46139.060571428636
ml,2025-11-28,milk,ml,130804.5,67000.0,64459.5,0.0,133345.0,59000.0,59000.0,0.0,3540.0,8.0007,8000.7
ml,2025-11-28,sugar,g,22865.49142857141,4000.0,3527.75,0.0,23337.74142857141,3000.0,6000.0,0.0,135.0,1.0501983642857136,1050.1983642857135
ml,2025-11-28,chocolate_syrup,ml,7294.057142857131,2000.0,1372.8000000000002,0.0,7921.25714285713,1000.0,2000.0,0.0,300.0,2.376377142857139,2376.377142857139
ml,2025-11-28,tea_leaves,g,1716.0514285714276,0.0,313.12,0.0,1402.9314285714274,0.0,1000.0,0.0,0.0,0.8417588571428565,841.7588571428564
ml,2025-11-28,ice,g,68237.6,9000.0,7495.200000000001,0.0,69742.4,7000.0,7000.0,0.0,70.0,0.697424,697.424
ml,2025-11-28,croissant_dough,pcs,0.3371428571425028,40.0,36.72,0.0,3.617142857142504,50.0,50.0,0.0,2250.0,0.1627714285714127,162.77142857141268
ml,2025-11-28,bread,pcs,1.3599999999998857,90.0,91.16000000000001,0.0,0.19999999999987494,90.0,90.0,0.0,720.0,0.0015999999999989996,1.5999999999989996
ml,2025-11-28,cup_hot,pcs,2472.195714285713,0.0,475.86,0.0,1996.335714285713,700.0,1800.0,0.0,2800.0,7.985342857142852,7985.342857142852
ml,2025-11-28,cup_cold,pcs,876.6785714285713,0.0,67.98,0.0,808.6985714285713,0.0,300.0,0.0,0.0,4.043492857142857,4043.4928571428563
ml,2025-11-29,coffee_beans,g,38449.2171428572,12000.0,8101.98,0.0,42347.23714285719,6000.0,18000.0,0.0,7200.0,50.81668457142863,50816.68457142863
ml,2025-11-29,milk,ml,133345.0,59000.0,65320.5,0.0,127024.5,57000.0,57000.0,0.0,3420.0,7.6214699999999995,7621.469999999999
ml,2025-11-29,sugar,g,23337.74142857141,3000.0,3382.5200000000004,0.0,22955.221428571414,4000.0,7000.0,0.0,180.0,1.0329849642857136,1032.9849642857137
ml,2025-11-29,chocolate_syrup,ml,7921.25714285713,1000.0,1310.4,0.0,7610.85714285713,1500.0,2500.0,0.0,450.0,2.2832571428571393,2283.257142857139
ml,2025-11-29,tea_leaves,g,1402.9314285714274,1000.0,230.72,0.0,2172.2114285714274,500.0,500.0,0.0,300.0,1.3033268571428565,1303.3268571428564
ml,2025-11-29,ice,g,69742.4,7000.0,6134.400000000001,1742.3999999999983,68865.6,7000.0,7000.0,17.42399999999998,70.0,0.688656,688.6560000000001
ml,2025-11-29,croissant_dough,pcs,3.617142857142504,50.0,42.120000000000005,0.0,11.4971428571425,60.0,60.0,0.0,2700.0,0.5173714285714125,517.3714285714125
ml,2025-11-29,bread,pcs,0.19999999999987494,90.0,89.04,0.0,1.1599999999998687,100.0,100.0,0.0,800.0,0.00927999999999895,9.27999999999895
ml,2025-11-29,cup_hot,pcs,1996.335714285713,700.0,497.48999999999995,0.0,2198.8457142857133,400.0,1500.0,0.0,1600.0,8.795382857142853,8795.382857142853
ml,2025-11-29,cup_cold,pcs,808.6985714285713,200.0,53.56,0.0,955.1385714285714,200.0,300.0,0.0,1000.0,4.775692857142857,4775.692857142857
ml,2025-11-30,coffee_beans,g,42347.23714285719,6000.0,6730.0199999999995,0.0,41617.2171428572,6000.0,18000.0,0.0,7200.0,49.94066057142864,49940.660571428634
ml,2025-11-30,milk,ml,127024.5,57000.0,72103.5,0.0,111921.0,57000.0,57000.0,0.0,3420.0,6.71526,6715.259999999999
ml,2025-11-30,sugar,g,22955.221428571414,3000.0,4165.32,0.0,21789.901428571415,0.0,4000.0,0.0,0.0,0.9805455642857137,980.5455642857137
ml,2025-11-30,chocolate_syrup,ml,7610.85714285713,1000.0,1528.8000000000002,0.0,7082.05714285713,2000.0,3500.0,0.0,600.0,2.1246171428571388,2124.617142857139
ml,2025-11-30,tea_leaves,g,2172.2114285714274,0.0,560.32,0.0,1611.8914285714275,0.0,500.0,0.0,0.0,0.9671348571428564,967.1348571428564
ml,2025-11-30,ice,g,68865.6,7000.0,8380.800000000001,3865.5999999999995,63619.2,5000.0,5000.0,38.656,50.0,0.636192,636.192
ml,2025-11-30,croissant_dough,pcs,11.4971428571425,60.0,71.28,0.0,0.21714285714249826,30.0,30.0,0.0,1350.0,0.009771428571412421,9.771428571412422
ml,2025-11-30,bread,pcs,1.1599999999998687,100.0,99.64,0.0,1.5199999999998681,80.0,80.0,0.0,640.0,0.012159999999998946,12.159999999998945
ml,2025-11-30,cup_hot,pcs,2198.8457142857133,400.0,492.34000000000003,0.0,2106.505714285713,500.0,1600.0,0.0,2000.0,8.426022857142852,8426.022857142852
ml,2025-11-30,cup_cold,pcs,955.1385714285714,0.0,72.1,0.0,883.0385714285713,0.0,300.0,0.0,0.0,4.415192857142857,4415.192857142857
ml,2025-12-01,coffee_beans,g,41617.2171428572,6000.0,5358.0599999999995,0.0,42259.15714285719,5000.0,17000.0,0.0,6000.0,50.71098857142863,50710.98857142863
ml,2025-12-01,milk,ml,111921.0,57000.0,55776.0,0.0,113145.0,58000.0,58000.0,0.0,3480.0,6.7887,6788.7
ml,2025-12-01,sugar,g,21789.901428571415,4000.0,2960.22,0.0,22829.681428571414,5000.0,5000.0,0.0,225.0,1.0273356642857137,1027.3356642857136
ml,2025-12-01,chocolate_syrup,ml,7082.05714285713,1500.0,1404.0000000000002,0.0,7178.05714285713,1000.0,3000.0,0.0,300.0,2.153417142857139,2153.417142857139
ml,2025-12-01,tea_leaves,g,1611.8914285714275,0.0,234.84,0.0,1377.0514285714276,1000.0,1500.0,0.0,600.0,0.8262308571428565,826.2308571428565
ml,2025-12-01,ice,g,63619.2,5000.0,8294.400000000001,0.0,60324.799999999996,14000.0,14000.0,0.0,140.0,0.6032479999999999,603.2479999999999
ml,2025-12-01,croissant_dough,pcs,0.21714285714249826,30.0,29.160000000000004,0.0,1.0571428571424946,40.0,40.0,0.0,1800.0,0.04757142857141226,47.571428571412255
ml,2025-12-01,bread,pcs,1.5199999999998681,80.0,80.56,0.0,0.9599999999998658,90.0,90.0,0.0,720.0,0.007679999999998927,7.679999999998927
ml,2025-12-01,cup_hot,pcs,2106.505714285713,0.0,331.65999999999997,0.0,1774.845714285713,400.0,2000.0,0.0,1600.0,7.099382857142852,7099.382857142852
ml,2025-12-01,cup_cold,pcs,883.0385714285713,100.0,71.07000000000001,0.0,911.9685714285713,0.0,200.0,0.0,0.0,4.559842857142857,4559.842857142857
ml,2025-12-02,coffee_beans,g,42259.15714285719,6000.0,5562.0,0.0,42697.15714285719,6000.0,17000.0,0.0,7200.0,51.236588571428626,51236.58857142863
ml,2025-12-02,milk,ml,113145.0,58000.0,50085.0,0.0,121060.0,54000.0,54000.0,0.0,3240.0,7.263599999999999,7263.599999999999
ml,2025-12-02,sugar,g,22829.681428571414,0.0,2836.62,0.0,19993.06142857141,3000.0,8000.0,0.0,135.0,0.8996877642857135,899.6877642857135
ml,2025-12-02,chocolate_syrup,ml,7178.05714285713,2000.0,748.8000000000001,0.0,8429.25714285713,0.0,1000.0,0.0,0.0,2.5287771428571393,2528.777142857139
ml,2025-12-02,tea_leaves,g,1377.0514285714276,500.0,296.64,0.0,1580.4114285714275,0.0,1000.0,0.0,0.0,0.9482468571428565,948.2468571428565
ml,2025-12-02,ice,g,60324.799999999996,14000.0,6350.400000000001,9324.799999999996,58649.6,10000.0,10000.0,93.24799999999996,100.0,0.586496,586.496
ml,2025-12-02,croissant_dough,pcs,1.0571428571424946,40.0,30.240000000000002,0.0,10.817142857142493,40.0,40.0,0.0,1800.0,0.4867714285714122,486.7714285714122
ml,2025-12-02,bread,pcs,0.9599999999998658,90.0,86.92,0.0,4.039999999999864,110.0,110.0,0.0,880.0,0.03231999999999891,32.31999999999891
ml,2025-12-02,cup_hot,pcs,1774.845714285713,700.0,351.23,0.0,2123.615714285713,0.0,1300.0,0.0,0.0,8.494462857142851,8494.462857142851
ml,2025-12-02,cup_cold,pcs,911.9685714285713,0.0,56.65,0.0,855.3185714285713,0.0,200.0,0.0,0.0,4.276592857142857,4276.592857142857
ml,2025-12-03,coffee_beans,g,42697.15714285719,6000.0,6507.54,0.0,42189.6171428572,6000.0,17000.0,0.0,7200.0,50.62754057142864,50627.54057142864
ml,2025-12-03,milk,ml,121060.0,54000.0,63945.0,0.0,111115.0,54000.0,54000.0,0.0,3240.0,6.6669,6666.9
ml,2025-12-03,sugar,g,19993.06142857141,5000.0,3577.1900000000005,0.0,21415.871428571412,3000.0,6000.0,0.0,135.0,0.9637142142857136,963.7142142857135
ml,2025-12-03,chocolate_syrup,ml,8429.25714285713,1000.0,1185.6000000000001,0.0,8243.65714285713,1500.0,1500.0,0.0,450.0,2.4730971428571387,2473.097142857139
ml,2025-12-03,tea_leaves,g,1580.4114285714275,0.0,313.12,0.0,1267.2914285714273,0.0,1000.0,0.0,0.0,0.7603748571428565,760.3748571428564
ml,2025-12-03,ice,g,58649.6,10000.0,10432.800000000001,4649.599999999999,53567.2,12000.0,12000.0,46.495999999999995,120.0,0.535672,535.672
ml,2025-12-03,croissant_dough,pcs,10.817142857142493,40.0,44.28,0.0,6.537142857142491,30.0,30.0,0.0,1350.0,0.2941714285714121,294.1714285714121
ml,2025-12-03,bread,pcs,4.039999999999864,110.0,93.28,0.0,20.759999999999863,80.0,80.0,0.0,640.0,0.1660799999999989,166.0799999999989
ml,2025-12-03,cup_hot,pcs,2123.615714285713,400.0,386.25,0.0,2137.365714285713,700.0,1600.0,0.0,2800.0,8.549462857142851,8549.462857142851
ml,2025-12-03,cup_cold,pcs,855.3185714285713,200.0,92.7,0.0,962.6185714285714,200.0,200.0,0.0,1000.0,4.813092857142856,4813.092857142857
ml,2025-12-04,coffee_beans,g,42189.6171428572,5000.0,4764.780000000001,0.0,42424.8371428572,7000.0,19000.0,0.0,8400.0,50.90980457142864,50909.804571428635
ml,2025-12-04,milk,ml,111115.0,54000.0,51061.5,0.0,114053.5,66000.0,66000.0,0.0,3960.0,6.84321,6843.21
ml,2025-12-04,sugar,g,21415.871428571412,3000.0,2999.36,0.0,21416.51142857141,4000.0,7000.0,0.0,180.0,0.9637430142857135,963.7430142857135
ml,2025-12-04,chocolate_syrup,ml,8243.65714285713,0.0,1123.2,0.0,7120.45714285713,1500.0,3000.0,0.0,450.0,2.1361371428571387,2136.1371428571388
ml,2025-12-04,tea_leaves,g,1267.2914285714273,1000.0,436.72,0.0,1830.5714285714275,1000.0,1000.0,0.0,600.0,1.0983428571428564,1098.3428571428565
ml,2025-12-04,ice,g,53567.2,12000.0,6307.200000000001,1567.199999999999,57692.8,11000.0,11000.0,15.67199999999999,110.0,0.576928,576.928
ml,2025-12-04,croissant_dough,pcs,6.537142857142491,30.0,35.64,0.0,0.8971428571424909,40.0,40.0,0.0,1800.0,0.04037142857141209,40.37142857141209
ml,2025-12-04,bread,pcs,20.759999999999863,80.0,76.32000000000001,0.0,24.439999999999856,70.0,70.0,0.0,560.0,0.19551999999999886,195.51999999999884
ml,2025-12-04,cup_hot,pcs,2137.365714285713,500.0,356.38,0.0,2280.985714285713,500.0,1600.0,0.0,2000.0,9.123942857142852,9123.942857142853
ml,2025-12-04,cup_cold,pcs,962.6185714285714,0.0,54.59,0.0,908.0285714285714,0.0,200.0,0.0,0.0,4.540142857142857,4540.142857142857
ml,2025-12-05,coffee_beans,g,42424.8371428572,6000.0,7063.74,0.0,41361.097142857194,7000.0,20000.0,0.0,8400.0,49.63331657142863,49633.31657142863
ml,2025-12-05,milk,ml,114053.5,66000.0,62853.0,0.0,117200.5,49000.0,49000.0,0.0,2940.0,7.03203,7032.03
ml,2025-12-05,sugar,g,21416.51142857141,3000.0,3476.25,0.0,20940.26142857141,3000.0,7000.0,0.0,135.0,0.9423117642857135,942.3117642857135
ml,2025-12-05,chocolate_syrup,ml,7120.45714285713,1500.0,1560.0000000000002,0.0,7060.457142857129,1000.0,2500.0,0.0,300.0,2.118137142857139,2118.1371428571388
ml,2025-12-05,tea_leaves,g,1830.5714285714275,0.0,337.84000000000003,0.0,1492.7314285714274,0.0,1000.0,0.0,0.0,0.8956388571428564,895.6388571428564
ml,2025-12-05,ice,g,57692.8,11000.0,8143.200000000001,2692.7999999999993,57856.8,10000.0,10000.0,26.927999999999994,100.0,0.5785680000000001,578.5680000000001
ml,2025-12-05,croissant_dough,pcs,0.8971428571424909,40.0,39.96,0.0,0.93714285714249,40.0,40.0,0.0,1800.0,0.042171428571412053,42.17142857141205
ml,2025-12-05,bread,pcs,24.439999999999856,70.0,93.28,0.0,1.1599999999998545,80.0,80.0,0.0,640.0,0.009279999999998836,9.279999999998836
ml,2025-12-05,cup_hot,pcs,2280.985714285713,400.0,456.2900000000001,0.0,2224.695714285713,0.0,1200.0,0.0,0.0,8.898782857142853,8898.782857142853
ml,2025-12-05,cup_cold,pcs,908.0285714285714,0.0,72.1,0.0,835.9285714285713,0.0,200.0,0.0,0.0,4.1796428571428565,4179.642857142857
ml,2025-12-06,coffee_beans,g,41361.097142857194,6000.0,6730.02,0.0,40631.0771428572,7000.0,21000.0,0.0,8400.0,48.757292571428636,48757.29257142863
ml,2025-12-06,milk,ml,117200.5,49000.0,70161.0,0.0,96039.5,58000.0,58000.0,0.0,3480.0,5.76237,5762.37
ml,2025-12-06,sugar,g,20940.26142857141,4000.0,4029.3600000000006,0.0,20910.90142857141,4000.0,7000.0,0.0,180.0,0.9409905642857135,940.9905642857135
ml,2025-12-06,chocolate_syrup,ml,7060.457142857129,1500.0,1341.6000000000001,0.0,7218.8571428571295,2000.0,3000.0,0.0,600.0,2.165657142857139,2165.6571428571388
ml,2025-12-06,tea_leaves,g,1492.7314285714274,0.0,407.88,0.0,1084.8514285714273,500.0,1500.0,0.0,300.0,0.6509108571428563,650.9108571428563
ml,2025-12-06,ice,g,57856.8,10000.0,12571.2,0.0,55285.6,9000.0,9000.0,0.0,90.0,0.552856,552.856
ml,2025-12-06,croissant_dough,pcs,0.93714285714249,40.0,37.800000000000004,0.0,3.1371428571424858,40.0,40.0,0.0,1800.0,0.14117142857141188,141.17142857141187
ml,2025-12-06,bread,pcs,1.1599999999998545,80.0,80.56,0.0,0.5999999999998522,90.0,90.0,0.0,720.0,0.004799999999998817,4.799999999998818
ml,2025-12-06,cup_hot,pcs,2224.695714285713,0.0,409.93999999999994,0.0,1814.755714285713,800.0,2000.0,0.0,3200.0,7.259022857142853,7259.022857142852
ml,2025-12-06,cup_cold,pcs,835.9285714285713,0.0,110.21000000000001,0.0,725.7185714285713,200.0,400.0,0.0,1000.0,3.628592857142857,3628.5928571428567
ml,2025-12-07,coffee_beans,g,40631.0771428572,7000.0,6674.400000000001,0.0,40956.677142857196,0.0,14000.0,0.0,0.0,49.14801257142864,49148.01257142863
ml,2025-12-07,milk,ml,96039.5,58000.0,59209.5,0.0,94830.0,62000.0,62000.0,0.0,3720.0,5.6898,5689.8
ml,2025-12-07,sugar,g,20910.90142857141,3000.0,3329.9900000000002,0.0,20580.91142857141,3000.0,7000.0,0.0,135.0,0.9261410142857134,926.1410142857134
ml,2025-12-07,chocolate_syrup,ml,7218.8571428571295,1000.0,717.6,0.0,7501.257142857129,1500.0,3500.0,0.0,450.0,2.2503771428571384,2250.3771428571386
ml,2025-12-07,tea_leaves,g,1084.8514285714273,1000.0,259.56,0.0,1825.2914285714273,500.0,1000.0,0.0,300.0,1.0951748571428563,1095.1748571428564
ml,2025-12-07,ice,g,55285.6,9000.0,11253.600000000002,0.0,53032.0,8000.0,8000.0,0.0,80.0,0.53032,530.32
ml,2025-12-07,croissant_dough,pcs,3.1371428571424858,40.0,34.56,0.0,8.577142857142483,40.0,40.0,0.0,1800.0,0.38597142857141176,385.97142857141176
ml,2025-12-07,bread,pcs,0.5999999999998522,90.0,69.96000000000001,0.0,20.639999999999844,100.0,100.0,0.0,800.0,0.16511999999999877,165.11999999999875
ml,2025-12-07,cup_hot,pcs,1814.755714285713,700.0,361.53,0.0,2153.225714285713,300.0,1600.0,0.0,1200.0,8.612902857142851,8612.902857142852
ml,2025-12-07,cup_cold,pcs,725.7185714285713,200.0,97.85,0.0,827.8685714285714,0.0,200.0,0.0,0.0,4.139342857142857,4139.342857142857
ml,2025-12-08,coffee_beans,g,40956.677142857196,7000.0,5172.66,0.0,42784.0171428572,9000.0,16000.0,0.0,10800.0,51.34082057142864,51340.82057142864
ml,2025-12-08,milk,ml,94830.0,62000.0,47376.0,0.0,109454.0,51000.0,51000.0,0.0,3060.0,6.56724,6567.24
ml,2025-12-08,sugar,g,20580.91142857141,4000.0,2681.09,0.0,21899.821428571413,3000.0,6000.0,0.0,135.0,0.9854919642857135,985.4919642857135
ml,2025-12-08,chocolate_syrup,ml,7501.257142857129,2000.0,624.0,0.0,8877.257142857128,0.0,1500.0,0.0,0.0,2.6631771428571382,2663.1771428571383
ml,2025-12-08,tea_leaves,g,1825.2914285714273,0.0,234.84,0.0,1590.4514285714272,0.0,1000.0,0.0,0.0,0.9542708571428563,954.2708571428562
ml,2025-12-08,ice,g,53032.0,8000.0,9050.400000000001,0.0,51981.6,11000.0,11000.0,0.0,110.0,0.5198160000000001,519.816
ml,2025-12-08,croissant_dough,pcs,8.577142857142483,40.0,23.76,0.0,24.817142857142482,30.0,30.0,0.0,1350.0,1.1167714285714117,1116.7714285714117
ml,2025-12-08,bread,pcs,20.639999999999844,100.0,114.48,0.0,6.15999999999984,70.0,70.0,0.0,560.0,0.04927999999999872,49.27999999999872
ml,2025-12-08,cup_hot,pcs,2153.225714285713,500.0,288.4,0.0,2364.825714285713,400.0,1500.0,0.0,1600.0,9.459302857142852,9459.302857142851
ml,2025-12-08,cup_cold,pcs,827.8685714285714,0.0,78.28,0.0,749.5885714285713,0.0,200.0,0.0,0.0,3.747942857142857,3747.9428571428566
ml,2025-12-09,coffee_beans,g,42784.0171428572,7000.0,5376.599999999999,0.0,44407.4171428572,6000.0,15000.0,0.0,7200.0,53.28890057142864,53288.90057142864
ml,2025-12-09,milk,ml,109454.0,51000.0,49392.0,0.0,111062.0,53000.0,53000.0,0.0,3180.0,6.66372,6663.719999999999
ml,2025-12-09,sugar,g,21899.821428571413,3000.0,2831.47,0.0,22068.35142857141,3000.0,6000.0,0.0,135.0,0.9930758142857135,993.0758142857135
ml,2025-12-09,chocolate_syrup,ml,8877.257142857128,1500.0,717.6,0.0,9659.65714285713,1000.0,1000.0,0.0,300.0,2.897897142857139,2897.897142857139
ml,2025-12-09,tea_leaves,g,1590.4514285714272,500.0,218.36,0.0,1872.0914285714273,500.0,1000.0,0.0,300.0,1.1232548571428562,1123.2548571428563
ml,2025-12-09,ice,g,51981.6,11000.0,9525.6,0.0,53456.0,9000.0,9000.0,0.0,90.0,0.53456,534.5600000000001
ml,2025-12-09,croissant_dough,pcs,24.817142857142482,30.0,30.240000000000002,0.0,24.57714285714248,20.0,20.0,0.0,900.0,1.1059714285714117,1105.9714285714117
ml,2025-12-09,bread,pcs,6.15999999999984,70.0,74.2,0.0,1.9599999999998374,80.0,80.0,0.0,640.0,0.0156799999999987,15.6799999999987
ml,2025-12-09,cup_hot,pcs,2364.825714285713,0.0,292.52,0.0,2072.3057142857133,0.0,1500.0,0.0,0.0,8.289222857142853,8289.222857142853
ml,2025-12-09,cup_cold,pcs,749.5885714285713,0.0,84.46000000000001,0.0,665.1285714285714,200.0,400.0,0.0,1000.0,3.325642857142857,3325.642857142857
ml,2025-12-10,coffee_beans,g,44407.4171428572,0.0,6581.699999999999,0.0,37825.7171428572,5000.0,20000.0,0.0,6000.0,45.39086057142863,45390.86057142863
ml,2025-12-10,milk,ml,111062.0,53000.0,62695.5,0.0,101366.5,61000.0,61000.0,0.0,3660.0,6.08199,6081.99
ml,2025-12-10,sugar,g,22068.35142857141,3000.0,3580.28,0.0,21488.071428571413,3000.0,6000.0,0.0,135.0,0.9669632142857135,966.9632142857135
ml,2025-12-10,chocolate_syrup,ml,9659.65714285713,0.0,842.4000000000001,0.0,8817.257142857128,0.0,1000.0,0.0,0.0,2.6451771428571385,2645.1771428571383
ml,2025-12-10,tea_leaves,g,1872.0914285714273,500.0,255.44,0.0,2116.6514285714275,0.0,500.0,0.0,0.0,1.2699908571428564,1269.9908571428564
ml,2025-12-10,ice,g,53456.0,9000.0,13478.400000000001,0.0,48977.59999999999,10000.0,10000.0,0.0,100.0,0.48977599999999993,489.7759999999999
ml,2025-12-10,croissant_dough,pcs,24.57714285714248,20.0,37.800000000000004,0.0,6.777142857142476,30.0,30.0,0.0,1350.0,0.3049714285714114,304.9714285714114
ml,2025-12-10,bread,pcs,1.9599999999998374,80.0,74.2,0.0,7.759999999999835,80.0,80.0,0.0,640.0,0.06207999999999868,62.07999999999868
ml,2025-12-10,cup_hot,pcs,2072.3057142857133,800.0,339.90000000000003,0.0,2532.4057142857127,600.0,1300.0,0.0,2400.0,10.12962285714285,10129.622857142851
ml,2025-12-10,cup_cold,pcs,665.1285714285714,200.0,117.42000000000002,0.0,747.7085714285713,0.0,200.0,0.0,0.0,3.7385428571428565,3738.5428571428565
ml,2025-12-11,coffee_beans,g,37825.7171428572,9000.0,6526.08,0.0,40299.6371428572,8000.0,19000.0,0.0,9600.0,48.35956457142864,48359.564571428644
ml,2025-12-11,milk,ml,101366.5,61000.0,56206.5,0.0,106160.0,75000.0,75000.0,0.0,4500.0,6.369599999999999,6369.599999999999
ml,2025-12-11,sugar,g,21488.071428571413,3000.0,3016.87,0.0,21471.20142857141,4000.0,7000.0,0.0,180.0,0.9662040642857135,966.2040642857135
ml,2025-12-11,chocolate_syrup,ml,8817.257142857128,1000.0,780.0000000000001,0.0,9037.257142857128,2000.0,2000.0,0.0,600.0,2.7111771428571383,2711.1771428571383
ml,2025-12-11,tea_leaves,g,2116.6514285714275,0.0,214.24,0.0,1902.4114285714272,500.0,1000.0,0.0,300.0,1.1414468571428562,1141.4468571428563
ml,2025-12-11,ice,g,48977.59999999999,10000.0,8013.6,0.0,50963.99999999999,13000.0,13000.0,0.0,130.0,0.50964,509.63999999999993
ml,2025-12-11,croissant_dough,pcs,6.777142857142476,30.0,36.72,0.0,0.0571428571424768,40.0,40.0,0.0,1800.0,0.002571428571411456,2.571428571411456
ml,2025-12-11,bread,pcs,7.759999999999835,80.0,61.480000000000004,0.0,26.27999999999983,90.0,90.0,0.0,720.0,0.21023999999999865,210.23999999999864
ml,2025-12-11,cup_hot,pcs,2532.4057142857127,300.0,370.8,0.0,2461.605714285713,500.0,1500.0,0.0,2000.0,9.846422857142853,9846.422857142852
ml,2025-12-11,cup_cold,pcs,747.7085714285713,0.0,71.07,0.0,676.6385714285714,200.0,400.0,0.0,1000.0,3.3831928571428573,3383.192857142857
ml,2025-12-12,coffee_beans,g,40299.6371428572,6000.0,5042.88,0.0,41256.7571428572,8000.0,21000.0,0.0,9600.0,49.508108571428636,49508.10857142864
ml,2025-12-12,milk,ml,106160.0,75000.0,41832.0,0.0,139328.0,57000.0,57000.0,0.0,3420.0,8.35968,8359.68
ml,2025-12-12,sugar,g,21471.20142857141,3000.0,2379.3,0.0,22091.90142857141,3000.0,7000.0,0.0,135.0,0.9941355642857135,994.1355642857135
ml,2025-12-12,chocolate_syrup,ml,9037.257142857128,0.0,748.8000000000001,0.0,8288.457142857129,1500.0,3500.0,0.0,450.0,2.4865371428571383,2486.5371428571384
ml,2025-12-12,tea_leaves,g,1902.4114285714272,500.0,173.04,0.0,2229.3714285714273,0.0,500.0,0.0,0.0,1.3376228571428563,1337.6228571428562
ml,2025-12-12,ice,g,50963.99999999999,13000.0,8251.2,0.0,55712.799999999996,7000.0,7000.0,0.0,70.0,0.557128,557.1279999999999
ml,2025-12-12,croissant_dough,pcs,0.0571428571424768,40.0,39.96,0.0,0.0971428571424724,50.0,50.0,0.0,2250.0,0.004371428571411258,4.371428571411258
ml,2025-12-12,bread,pcs,26.27999999999983,90.0,69.96000000000001,0.0,46.31999999999982,80.0,80.0,0.0,640.0,0.3705599999999986,370.5599999999986
ml,2025-12-12,cup_hot,pcs,2461.605714285713,400.0,275.01,0.0,2586.5957142857133,300.0,1400.0,0.0,1200.0,10.346382857142853,10346.382857142853
ml,2025-12-12,cup_cold,pcs,676.6385714285714,0.0,73.13,0.0,603.5085714285713,0.0,400.0,0.0,0.0,3.0175428571428564,3017.5428571428565
ml,2025-12-13,coffee_beans,g,41256.7571428572,5000.0,6451.92,0.0,39804.8371428572,0.0,16000.0,0.0,0.0,47.76580457142864,47765.804571428635
ml,2025-12-13,milk,ml,139328.0,57000.0,61362.0,0.0,134966.0,39000.0,39000.0,0.0,2340.0,8.09796,8097.96
ml,2025-12-13,sugar,g,22091.90142857141,4000.0,3376.34,0.0,22715.56142857141,3000.0,6000.0,0.0,135.0,1.0222002642857135,1022.2002642857135
ml,2025-12-13,chocolate_syrup,ml,8288.457142857129,2000.0,1092.0,0.0,9196.457142857129,0.0,1500.0,0.0,0.0,2.7589371428571385,2758.9371428571385
ml,2025-12-13,tea_leaves,g,2229.3714285714273,0.0,210.12,0.0,2019.2514285714274,0.0,500.0,0.0,0.0,1.2115508571428564,1211.5508571428563
ml,2025-12-13,ice,g,55712.799999999996,7000.0,12268.800000000001,0.0,50443.99999999999,8000.0,8000.0,0.0,80.0,0.50444,504.43999999999994
ml,2025-12-13,croissant_dough,pcs,0.0971428571424724,50.0,28.080000000000002,0.0,22.01714285714247,50.0,50.0,0.0,2250.0,0.9907714285714112,990.7714285714112
ml,2025-12-13,bread,pcs,46.31999999999982,80.0,80.56,0.0,45.75999999999982,80.0,80.0,0.0,640.0,0.3660799999999986,366.07999999999856
ml,2025-12-13,cup_hot,pcs,2586.5957142857133,0.0,339.9,0.0,2246.695714285713,300.0,1700.0,0.0,1200.0,8.986782857142853,8986.782857142853
ml,2025-12-13,cup_cold,pcs,603.5085714285713,200.0,107.12,0.0,696.3885714285714,0.0,200.0,0.0,0.0,3.4819428571428572,3481.942857142857
ml,2025-12-14,coffee_beans,g,39804.8371428572,8000.0,6266.519999999999,0.0,41538.317142857195,9000.0,17000.0,0.0,10800.0,49.84598057142863,49845.980571428634
ml,2025-12-14,milk,ml,134966.0,39000.0,61005.0,0.0,112961.0,44000.0,44000.0,0.0,2640.0,6.77766,6777.66
ml,2025-12-14,sugar,g,22715.56142857141,3000.0,3388.7000000000003,0.0,22326.86142857141,0.0,3000.0,0.0,0.0,1.0047087642857135,1004.7087642857134
ml,2025-12-14,chocolate_syrup,ml,9196.457142857129,1500.0,1060.8000000000002,0.0,9635.65714285713,0.0,0.0,0.0,0.0,2.890697142857139,2890.6971428571387
ml,2025-12-14,tea_leaves,g,2019.2514285714274,500.0,309.0,0.0,2210.2514285714274,500.0,500.0,0.0,300.0,1.3261508571428564,1326.1508571428565
ml,2025-12-14,ice,g,50443.99999999999,8000.0,8726.400000000001,0.0,49717.59999999999,12000.0,12000.0,0.0,120.0,0.49717599999999995,497.17599999999993
ml,2025-12-14,croissant_dough,pcs,22.01714285714247,50.0,71.28,0.0,0.737142857142473,20.0,20.0,0.0,900.0,0.03317142857141128,33.17142857141128
ml,2025-12-14,bread,pcs,45.75999999999982,80.0,86.92,0.0,38.83999999999982,60.0,60.0,0.0,480.0,0.31071999999999855,310.71999999999855
ml,2025-12-14,cup_hot,pcs,2246.695714285713,600.0,383.16,0.0,2463.535714285713,0.0,1100.0,0.0,0.0,9.854142857142852,9854.142857142851
ml,2025-12-14,cup_cold,pcs,696.3885714285714,0.0,77.25,0.0,619.1385714285714,200.0,400.0,0.0,1000.0,3.0956928571428572,3095.692857142857
ml,2025-12-15,coffee_beans,g,41538.317142857195,8000.0,6711.48,0.0,42826.8371428572,5000.0,14000.0,0.0,6000.0,51.392204571428636,51392.204571428636
ml,2025-12-15,milk,ml,112961.0,44000.0,60826.5,0.0,96134.5,52000.0,52000.0,0.0,3120.0,5.76807,5768.07
ml,2025-12-15,sugar,g,22326.86142857141,3000.0,3256.86,0.0,22070.00142857141,5000.0,5000.0,0.0,225.0,0.9931500642857134,993.1500642857134
ml,2025-12-15,chocolate_syrup,ml,9635.65714285713,0.0,1310.4,0.0,8325.257142857128,0.0,0.0,0.0,0.0,2.4975771428571383,2497.5771428571384
ml,2025-12-15,tea_leaves,g,2210.2514285714274,0.0,280.16,0.0,1930.0914285714273,0.0,500.0,0.0,0.0,1.1580548571428562,1158.0548571428562
ml,2025-12-15,ice,g,49717.59999999999,12000.0,7732.800000000001,0.0,53984.79999999999,8000.0,8000.0,0.0,80.0,0.5398479999999999,539.8479999999998
ml,2025-12-15,croissant_dough,pcs,0.737142857142473,20.0,20.520000000000003,0.0,0.21714285714246984,40.0,40.0,0.0,1800.0,0.009771428571411143,9.771428571411143
ml,2025-12-15,bread,pcs,38.83999999999982,60.0,57.24,0.0,41.59999999999982,70.0,70.0,0.0,560.0,0.33279999999999854,332.79999999999853
ml,2025-12-15,cup_hot,pcs,2463.535714285713,500.0,418.18,0.0,2545.355714285713,400.0,1000.0,0.0,1600.0,10.181422857142852,10181.422857142852
ml,2025-12-15,cup_cold,pcs,619.1385714285714,200.0,67.98,0.0,751.1585714285713,0.0,200.0,0.0,0.0,3.7557928571428567,3755.7928571428565
ml,2025-12-16,coffee_beans,g,42826.8371428572,0.0,5524.92,0.0,37301.9171428572,6000.0,20000.0,0.0,7200.0,44.76230057142864,44762.30057142864
ml,2025-12-16,milk,ml,96134.5,52000.0,56584.5,0.0,91550.0,64000.0,64000.0,0.0,3840.0,5.493,5493.0
ml,2025-12-16,sugar,g,22070.00142857141,0.0,3231.11,0.0,18838.89142857141,3000.0,8000.0,0.0,135.0,0.8477501142857135,847.7501142857134
ml,2025-12-16,chocolate_syrup,ml,8325.257142857128,0.0,1060.8000000000002,0.0,7264.457142857129,2000.0,2000.0,0.0,600.0,2.1793371428571384,2179.3371428571386
ml,2025-12-16,tea_leaves,g,1930.0914285714273,0.0,317.24,0.0,1612.8514285714273,500.0,1000.0,0.0,300.0,0.9677108571428563,967.7108571428563
ml,2025-12-16,ice,g,53984.79999999999,8000.0,8575.2,0.0,53409.59999999999,8000.0,8000.0,0.0,80.0,0.5340959999999999,534.0959999999999
ml,2025-12-16,croissant_dough,pcs,0.21714285714246984,40.0,36.72,0.0,3.497142857142471,40.0,40.0,0.0,1800.0,0.1573714285714112,157.3714285714112
ml,2025-12-16,bread,pcs,41.59999999999982,70.0,67.84,0.0,43.75999999999981,60.0,60.0,0.0,480.0,0.3500799999999985,350.0799999999985
ml,2025-12-16,cup_hot,pcs,2545.355714285713,300.0,344.02000000000004,0.0,2501.335714285713,500.0,1200.0,0.0,2000.0,10.005342857142852,10005.342857142852
ml,2025-12-16,cup_cold,pcs,751.1585714285713,0.0,77.25,0.0,673.9085714285713,100.0,300.0,0.0,500.0,3.3695428571428567,3369.5428571428565
ml,2025-12-17,coffee_beans,g,37301.9171428572,9000.0,6285.0599999999995,0.0,40016.8571428572,7000.0,18000.0,0.0,8400.0,48.02022857142864,48020.22857142864
ml,2025-12-17,milk,ml,91550.0,64000.0,56647.5,0.0,98902.5,68000.0,68000.0,0.0,4080.0,5.93415,5934.15
ml,2025-12-17,sugar,g,18838.89142857141,5000.0,3169.31,0.0,20669.581428571408,3000.0,6000.0,0.0,135.0,0.9301311642857134,930.1311642857133
ml,2025-12-17,chocolate_syrup,ml,7264.457142857129,0.0,811.2,0.0,6453.257142857128,1000.0,3000.0,0.0,300.0,1.9359771428571384,1935.9771428571385
ml,2025-12-17,tea_leaves,g,1612.8514285714273,500.0,238.96,0.0,1873.8914285714272,0.0,500.0,0.0,0.0,1.1243348571428562,1124.3348571428562
ml,2025-12-17,ice,g,53409.59999999999,8000.0,9741.6,0.0,51667.99999999999,10000.0,10000.0,0.0,100.0,0.5166799999999999,516.68
ml,2025-12-17,croissant_dough,pcs,3.497142857142471,40.0,33.480000000000004,0.0,10.017142857142467,40.0,40.0,0.0,1800.0,0.45077142857141106,450.77142857141104
ml,2025-12-17,bread,pcs,43.75999999999981,60.0,74.2,0.0,29.55999999999981,70.0,70.0,0.0,560.0,0.2364799999999985,236.47999999999848
ml,2025-12-17,cup_hot,pcs,2501.335714285713,300.0,350.20000000000005,0.0,2451.135714285713,400.0,1300.0,0.0,1600.0,9.804542857142852,9804.542857142853
ml,2025-12-17,cup_cold,pcs,673.9085714285713,0.0,85.49000000000001,0.0,588.4185714285713,100.0,400.0,0.0,500.0,2.942092857142857,2942.0928571428567
ml,2025-12-18,coffee_beans,g,40016.8571428572,5000.0,6006.959999999999,0.0,39009.8971428572,7000.0,20000.0,0.0,8400.0,46.811876571428634,46811.876571428635
ml,2025-12-18,milk,ml,98902.5,68000.0,54306.0,0.0,112596.5,65000.0,65000.0,0.0,3900.0,6.75579,6755.79
ml,2025-12-18,sugar,g,20669.581428571408,3000.0,3034.38,0.0,20635.20142857141,4000.0,7000.0,0.0,180.0,0.9285840642857135,928.5840642857135
ml,2025-12-18,chocolate_syrup,ml,6453.257142857128,2000.0,873.6000000000001,0.0,7579.657142857128,1000.0,2000.0,0.0,300.0,2.273897142857138,2273.897142857138
ml,2025-12-18,tea_leaves,g,1873.8914285714272,0.0,181.28,0.0,1692.6114285714273,500.0,1000.0,0.0,300.0,1.0155668571428562,1015.5668571428563
ml,2025-12-18,ice,g,51667.99999999999,10000.0,10843.2,0.0,50824.79999999999,11000.0,11000.0,0.0,110.0,0.5082479999999999,508.2479999999999
ml,2025-12-18,croissant_dough,pcs,10.017142857142467,40.0,25.92,0.0,24.097142857142465,30.0,30.0,0.0,1350.0,1.084371428571411,1084.371428571411
ml,2025-12-18,bread,pcs,29.55999999999981,70.0,84.80000000000001,0.0,14.759999999999799,80.0,80.0,0.0,640.0,0.1180799999999984,118.07999999999839
ml,2025-12-18,cup_hot,pcs,2451.135714285713,0.0,312.09,0.0,2139.045714285713,400.0,1700.0,0.0,1600.0,8.556182857142852,8556.182857142852
ml,2025-12-18,cup_cold,pcs,588.4185714285713,200.0,95.78999999999999,0.0,692.6285714285713,100.0,300.0,0.0,500.0,3.4631428571428566,3463.1428571428564
ml,2025-12-19,coffee_beans,g,39009.8971428572,6000.0,7471.619999999999,0.0,37538.2771428572,7000.0,21000.0,0.0,8400.0,45.04593257142864,45045.93257142864
ml,2025-12-19,milk,ml,112596.5,65000.0,61131.0,0.0,116465.5,51000.0,51000.0,0.0,3060.0,6.9879299999999995,6987.929999999999
ml,2025-12-19,sugar,g,20635.20142857141,3000.0,3354.7100000000005,0.0,20280.49142857141,3000.0,7000.0,0.0,135.0,0.9126221142857135,912.6221142857135
ml,2025-12-19,chocolate_syrup,ml,7579.657142857128,1000.0,655.2,0.0,7924.457142857128,1000.0,2000.0,0.0,300.0,2.3773371428571384,2377.337142857138
ml,2025-12-19,tea_leaves,g,1692.6114285714273,500.0,210.12,0.0,1982.4914285714272,0.0,500.0,0.0,0.0,1.1894948571428563,1189.4948571428563
ml,2025-12-19,ice,g,50824.79999999999,11000.0,11772.0,0.0,50052.79999999999,9000.0,9000.0,0.0,90.0,0.5005279999999999,500.5279999999999
ml,2025-12-19,croissant_dough,pcs,24.097142857142465,30.0,41.040000000000006,0.0,13.057142857142459,30.0,30.0,0.0,1350.0,0.5875714285714108,587.5714285714107
ml,2025-12-19,bread,pcs,14.759999999999799,80.0,93.28,0.0,1.4799999999997908,90.0,90.0,0.0,720.0,0.011839999999998328,11.839999999998327
ml,2025-12-19,cup_hot,pcs,2139.045714285713,400.0,388.31000000000006,0.0,2150.7357142857127,300.0,1600.0,0.0,1200.0,8.602942857142851,8602.94285714285
ml,2025-12-19,cup_cold,pcs,692.6285714285713,0.0,100.94,0.0,591.6885714285713,100.0,400.0,0.0,500.0,2.9584428571428565,2958.4428571428566
ml,2025-12-20,coffee_beans,g,37538.2771428572,7000.0,6674.400000000001,0.0,37863.8771428572,8000.0,22000.0,0.0,9600.0,45.43665257142864,45436.65257142864
ml,2025-12-20,milk,ml,116465.5,51000.0,64333.5,0.0,103132.0,60000.0,60000.0,0.0,3600.0,6.18792,6187.92
ml,2025-12-20,sugar,g,20280.49142857141,4000.0,3545.26,0.0,20735.23142857141,4000.0,7000.0,0.0,180.0,0.9330854142857133,933.0854142857133
ml,2025-12-20,chocolate_syrup,ml,7924.457142857128,1000.0,1092.0,0.0,7832.457142857128,0.0,1000.0,0.0,0.0,2.3497371428571383,2349.737142857138
ml,2025-12-20,tea_leaves,g,1982.4914285714272,0.0,292.52,0.0,1689.9714285714272,500.0,1000.0,0.0,300.0,1.0139828571428562,1013.9828571428562
ml,2025-12-20,ice,g,50052.79999999999,9000.0,10454.400000000001,0.0,48598.39999999999,12000.0,12000.0,0.0,120.0,0.48598399999999986,485.98399999999987
ml,2025-12-20,croissant_dough,pcs,13.057142857142459,30.0,41.040000000000006,0.0,2.017142857142453,40.0,40.0,0.0,1800.0,0.09077142857141038,90.77142857141038
ml,2025-12-20,bread,pcs,1.4799999999997908,90.0,80.56,0.0,10.919999999999789,100.0,100.0,0.0,800.0,0.08735999999999831,87.35999999999831
ml,2025-12-20,cup_hot,pcs,2150.7357142857127,500.0,388.31,0.0,2262.425714285713,400.0,1500.0,0.0,1600.0,9.049702857142853,9049.702857142853
ml,2025-12-20,cup_cold,pcs,591.6885714285713,100.0,91.67,0.0,600.0185714285712,100.0,400.0,0.0,500.0,3.0000928571428562,3000.0928571428562
ml,2025-12-21,coffee_beans,g,37863.8771428572,7000.0,6878.339999999999,0.0,37985.537142857196,7000.0,22000.0,0.0,8400.0,45.58264457142863,45582.64457142863
ml,2025-12-21,milk,ml,103132.0,60000.0,59230.5,0.0,103901.5,64000.0,64000.0,0.0,3840.0,6.23409,6234.09
ml,2025-12-21,sugar,g,20735.23142857141,3000.0,3203.3,0.0,20531.93142857141,3000.0,7000.0,0.0,135.0,0.9239369142857135,923.9369142857134
ml,2025-12-21,chocolate_syrup,ml,7832.457142857128,1000.0,1154.4,0.0,7678.057142857128,1500.0,1500.0,0.0,450.0,2.3034171428571386,2303.4171428571385
ml,2025-12-21,tea_leaves,g,1689.9714285714272,500.0,201.88,0.0,1988.0914285714273,0.0,500.0,0.0,0.0,1.1928548571428566,1192.8548571428564
ml,2025-12-21,ice,g,48598.39999999999,12000.0,9590.400000000001,0.0,51007.999999999985,9000.0,9000.0,0.0,90.0,0.5100799999999999,510.07999999999987
ml,2025-12-21,croissant_dough,pcs,2.017142857142453,40.0,38.88,0.0,3.1371428571424502,40.0,40.0,0.0,1800.0,0.14117142857141027,141.17142857141027
ml,2025-12-21,bread,pcs,10.919999999999789,100.0,99.64,0.0,11.279999999999788,70.0,70.0,0.0,560.0,0.09023999999999831,90.2399999999983
ml,2025-12-21,cup_hot,pcs,2262.425714285713,400.0,386.25,0.0,2276.175714285713,500.0,1600.0,0.0,2000.0,9.104702857142852,9104.702857142853
ml,2025-12-21,cup_cold,pcs,600.0185714285712,100.0,84.46000000000001,0.0,615.5585714285712,0.0,300.0,0.0,0.0,3.0777928571428563,3077.792857142856
ml,2025-12-22,coffee_beans,g,37985.537142857196,7000.0,7860.96,0.0,37124.577142857204,6000.0,21000.0,0.0,7200.0,44.549492571428644,44549.492571428644
ml,2025-12-22,milk,ml,103901.5,64000.0,66286.5,0.0,101615.0,46000.0,46000.0,0.0,2760.0,6.0969,6096.9
ml,2025-12-22,sugar,g,20531.93142857141,4000.0,3587.4900000000002,0.0,20944.44142857141,3000.0,6000.0,0.0,135.0,0.9424998642857133,942.4998642857133
ml,2025-12-22,chocolate_syrup,ml,7678.057142857128,0.0,1154.4,0.0,6523.657142857128,1000.0,2500.0,0.0,300.0,1.9570971428571384,1957.0971428571384
ml,2025-12-22,tea_leaves,g,1988.0914285714273,0.0,247.20000000000002,0.0,1740.8914285714272,500.0,1000.0,0.0,300.0,1.0445348571428563,1044.5348571428563
ml,2025-12-22,ice,g,51007.999999999985,9000.0,10216.800000000001,0.0,49791.19999999998,10000.0,10000.0,0.0,100.0,0.49791199999999985,497.91199999999986
ml,2025-12-22,croissant_dough,pcs,3.1371428571424502,40.0,42.120000000000005,0.0,1.0171428571424457,40.0,40.0,0.0,1800.0,0.045771428571410054,45.771428571410055
ml,2025-12-22,bread,pcs,11.279999999999788,70.0,61.480000000000004,0.0,19.799999999999784,90.0,90.0,0.0,720.0,0.15839999999999826,158.39999999999827
ml,2025-12-22,cup_hot,pcs,2276.175714285713,400.0,447.02000000000004,0.0,2229.1557142857127,0.0,1200.0,0.0,0.0,8.916622857142851,8916.622857142851
ml,2025-12-22,cup_cold,pcs,615.5585714285712,100.0,89.61,0.0,625.9485714285713,200.0,400.0,0.0,1000.0,3.1297428571428565,3129.7428571428563
ml,2025-12-23,coffee_beans,g,37124.577142857204,8000.0,5543.459999999999,0.0,39581.1171428572,8000.0,21000.0,0.0,9600.0,47.49734057142864,47497.340571428635
ml,2025-12-23,milk,ml,101615.0,46000.0,52993.5,0.0,94621.5,70000.0,70000.0,0.0,4200.0,5.67729,5677.29
ml,2025-12-23,sugar,g,20944.44142857141,3000.0,2948.8900000000003,0.0,20995.55142857141,4000.0,7000.0,0.0,180.0,0.9447998142857135,944.7998142857134
ml,2025-12-23,chocolate_syrup,ml,6523.657142857128,1500.0,1123.2,0.0,6900.457142857128,1000.0,2000.0,0.0,300.0,2.0701371428571385,2070.1371428571383
ml,2025-12-23,tea_leaves,g,1740.8914285714272,500.0,259.56,0.0,1981.3314285714273,0.0,500.0,0.0,0.0,1.1887988571428565,1188.7988571428564
ml,2025-12-23,ice,g,49791.19999999998,10000.0,7668.0,0.0,52123.19999999998,10000.0,10000.0,0.0,100.0,0.5212319999999999,521.2319999999999
ml,2025-12-23,croissant_dough,pcs,1.0171428571424457,40.0,39.96,0.0,1.0571428571424448,40.0,40.0,0.0,1800.0,0.047571428571410015,47.57142857141002
ml,2025-12-23,bread,pcs,19.799999999999784,90.0,89.04,0.0,20.759999999999778,80.0,80.0,0.0,640.0,0.16607999999999823,166.07999999999822
ml,2025-12-23,cup_hot,pcs,2229.1557142857127,300.0,341.96000000000004,0.0,2187.1957142857127,800.0,1700.0,0.0,3200.0,8.748782857142851,8748.78285714285
ml,2025-12-23,cup_cold,pcs,625.9485714285713,100.0,67.98,0.0,657.9685714285713,0.0,300.0,0.0,0.0,3.289842857142857,3289.8428571428567
ml,2025-12-24,coffee_beans,g,39581.1171428572,7000.0,6637.32,0.0,39943.7971428572,6000.0,20000.0,0.0,7200.0,47.932556571428634,47932.556571428635
ml,2025-12-24,milk,ml,94621.5,70000.0,65089.5,0.0,99532.0,59000.0,59000.0,0.0,3540.0,5.97192,5971.92
ml,2025-12-24,sugar,g,20995.55142857141,3000.0,3664.74,0.0,20330.811428571407,3000.0,7000.0,0.0,135.0,0.9148865142857132,914.8865142857132
ml,2025-12-24,chocolate_syrup,ml,6900.457142857128,1000.0,1591.2,0.0,6309.257142857128,1000.0,2000.0,0.0,300.0,1.8927771428571385,1892.7771428571384
ml,2025-12-24,tea_leaves,g,1981.3314285714273,0.0,317.24,0.0,1664.0914285714273,500.0,1000.0,0.0,300.0,0.9984548571428563,998.4548571428563
ml,2025-12-24,ice,g,52123.19999999998,10000.0,11318.400000000001,0.0,50804.79999999999,8000.0,8000.0,0.0,80.0,0.5080479999999999,508.0479999999999
ml,2025-12-24,croissant_dough,pcs,1.0571428571424448,40.0,35.64,0.0,5.417142857142444,30.0,30.0,0.0,1350.0,0.24377142857141,243.77142857140998
ml,2025-12-24,bread,pcs,20.759999999999778,80.0,99.64,0.0,1.1199999999997772,70.0,70.0,0.0,560.0,0.008959999999998218,8.959999999998217
ml,2025-12-24,cup_hot,pcs,2187.1957142857127,400.0,400.67,0.0,2186.5257142857126,400.0,1700.0,0.0,1600.0,8.746102857142851,8746.10285714285
ml,2025-12-24,cup_cold,pcs,657.9685714285713,100.0,99.91,0.0,658.0585714285712,200.0,400.0,0.0,1000.0,3.2902928571428562,3290.292857142856
ml,2025-12-25,coffee_beans,g,39943.7971428572,6000.0,5339.5199999999995,0.0,40604.2771428572,7000.0,21000.0,0.0,8400.0,48.725132571428645,48725.13257142864
ml,2025-12-25,milk,ml,99532.0,59000.0,47943.0,0.0,110589.0,71000.0,71000.0,0.0,4260.0,6.63534,6635.34
ml,2025-12-25,sugar,g,20330.811428571407,4000.0,2671.8199999999997,0.0,21658.991428571408,4000.0,7000.0,0.0,180.0,0.9746546142857133,974.6546142857133
ml,2025-12-25,chocolate_syrup,ml,6309.257142857128,1000.0,748.8000000000001,0.0,6560.457142857128,1500.0,2500.0,0.0,450.0,1.9681371428571384,1968.1371428571383
ml,2025-12-25,tea_leaves,g,1664.0914285714273,500.0,140.08,0.0,2024.0114285714271,500.0,1000.0,0.0,300.0,1.2144068571428563,1214.4068571428563
ml,2025-12-25,ice,g,50804.79999999999,8000.0,9201.6,0.0,49603.19999999998,11000.0,11000.0,0.0,110.0,0.4960319999999998,496.0319999999998
ml,2025-12-25,croissant_dough,pcs,5.417142857142444,30.0,34.56,0.0,0.857142857142442,40.0,40.0,0.0,1800.0,0.03857142857140989,38.57142857140989
ml,2025-12-25,bread,pcs,1.1199999999997772,70.0,53.0,0.0,18.119999999999777,80.0,80.0,0.0,640.0,0.14495999999999823,144.95999999999822
ml,2025-12-25,cup_hot,pcs,2186.5257142857126,500.0,275.01,0.0,2411.515714285713,400.0,1600.0,0.0,1600.0,9.646062857142851,9646.062857142851
ml,2025-12-25,cup_cold,pcs,658.0585714285712,0.0,81.37,0.0,576.6885714285713,0.0,400.0,0.0,0.0,2.8834428571428568,2883.4428571428566
ml,2025-12-26,coffee_beans,g,40604.2771428572,8000.0,6600.24,0.0,42004.037142857196,6000.0,19000.0,0.0,7200.0,50.40484457142863,50404.844571428635
ml,2025-12-26,milk,ml,110589.0,71000.0,62527.5,0.0,119061.5,55000.0,55000.0,0.0,3300.0,7.143689999999999,7143.69
ml,2025-12-26,sugar,g,21658.991428571408,3000.0,3522.6000000000004,0.0,21136.391428571405,3000.0,7000.0,0.0,135.0,0.9511376142857132,951.1376142857132
ml,2025-12-26,chocolate_syrup,ml,6560.457142857128,1000.0,1404.0000000000002,0.0,6156.457142857127,1000.0,2500.0,0.0,300.0,1.8469371428571382,1846.937142857138
ml,2025-12-26,tea_leaves,g,2024.0114285714271,0.0,333.72,0.0,1690.2914285714273,0.0,1000.0,0.0,0.0,1.0141748571428564,1014.1748571428564
ml,2025-12-26,ice,g,49603.19999999998,11000.0,9288.0,0.0,51315.19999999998,11000.0,11000.0,0.0,110.0,0.5131519999999998,513.1519999999998
ml,2025-12-26,croissant_dough,pcs,0.857142857142442,40.0,39.96,0.0,0.8971428571424411,40.0,40.0,0.0,1800.0,0.04037142857140985,40.37142857140985
ml,2025-12-26,bread,pcs,18.119999999999777,80.0,72.08,0.0,26.03999999999978,80.0,80.0,0.0,640.0,0.20831999999999823,208.31999999999823
ml,2025-12-26,cup_hot,pcs,2411.515714285713,0.0,415.09000000000003,0.0,1996.425714285713,0.0,1600.0,0.0,0.0,7.985702857142852,7985.702857142852
ml,2025-12-26,cup_cold,pcs,576.6885714285713,200.0,81.37,0.0,695.3185714285712,100.0,300.0,0.0,500.0,3.476592857142856,3476.592857142856
ml,2025-12-27,coffee_beans,g,42004.037142857196,6000.0,7842.42,0.0,40161.6171428572,6000.0,19000.0,0.0,7200.0,48.193940571428634,48193.94057142863
ml,2025-12-27,milk,ml,119061.5,55000.0,83170.5,0.0,90891.0,64000.0,64000.0,0.0,3840.0,5.45346,5453.46
ml,2025-12-27,sugar,g,21136.391428571405,4000.0,4483.59,0.0,20652.80142857141,4000.0,7000.0,0.0,180.0,0.9293760642857134,929.3760642857134
ml,2025-12-27,chocolate_syrup,ml,6156.457142857127,1500.0,1622.4,0.0,6034.0571428571275,1000.0,2000.0,0.0,300.0,1.8102171428571383,1810.2171428571382
ml,2025-12-27,tea_leaves,g,1690.2914285714273,500.0,341.96000000000004,0.0,1848.3314285714273,0.0,500.0,0.0,0.0,1.1089988571428564,1108.9988571428564
ml,2025-12-27,ice,g,51315.19999999998,11000.0,12290.400000000001,0.0,50024.79999999998,10000.0,10000.0,0.0,100.0,0.5002479999999998,500.2479999999998
ml,2025-12-27,croissant_dough,pcs,0.8971428571424411,40.0,39.96,0.0,0.9371428571424403,60.0,60.0,0.0,2700.0,0.04217142857140981,42.17142857140981
ml,2025-12-27,bread,pcs,26.03999999999978,80.0,78.44,0.0,27.59999999999978,80.0,80.0,0.0,640.0,0.22079999999999825,220.79999999999825
ml,2025-12-27,cup_hot,pcs,1996.425714285713,800.0,466.59000000000003,0.0,2329.835714285713,600.0,1400.0,0.0,2400.0,9.319342857142852,9319.342857142852
ml,2025-12-27,cup_cold,pcs,695.3185714285712,0.0,108.15,0.0,587.1685714285712,0.0,300.0,0.0,0.0,2.9358428571428563,2935.8428571428562
ml,2025-12-28,coffee_beans,g,40161.6171428572,7000.0,8435.699999999999,0.0,38725.9171428572,8000.0,20000.0,0.0,9600.0,46.471100571428636,46471.10057142864
ml,2025-12-28,milk,ml,90891.0,64000.0,83275.5,0.0,71615.5,83000.0,83000.0,0.0,4980.0,4.296930000000001,4296.93
ml,2025-12-28,sugar,g,20652.80142857141,3000.0,4355.87,0.0,19296.931428571406,4000.0,8000.0,0.0,180.0,0.8683619142857133,868.3619142857133
ml,2025-12-28,chocolate_syrup,ml,6034.0571428571275,1000.0,2184.0,0.0,4850.0571428571275,2000.0,3000.0,0.0,600.0,1.4550171428571381,1455.0171428571382
ml,2025-12-28,tea_leaves,g,1848.3314285714273,500.0,271.92,0.0,2076.411428571427,500.0,500.0,0.0,300.0,1.2458468571428565,1245.8468571428564
ml,2025-12-28,ice,g,50024.79999999998,10000.0,13543.2,0.0,46481.59999999998,13000.0,13000.0,0.0,130.0,0.46481599999999984,464.8159999999998
ml,2025-12-28,croissant_dough,pcs,0.9371428571424403,60.0,60.480000000000004,0.0,0.4571428571424363,40.0,40.0,0.0,1800.0,0.020571428571409634,20.571428571409633
ml,2025-12-28,bread,pcs,27.59999999999978,80.0,106.0,0.0,1.5999999999997812,70.0,70.0,0.0,560.0,0.01279999999999825,12.79999999999825
ml,2025-12-28,cup_hot,pcs,2329.835714285713,400.0,491.31000000000006,0.0,2238.5257142857126,400.0,1400.0,0.0,1600.0,8.954102857142852,8954.10285714285
ml,2025-12-28,cup_cold,pcs,587.1685714285712,200.0,117.42,0.0,669.7485714285713,200.0,300.0,0.0,1000.0,3.3487428571428564,3348.7428571428563
ml,2025-12-29,coffee_beans,g,38725.9171428572,6000.0,6915.42,0.0,37810.4971428572,6000.0,20000.0,0.0,7200.0,45.372596571428645,45372.59657142864
ml,2025-12-29,milk,ml,71615.5,83000.0,56679.0,0.0,97936.5,69000.0,69000.0,0.0,4140.0,5.876189999999999,5876.19
ml,2025-12-29,sugar,g,19296.931428571406,4000.0,3073.5200000000004,0.0,20223.411428571406,3000.0,7000.0,0.0,135.0,0.9100535142857133,910.0535142857133
ml,2025-12-29,chocolate_syrup,ml,4850.0571428571275,1000.0,436.80000000000007,0.0,5413.257142857127,2000.0,4000.0,0.0,600.0,1.6239771428571383,1623.9771428571382
ml,2025-12-29,tea_leaves,g,2076.411428571427,0.0,230.72,0.0,1845.6914285714272,0.0,500.0,0.0,0.0,1.1074148571428564,1107.4148571428564
ml,2025-12-29,ice,g,46481.59999999998,13000.0,8640.0,0.0,50841.59999999998,14000.0,14000.0,0.0,140.0,0.5084159999999998,508.41599999999977
ml,2025-12-29,croissant_dough,pcs,0.4571428571424363,40.0,37.800000000000004,0.0,2.657142857142432,40.0,40.0,0.0,1800.0,0.11957142857140944,119.57142857140944
ml,2025-12-29,bread,pcs,1.5999999999997812,70.0,69.96000000000001,0.0,1.6399999999997732,90.0,90.0,0.0,720.0,0.013119999999998185,13.119999999998186
ml,2025-12-29,cup_hot,pcs,2238.5257142857126,400.0,380.07,0.0,2258.455714285713,400.0,1400.0,0.0,1600.0,9.033822857142852,9033.822857142852
ml,2025-12-29,cup_cold,pcs,669.7485714285713,0.0,76.22,0.0,593.5285714285712,100.0,400.0,0.0,500.0,2.967642857142856,2967.642857142856
ml,2025-12-30,coffee_beans,g,37810.4971428572,6000.0,9529.56,0.0,34280.937142857205,7000.0,21000.0,0.0,8400.0,41.13712457142864,41137.12457142864
ml,2025-12-30,milk,ml,97936.5,69000.0,89985.0,0.0,76951.5,59000.0,59000.0,0.0,3540.0,4.61709,4617.09
ml,2025-12-30,sugar,g,20223.411428571406,4000.0,4945.03,0.0,19278.381428571407,3000.0,6000.0,0.0,135.0,0.8675271642857133,867.5271642857133
ml,2025-12-30,chocolate_syrup,ml,5413.257142857127,2000.0,1778.4,0.0,5634.857142857127,0.0,2000.0,0.0,0.0,1.690457142857138,1690.457142857138
ml,2025-12-30,tea_leaves,g,1845.6914285714272,0.0,288.40000000000003,0.0,1557.291428571427,500.0,1000.0,0.0,300.0,0.9343748571428562,934.3748571428562
ml,2025-12-30,ice,g,50841.59999999998,14000.0,19159.200000000004,0.0,45682.39999999998,8000.0,8000.0,0.0,80.0,0.4568239999999998,456.8239999999998
ml,2025-12-30,croissant_dough,pcs,2.657142857142432,40.0,42.120000000000005,0.0,0.5371428571424275,40.0,40.0,0.0,1800.0,0.024171428571409238,24.171428571409237
ml,2025-12-30,bread,pcs,1.6399999999997732,90.0,91.16000000000001,0.0,0.4799999999997624,90.0,90.0,0.0,720.0,0.0038399999999980993,3.839999999998099
ml,2025-12-30,cup_hot,pcs,2258.455714285713,0.0,493.37000000000006,0.0,1765.0857142857128,0.0,1400.0,0.0,0.0,7.060342857142851,7060.342857142851
ml,2025-12-30,cup_cold,pcs,593.5285714285712,100.0,166.86,0.0,526.6685714285712,0.0,300.0,0.0,0.0,2.633342857142856,2633.3428571428562
ml,2025-12-31,coffee_beans,g,34280.937142857205,8000.0,8027.82,0.0,34253.117142857205,9000.0,22000.0,0.0,10800.0,41.103740571428645,41103.74057142864
ml,2025-12-31,milk,ml,76951.5,59000.0,84777.0,0.0,51174.5,96000.0,96000.0,0.0,5760.0,3.07047,3070.47
ml,2025-12-31,sugar,g,19278.381428571407,3000.0,4770.960000000001,0.0,17507.421428571404,5000.0,8000.0,0.0,225.0,0.7878339642857132,787.8339642857131
ml,2025-12-31,chocolate_syrup,ml,5634.857142857127,2000.0,1528.8000000000002,0.0,6106.0571428571275,2000.0,2000.0,0.0,600.0,1.8318171428571381,1831.8171428571382
ml,2025-12-31,tea_leaves,g,1557.291428571427,500.0,564.44,0.0,1492.851428571427,0.0,500.0,0.0,0.0,0.8957108571428563,895.7108571428562
ml,2025-12-31,ice,g,45682.39999999998,8000.0,8683.2,0.0,44999.199999999975,18000.0,18000.0,0.0,180.0,0.4499919999999997,449.99199999999973
ml,2025-12-31,croissant_dough,pcs,0.5371428571424275,40.0,39.96,0.0,0.5771428571424266,30.0,30.0,0.0,1350.0,0.0259714285714092,25.9714285714092
ml,2025-12-31,bread,pcs,0.4799999999997624,90.0,89.04,0.0,1.4399999999997561,70.0,70.0,0.0,560.0,0.01151999999999805,11.51999999999805
ml,2025-12-31,cup_hot,pcs,1765.0857142857128,600.0,561.35,0.0,1803.7357142857127,800.0,1600.0,0.0,3200.0,7.214942857142851,7214.942857142851
ml,2025-12-31,cup_cold,pcs,526.6685714285712,0.0,76.22,0.0,450.44857142857126,300.0,600.0,0.0,1500.0,2.2522428571428565,2252.2428571428563
