policy,origin,date,material,need,sigma_daily
manual,2025-07-20,2025-07-20,bread,103.032,0.0
manual,2025-07-20,2025-07-20,chocolate_syrup,1374.5828571428572,0.0
manual,2025-07-20,2025-07-20,coffee_beans,7974.318857142856,0.0
manual,2025-07-20,2025-07-20,croissant_dough,46.10057142857143,0.0
manual,2025-07-20,2025-07-20,cup_cold,116.00742857142858,0.0
manual,2025-07-20,2025-07-20,cup_hot,460.49828571428577,0.0
manual,2025-07-20,2025-07-20,ice,13159.954285714288,0.0
manual,2025-07-20,2025-07-20,milk,76060.8,0.0
manual,2025-07-20,2025-07-20,sugar,4268.084571428572,0.0
manual,2025-07-20,2025-07-20,tea_leaves,352.4365714285714,0.0
manual,2025-07-20,2025-07-21,bread,103.032,0.0
manual,2025-07-20,2025-07-21,chocolate_syrup,1374.5828571428572,0.0
manual,2025-07-20,2025-07-21,coffee_beans,7974.318857142856,0.0
manual,2025-07-20,2025-07-21,croissant_dough,46.10057142857143,0.0
manual,2025-07-20,2025-07-21,cup_cold,116.00742857142858,0.0
manual,2025-07-20,2025-07-21,cup_hot,460.49828571428577,0.0
manual,2025-07-20,2025-07-21,ice,13159.954285714288,0.0
manual,2025-07-20,2025-07-21,milk,76060.8,0.0
manual,2025-07-20,2025-07-21,sugar,4268.084571428572,0.0
manual,2025-07-20,2025-07-21,tea_leaves,352.4365714285714,0.0
manual,2025-07-20,2025-07-22,bread,103.032,0.0
manual,2025-07-20,2025-07-22,chocolate_syrup,1374.5828571428572,0.0
manual,2025-07-20,2025-07-22,coffee_beans,7974.318857142856,0.0
manual,2025-07-20,2025-07-22,croissant_dough,46.10057142857143,0.0
manual,2025-07-20,2025-07-22,cup_cold,116.00742857142858,0.0
manual,2025-07-20,2025-07-22,cup_hot,460.49828571428577,0.0
manual,2025-07-20,2025-07-22,ice,13159.954285714288,0.0
manual,2025-07-20,2025-07-22,milk,76060.8,0.0
manual,2025-07-20,2025-07-22,sugar,4268.084571428572,0.0
manual,2025-07-20,2025-07-22,tea_leaves,352.4365714285714,0.0
manual,2025-07-20,2025-07-23,bread,103.032,0.0
manual,2025-07-20,2025-07-23,chocolate_syrup,1374.5828571428572,0.0
manual,2025-07-20,2025-07-23,coffee_beans,7974.318857142856,0.0
manual,2025-07-20,2025-07-23,croissant_dough,46.10057142857143,0.0
manual,2025-07-20,2025-07-23,cup_cold,116.00742857142858,0.0
manual,2025-07-20,2025-07-23,cup_hot,460.49828571428577,0.0
manual,2025-07-20,2025-07-23,ice,13159.954285714288,0.0
manual,2025-07-20,2025-07-23,milk,76060.8,0.0
manual,2025-07-20,2025-07-23,sugar,4268.084571428572,0.0
manual,2025-07-20,2025-07-23,tea_leaves,352.4365714285714,0.0
manual,2025-07-20,2025-07-24,bread,103.032,0.0
manual,2025-07-20,2025-07-24,chocolate_syrup,1374.5828571428572,0.0
manual,2025-07-20,2025-07-24,coffee_beans,7974.318857142856,0.0
manual,2025-07-20,2025-07-24,croissant_dough,46.10057142857143,0.0
manual,2025-07-20,2025-07-24,cup_cold,116.00742857142858,0.0
manual,2025-07-20,2025-07-24,cup_hot,460.49828571428577,0.0
manual,2025-07-20,2025-07-24,ice,13159.954285714288,0.0
manual,2025-07-20,2025-07-24,milk,76060.8,0.0
manual,2025-07-20,2025-07-24,sugar,4268.084571428572,0.0
manual,2025-07-20,2025-07-24,tea_leaves,352.4365714285714,0.0
manual,2025-07-20,2025-07-25,bread,103.032,0.0
manual,2025-07-20,2025-07-25,chocolate_syrup,1374.5828571428572,0.0
manual,2025-07-20,2025-07-25,coffee_beans,7974.318857142856,0.0
manual,2025-07-20,2025-07-25,croissant_dough,46.10057142857143,0.0
manual,2025-07-20,2025-07-25,cup_cold,116.00742857142858,0.0
manual,2025-07-20,2025-07-25,cup_hot,460.49828571428577,0.0
manual,2025-07-20,2025-07-25,ice,13159.954285714288,0.0
manual,2025-07-20,2025-07-25,milk,76060.8,0.0
manual,2025-07-20,2025-07-25,sugar,4268.084571428572,0.0
manual,2025-07-20,2025-07-25,tea_leaves,352.4365714285714,0.0
manual,2025-07-20,2025-07-26,bread,103.032,0.0
manual,2025-07-20,2025-07-26,chocolate_syrup,1374.5828571428572,0.0
manual,2025-07-20,2025-07-26,coffee_beans,7974.318857142856,0.0
manual,2025-07-20,2025-07-26,croissant_dough,46.10057142857143,0.0
manual,2025-07-20,2025-07-26,cup_cold,116.00742857142858,0.0
manual,2025-07-20,2025-07-26,cup_hot,460.49828571428577,0.0
manual,2025-07-20,2025-07-26,ice,13159.954285714288,0.0
manual,2025-07-20,2025-07-26,milk,76060.8,0.0
manual,2025-07-20,2025-07-26,sugar,4268.084571428572,0.0
manual,2025-07-20,2025-07-26,tea_leaves,352.4365714285714,0.0
manual,2025-07-20,2025-07-27,bread,103.032,0.0
manual,2025-07-20,2025-07-27,chocolate_syrup,1374.5828571428572,0.0
manual,2025-07-20,2025-07-27,coffee_beans,7974.318857142856,0.0
manual,2025-07-20,2025-07-27,croissant_dough,46.10057142857143,0.0
manual,2025-07-20,2025-07-27,cup_cold,116.00742857142858,0.0
manual,2025-07-20,2025-07-27,cup_hot,460.49828571428577,0.0
manual,2025-07-20,2025-07-27,ice,13159.954285714288,0.0
manual,2025-07-20,2025-07-27,milk,76060.8,0.0
manual,2025-07-20,2025-07-27,sugar,4268.084571428572,0.0
manual,2025-07-20,2025-07-27,tea_leaves,352.4365714285714,0.0
manual,2025-07-20,2025-07-28,bread,103.032,0.0
manual,2025-07-20,2025-07-28,chocolate_syrup,1374.5828571428572,0.0
manual,2025-07-20,2025-07-28,coffee_beans,7974.318857142856,0.0
manual,2025-07-20,2025-07-28,croissant_dough,46.10057142857143,0.0
manual,2025-07-20,2025-07-28,cup_cold,116.00742857142858,0.0
manual,2025-07-20,2025-07-28,cup_hot,460.49828571428577,0.0
manual,2025-07-20,2025-07-28,ice,13159.954285714288,0.0
manual,2025-07-20,2025-07-28,milk,76060.8,0.0
manual,2025-07-20,2025-07-28,sugar,4268.084571428572,0.0
manual,2025-07-20,2025-07-28,tea_leaves,352.4365714285714,0.0
manual,2025-07-20,2025-07-29,bread,103.032,0.0
manual,2025-07-20,2025-07-29,chocolate_syrup,1374.5828571428572,0.0
manual,2025-07-20,2025-07-29,coffee_beans,7974.318857142856,0.0
manual,2025-07-20,2025-07-29,croissant_dough,46.10057142857143,0.0
manual,2025-07-20,2025-07-29,cup_cold,116.00742857142858,0.0
manual,2025-07-20,2025-07-29,cup_hot,460.49828571428577,0.0
manual,2025-07-20,2025-07-29,ice,13159.954285714288,0.0
manual,2025-07-20,2025-07-29,milk,76060.8,0.0
manual,2025-07-20,2025-07-29,sugar,4268.084571428572,0.0
manual,2025-07-20,2025-07-29,tea_leaves,352.4365714285714,0.0
manual,2025-07-20,2025-07-30,bread,103.032,0.0
manual,2025-07-20,2025-07-30,chocolate_syrup,1374.5828571428572,0.0
manual,2025-07-20,2025-07-30,coffee_beans,7974.318857142856,0.0
manual,2025-07-20,2025-07-30,croissant_dough,46.10057142857143,0.0
manual,2025-07-20,2025-07-30,cup_cold,116.00742857142858,0.0
manual,2025-07-20,2025-07-30,cup_hot,460.49828571428577,0.0
manual,2025-07-20,2025-07-30,ice,13159.954285714288,0.0
manual,2025-07-20,2025-07-30,milk,76060.8,0.0
manual,2025-07-20,2025-07-30,sugar,4268.084571428572,0.0
manual,2025-07-20,2025-07-30,tea_leaves,352.4365714285714,0.0
manual,2025-07-20,2025-07-31,bread,103.032,0.0
manual,2025-07-20,2025-07-31,chocolate_syrup,1374.5828571428572,0.0
manual,2025-07-20,2025-07-31,coffee_beans,7974.318857142856,0.0
manual,2025-07-20,2025-07-31,croissant_dough,46.10057142857143,0.0
manual,2025-07-20,2025-07-31,cup_cold,116.00742857142858,0.0
manual,2025-07-20,2025-07-31,cup_hot,460.49828571428577,0.0
manual,2025-07-20,2025-07-31,ice,13159.954285714288,0.0
manual,2025-07-20,2025-07-31,milk,76060.8,0.0
manual,2025-07-20,2025-07-31,sugar,4268.084571428572,0.0
manual,2025-07-20,2025-07-31,tea_leaves,352.4365714285714,0.0
manual,2025-07-20,2025-08-01,bread,103.032,0.0
manual,2025-07-20,2025-08-01,chocolate_syrup,1374.5828571428572,0.0
manual,2025-07-20,2025-08-01,coffee_beans,7974.318857142856,0.0
manual,2025-07-20,2025-08-01,croissant_dough,46.10057142857143,0.0
manual,2025-07-20,2025-08-01,cup_cold,116.00742857142858,0.0
manual,2025-07-20,2025-08-01,cup_hot,460.49828571428577,0.0
manual,2025-07-20,2025-08-01,ice,13159.954285714288,0.0
manual,2025-07-20,2025-08-01,milk,76060.8,0.0
manual,2025-07-20,2025-08-01,sugar,4268.084571428572,0.0
manual,2025-07-20,2025-08-01,tea_leaves,352.4365714285714,0.0
manual,2025-07-20,2025-08-02,bread,103.032,0.0
manual,2025-07-20,2025-08-02,chocolate_syrup,1374.5828571428572,0.0
manual,2025-07-20,2025-08-02,coffee_beans,7974.318857142856,0.0
manual,2025-07-20,2025-08-02,croissant_dough,46.10057142857143,0.0
manual,2025-07-20,2025-08-02,cup_cold,116.00742857142858,0.0
manual,2025-07-20,2025-08-02,cup_hot,460.49828571428577,0.0
manual,2025-07-20,2025-08-02,ice,13159.954285714288,0.0
manual,2025-07-20,2025-08-02,milk,76060.8,0.0
manual,2025-07-20,2025-08-02,sugar,4268.084571428572,0.0
manual,2025-07-20,2025-08-02,tea_leaves,352.4365714285714,0.0
manual,2025-07-20,2025-08-03,bread,103.032,0.0
manual,2025-07-20,2025-08-03,chocolate_syrup,1374.5828571428572,0.0
manual,2025-07-20,2025-08-03,coffee_beans,7974.318857142856,0.0
manual,2025-07-20,2025-08-03,croissant_dough,46.10057142857143,0.0
manual,2025-07-20,2025-08-03,cup_cold,116.00742857142858,0.0
manual,2025-07-20,2025-08-03,cup_hot,460.49828571428577,0.0
manual,2025-07-20,2025-08-03,ice,13159.954285714288,0.0
manual,2025-07-20,2025-08-03,milk,76060.8,0.0
manual,2025-07-20,2025-08-03,sugar,4268.084571428572,0.0
manual,2025-07-20,2025-08-03,tea_leaves,352.4365714285714,0.0
manual,2025-07-20,2025-08-04,bread,103.032,0.0
manual,2025-07-20,2025-08-04,chocolate_syrup,1374.5828571428572,0.0
manual,2025-07-20,2025-08-04,coffee_beans,7974.318857142856,0.0
manual,2025-07-20,2025-08-04,croissant_dough,46.10057142857143,0.0
manual,2025-07-20,2025-08-04,cup_cold,116.00742857142858,0.0
manual,2025-07-20,2025-08-04,cup_hot,460.49828571428577,0.0
manual,2025-07-20,2025-08-04,ice,13159.954285714288,0.0
manual,2025-07-20,2025-08-04,milk,76060.8,0.0
manual,2025-07-20,2025-08-04,sugar,4268.084571428572,0.0
manual,2025-07-20,2025-08-04,tea_leaves,352.4365714285714,0.0
manual,2025-07-20,2025-08-05,bread,103.032,0.0
manual,2025-07-20,2025-08-05,chocolate_syrup,1374.5828571428572,0.0
manual,2025-07-20,2025-08-05,coffee_beans,7974.318857142856,0.0
manual,2025-07-20,2025-08-05,croissant_dough,46.10057142857143,0.0
manual,2025-07-20,2025-08-05,cup_cold,116.00742857142858,0.0
manual,2025-07-20,2025-08-05,cup_hot,460.49828571428577,0.0
manual,2025-07-20,2025-08-05,ice,13159.954285714288,0.0
manual,2025-07-20,2025-08-05,milk,76060.8,0.0
manual,2025-07-20,2025-08-05,sugar,4268.084571428572,0.0
manual,2025-07-20,2025-08-05,tea_leaves,352.4365714285714,0.0
seasonal_naive,2025-07-20,2025-07-20,bread,63.6,41.18023830269401
seasonal_naive,2025-07-20,2025-07-20,chocolate_syrup,1341.6,566.088728027683
seasonal_naive,2025-07-20,2025-07-20,coffee_beans,7786.799999999999,2099.884179545386
seasonal_naive,2025-07-20,2025-07-20,croissant_dough,46.440000000000005,13.304727731148809
seasonal_naive,2025-07-20,2025-07-20,cup_cold,109.18,34.24440211552832
seasonal_naive,2025-07-20,2025-07-20,cup_hot,432.6,115.23315366211526
seasonal_naive,2025-07-20,2025-07-20,ice,12268.8,3965.026745937536
seasonal_naive,2025-07-20,2025-07-20,milk,73972.5,16005.780182191213
seasonal_naive,2025-07-20,2025-07-20,sugar,4052.02,882.2393811807824
seasonal_naive,2025-07-20,2025-07-20,tea_leaves,259.56,101.13425186355018
seasonal_naive,2025-07-20,2025-07-21,bread,82.68,41.18023830269401
seasonal_naive,2025-07-20,2025-07-21,chocolate_syrup,1029.6,566.088728027683
seasonal_naive,2025-07-20,2025-07-21,coffee_beans,5450.759999999999,2099.884179545386
seasonal_naive,2025-07-20,2025-07-21,croissant_dough,38.88,13.304727731148809
seasonal_naive,2025-07-20,2025-07-21,cup_cold,67.98,34.24440211552832
seasonal_naive,2025-07-20,2025-07-21,cup_hot,341.96000000000004,115.23315366211526
seasonal_naive,2025-07-20,2025-07-21,ice,7819.200000000001,3965.026745937536
seasonal_naive,2025-07-20,2025-07-21,milk,56038.5,16005.780182191213
seasonal_naive,2025-07-20,2025-07-21,sugar,3077.6400000000003,882.2393811807824
seasonal_naive,2025-07-20,2025-07-21,tea_leaves,292.52,101.13425186355018
seasonal_naive,2025-07-20,2025-07-22,bread,89.04,41.18023830269401
seasonal_naive,2025-07-20,2025-07-22,chocolate_syrup,842.4000000000001,566.088728027683
seasonal_naive,2025-07-20,2025-07-22,coffee_beans,5358.06,2099.884179545386
seasonal_naive,2025-07-20,2025-07-22,croissant_dough,36.72,13.304727731148809
seasonal_naive,2025-07-20,2025-07-22,cup_cold,78.28,34.24440211552832
seasonal_naive,2025-07-20,2025-07-22,cup_hot,305.91,115.23315366211526
seasonal_naive,2025-07-20,2025-07-22,ice,8942.400000000001,3965.026745937536
seasonal_naive,2025-07-20,2025-07-22,milk,48100.5,16005.780182191213
seasonal_naive,2025-07-20,2025-07-22,sugar,2756.28,882.2393811807824
seasonal_naive,2025-07-20,2025-07-22,tea_leaves,234.84,101.13425186355018
seasonal_naive,2025-07-20,2025-07-23,bread,93.28,41.18023830269401
seasonal_naive,2025-07-20,2025-07-23,chocolate_syrup,1248.0,566.088728027683
seasonal_naive,2025-07-20,2025-07-23,coffee_beans,6896.88,2099.884179545386
seasonal_naive,2025-07-20,2025-07-23,croissant_dough,15.12,13.304727731148809
seasonal_naive,2025-07-20,2025-07-23,cup_cold,124.63,34.24440211552832
seasonal_naive,2025-07-20,2025-07-23,cup_hot,368.74,115.23315366211526
seasonal_naive,2025-07-20,2025-07-23,ice,14212.8,3965.026745937536
seasonal_naive,2025-07-20,2025-07-23,milk,66507.0,16005.780182191213
seasonal_naive,2025-07-20,2025-07-23,sugar,3786.28,882.2393811807824
seasonal_naive,2025-07-20,2025-07-23,tea_leaves,276.04,101.13425186355018
seasonal_naive,2025-07-20,2025-07-24,bread,63.6,41.18023830269401
seasonal_naive,2025-07-20,2025-07-24,chocolate_syrup,1092.0,566.088728027683
seasonal_naive,2025-07-20,2025-07-24,coffee_beans,6637.32,2099.884179545386
seasonal_naive,2025-07-20,2025-07-24,croissant_dough,41.040000000000006,13.304727731148809
seasonal_naive,2025-07-20,2025-07-24,cup_cold,90.64,34.24440211552832
seasonal_naive,2025-07-20,2025-07-24,cup_hot,395.52,115.23315366211526
seasonal_naive,2025-07-20,2025-07-24,ice,10195.2,3965.026745937536
seasonal_naive,2025-07-20,2025-07-24,milk,61540.5,16005.780182191213
seasonal_naive,2025-07-20,2025-07-24,sugar,3491.7000000000003,882.2393811807824
seasonal_naive,2025-07-20,2025-07-24,tea_leaves,325.48,101.13425186355018
seasonal_naive,2025-07-20,2025-07-25,bread,122.96,41.18023830269401
seasonal_naive,2025-07-20,2025-07-25,chocolate_syrup,1404.0000000000002,566.088728027683
seasonal_naive,2025-07-20,2025-07-25,coffee_beans,7749.72,2099.884179545386
seasonal_naive,2025-07-20,2025-07-25,croissant_dough,37.8,13.304727731148809
seasonal_naive,2025-07-20,2025-07-25,cup_cold,103.0,34.24440211552832
seasonal_naive,2025-07-20,2025-07-25,cup_hot,457.3200000000001,115.23315366211526
seasonal_naive,2025-07-20,2025-07-25,ice,11448.0,3965.026745937536
seasonal_naive,2025-07-20,2025-07-25,milk,69142.5,16005.780182191213
seasonal_naive,2025-07-20,2025-07-25,sugar,3963.440000000001,882.2393811807824
seasonal_naive,2025-07-20,2025-07-25,tea_leaves,333.72,101.13425186355018
seasonal_naive,2025-07-20,2025-07-26,bread,85.86,41.18023830269401
seasonal_naive,2025-07-20,2025-07-26,chocolate_syrup,1060.8000000000002,566.088728027683
seasonal_naive,2025-07-20,2025-07-26,coffee_beans,6637.32,2099.884179545386
seasonal_naive,2025-07-20,2025-07-26,croissant_dough,52.92,13.304727731148809
seasonal_naive,2025-07-20,2025-07-26,cup_cold,103.0,34.24440211552832
seasonal_naive,2025-07-20,2025-07-26,cup_hot,384.19,115.23315366211526
seasonal_naive,2025-07-20,2025-07-26,ice,11880.000000000002,3965.026745937536
seasonal_naive,2025-07-20,2025-07-26,milk,68386.5,16005.780182191213
seasonal_naive,2025-07-20,2025-07-26,sugar,3769.8,882.2393811807824
seasonal_naive,2025-07-20,2025-07-26,tea_leaves,333.72,101.13425186355018
seasonal_naive,2025-07-20,2025-07-27,bread,63.6,41.18023830269401
seasonal_naive,2025-07-20,2025-07-27,chocolate_syrup,1341.6,566.088728027683
seasonal_naive,2025-07-20,2025-07-27,coffee_beans,7786.799999999999,2099.884179545386
seasonal_naive,2025-07-20,2025-07-27,croissant_dough,46.440000000000005,13.304727731148809
seasonal_naive,2025-07-20,2025-07-27,cup_cold,109.18,34.24440211552832
seasonal_naive,2025-07-20,2025-07-27,cup_hot,432.6,115.23315366211526
seasonal_naive,2025-07-20,2025-07-27,ice,12268.8,3965.026745937536
seasonal_naive,2025-07-20,2025-07-27,milk,73972.5,16005.780182191213
seasonal_naive,2025-07-20,2025-07-27,sugar,4052.02,882.2393811807824
seasonal_naive,2025-07-20,2025-07-27,tea_leaves,259.56,101.13425186355018
seasonal_naive,2025-07-20,2025-07-28,bread,82.68,41.18023830269401
seasonal_naive,2025-07-20,2025-07-28,chocolate_syrup,1029.6,566.088728027683
seasonal_naive,2025-07-20,2025-07-28,coffee_beans,5450.759999999999,2099.884179545386
seasonal_naive,2025-07-20,2025-07-28,croissant_dough,38.88,13.304727731148809
seasonal_naive,2025-07-20,2025-07-28,cup_cold,67.98,34.24440211552832
seasonal_naive,2025-07-20,2025-07-28,cup_hot,341.96000000000004,115.23315366211526
seasonal_naive,2025-07-20,2025-07-28,ice,7819.200000000001,3965.026745937536
seasonal_naive,2025-07-20,2025-07-28,milk,56038.5,16005.780182191213
seasonal_naive,2025-07-20,2025-07-28,sugar,3077.6400000000003,882.2393811807824
seasonal_naive,2025-07-20,2025-07-28,tea_leaves,292.52,101.13425186355018
seasonal_naive,2025-07-20,2025-07-29,bread,89.04,41.18023830269401
seasonal_naive,2025-07-20,2025-07-29,chocolate_syrup,842.4000000000001,566.088728027683
seasonal_naive,2025-07-20,2025-07-29,coffee_beans,5358.06,2099.884179545386
seasonal_naive,2025-07-20,2025-07-29,croissant_dough,36.72,13.304727731148809
seasonal_naive,2025-07-20,2025-07-29,cup_cold,78.28,34.24440211552832
seasonal_naive,2025-07-20,2025-07-29,cup_hot,305.91,115.23315366211526
seasonal_naive,2025-07-20,2025-07-29,ice,8942.400000000001,3965.026745937536
seasonal_naive,2025-07-20,2025-07-29,milk,48100.5,16005.780182191213
seasonal_naive,2025-07-20,2025-07-29,sugar,2756.28,882.2393811807824
seasonal_naive,2025-07-20,2025-07-29,tea_leaves,234.84,101.13425186355018
seasonal_naive,2025-07-20,2025-07-30,bread,93.28,41.18023830269401
seasonal_naive,2025-07-20,2025-07-30,chocolate_syrup,1248.0,566.088728027683
seasonal_naive,2025-07-20,2025-07-30,coffee_beans,6896.88,2099.884179545386
seasonal_naive,2025-07-20,2025-07-30,croissant_dough,15.12,13.304727731148809
seasonal_naive,2025-07-20,2025-07-30,cup_cold,124.63,34.24440211552832
seasonal_naive,2025-07-20,2025-07-30,cup_hot,368.74,115.23315366211526
seasonal_naive,2025-07-20,2025-07-30,ice,14212.8,3965.026745937536
seasonal_naive,2025-07-20,2025-07-30,milk,66507.0,16005.780182191213
seasonal_naive,2025-07-20,2025-07-30,sugar,3786.28,882.2393811807824
seasonal_naive,2025-07-20,2025-07-30,tea_leaves,276.04,101.13425186355018
seasonal_naive,2025-07-20,2025-07-31,bread,63.6,41.18023830269401
seasonal_naive,2025-07-20,2025-07-31,chocolate_syrup,1092.0,566.088728027683
seasonal_naive,2025-07-20,2025-07-31,coffee_beans,6637.32,2099.884179545386
seasonal_naive,2025-07-20,2025-07-31,croissant_dough,41.040000000000006,13.304727731148809
seasonal_naive,2025-07-20,2025-07-31,cup_cold,90.64,34.24440211552832
seasonal_naive,2025-07-20,2025-07-31,cup_hot,395.52,115.23315366211526
seasonal_naive,2025-07-20,2025-07-31,ice,10195.2,3965.026745937536
seasonal_naive,2025-07-20,2025-07-31,milk,61540.5,16005.780182191213
seasonal_naive,2025-07-20,2025-07-31,sugar,3491.7000000000003,882.2393811807824
seasonal_naive,2025-07-20,2025-07-31,tea_leaves,325.48,101.13425186355018
seasonal_naive,2025-07-20,2025-08-01,bread,122.96,41.18023830269401
seasonal_naive,2025-07-20,2025-08-01,chocolate_syrup,1404.0000000000002,566.088728027683
seasonal_naive,2025-07-20,2025-08-01,coffee_beans,7749.72,2099.884179545386
seasonal_naive,2025-07-20,2025-08-01,croissant_dough,37.8,13.304727731148809
seasonal_naive,2025-07-20,2025-08-01,cup_cold,103.0,34.24440211552832
seasonal_naive,2025-07-20,2025-08-01,cup_hot,457.3200000000001,115.23315366211526
seasonal_naive,2025-07-20,2025-08-01,ice,11448.0,3965.026745937536
seasonal_naive,2025-07-20,2025-08-01,milk,69142.5,16005.780182191213
seasonal_naive,2025-07-20,2025-08-01,sugar,3963.440000000001,882.2393811807824
seasonal_naive,2025-07-20,2025-08-01,tea_leaves,333.72,101.13425186355018
seasonal_naive,2025-07-20,2025-08-02,bread,85.86,41.18023830269401
seasonal_naive,2025-07-20,2025-08-02,chocolate_syrup,1060.8000000000002,566.088728027683
seasonal_naive,2025-07-20,2025-08-02,coffee_beans,6637.32,2099.884179545386
seasonal_naive,2025-07-20,2025-08-02,croissant_dough,52.92,13.304727731148809
seasonal_naive,2025-07-20,2025-08-02,cup_cold,103.0,34.24440211552832
seasonal_naive,2025-07-20,2025-08-02,cup_hot,384.19,115.23315366211526
seasonal_naive,2025-07-20,2025-08-02,ice,11880.000000000002,3965.026745937536
seasonal_naive,2025-07-20,2025-08-02,milk,68386.5,16005.780182191213
seasonal_naive,2025-07-20,2025-08-02,sugar,3769.8,882.2393811807824
seasonal_naive,2025-07-20,2025-08-02,tea_leaves,333.72,101.13425186355018
seasonal_naive,2025-07-20,2025-08-03,bread,63.6,41.18023830269401
seasonal_naive,2025-07-20,2025-08-03,chocolate_syrup,1341.6,566.088728027683
seasonal_naive,2025-07-20,2025-08-03,coffee_beans,7786.799999999999,2099.884179545386
seasonal_naive,2025-07-20,2025-08-03,croissant_dough,46.440000000000005,13.304727731148809
seasonal_naive,2025-07-20,2025-08-03,cup_cold,109.18,34.24440211552832
seasonal_naive,2025-07-20,2025-08-03,cup_hot,432.6,115.23315366211526
seasonal_naive,2025-07-20,2025-08-03,ice,12268.8,3965.026745937536
seasonal_naive,2025-07-20,2025-08-03,milk,73972.5,16005.780182191213
seasonal_naive,2025-07-20,2025-08-03,sugar,4052.02,882.2393811807824
seasonal_naive,2025-07-20,2025-08-03,tea_leaves,259.56,101.13425186355018
seasonal_naive,2025-07-20,2025-08-04,bread,82.68,41.18023830269401
seasonal_naive,2025-07-20,2025-08-04,chocolate_syrup,1029.6,566.088728027683
seasonal_naive,2025-07-20,2025-08-04,coffee_beans,5450.759999999999,2099.884179545386
seasonal_naive,2025-07-20,2025-08-04,croissant_dough,38.88,13.304727731148809
seasonal_naive,2025-07-20,2025-08-04,cup_cold,67.98,34.24440211552832
seasonal_naive,2025-07-20,2025-08-04,cup_hot,341.96000000000004,115.23315366211526
seasonal_naive,2025-07-20,2025-08-04,ice,7819.200000000001,3965.026745937536
seasonal_naive,2025-07-20,2025-08-04,milk,56038.5,16005.780182191213
seasonal_naive,2025-07-20,2025-08-04,sugar,3077.6400000000003,882.2393811807824
seasonal_naive,2025-07-20,2025-08-04,tea_leaves,292.52,101.13425186355018
seasonal_naive,2025-07-20,2025-08-05,bread,89.04,41.18023830269401
seasonal_naive,2025-07-20,2025-08-05,chocolate_syrup,842.4000000000001,566.088728027683
seasonal_naive,2025-07-20,2025-08-05,coffee_beans,5358.06,2099.884179545386
seasonal_naive,2025-07-20,2025-08-05,croissant_dough,36.72,13.304727731148809
seasonal_naive,2025-07-20,2025-08-05,cup_cold,78.28,34.24440211552832
seasonal_naive,2025-07-20,2025-08-05,cup_hot,305.91,115.23315366211526
seasonal_naive,2025-07-20,2025-08-05,ice,8942.400000000001,3965.026745937536
seasonal_naive,2025-07-20,2025-08-05,milk,48100.5,16005.780182191213
seasonal_naive,2025-07-20,2025-08-05,sugar,2756.28,882.2393811807824
seasonal_naive,2025-07-20,2025-08-05,tea_leaves,234.84,101.13425186355018
ml,2025-07-20,2025-07-20,bread,93.91632636162991,27.27261257020061
ml,2025-07-20,2025-07-20,chocolate_syrup,1209.9499017833728,290.0385590059478
ml,2025-07-20,2025-07-20,coffee_beans,7324.761825250339,1814.3953564572275
ml,2025-07-20,2025-07-20,croissant_dough,42.68077935094037,9.816878467465784
ml,2025-07-20,2025-07-20,cup_cold,106.52608406189776,33.60329331471548
ml,2025-07-20,2025-07-20,cup_hot,421.1923068643695,94.46147691036184
ml,2025-07-20,2025-07-20,ice,12108.257150840978,3821.926501617458
ml,2025-07-20,2025-07-20,milk,67635.60837100714,16630.681088286798
ml,2025-07-20,2025-07-20,sugar,3827.251721083798,960.510259350036
ml,2025-07-20,2025-07-20,tea_leaves,323.3732779011206,70.7601492376614
ml,2025-07-20,2025-07-21,bread,81.31650801596273,27.27261257020061
ml,2025-07-20,2025-07-21,chocolate_syrup,1047.2187115272145,290.0385590059478
ml,2025-07-20,2025-07-21,coffee_beans,5711.815098183757,1814.3953564572275
ml,2025-07-20,2025-07-21,croissant_dough,34.84952686783504,9.816878467465784
ml,2025-07-20,2025-07-21,cup_cold,79.59424353059599,33.60329331471548
ml,2025-07-20,2025-07-21,cup_hot,331.8561852049207,94.46147691036184
ml,2025-07-20,2025-07-21,ice,9088.736400709724,3821.926501617458
ml,2025-07-20,2025-07-21,milk,53079.47876730242,16630.681088286798
ml,2025-07-20,2025-07-21,sugar,2947.862372959268,960.510259350036
ml,2025-07-20,2025-07-21,tea_leaves,238.2228974559713,70.7601492376614
ml,2025-07-20,2025-07-22,bread,85.0434424272483,27.27261257020061
ml,2025-07-20,2025-07-22,chocolate_syrup,1055.6865875784888,290.0385590059478
ml,2025-07-20,2025-07-22,coffee_beans,6034.849817234203,1814.3953564572275
ml,2025-07-20,2025-07-22,croissant_dough,36.64282612899248,9.816878467465784
ml,2025-07-20,2025-07-22,cup_cold,85.52995350259874,33.60329331471548
ml,2025-07-20,2025-07-22,cup_hot,347.7820970151876,94.46147691036184
ml,2025-07-20,2025-07-22,ice,9750.711145943453,3821.926501617458
ml,2025-07-20,2025-07-22,milk,55720.23070121437,16630.681088286798
ml,2025-07-20,2025-07-22,sugar,3113.2496861126115,960.510259350036
ml,2025-07-20,2025-07-22,tea_leaves,252.7656975739065,70.7601492376614
ml,2025-07-20,2025-07-23,bread,85.13559001187213,27.27261257020061
ml,2025-07-20,2025-07-23,chocolate_syrup,1096.3383609426628,290.0385590059478
ml,2025-07-20,2025-07-23,coffee_beans,6665.844578865498,1814.3953564572275
ml,2025-07-20,2025-07-23,croissant_dough,36.678607750321135,9.816878467465784
ml,2025-07-20,2025-07-23,cup_cold,108.73929836651833,33.60329331471548
ml,2025-07-20,2025-07-23,cup_hot,363.100583929518,94.46147691036184
ml,2025-07-20,2025-07-23,ice,12203.04418032192,3821.926501617458
ml,2025-07-20,2025-07-23,milk,62624.6226241093,16630.681088286798
ml,2025-07-20,2025-07-23,sugar,3564.150783466492,960.510259350036
ml,2025-07-20,2025-07-23,tea_leaves,261.28784775622137,70.7601492376614
ml,2025-07-20,2025-07-24,bread,87.62184571662745,27.27261257020061
ml,2025-07-20,2025-07-24,chocolate_syrup,1057.6003936547831,290.0385590059478
ml,2025-07-20,2025-07-24,coffee_beans,6181.179454990822,1814.3953564572275
ml,2025-07-20,2025-07-24,croissant_dough,37.84887734237237,9.816878467465784
ml,2025-07-20,2025-07-24,cup_cold,90.21227578628628,33.60329331471548
ml,2025-07-20,2025-07-24,cup_hot,355.0601036845748,94.46147691036184
ml,2025-07-20,2025-07-24,ice,10298.807270214436,3821.926501617458
ml,2025-07-20,2025-07-24,milk,57462.2100436776,16630.681088286798
ml,2025-07-20,2025-07-24,sugar,3222.813411345905,960.510259350036
ml,2025-07-20,2025-07-24,tea_leaves,267.83659556098473,70.7601492376614
ml,2025-07-20,2025-07-25,bread,88.46154283404697,27.27261257020061
ml,2025-07-20,2025-07-25,chocolate_syrup,1132.044323303253,290.0385590059478
ml,2025-07-20,2025-07-25,coffee_beans,6789.444211500161,1814.3953564572275
ml,2025-07-20,2025-07-25,croissant_dough,39.2330811731517,9.816878467465784
ml,2025-07-20,2025-07-25,cup_cold,107.91984565053951,33.60329331471548
ml,2025-07-20,2025-07-25,cup_hot,378.2141442557031,94.46147691036184
ml,2025-07-20,2025-07-25,ice,12438.150759744456,3821.926501617458
ml,2025-07-20,2025-07-25,milk,63981.56703020592,16630.681088286798
ml,2025-07-20,2025-07-25,sugar,3582.769726390585,960.510259350036
ml,2025-07-20,2025-07-25,tea_leaves,286.2826750605303,70.7601492376614
ml,2025-07-20,2025-07-26,bread,93.64615733437331,27.27261257020061
ml,2025-07-20,2025-07-26,chocolate_syrup,1506.263077220133,290.0385590059478
ml,2025-07-20,2025-07-26,coffee_beans,6894.208290173228,1814.3953564572275
ml,2025-07-20,2025-07-26,croissant_dough,51.64863164312239,9.816878467465784
ml,2025-07-20,2025-07-26,cup_cold,106.2113135312114,33.60329331471548
ml,2025-07-20,2025-07-26,cup_hot,404.0715164259916,94.46147691036184
ml,2025-07-20,2025-07-26,ice,12109.681258059683,3821.926501617458
ml,2025-07-20,2025-07-26,milk,66881.81723760425,16630.681088286798
ml,2025-07-20,2025-07-26,sugar,3753.259574232493,960.510259350036
ml,2025-07-20,2025-07-26,tea_leaves,310.1810626702222,70.7601492376614
ml,2025-07-20,2025-07-27,bread,92.61740856336787,27.27261257020061
ml,2025-07-20,2025-07-27,chocolate_syrup,1177.1580690796736,290.0385590059478
ml,2025-07-20,2025-07-27,coffee_beans,7535.367065570957,1814.3953564572275
ml,2025-07-20,2025-07-27,croissant_dough,43.27932475623855,9.816878467465784
ml,2025-07-20,2025-07-27,cup_cold,121.2628437989763,33.60329331471548
ml,2025-07-20,2025-07-27,cup_hot,413.9646961579369,94.46147691036184
ml,2025-07-20,2025-07-27,ice,13946.009939206706,3821.926501617458
ml,2025-07-20,2025-07-27,milk,69685.33525438863,16630.681088286798
ml,2025-07-20,2025-07-27,sugar,3931.957319470102,960.510259350036
ml,2025-07-20,2025-07-27,tea_leaves,310.9389130573465,70.7601492376614
ml,2025-07-20,2025-07-28,bread,76.89233615077828,27.27261257020061
ml,2025-07-20,2025-07-28,chocolate_syrup,1018.9490239616108,290.0385590059478
ml,2025-07-20,2025-07-28,coffee_beans,5653.320435563566,1814.3953564572275
ml,2025-07-20,2025-07-28,croissant_dough,33.48752141188155,9.816878467465784
ml,2025-07-20,2025-07-28,cup_cold,79.28199526664096,33.60329331471548
ml,2025-07-20,2025-07-28,cup_hot,330.3955074085401,94.46147691036184
ml,2025-07-20,2025-07-28,ice,9047.910822818649,3821.926501617458
ml,2025-07-20,2025-07-28,milk,52564.22685088927,16630.681088286798
ml,2025-07-20,2025-07-28,sugar,2938.502139997281,960.510259350036
ml,2025-07-20,2025-07-28,tea_leaves,247.86305561645392,70.7601492376614
ml,2025-07-20,2025-07-29,bread,86.92615421241499,27.27261257020061
ml,2025-07-20,2025-07-29,chocolate_syrup,1056.4328554825804,290.0385590059478
ml,2025-07-20,2025-07-29,coffee_beans,6191.9634332559945,1814.3953564572275
ml,2025-07-20,2025-07-29,croissant_dough,38.68002842004072,9.816878467465784
ml,2025-07-20,2025-07-29,cup_cold,91.50233114883886,33.60329331471548
ml,2025-07-20,2025-07-29,cup_hot,354.573441518865,94.46147691036184
ml,2025-07-20,2025-07-29,ice,10435.207597454924,3821.926501617458
ml,2025-07-20,2025-07-29,milk,57582.28989478237,16630.681088286798
ml,2025-07-20,2025-07-29,sugar,3241.6095834513344,960.510259350036
ml,2025-07-20,2025-07-29,tea_leaves,268.80790364635624,70.7601492376614
ml,2025-07-20,2025-07-30,bread,89.9166517684901,27.27261257020061
ml,2025-07-20,2025-07-30,chocolate_syrup,1073.9192496977537,290.0385590059478
ml,2025-07-20,2025-07-30,coffee_beans,6467.310819766806,1814.3953564572275
ml,2025-07-20,2025-07-30,croissant_dough,39.44358306248671,9.816878467465784
ml,2025-07-20,2025-07-30,cup_cold,95.1626278882716,33.60329331471548
ml,2025-07-20,2025-07-30,cup_hot,368.4811799041088,94.46147691036184
ml,2025-07-20,2025-07-30,ice,10828.440738132082,3821.926501617458
ml,2025-07-20,2025-07-30,milk,59765.031599654,16630.681088286798
ml,2025-07-20,2025-07-30,sugar,3366.765558881641,960.510259350036
ml,2025-07-20,2025-07-30,tea_leaves,275.58263525698067,70.7601492376614
ml,2025-07-20,2025-07-31,bread,88.66544171210249,27.27261257020061
ml,2025-07-20,2025-07-31,chocolate_syrup,1100.3807735190642,290.0385590059478
ml,2025-07-20,2025-07-31,coffee_beans,6706.629901697113,1814.3953564572275
ml,2025-07-20,2025-07-31,croissant_dough,40.85363075584416,9.816878467465784
ml,2025-07-20,2025-07-31,cup_cold,106.05067194697564,33.60329331471548
ml,2025-07-20,2025-07-31,cup_hot,376.47276373697787,94.46147691036184
ml,2025-07-20,2025-07-31,ice,12276.766757570787,3821.926501617458
ml,2025-07-20,2025-07-31,milk,62291.83007599853,16630.681088286798
ml,2025-07-20,2025-07-31,sugar,3510.2523210708914,960.510259350036
ml,2025-07-20,2025-07-31,tea_leaves,294.4248504709035,70.7601492376614
ml,2025-07-20,2025-08-01,bread,88.8173702386256,27.27261257020061
ml,2025-07-20,2025-08-01,chocolate_syrup,1108.2798068462166,290.0385590059478
ml,2025-07-20,2025-08-01,coffee_beans,7081.541924643267,1814.3953564572275
ml,2025-07-20,2025-08-01,croissant_dough,40.42945099260753,9.816878467465784
ml,2025-07-20,2025-08-01,cup_cold,100.87156154389712,33.60329331471548
ml,2025-07-20,2025-08-01,cup_hot,405.58349176030816,94.46147691036184
ml,2025-07-20,2025-08-01,ice,11504.794546479952,3821.926501617458
ml,2025-07-20,2025-08-01,milk,64587.022033623616,16630.681088286798
ml,2025-07-20,2025-08-01,sugar,3649.76774064528,960.510259350036
ml,2025-07-20,2025-08-01,tea_leaves,305.7944605971716,70.7601492376614
ml,2025-07-20,2025-08-02,bread,98.86176091020656,27.27261257020061
ml,2025-07-20,2025-08-02,chocolate_syrup,1223.0772794635022,290.0385590059478
ml,2025-07-20,2025-08-02,coffee_beans,7461.960466166153,1814.3953564572275
ml,2025-07-20,2025-08-02,croissant_dough,44.07251228012333,9.816878467465784
ml,2025-07-20,2025-08-02,cup_cold,112.70033616278069,33.60329331471548
ml,2025-07-20,2025-08-02,cup_hot,421.1240689256895,94.46147691036184
ml,2025-07-20,2025-08-02,ice,12866.435166713676,3821.926501617458
ml,2025-07-20,2025-08-02,milk,68628.40148988666,16630.681088286798
ml,2025-07-20,2025-08-02,sugar,3872.4953408465017,960.510259350036
ml,2025-07-20,2025-08-02,tea_leaves,315.575260627119,70.7601492376614
ml,2025-07-20,2025-08-03,bread,96.77860894935694,27.27261257020061
ml,2025-07-20,2025-08-03,chocolate_syrup,1151.5081267457576,290.0385590059478
ml,2025-07-20,2025-08-03,coffee_beans,7396.2396784838975,1814.3953564572275
ml,2025-07-20,2025-08-03,croissant_dough,42.9349220137784,9.816878467465784
ml,2025-07-20,2025-08-03,cup_cold,130.43882172132516,33.60329331471548
ml,2025-07-20,2025-08-03,cup_hot,395.4642715511087,94.46147691036184
ml,2025-07-20,2025-08-03,ice,14679.79219464174,3821.926501617458
ml,2025-07-20,2025-08-03,milk,69415.21557720484,16630.681088286798
ml,2025-07-20,2025-08-03,sugar,4018.02351736874,960.510259350036
ml,2025-07-20,2025-08-03,tea_leaves,307.9454312196217,70.7601492376614
ml,2025-07-20,2025-08-04,bread,78.70617125216003,27.27261257020061
ml,2025-07-20,2025-08-04,chocolate_syrup,985.9072527567156,290.0385590059478
ml,2025-07-20,2025-08-04,coffee_beans,5378.094866746166,1814.3953564572275
ml,2025-07-20,2025-08-04,croissant_dough,34.6773577884178,9.816878467465784
ml,2025-07-20,2025-08-04,cup_cold,79.34262842762733,33.60329331471548
ml,2025-07-20,2025-08-04,cup_hot,310.9237671031791,94.46147691036184
ml,2025-07-20,2025-08-04,ice,9075.846268727497,3821.926501617458
ml,2025-07-20,2025-08-04,milk,50477.162677486565,16630.681088286798
ml,2025-07-20,2025-08-04,sugar,2830.3165350463623,960.510259350036
ml,2025-07-20,2025-08-04,tea_leaves,235.74307280278464,70.7601492376614
ml,2025-07-20,2025-08-05,bread,80.65427899717633,27.27261257020061
ml,2025-07-20,2025-08-05,chocolate_syrup,962.1114128030076,290.0385590059478
ml,2025-07-20,2025-08-05,coffee_beans,5225.426752823069,1814.3953564572275
ml,2025-07-20,2025-08-05,croissant_dough,35.523640078826304,9.816878467465784
ml,2025-07-20,2025-08-05,cup_cold,76.17496838972501,33.60329331471548
ml,2025-07-20,2025-08-05,cup_hot,304.1452007037546,94.46147691036184
ml,2025-07-20,2025-08-05,ice,8722.587552427882,3821.926501617458
ml,2025-07-20,2025-08-05,milk,49000.09167941827,16630.681088286798
ml,2025-07-20,2025-08-05,sugar,2748.5726601090164,960.510259350036
ml,2025-07-20,2025-08-05,tea_leaves,233.0266857653179,70.7601492376614
manual,2025-07-27,2025-07-27,bread,95.94514285714288,0.0
manual,2025-07-27,2025-07-27,chocolate_syrup,1385.28,0.0
manual,2025-07-27,2025-07-27,coffee_beans,7063.739999999999,0.0
manual,2025-07-27,2025-07-27,croissant_dough,37.584,0.0
manual,2025-07-27,2025-07-27,cup_cold,90.228,0.0
manual,2025-07-27,2025-07-27,cup_hot,437.8088571428572,0.0
manual,2025-07-27,2025-07-27,ice,10371.702857142858,0.0
manual,2025-07-27,2025-07-27,milk,65989.8,0.0
manual,2025-07-27,2025-07-27,sugar,3696.169714285714,0.0
manual,2025-07-27,2025-07-27,tea_leaves,359.4994285714285,0.0
manual,2025-07-27,2025-07-28,bread,95.94514285714288,0.0
manual,2025-07-27,2025-07-28,chocolate_syrup,1385.28,0.0
manual,2025-07-27,2025-07-28,coffee_beans,7063.739999999999,0.0
manual,2025-07-27,2025-07-28,croissant_dough,37.584,0.0
manual,2025-07-27,2025-07-28,cup_cold,90.228,0.0
manual,2025-07-27,2025-07-28,cup_hot,437.8088571428572,0.0
manual,2025-07-27,2025-07-28,ice,10371.702857142858,0.0
manual,2025-07-27,2025-07-28,milk,65989.8,0.0
manual,2025-07-27,2025-07-28,sugar,3696.169714285714,0.0
manual,2025-07-27,2025-07-28,tea_leaves,359.4994285714285,0.0
manual,2025-07-27,2025-07-29,bread,95.94514285714288,0.0
manual,2025-07-27,2025-07-29,chocolate_syrup,1385.28,0.0
manual,2025-07-27,2025-07-29,coffee_beans,7063.739999999999,0.0
manual,2025-07-27,2025-07-29,croissant_dough,37.584,0.0
manual,2025-07-27,2025-07-29,cup_cold,90.228,0.0
manual,2025-07-27,2025-07-29,cup_hot,437.8088571428572,0.0
manual,2025-07-27,2025-07-29,ice,10371.702857142858,0.0
manual,2025-07-27,2025-07-29,milk,65989.8,0.0
manual,2025-07-27,2025-07-29,sugar,3696.169714285714,0.0
manual,2025-07-27,2025-07-29,tea_leaves,359.4994285714285,0.0
manual,2025-07-27,2025-07-30,bread,95.94514285714288,0.0
manual,2025-07-27,2025-07-30,chocolate_syrup,1385.28,0.0
manual,2025-07-27,2025-07-30,coffee_beans,7063.739999999999,0.0
manual,2025-07-27,2025-07-30,croissant_dough,37.584,0.0
manual,2025-07-27,2025-07-30,cup_cold,90.228,0.0
manual,2025-07-27,2025-07-30,cup_hot,437.8088571428572,0.0
manual,2025-07-27,2025-07-30,ice,10371.702857142858,0.0
manual,2025-07-27,2025-07-30,milk,65989.8,0.0
manual,2025-07-27,2025-07-30,sugar,3696.169714285714,0.0
manual,2025-07-27,2025-07-30,tea_leaves,359.4994285714285,0.0
manual,2025-07-27,2025-07-31,bread,95.94514285714288,0.0
manual,2025-07-27,2025-07-31,chocolate_syrup,1385.28,0.0
manual,2025-07-27,2025-07-31,coffee_beans,7063.739999999999,0.0
manual,2025-07-27,2025-07-31,croissant_dough,37.584,0.0
manual,2025-07-27,2025-07-31,cup_cold,90.228,0.0
manual,2025-07-27,2025-07-31,cup_hot,437.8088571428572,0.0
manual,2025-07-27,2025-07-31,ice,10371.702857142858,0.0
manual,2025-07-27,2025-07-31,milk,65989.8,0.0
manual,2025-07-27,2025-07-31,sugar,3696.169714285714,0.0
manual,2025-07-27,2025-07-31,tea_leaves,359.4994285714285,0.0
manual,2025-07-27,2025-08-01,bread,95.94514285714288,0.0
manual,2025-07-27,2025-08-01,chocolate_syrup,1385.28,0.0
manual,2025-07-27,2025-08-01,coffee_beans,7063.739999999999,0.0
manual,2025-07-27,2025-08-01,croissant_dough,37.584,0.0
manual,2025-07-27,2025-08-01,cup_cold,90.228,0.0
manual,2025-07-27,2025-08-01,cup_hot,437.8088571428572,0.0
manual,2025-07-27,2025-08-01,ice,10371.702857142858,0.0
manual,2025-07-27,2025-08-01,milk,65989.8,0.0
manual,2025-07-27,2025-08-01,sugar,3696.169714285714,0.0
manual,2025-07-27,2025-08-01,tea_leaves,359.4994285714285,0.0
manual,2025-07-27,2025-08-02,bread,95.94514285714288,0.0
manual,2025-07-27,2025-08-02,chocolate_syrup,1385.28,0.0
manual,2025-07-27,2025-08-02,coffee_beans,7063.739999999999,0.0
manual,2025-07-27,2025-08-02,croissant_dough,37.584,0.0
manual,2025-07-27,2025-08-02,cup_cold,90.228,0.0
manual,2025-07-27,2025-08-02,cup_hot,437.8088571428572,0.0
manual,2025-07-27,2025-08-02,ice,10371.702857142858,0.0
manual,2025-07-27,2025-08-02,milk,65989.8,0.0
manual,2025-07-27,2025-08-02,sugar,3696.169714285714,0.0
manual,2025-07-27,2025-08-02,tea_leaves,359.4994285714285,0.0
manual,2025-07-27,2025-08-03,bread,95.94514285714288,0.0
manual,2025-07-27,2025-08-03,chocolate_syrup,1385.28,0.0
manual,2025-07-27,2025-08-03,coffee_beans,7063.739999999999,0.0
manual,2025-07-27,2025-08-03,croissant_dough,37.584,0.0
manual,2025-07-27,2025-08-03,cup_cold,90.228,0.0
manual,2025-07-27,2025-08-03,cup_hot,437.8088571428572,0.0
manual,2025-07-27,2025-08-03,ice,10371.702857142858,0.0
manual,2025-07-27,2025-08-03,milk,65989.8,0.0
manual,2025-07-27,2025-08-03,sugar,3696.169714285714,0.0
manual,2025-07-27,2025-08-03,tea_leaves,359.4994285714285,0.0
manual,2025-07-27,2025-08-04,bread,95.94514285714288,0.0
manual,2025-07-27,2025-08-04,chocolate_syrup,1385.28,0.0
manual,2025-07-27,2025-08-04,coffee_beans,7063.739999999999,0.0
manual,2025-07-27,2025-08-04,croissant_dough,37.584,0.0
manual,2025-07-27,2025-08-04,cup_cold,90.228,0.0
manual,2025-07-27,2025-08-04,cup_hot,437.8088571428572,0.0
manual,2025-07-27,2025-08-04,ice,10371.702857142858,0.0
manual,2025-07-27,2025-08-04,milk,65989.8,0.0
manual,2025-07-27,2025-08-04,sugar,3696.169714285714,0.0
manual,2025-07-27,2025-08-04,tea_leaves,359.4994285714285,0.0
manual,2025-07-27,2025-08-05,bread,95.94514285714288,0.0
manual,2025-07-27,2025-08-05,chocolate_syrup,1385.28,0.0
manual,2025-07-27,2025-08-05,coffee_beans,7063.739999999999,0.0
manual,2025-07-27,2025-08-05,croissant_dough,37.584,0.0
manual,2025-07-27,2025-08-05,cup_cold,90.228,0.0
manual,2025-07-27,2025-08-05,cup_hot,437.8088571428572,0.0
manual,2025-07-27,2025-08-05,ice,10371.702857142858,0.0
manual,2025-07-27,2025-08-05,milk,65989.8,0.0
manual,2025-07-27,2025-08-05,sugar,3696.169714285714,0.0
manual,2025-07-27,2025-08-05,tea_leaves,359.4994285714285,0.0
manual,2025-07-27,2025-08-06,bread,95.94514285714288,0.0
manual,2025-07-27,2025-08-06,chocolate_syrup,1385.28,0.0
manual,2025-07-27,2025-08-06,coffee_beans,7063.739999999999,0.0
manual,2025-07-27,2025-08-06,croissant_dough,37.584,0.0
manual,2025-07-27,2025-08-06,cup_cold,90.228,0.0
manual,2025-07-27,2025-08-06,cup_hot,437.8088571428572,0.0
manual,2025-07-27,2025-08-06,ice,10371.702857142858,0.0
manual,2025-07-27,2025-08-06,milk,65989.8,0.0
manual,2025-07-27,2025-08-06,sugar,3696.169714285714,0.0
manual,2025-07-27,2025-08-06,tea_leaves,359.4994285714285,0.0
manual,2025-07-27,2025-08-07,bread,95.94514285714288,0.0
manual,2025-07-27,2025-08-07,chocolate_syrup,1385.28,0.0
manual,2025-07-27,2025-08-07,coffee_beans,7063.739999999999,0.0
manual,2025-07-27,2025-08-07,croissant_dough,37.584,0.0
manual,2025-07-27,2025-08-07,cup_cold,90.228,0.0
manual,2025-07-27,2025-08-07,cup_hot,437.8088571428572,0.0
manual,2025-07-27,2025-08-07,ice,10371.702857142858,0.0
manual,2025-07-27,2025-08-07,milk,65989.8,0.0
manual,2025-07-27,2025-08-07,sugar,3696.169714285714,0.0
manual,2025-07-27,2025-08-07,tea_leaves,359.4994285714285,0.0
manual,2025-07-27,2025-08-08,bread,95.94514285714288,0.0
manual,2025-07-27,2025-08-08,chocolate_syrup,1385.28,0.0
manual,2025-07-27,2025-08-08,coffee_beans,7063.739999999999,0.0
manual,2025-07-27,2025-08-08,croissant_dough,37.584,0.0
manual,2025-07-27,2025-08-08,cup_cold,90.228,0.0
manual,2025-07-27,2025-08-08,cup_hot,437.8088571428572,0.0
manual,2025-07-27,2025-08-08,ice,10371.702857142858,0.0
manual,2025-07-27,2025-08-08,milk,65989.8,0.0
manual,2025-07-27,2025-08-08,sugar,3696.169714285714,0.0
manual,2025-07-27,2025-08-08,tea_leaves,359.4994285714285,0.0
manual,2025-07-27,2025-08-09,bread,95.94514285714288,0.0
manual,2025-07-27,2025-08-09,chocolate_syrup,1385.28,0.0
manual,2025-07-27,2025-08-09,coffee_beans,7063.739999999999,0.0
manual,2025-07-27,2025-08-09,croissant_dough,37.584,0.0
manual,2025-07-27,2025-08-09,cup_cold,90.228,0.0
manual,2025-07-27,2025-08-09,cup_hot,437.8088571428572,0.0
manual,2025-07-27,2025-08-09,ice,10371.702857142858,0.0
manual,2025-07-27,2025-08-09,milk,65989.8,0.0
manual,2025-07-27,2025-08-09,sugar,3696.169714285714,0.0
manual,2025-07-27,2025-08-09,tea_leaves,359.4994285714285,0.0
manual,2025-07-27,2025-08-10,bread,95.94514285714288,0.0
manual,2025-07-27,2025-08-10,chocolate_syrup,1385.28,0.0
manual,2025-07-27,2025-08-10,coffee_beans,7063.739999999999,0.0
manual,2025-07-27,2025-08-10,croissant_dough,37.584,0.0
manual,2025-07-27,2025-08-10,cup_cold,90.228,0.0
manual,2025-07-27,2025-08-10,cup_hot,437.8088571428572,0.0
manual,2025-07-27,2025-08-10,ice,10371.702857142858,0.0
manual,2025-07-27,2025-08-10,milk,65989.8,0.0
manual,2025-07-27,2025-08-10,sugar,3696.169714285714,0.0
manual,2025-07-27,2025-08-10,tea_leaves,359.4994285714285,0.0
manual,2025-07-27,2025-08-11,bread,95.94514285714288,0.0
manual,2025-07-27,2025-08-11,chocolate_syrup,1385.28,0.0
manual,2025-07-27,2025-08-11,coffee_beans,7063.739999999999,0.0
manual,2025-07-27,2025-08-11,croissant_dough,37.584,0.0
manual,2025-07-27,2025-08-11,cup_cold,90.228,0.0
manual,2025-07-27,2025-08-11,cup_hot,437.8088571428572,0.0
manual,2025-07-27,2025-08-11,ice,10371.702857142858,0.0
manual,2025-07-27,2025-08-11,milk,65989.8,0.0
manual,2025-07-27,2025-08-11,sugar,3696.169714285714,0.0
manual,2025-07-27,2025-08-11,tea_leaves,359.4994285714285,0.0
manual,2025-07-27,2025-08-12,bread,95.94514285714288,0.0
manual,2025-07-27,2025-08-12,chocolate_syrup,1385.28,0.0
manual,2025-07-27,2025-08-12,coffee_beans,7063.74,0.0
manual,2025-07-27,2025-08-12,croissant_dough,37.584,0.0
manual,2025-07-27,2025-08-12,cup_cold,90.228,0.0
manual,2025-07-27,2025-08-12,cup_hot,437.8088571428572,0.0
manual,2025-07-27,2025-08-12,ice,10371.702857142856,0.0
manual,2025-07-27,2025-08-12,milk,65989.8,0.0
manual,2025-07-27,2025-08-12,sugar,3696.169714285714,0.0
manual,2025-07-27,2025-08-12,tea_leaves,359.4994285714285,0.0
seasonal_naive,2025-07-27,2025-07-27,bread,114.48,37.33486164588864
seasonal_naive,2025-07-27,2025-07-27,chocolate_syrup,1185.6,520.5311992683673
seasonal_naive,2025-07-27,2025-07-27,coffee_beans,6507.539999999999,2112.2268376700285
seasonal_naive,2025-07-27,2025-07-27,croissant_dough,28.08,11.4427696153767
seasonal_naive,2025-07-27,2025-07-27,cup_cold,85.49000000000001,38.45852851372732
seasonal_naive,2025-07-27,2025-07-27,cup_hot,371.8299999999999,110.56305462069515
seasonal_naive,2025-07-27,2025-07-27,ice,9763.2,4402.738920263158
seasonal_naive,2025-07-27,2025-07-27,milk,57666.0,16871.49353667565
seasonal_naive,2025-07-27,2025-07-27,sugar,3174.46,928.681015330899
seasonal_naive,2025-07-27,2025-07-27,tea_leaves,226.6,83.27689291824983
seasonal_naive,2025-07-27,2025-07-28,bread,61.48,37.33486164588864
seasonal_naive,2025-07-27,2025-07-28,chocolate_syrup,1029.6,520.5311992683673
seasonal_naive,2025-07-27,2025-07-28,coffee_beans,5784.4800000000005,2112.2268376700285
seasonal_naive,2025-07-27,2025-07-28,croissant_dough,28.08,11.4427696153767
seasonal_naive,2025-07-27,2025-07-28,cup_cold,87.55000000000001,38.45852851372732
seasonal_naive,2025-07-27,2025-07-28,cup_hot,331.66,110.56305462069515
seasonal_naive,2025-07-27,2025-07-28,ice,10130.4,4402.738920263158
seasonal_naive,2025-07-27,2025-07-28,milk,56679.0,16871.49353667565
seasonal_naive,2025-07-27,2025-07-28,sugar,3109.57,928.681015330899
seasonal_naive,2025-07-27,2025-07-28,tea_leaves,255.44,83.27689291824983
seasonal_naive,2025-07-27,2025-07-29,bread,89.04,37.33486164588864
seasonal_naive,2025-07-27,2025-07-29,chocolate_syrup,842.4000000000001,520.5311992683673
seasonal_naive,2025-07-27,2025-07-29,coffee_beans,5506.379999999999,2112.2268376700285
seasonal_naive,2025-07-27,2025-07-29,croissant_dough,21.6,11.4427696153767
seasonal_naive,2025-07-27,2025-07-29,cup_cold,53.56,38.45852851372732
seasonal_naive,2025-07-27,2025-07-29,cup_hot,341.96,110.56305462069515
seasonal_naive,2025-07-27,2025-07-29,ice,6264.000000000001,4402.738920263158
seasonal_naive,2025-07-27,2025-07-29,milk,45664.5,16871.49353667565
seasonal_naive,2025-07-27,2025-07-29,sugar,2502.9,928.681015330899
seasonal_naive,2025-07-27,2025-07-29,tea_leaves,247.2,83.27689291824983
seasonal_naive,2025-07-27,2025-07-30,bread,91.16,37.33486164588864
seasonal_naive,2025-07-27,2025-07-30,chocolate_syrup,1154.4,520.5311992683673
seasonal_naive,2025-07-27,2025-07-30,coffee_beans,4913.099999999999,2112.2268376700285
seasonal_naive,2025-07-27,2025-07-30,croissant_dough,29.160000000000004,11.4427696153767
seasonal_naive,2025-07-27,2025-07-30,cup_cold,52.53,38.45852851372732
seasonal_naive,2025-07-27,2025-07-30,cup_hot,331.66,110.56305462069515
seasonal_naive,2025-07-27,2025-07-30,ice,6069.6,4402.738920263158
seasonal_naive,2025-07-27,2025-07-30,milk,49843.5,16871.49353667565
seasonal_naive,2025-07-27,2025-07-30,sugar,2744.9500000000003,928.681015330899
seasonal_naive,2025-07-27,2025-07-30,tea_leaves,292.52,83.27689291824983
seasonal_naive,2025-07-27,2025-07-31,bread,59.36,37.33486164588864
seasonal_naive,2025-07-27,2025-07-31,chocolate_syrup,592.8000000000001,520.5311992683673
seasonal_naive,2025-07-27,2025-07-31,coffee_beans,5209.74,2112.2268376700285
seasonal_naive,2025-07-27,2025-07-31,croissant_dough,41.040000000000006,11.4427696153767
seasonal_naive,2025-07-27,2025-07-31,cup_cold,46.35,38.45852851372732
seasonal_naive,2025-07-27,2025-07-31,cup_hot,331.66,110.56305462069515
seasonal_naive,2025-07-27,2025-07-31,ice,5335.200000000001,4402.738920263158
seasonal_naive,2025-07-27,2025-07-31,milk,41044.5,16871.49353667565
seasonal_naive,2025-07-27,2025-07-31,sugar,2376.21,928.681015330899
seasonal_naive,2025-07-27,2025-07-31,tea_leaves,276.04,83.27689291824983
seasonal_naive,2025-07-27,2025-08-01,bread,67.84,37.33486164588864
seasonal_naive,2025-07-27,2025-08-01,chocolate_syrup,1248.0,520.5311992683673
seasonal_naive,2025-07-27,2025-08-01,coffee_beans,6702.21,2112.2268376700285
seasonal_naive,2025-07-27,2025-08-01,croissant_dough,25.92,11.4427696153767
seasonal_naive,2025-07-27,2025-08-01,cup_cold,98.88,38.45852851372732
seasonal_naive,2025-07-27,2025-08-01,cup_hot,419.725,110.56305462069515
seasonal_naive,2025-07-27,2025-08-01,ice,11210.4,4402.738920263158
seasonal_naive,2025-07-27,2025-08-01,milk,65121.0,16871.49353667565
seasonal_naive,2025-07-27,2025-08-01,sugar,3774.95,928.681015330899
seasonal_naive,2025-07-27,2025-08-01,tea_leaves,420.24,83.27689291824983
seasonal_naive,2025-07-27,2025-08-02,bread,76.32000000000001,37.33486164588864
seasonal_naive,2025-07-27,2025-08-02,chocolate_syrup,2028.0,520.5311992683673
seasonal_naive,2025-07-27,2025-08-02,coffee_beans,6581.7,2112.2268376700285
seasonal_naive,2025-07-27,2025-08-02,croissant_dough,45.36,11.4427696153767
seasonal_naive,2025-07-27,2025-08-02,cup_cold,101.97,38.45852851372732
seasonal_naive,2025-07-27,2025-08-02,cup_hot,425.39,110.56305462069515
seasonal_naive,2025-07-27,2025-08-02,ice,11728.8,4402.738920263158
seasonal_naive,2025-07-27,2025-08-02,milk,68922.0,16871.49353667565
seasonal_naive,2025-07-27,2025-08-02,sugar,3877.95,928.681015330899
seasonal_naive,2025-07-27,2025-08-02,tea_leaves,379.04,83.27689291824983
seasonal_naive,2025-07-27,2025-08-03,bread,114.48,37.33486164588864
seasonal_naive,2025-07-27,2025-08-03,chocolate_syrup,1185.6,520.5311992683673
seasonal_naive,2025-07-27,2025-08-03,coffee_beans,6507.539999999999,2112.2268376700285
seasonal_naive,2025-07-27,2025-08-03,croissant_dough,28.08,11.4427696153767
seasonal_naive,2025-07-27,2025-08-03,cup_cold,85.49000000000001,38.45852851372732
seasonal_naive,2025-07-27,2025-08-03,cup_hot,371.8299999999999,110.56305462069515
seasonal_naive,2025-07-27,2025-08-03,ice,9763.2,4402.738920263158
seasonal_naive,2025-07-27,2025-08-03,milk,57666.0,16871.49353667565
seasonal_naive,2025-07-27,2025-08-03,sugar,3174.46,928.681015330899
seasonal_naive,2025-07-27,2025-08-03,tea_leaves,226.6,83.27689291824983
seasonal_naive,2025-07-27,2025-08-04,bread,61.48,37.33486164588864
seasonal_naive,2025-07-27,2025-08-04,chocolate_syrup,1029.6,520.5311992683673
seasonal_naive,2025-07-27,2025-08-04,coffee_beans,5784.4800000000005,2112.2268376700285
seasonal_naive,2025-07-27,2025-08-04,croissant_dough,28.08,11.4427696153767
seasonal_naive,2025-07-27,2025-08-04,cup_cold,87.55000000000001,38.45852851372732
seasonal_naive,2025-07-27,2025-08-04,cup_hot,331.66,110.56305462069515
seasonal_naive,2025-07-27,2025-08-04,ice,10130.4,4402.738920263158
seasonal_naive,2025-07-27,2025-08-04,milk,56679.0,16871.49353667565
seasonal_naive,2025-07-27,2025-08-04,sugar,3109.57,928.681015330899
seasonal_naive,2025-07-27,2025-08-04,tea_leaves,255.44,83.27689291824983
seasonal_naive,2025-07-27,2025-08-05,bread,89.04,37.33486164588864
seasonal_naive,2025-07-27,2025-08-05,chocolate_syrup,842.4000000000001,520.5311992683673
seasonal_naive,2025-07-27,2025-08-05,coffee_beans,5506.379999999999,2112.2268376700285
seasonal_naive,2025-07-27,2025-08-05,croissant_dough,21.6,11.4427696153767
seasonal_naive,2025-07-27,2025-08-05,cup_cold,53.56,38.45852851372732
seasonal_naive,2025-07-27,2025-08-05,cup_hot,341.96,110.56305462069515
seasonal_naive,2025-07-27,2025-08-05,ice,6264.000000000001,4402.738920263158
seasonal_naive,2025-07-27,2025-08-05,milk,45664.5,16871.49353667565
seasonal_naive,2025-07-27,2025-08-05,sugar,2502.9,928.681015330899
seasonal_naive,2025-07-27,2025-08-05,tea_leaves,247.2,83.27689291824983
seasonal_naive,2025-07-27,2025-08-06,bread,91.16,37.33486164588864
seasonal_naive,2025-07-27,2025-08-06,chocolate_syrup,1154.4,520.5311992683673
seasonal_naive,2025-07-27,2025-08-06,coffee_beans,4913.099999999999,2112.2268376700285
seasonal_naive,2025-07-27,2025-08-06,croissant_dough,29.160000000000004,11.4427696153767
seasonal_naive,2025-07-27,2025-08-06,cup_cold,52.53,38.45852851372732
seasonal_naive,2025-07-27,2025-08-06,cup_hot,331.66,110.56305462069515
seasonal_naive,2025-07-27,2025-08-06,ice,6069.6,4402.738920263158
seasonal_naive,2025-07-27,2025-08-06,milk,49843.5,16871.49353667565
seasonal_naive,2025-07-27,2025-08-06,sugar,2744.9500000000003,928.681015330899
seasonal_naive,2025-07-27,2025-08-06,tea_leaves,292.52,83.27689291824983
seasonal_naive,2025-07-27,2025-08-07,bread,59.36,37.33486164588864
seasonal_naive,2025-07-27,2025-08-07,chocolate_syrup,592.8000000000001,520.5311992683673
seasonal_naive,2025-07-27,2025-08-07,coffee_beans,5209.74,2112.2268376700285
seasonal_naive,2025-07-27,2025-08-07,croissant_dough,41.040000000000006,11.4427696153767
seasonal_naive,2025-07-27,2025-08-07,cup_cold,46.35,38.45852851372732
seasonal_naive,2025-07-27,2025-08-07,cup_hot,331.66,110.56305462069515
seasonal_naive,2025-07-27,2025-08-07,ice,5335.200000000001,4402.738920263158
seasonal_naive,2025-07-27,2025-08-07,milk,41044.5,16871.49353667565
seasonal_naive,2025-07-27,2025-08-07,sugar,2376.21,928.681015330899
seasonal_naive,2025-07-27,2025-08-07,tea_leaves,276.04,83.27689291824983
seasonal_naive,2025-07-27,2025-08-08,bread,67.84,37.33486164588864
seasonal_naive,2025-07-27,2025-08-08,chocolate_syrup,1248.0,520.5311992683673
seasonal_naive,2025-07-27,2025-08-08,coffee_beans,6702.21,2112.2268376700285
seasonal_naive,2025-07-27,2025-08-08,croissant_dough,25.92,11.4427696153767
seasonal_naive,2025-07-27,2025-08-08,cup_cold,98.88,38.45852851372732
seasonal_naive,2025-07-27,2025-08-08,cup_hot,419.725,110.56305462069515
seasonal_naive,2025-07-27,2025-08-08,ice,11210.4,4402.738920263158
seasonal_naive,2025-07-27,2025-08-08,milk,65121.0,16871.49353667565
seasonal_naive,2025-07-27,2025-08-08,sugar,3774.95,928.681015330899
seasonal_naive,2025-07-27,2025-08-08,tea_leaves,420.24,83.27689291824983
seasonal_naive,2025-07-27,2025-08-09,bread,76.32000000000001,37.33486164588864
seasonal_naive,2025-07-27,2025-08-09,chocolate_syrup,2028.0,520.5311992683673
seasonal_naive,2025-07-27,2025-08-09,coffee_beans,6581.7,2112.2268376700285
seasonal_naive,2025-07-27,2025-08-09,croissant_dough,45.36,11.4427696153767
seasonal_naive,2025-07-27,2025-08-09,cup_cold,101.97,38.45852851372732
seasonal_naive,2025-07-27,2025-08-09,cup_hot,425.39,110.56305462069515
seasonal_naive,2025-07-27,2025-08-09,ice,11728.8,4402.738920263158
seasonal_naive,2025-07-27,2025-08-09,milk,68922.0,16871.49353667565
seasonal_naive,2025-07-27,2025-08-09,sugar,3877.95,928.681015330899
seasonal_naive,2025-07-27,2025-08-09,tea_leaves,379.04,83.27689291824983
seasonal_naive,2025-07-27,2025-08-10,bread,114.48,37.33486164588864
seasonal_naive,2025-07-27,2025-08-10,chocolate_syrup,1185.6,520.5311992683673
seasonal_naive,2025-07-27,2025-08-10,coffee_beans,6507.539999999999,2112.2268376700285
seasonal_naive,2025-07-27,2025-08-10,croissant_dough,28.08,11.4427696153767
seasonal_naive,2025-07-27,2025-08-10,cup_cold,85.49000000000001,38.45852851372732
seasonal_naive,2025-07-27,2025-08-10,cup_hot,371.8299999999999,110.56305462069515
seasonal_naive,2025-07-27,2025-08-10,ice,9763.2,4402.738920263158
seasonal_naive,2025-07-27,2025-08-10,milk,57666.0,16871.49353667565
seasonal_naive,2025-07-27,2025-08-10,sugar,3174.46,928.681015330899
seasonal_naive,2025-07-27,2025-08-10,tea_leaves,226.6,83.27689291824983
seasonal_naive,2025-07-27,2025-08-11,bread,61.48,37.33486164588864
seasonal_naive,2025-07-27,2025-08-11,chocolate_syrup,1029.6,520.5311992683673
seasonal_naive,2025-07-27,2025-08-11,coffee_beans,5784.4800000000005,2112.2268376700285
seasonal_naive,2025-07-27,2025-08-11,croissant_dough,28.08,11.4427696153767
seasonal_naive,2025-07-27,2025-08-11,cup_cold,87.55000000000001,38.45852851372732
seasonal_naive,2025-07-27,2025-08-11,cup_hot,331.66,110.56305462069515
seasonal_naive,2025-07-27,2025-08-11,ice,10130.4,4402.738920263158
seasonal_naive,2025-07-27,2025-08-11,milk,56679.0,16871.49353667565
seasonal_naive,2025-07-27,2025-08-11,sugar,3109.57,928.681015330899
seasonal_naive,2025-07-27,2025-08-11,tea_leaves,255.44,83.27689291824983
seasonal_naive,2025-07-27,2025-08-12,bread,89.04,37.33486164588864
seasonal_naive,2025-07-27,2025-08-12,chocolate_syrup,842.4000000000001,520.5311992683673
seasonal_naive,2025-07-27,2025-08-12,coffee_beans,5506.379999999999,2112.2268376700285
seasonal_naive,2025-07-27,2025-08-12,croissant_dough,21.6,11.4427696153767
seasonal_naive,2025-07-27,2025-08-12,cup_cold,53.56,38.45852851372732
seasonal_naive,2025-07-27,2025-08-12,cup_hot,341.96,110.56305462069515
seasonal_naive,2025-07-27,2025-08-12,ice,6264.000000000001,4402.738920263158
seasonal_naive,2025-07-27,2025-08-12,milk,45664.5,16871.49353667565
seasonal_naive,2025-07-27,2025-08-12,sugar,2502.9,928.681015330899
seasonal_naive,2025-07-27,2025-08-12,tea_leaves,247.2,83.27689291824983
ml,2025-07-27,2025-07-27,bread,93.6294111784472,25.36065935062045
ml,2025-07-27,2025-07-27,chocolate_syrup,1197.7384752531675,280.1203790520564
ml,2025-07-27,2025-07-27,coffee_beans,7209.338069253494,1856.26777238931
ml,2025-07-27,2025-07-27,croissant_dough,41.73273064766102,9.8908179965858
ml,2025-07-27,2025-07-27,cup_cold,111.43416003065336,32.6063798772173
ml,2025-07-27,2025-07-27,cup_hot,404.1976181457392,99.89904731321845
ml,2025-07-27,2025-07-27,ice,12879.312015512907,3736.717734778016
ml,2025-07-27,2025-07-27,milk,67144.4468494281,16911.06244069519
ml,2025-07-27,2025-07-27,sugar,3751.891916477518,979.0722393911356
ml,2025-07-27,2025-07-27,tea_leaves,302.2890849854649,80.52750415938122
ml,2025-07-27,2025-07-28,bread,76.87979516617101,25.36065935062045
ml,2025-07-27,2025-07-28,chocolate_syrup,1037.7671650859718,280.1203790520564
ml,2025-07-27,2025-07-28,coffee_beans,5449.026541231807,1856.26777238931
ml,2025-07-27,2025-07-28,croissant_dough,32.69734321093679,9.8908179965858
ml,2025-07-27,2025-07-28,cup_cold,73.33395658696628,32.6063798772173
ml,2025-07-27,2025-07-28,cup_hot,331.14216535493745,99.89904731321845
ml,2025-07-27,2025-07-28,ice,8424.19511766591,3736.717734778016
ml,2025-07-27,2025-07-28,milk,51583.62081995508,16911.06244069519
ml,2025-07-27,2025-07-28,sugar,2890.154271753285,979.0722393911356
ml,2025-07-27,2025-07-28,tea_leaves,269.9712162068864,80.52750415938122
ml,2025-07-27,2025-07-29,bread,87.87940433935742,25.36065935062045
ml,2025-07-27,2025-07-29,chocolate_syrup,1070.5116836351242,280.1203790520564
ml,2025-07-27,2025-07-29,coffee_beans,5920.649592441576,1856.26777238931
ml,2025-07-27,2025-07-29,croissant_dough,38.00483960023786,9.8908179965858
ml,2025-07-27,2025-07-29,cup_cold,80.25542549117797,32.6063798772173
ml,2025-07-27,2025-07-29,cup_hot,355.87297295080015,99.89904731321845
ml,2025-07-27,2025-07-29,ice,9219.002931072648,3736.717734778016
ml,2025-07-27,2025-07-29,milk,55636.13878432413,16911.06244069519
ml,2025-07-27,2025-07-29,sugar,3119.878852632519,979.0722393911356
ml,2025-07-27,2025-07-29,tea_leaves,287.45124406155634,80.52750415938122
ml,2025-07-27,2025-07-30,bread,84.67835678079726,25.36065935062045
ml,2025-07-27,2025-07-30,chocolate_syrup,1102.9418303554355,280.1203790520564
ml,2025-07-27,2025-07-30,coffee_beans,6031.239148176661,1856.26777238931
ml,2025-07-27,2025-07-30,croissant_dough,38.05242197009921,9.8908179965858
ml,2025-07-27,2025-07-30,cup_cold,83.45215847897313,32.6063798772173
ml,2025-07-27,2025-07-30,cup_hot,362.6773990471406,99.89904731321845
ml,2025-07-27,2025-07-30,ice,9560.603269071806,3736.717734778016
ml,2025-07-27,2025-07-30,milk,56800.73473023673,16911.06244069519
ml,2025-07-27,2025-07-30,sugar,3199.6304037032783,979.0722393911356
ml,2025-07-27,2025-07-30,tea_leaves,298.5979811165516,80.52750415938122
ml,2025-07-27,2025-07-31,bread,88.60328301497788,25.36065935062045
ml,2025-07-27,2025-07-31,chocolate_syrup,1114.459601671608,280.1203790520564
ml,2025-07-27,2025-07-31,coffee_beans,6317.427144677201,1856.26777238931
ml,2025-07-27,2025-07-31,croissant_dough,39.97975340401909,9.8908179965858
ml,2025-07-27,2025-07-31,cup_cold,96.23408686560246,32.6063798772173
ml,2025-07-27,2025-07-31,cup_hot,366.43938042894615,99.89904731321845
ml,2025-07-27,2025-07-31,ice,11155.897607775412,3736.717734778016
ml,2025-07-27,2025-07-31,milk,59087.95486602096,16911.06244069519
ml,2025-07-27,2025-07-31,sugar,3329.2131990318467,979.0722393911356
ml,2025-07-27,2025-07-31,tea_leaves,299.65535116594185,80.52750415938122
ml,2025-07-27,2025-08-01,bread,88.98769595492097,25.36065935062045
ml,2025-07-27,2025-08-01,chocolate_syrup,1137.3023875038984,280.1203790520564
ml,2025-07-27,2025-08-01,coffee_beans,6749.287640518287,1856.26777238931
ml,2025-07-27,2025-08-01,croissant_dough,38.885779681323655,9.8908179965858
ml,2025-07-27,2025-08-01,cup_cold,93.88472153293624,32.6063798772173
ml,2025-07-27,2025-08-01,cup_hot,394.6867890539026,99.89904731321845
ml,2025-07-27,2025-08-01,ice,10731.914967006038,3736.717734778016
ml,2025-07-27,2025-08-01,milk,61925.97310256661,16911.06244069519
ml,2025-07-27,2025-08-01,sugar,3489.512271202896,979.0722393911356
ml,2025-07-27,2025-08-01,tea_leaves,304.26210610452887,80.52750415938122
ml,2025-07-27,2025-08-02,bread,96.32646082832804,25.36065935062045
ml,2025-07-27,2025-08-02,chocolate_syrup,1233.1493726459978,280.1203790520564
ml,2025-07-27,2025-08-02,coffee_beans,7259.525604846554,1856.26777238931
ml,2025-07-27,2025-08-02,croissant_dough,43.19025302491588,9.8908179965858
ml,2025-07-27,2025-08-02,cup_cold,104.14025369135456,32.6063798772173
ml,2025-07-27,2025-08-02,cup_hot,419.096649772855,99.89904731321845
ml,2025-07-27,2025-08-02,ice,11913.133698848447,3736.717734778016
ml,2025-07-27,2025-08-02,milk,66850.52740029887,16911.06244069519
ml,2025-07-27,2025-08-02,sugar,3755.37246158644,979.0722393911356
ml,2025-07-27,2025-08-02,tea_leaves,316.8807460500766,80.52750415938122
ml,2025-07-27,2025-08-03,bread,92.43253649447186,25.36065935062045
ml,2025-07-27,2025-08-03,chocolate_syrup,1176.012128631396,280.1203790520564
ml,2025-07-27,2025-08-03,coffee_beans,7190.466278830442,1856.26777238931
ml,2025-07-27,2025-08-03,croissant_dough,43.1903241979368,9.8908179965858
ml,2025-07-27,2025-08-03,cup_cold,119.9459965365034,32.6063798772173
ml,2025-07-27,2025-08-03,cup_hot,395.5555140745474,99.89904731321845
ml,2025-07-27,2025-08-03,ice,13549.04429962573,3736.717734778016
ml,2025-07-27,2025-08-03,milk,67139.73528628655,16911.06244069519
ml,2025-07-27,2025-08-03,sugar,3860.676123351348,979.0722393911356
ml,2025-07-27,2025-08-03,tea_leaves,308.8307378549161,80.52750415938122
ml,2025-07-27,2025-08-04,bread,77.35376812112239,25.36065935062045
ml,2025-07-27,2025-08-04,chocolate_syrup,1007.8499866028404,280.1203790520564
ml,2025-07-27,2025-08-04,coffee_beans,5162.694818924833,1856.26777238931
ml,2025-07-27,2025-08-04,croissant_dough,33.470010465814426,9.8908179965858
ml,2025-07-27,2025-08-04,cup_cold,72.70288165653463,32.6063798772173
ml,2025-07-27,2025-08-04,cup_hot,307.82799629349927,99.89904731321845
ml,2025-07-27,2025-08-04,ice,8346.114087182863,3736.717734778016
ml,2025-07-27,2025-08-04,milk,48592.14659472284,16911.06244069519
ml,2025-07-27,2025-08-04,sugar,2717.433204134233,979.0722393911356
ml,2025-07-27,2025-08-04,tea_leaves,241.7701136372334,80.52750415938122
ml,2025-07-27,2025-08-05,bread,76.26250482711345,25.36065935062045
ml,2025-07-27,2025-08-05,chocolate_syrup,984.9291354022304,280.1203790520564
ml,2025-07-27,2025-08-05,coffee_beans,5060.149536068759,1856.26777238931
ml,2025-07-27,2025-08-05,croissant_dough,33.82444397321898,9.8908179965858
ml,2025-07-27,2025-08-05,cup_cold,74.90787476493973,32.6063798772173
ml,2025-07-27,2025-08-05,cup_hot,297.57039966428886,99.89904731321845
ml,2025-07-27,2025-08-05,ice,8597.810582123602,3736.717734778016
ml,2025-07-27,2025-08-05,milk,48214.63803388205,16911.06244069519
ml,2025-07-27,2025-08-05,sugar,2701.622037081995,979.0722393911356
ml,2025-07-27,2025-08-05,tea_leaves,235.3742679754426,80.52750415938122
ml,2025-07-27,2025-08-06,bread,72.48197342666136,25.36065935062045
ml,2025-07-27,2025-08-06,chocolate_syrup,984.2520481381276,280.1203790520564
ml,2025-07-27,2025-08-06,coffee_beans,5469.075158504488,1856.26777238931
ml,2025-07-27,2025-08-06,croissant_dough,33.36449670969388,9.8908179965858
ml,2025-07-27,2025-08-06,cup_cold,83.49417903035904,32.6063798772173
ml,2025-07-27,2025-08-06,cup_hot,315.6377944171206,99.89904731321845
ml,2025-07-27,2025-08-06,ice,9483.439385232305,3736.717734778016
ml,2025-07-27,2025-08-06,milk,51856.21118626424,16911.06244069519
ml,2025-07-27,2025-08-06,sugar,2939.2114613730146,979.0722393911356
ml,2025-07-27,2025-08-06,tea_leaves,251.20611374845865,80.52750415938122
ml,2025-07-27,2025-08-07,bread,80.18437214764732,25.36065935062045
ml,2025-07-27,2025-08-07,chocolate_syrup,1003.763883316106,280.1203790520564
ml,2025-07-27,2025-08-07,coffee_beans,5542.277089484873,1856.26777238931
ml,2025-07-27,2025-08-07,croissant_dough,34.08375447331659,9.8908179965858
ml,2025-07-27,2025-08-07,cup_cold,74.45042646781805,32.6063798772173
ml,2025-07-27,2025-08-07,cup_hot,331.0037118333767,99.89904731321845
ml,2025-07-27,2025-08-07,ice,8563.750067620138,3736.717734778016
ml,2025-07-27,2025-08-07,milk,50709.85888663431,16911.06244069519
ml,2025-07-27,2025-08-07,sugar,2832.7678573121016,979.0722393911356
ml,2025-07-27,2025-08-07,tea_leaves,257.6511145394755,80.52750415938122
ml,2025-07-27,2025-08-08,bread,82.31080730405273,25.36065935062045
ml,2025-07-27,2025-08-08,chocolate_syrup,1024.571908636633,280.1203790520564
ml,2025-07-27,2025-08-08,coffee_beans,5842.765852203356,1856.26777238931
ml,2025-07-27,2025-08-08,croissant_dough,36.09285684903451,9.8908179965858
ml,2025-07-27,2025-08-08,cup_cold,79.26556362159394,32.6063798772173
ml,2025-07-27,2025-08-08,cup_hot,351.5760000197181,99.89904731321845
ml,2025-07-27,2025-08-08,ice,9066.539342058328,3736.717734778016
ml,2025-07-27,2025-08-08,milk,54503.620466287466,16911.06244069519
ml,2025-07-27,2025-08-08,sugar,3080.2052696591977,979.0722393911356
ml,2025-07-27,2025-08-08,tea_leaves,289.67780887530586,80.52750415938122
ml,2025-07-27,2025-08-09,bread,88.09540553280675,25.36065935062045
ml,2025-07-27,2025-08-09,chocolate_syrup,1389.1403352829077,280.1203790520564
ml,2025-07-27,2025-08-09,coffee_beans,6615.828053235612,1856.26777238931
ml,2025-07-27,2025-08-09,croissant_dough,39.21830446542166,9.8908179965858
ml,2025-07-27,2025-08-09,cup_cold,100.4964966158581,32.6063798772173
ml,2025-07-27,2025-08-09,cup_hot,384.3008260366945,99.89904731321845
ml,2025-07-27,2025-08-09,ice,11613.5693601671,3736.717734778016
ml,2025-07-27,2025-08-09,milk,62756.28305129612,16911.06244069519
ml,2025-07-27,2025-08-09,sugar,3485.46940370444,979.0722393911356
ml,2025-07-27,2025-08-09,tea_leaves,285.56751655681865,80.52750415938122
ml,2025-07-27,2025-08-10,bread,91.9775966035973,25.36065935062045
ml,2025-07-27,2025-08-10,chocolate_syrup,1083.0923966717571,280.1203790520564
ml,2025-07-27,2025-08-10,coffee_beans,6382.233754867411,1856.26777238931
ml,2025-07-27,2025-08-10,croissant_dough,40.28851792845839,9.8908179965858
ml,2025-07-27,2025-08-10,cup_cold,89.08066269926512,32.6063798772173
ml,2025-07-27,2025-08-10,cup_hot,372.1102706550723,99.89904731321845
ml,2025-07-27,2025-08-10,ice,10202.305415544308,3736.717734778016
ml,2025-07-27,2025-08-10,milk,58375.28238426342,16911.06244069519
ml,2025-07-27,2025-08-10,sugar,3280.6366772399324,979.0722393911356
ml,2025-07-27,2025-08-10,tea_leaves,283.46582610853454,80.52750415938122
ml,2025-07-27,2025-08-11,bread,76.88336607296459,25.36065935062045
ml,2025-07-27,2025-08-11,chocolate_syrup,958.1509017086178,280.1203790520564
ml,2025-07-27,2025-08-11,coffee_beans,5151.490057027912,1856.26777238931
ml,2025-07-27,2025-08-11,croissant_dough,33.42613068536741,9.8908179965858
ml,2025-07-27,2025-08-11,cup_cold,69.56403804877174,32.6063798772173
ml,2025-07-27,2025-08-11,cup_hot,305.41771304980483,99.89904731321845
ml,2025-07-27,2025-08-11,ice,8004.622855435138,3736.717734778016
ml,2025-07-27,2025-08-11,milk,47270.98192173678,16911.06244069519
ml,2025-07-27,2025-08-11,sugar,2633.748705898188,979.0722393911356
ml,2025-07-27,2025-08-11,tea_leaves,228.6263811966664,80.52750415938122
ml,2025-07-27,2025-08-12,bread,80.10921987929429,25.36065935062045
ml,2025-07-27,2025-08-12,chocolate_syrup,1000.9141140505168,280.1203790520564
ml,2025-07-27,2025-08-12,coffee_beans,5293.219065697654,1856.26777238931
ml,2025-07-27,2025-08-12,croissant_dough,35.258240163351346,9.8908179965858
ml,2025-07-27,2025-08-12,cup_cold,72.04202536473726,32.6063798772173
ml,2025-07-27,2025-08-12,cup_hot,315.3975842599773,99.89904731321845
ml,2025-07-27,2025-08-12,ice,8279.10879034458,3736.717734778016
ml,2025-07-27,2025-08-12,milk,48614.50299386725,16911.06244069519
ml,2025-07-27,2025-08-12,sugar,2721.5595191724533,979.0722393911356
ml,2025-07-27,2025-08-12,tea_leaves,241.31554302689693,80.52750415938122
manual,2025-08-03,2025-08-03,bread,100.30628571428572,0.0
manual,2025-08-03,2025-08-03,chocolate_syrup,1417.3714285714286,0.0
manual,2025-08-03,2025-08-03,coffee_beans,8288.969142857142,0.0
manual,2025-08-03,2025-08-03,croissant_dough,48.87771428571429,0.0
manual,2025-08-03,2025-08-03,cup_cold,113.35885714285712,0.0
manual,2025-08-03,2025-08-03,cup_hot,476.56628571428575,0.0
manual,2025-08-03,2025-08-03,ice,12897.051428571427,0.0
manual,2025-08-03,2025-08-03,milk,76687.2,0.0
manual,2025-08-03,2025-08-03,sugar,4239.303428571428,0.0
manual,2025-08-03,2025-08-03,tea_leaves,330.5417142857143,0.0
manual,2025-08-03,2025-08-04,bread,100.30628571428572,0.0
manual,2025-08-03,2025-08-04,chocolate_syrup,1417.3714285714286,0.0
manual,2025-08-03,2025-08-04,coffee_beans,8288.969142857142,0.0
manual,2025-08-03,2025-08-04,croissant_dough,48.87771428571429,0.0
manual,2025-08-03,2025-08-04,cup_cold,113.35885714285712,0.0
manual,2025-08-03,2025-08-04,cup_hot,476.56628571428575,0.0
manual,2025-08-03,2025-08-04,ice,12897.051428571427,0.0
manual,2025-08-03,2025-08-04,milk,76687.2,0.0
manual,2025-08-03,2025-08-04,sugar,4239.303428571428,0.0
manual,2025-08-03,2025-08-04,tea_leaves,330.5417142857143,0.0
manual,2025-08-03,2025-08-05,bread,100.30628571428572,0.0
manual,2025-08-03,2025-08-05,chocolate_syrup,1417.3714285714286,0.0
manual,2025-08-03,2025-08-05,coffee_beans,8288.969142857142,0.0
manual,2025-08-03,2025-08-05,croissant_dough,48.87771428571429,0.0
manual,2025-08-03,2025-08-05,cup_cold,113.35885714285712,0.0
manual,2025-08-03,2025-08-05,cup_hot,476.56628571428575,0.0
manual,2025-08-03,2025-08-05,ice,12897.051428571427,0.0
manual,2025-08-03,2025-08-05,milk,76687.2,0.0
manual,2025-08-03,2025-08-05,sugar,4239.303428571428,0.0
manual,2025-08-03,2025-08-05,tea_leaves,330.5417142857143,0.0
manual,2025-08-03,2025-08-06,bread,100.30628571428572,0.0
manual,2025-08-03,2025-08-06,chocolate_syrup,1417.3714285714286,0.0
manual,2025-08-03,2025-08-06,coffee_beans,8288.969142857142,0.0
manual,2025-08-03,2025-08-06,croissant_dough,48.87771428571429,0.0
manual,2025-08-03,2025-08-06,cup_cold,113.35885714285712,0.0
manual,2025-08-03,2025-08-06,cup_hot,476.56628571428575,0.0
manual,2025-08-03,2025-08-06,ice,12897.051428571427,0.0
manual,2025-08-03,2025-08-06,milk,76687.2,0.0
manual,2025-08-03,2025-08-06,sugar,4239.303428571428,0.0
manual,2025-08-03,2025-08-06,tea_leaves,330.5417142857143,0.0
manual,2025-08-03,2025-08-07,bread,100.30628571428572,0.0
manual,2025-08-03,2025-08-07,chocolate_syrup,1417.3714285714286,0.0
manual,2025-08-03,2025-08-07,coffee_beans,8288.969142857142,0.0
manual,2025-08-03,2025-08-07,croissant_dough,48.87771428571429,0.0
manual,2025-08-03,2025-08-07,cup_cold,113.35885714285712,0.0
manual,2025-08-03,2025-08-07,cup_hot,476.56628571428575,0.0
manual,2025-08-03,2025-08-07,ice,12897.051428571427,0.0
manual,2025-08-03,2025-08-07,milk,76687.2,0.0
manual,2025-08-03,2025-08-07,sugar,4239.303428571428,0.0
manual,2025-08-03,2025-08-07,tea_leaves,330.5417142857143,0.0
manual,2025-08-03,2025-08-08,bread,100.30628571428572,0.0
manual,2025-08-03,2025-08-08,chocolate_syrup,1417.3714285714286,0.0
manual,2025-08-03,2025-08-08,coffee_beans,8288.969142857142,0.0
manual,2025-08-03,2025-08-08,croissant_dough,48.87771428571429,0.0
manual,2025-08-03,2025-08-08,cup_cold,113.35885714285712,0.0
manual,2025-08-03,2025-08-08,cup_hot,476.56628571428575,0.0
manual,2025-08-03,2025-08-08,ice,12897.051428571427,0.0
manual,2025-08-03,2025-08-08,milk,76687.2,0.0
manual,2025-08-03,2025-08-08,sugar,4239.303428571428,0.0
manual,2025-08-03,2025-08-08,tea_leaves,330.5417142857143,0.0
manual,2025-08-03,2025-08-09,bread,100.30628571428572,0.0
manual,2025-08-03,2025-08-09,chocolate_syrup,1417.3714285714286,0.0
manual,2025-08-03,2025-08-09,coffee_beans,8288.969142857142,0.0
manual,2025-08-03,2025-08-09,croissant_dough,48.87771428571429,0.0
manual,2025-08-03,2025-08-09,cup_cold,113.35885714285712,0.0
manual,2025-08-03,2025-08-09,cup_hot,476.56628571428575,0.0
manual,2025-08-03,2025-08-09,ice,12897.051428571427,0.0
manual,2025-08-03,2025-08-09,milk,76687.2,0.0
manual,2025-08-03,2025-08-09,sugar,4239.303428571428,0.0
manual,2025-08-03,2025-08-09,tea_leaves,330.5417142857143,0.0
manual,2025-08-03,2025-08-10,bread,100.30628571428572,0.0
manual,2025-08-03,2025-08-10,chocolate_syrup,1417.3714285714286,0.0
manual,2025-08-03,2025-08-10,coffee_beans,8288.969142857142,0.0
manual,2025-08-03,2025-08-10,croissant_dough,48.87771428571429,0.0
manual,2025-08-03,2025-08-10,cup_cold,113.35885714285712,0.0
manual,2025-08-03,2025-08-10,cup_hot,476.56628571428575,0.0
manual,2025-08-03,2025-08-10,ice,12897.051428571427,0.0
manual,2025-08-03,2025-08-10,milk,76687.2,0.0
manual,2025-08-03,2025-08-10,sugar,4239.303428571428,0.0
manual,2025-08-03,2025-08-10,tea_leaves,330.5417142857143,0.0
manual,2025-08-03,2025-08-11,bread,100.30628571428572,0.0
manual,2025-08-03,2025-08-11,chocolate_syrup,1417.3714285714286,0.0
manual,2025-08-03,2025-08-11,coffee_beans,8288.969142857142,0.0
manual,2025-08-03,2025-08-11,croissant_dough,48.87771428571429,0.0
manual,2025-08-03,2025-08-11,cup_cold,113.35885714285712,0.0
manual,2025-08-03,2025-08-11,cup_hot,476.56628571428575,0.0
manual,2025-08-03,2025-08-11,ice,12897.051428571427,0.0
manual,2025-08-03,2025-08-11,milk,76687.2,0.0
manual,2025-08-03,2025-08-11,sugar,4239.303428571428,0.0
manual,2025-08-03,2025-08-11,tea_leaves,330.5417142857143,0.0
manual,2025-08-03,2025-08-12,bread,100.30628571428572,0.0
manual,2025-08-03,2025-08-12,chocolate_syrup,1417.3714285714286,0.0
manual,2025-08-03,2025-08-12,coffee_beans,8288.969142857142,0.0
manual,2025-08-03,2025-08-12,croissant_dough,48.87771428571429,0.0
manual,2025-08-03,2025-08-12,cup_cold,113.35885714285712,0.0
manual,2025-08-03,2025-08-12,cup_hot,476.56628571428575,0.0
manual,2025-08-03,2025-08-12,ice,12897.051428571427,0.0
manual,2025-08-03,2025-08-12,milk,76687.2,0.0
manual,2025-08-03,2025-08-12,sugar,4239.303428571428,0.0
manual,2025-08-03,2025-08-12,tea_leaves,330.5417142857143,0.0
manual,2025-08-03,2025-08-13,bread,100.30628571428572,0.0
manual,2025-08-03,2025-08-13,chocolate_syrup,1417.3714285714286,0.0
manual,2025-08-03,2025-08-13,coffee_beans,8288.969142857142,0.0
manual,2025-08-03,2025-08-13,croissant_dough,48.87771428571429,0.0
manual,2025-08-03,2025-08-13,cup_cold,113.35885714285712,0.0
manual,2025-08-03,2025-08-13,cup_hot,476.56628571428575,0.0
manual,2025-08-03,2025-08-13,ice,12897.051428571427,0.0
manual,2025-08-03,2025-08-13,milk,76687.2,0.0
manual,2025-08-03,2025-08-13,sugar,4239.303428571428,0.0
manual,2025-08-03,2025-08-13,tea_leaves,330.5417142857143,0.0
manual,2025-08-03,2025-08-14,bread,100.30628571428572,0.0
manual,2025-08-03,2025-08-14,chocolate_syrup,1417.3714285714286,0.0
manual,2025-08-03,2025-08-14,coffee_beans,8288.969142857142,0.0
manual,2025-08-03,2025-08-14,croissant_dough,48.87771428571429,0.0
manual,2025-08-03,2025-08-14,cup_cold,113.35885714285712,0.0
manual,2025-08-03,2025-08-14,cup_hot,476.56628571428575,0.0
manual,2025-08-03,2025-08-14,ice,12897.051428571427,0.0
manual,2025-08-03,2025-08-14,milk,76687.2,0.0
manual,2025-08-03,2025-08-14,sugar,4239.303428571428,0.0
manual,2025-08-03,2025-08-14,tea_leaves,330.5417142857143,0.0
manual,2025-08-03,2025-08-15,bread,100.30628571428572,0.0
manual,2025-08-03,2025-08-15,chocolate_syrup,1417.3714285714286,0.0
manual,2025-08-03,2025-08-15,coffee_beans,8288.969142857142,0.0
manual,2025-08-03,2025-08-15,croissant_dough,48.87771428571429,0.0
manual,2025-08-03,2025-08-15,cup_cold,113.35885714285712,0.0
manual,2025-08-03,2025-08-15,cup_hot,476.56628571428575,0.0
manual,2025-08-03,2025-08-15,ice,12897.051428571427,0.0
manual,2025-08-03,2025-08-15,milk,76687.2,0.0
manual,2025-08-03,2025-08-15,sugar,4239.303428571428,0.0
manual,2025-08-03,2025-08-15,tea_leaves,330.5417142857143,0.0
manual,2025-08-03,2025-08-16,bread,100.30628571428572,0.0
manual,2025-08-03,2025-08-16,chocolate_syrup,1417.3714285714286,0.0
manual,2025-08-03,2025-08-16,coffee_beans,8288.969142857142,0.0
manual,2025-08-03,2025-08-16,croissant_dough,48.87771428571429,0.0
manual,2025-08-03,2025-08-16,cup_cold,113.35885714285712,0.0
manual,2025-08-03,2025-08-16,cup_hot,476.56628571428575,0.0
manual,2025-08-03,2025-08-16,ice,12897.051428571427,0.0
manual,2025-08-03,2025-08-16,milk,76687.2,0.0
manual,2025-08-03,2025-08-16,sugar,4239.303428571428,0.0
manual,2025-08-03,2025-08-16,tea_leaves,330.5417142857143,0.0
manual,2025-08-03,2025-08-17,bread,100.30628571428572,0.0
manual,2025-08-03,2025-08-17,chocolate_syrup,1417.3714285714286,0.0
manual,2025-08-03,2025-08-17,coffee_beans,8288.969142857142,0.0
manual,2025-08-03,2025-08-17,croissant_dough,48.87771428571429,0.0
manual,2025-08-03,2025-08-17,cup_cold,113.35885714285712,0.0
manual,2025-08-03,2025-08-17,cup_hot,476.56628571428575,0.0
manual,2025-08-03,2025-08-17,ice,12897.051428571427,0.0
manual,2025-08-03,2025-08-17,milk,76687.2,0.0
manual,2025-08-03,2025-08-17,sugar,4239.303428571428,0.0
manual,2025-08-03,2025-08-17,tea_leaves,330.5417142857143,0.0
manual,2025-08-03,2025-08-18,bread,100.30628571428572,0.0
manual,2025-08-03,2025-08-18,chocolate_syrup,1417.3714285714286,0.0
manual,2025-08-03,2025-08-18,coffee_beans,8288.969142857142,0.0
manual,2025-08-03,2025-08-18,croissant_dough,48.87771428571429,0.0
manual,2025-08-03,2025-08-18,cup_cold,113.35885714285712,0.0
manual,2025-08-03,2025-08-18,cup_hot,476.56628571428575,0.0
manual,2025-08-03,2025-08-18,ice,12897.051428571427,0.0
manual,2025-08-03,2025-08-18,milk,76687.2,0.0
manual,2025-08-03,2025-08-18,sugar,4239.303428571428,0.0
manual,2025-08-03,2025-08-18,tea_leaves,330.5417142857143,0.0
manual,2025-08-03,2025-08-19,bread,100.30628571428572,0.0
manual,2025-08-03,2025-08-19,chocolate_syrup,1417.3714285714286,0.0
manual,2025-08-03,2025-08-19,coffee_beans,8288.969142857142,0.0
manual,2025-08-03,2025-08-19,croissant_dough,48.87771428571429,0.0
manual,2025-08-03,2025-08-19,cup_cold,113.35885714285712,0.0
manual,2025-08-03,2025-08-19,cup_hot,476.56628571428575,0.0
manual,2025-08-03,2025-08-19,ice,12897.051428571427,0.0
manual,2025-08-03,2025-08-19,milk,76687.2,0.0
manual,2025-08-03,2025-08-19,sugar,4239.303428571428,0.0
manual,2025-08-03,2025-08-19,tea_leaves,330.5417142857143,0.0
seasonal_naive,2025-08-03,2025-08-03,bread,76.32000000000001,34.333115884169175
seasonal_naive,2025-08-03,2025-08-03,chocolate_syrup,1591.2,421.6893064305696
seasonal_naive,2025-08-03,2025-08-03,coffee_beans,8398.619999999999,2035.0433254676727
seasonal_naive,2025-08-03,2025-08-03,croissant_dough,34.56,11.992633528436048
seasonal_naive,2025-08-03,2025-08-03,cup_cold,110.21,38.635262496298566
seasonal_naive,2025-08-03,2025-08-03,cup_hot,495.43,107.11784980129424
seasonal_naive,2025-08-03,2025-08-03,ice,12571.2,4420.527137130284
seasonal_naive,2025-08-03,2025-08-03,milk,79989.0,18207.9912917631
seasonal_naive,2025-08-03,2025-08-03,sugar,4418.700000000001,997.9781120049944
seasonal_naive,2025-08-03,2025-08-03,tea_leaves,346.08,87.48422110962579
seasonal_naive,2025-08-03,2025-08-04,bread,76.32000000000001,34.333115884169175
seasonal_naive,2025-08-03,2025-08-04,chocolate_syrup,686.4000000000001,421.6893064305696
seasonal_naive,2025-08-03,2025-08-04,coffee_beans,5432.22,2035.0433254676727
seasonal_naive,2025-08-03,2025-08-04,croissant_dough,25.92,11.992633528436048
seasonal_naive,2025-08-03,2025-08-04,cup_cold,65.92,38.635262496298566
seasonal_naive,2025-08-03,2025-08-04,cup_hot,319.3,107.11784980129424
seasonal_naive,2025-08-03,2025-08-04,ice,7214.400000000001,4420.527137130284
seasonal_naive,2025-08-03,2025-08-04,milk,47365.5,18207.9912917631
seasonal_naive,2025-08-03,2025-08-04,sugar,2702.72,997.9781120049944
seasonal_naive,2025-08-03,2025-08-04,tea_leaves,243.08,87.48422110962579
seasonal_naive,2025-08-03,2025-08-05,bread,99.64,34.333115884169175
seasonal_naive,2025-08-03,2025-08-05,chocolate_syrup,1372.8000000000002,421.6893064305696
seasonal_naive,2025-08-03,2025-08-05,coffee_beans,7082.280000000001,2035.0433254676727
seasonal_naive,2025-08-03,2025-08-05,croissant_dough,37.8,11.992633528436048
seasonal_naive,2025-08-03,2025-08-05,cup_cold,87.55,38.635262496298566
seasonal_naive,2025-08-03,2025-08-05,cup_hot,431.57,107.11784980129424
seasonal_naive,2025-08-03,2025-08-05,ice,10044.0,4420.527137130284
seasonal_naive,2025-08-03,2025-08-05,milk,62874.0,18207.9912917631
seasonal_naive,2025-08-03,2025-08-05,sugar,3500.9700000000003,997.9781120049944
seasonal_naive,2025-08-03,2025-08-05,tea_leaves,321.36,87.48422110962579
seasonal_naive,2025-08-03,2025-08-06,bread,86.92,34.333115884169175
seasonal_naive,2025-08-03,2025-08-06,chocolate_syrup,811.2,421.6893064305696
seasonal_naive,2025-08-03,2025-08-06,coffee_beans,5877.18,2035.0433254676727
seasonal_naive,2025-08-03,2025-08-06,croissant_dough,34.56,11.992633528436048
seasonal_naive,2025-08-03,2025-08-06,cup_cold,82.4,38.635262496298566
seasonal_naive,2025-08-03,2025-08-06,cup_hot,320.33,107.11784980129424
seasonal_naive,2025-08-03,2025-08-06,ice,9460.8,4420.527137130284
seasonal_naive,2025-08-03,2025-08-06,milk,53613.0,18207.9912917631
seasonal_naive,2025-08-03,2025-08-06,sugar,2927.26,997.9781120049944
seasonal_naive,2025-08-03,2025-08-06,tea_leaves,197.76,87.48422110962579
seasonal_naive,2025-08-03,2025-08-07,bread,65.72,34.333115884169175
seasonal_naive,2025-08-03,2025-08-07,chocolate_syrup,1029.6,421.6893064305696
seasonal_naive,2025-08-03,2025-08-07,coffee_beans,7212.059999999999,2035.0433254676727
seasonal_naive,2025-08-03,2025-08-07,croissant_dough,43.2,11.992633528436048
seasonal_naive,2025-08-03,2025-08-07,cup_cold,97.85,38.635262496298566
seasonal_naive,2025-08-03,2025-08-07,cup_hot,397.58,107.11784980129424
seasonal_naive,2025-08-03,2025-08-07,ice,11059.2,4420.527137130284
seasonal_naive,2025-08-03,2025-08-07,milk,67798.5,18207.9912917631
seasonal_naive,2025-08-03,2025-08-07,sugar,3664.74,997.9781120049944
seasonal_naive,2025-08-03,2025-08-07,tea_leaves,243.08,87.48422110962579
seasonal_naive,2025-08-03,2025-08-08,bread,82.68,34.333115884169175
seasonal_naive,2025-08-03,2025-08-08,chocolate_syrup,1216.8000000000002,421.6893064305696
seasonal_naive,2025-08-03,2025-08-08,coffee_beans,7990.74,2035.0433254676727
seasonal_naive,2025-08-03,2025-08-08,croissant_dough,51.84,11.992633528436048
seasonal_naive,2025-08-03,2025-08-08,cup_cold,111.24,38.635262496298566
seasonal_naive,2025-08-03,2025-08-08,cup_hot,457.3200000000001,107.11784980129424
seasonal_naive,2025-08-03,2025-08-08,ice,12679.2,4420.527137130284
seasonal_naive,2025-08-03,2025-08-08,milk,73437.0,18207.9912917631
seasonal_naive,2025-08-03,2025-08-08,sugar,4133.39,997.9781120049944
seasonal_naive,2025-08-03,2025-08-08,tea_leaves,337.84000000000003,87.48422110962579
seasonal_naive,2025-08-03,2025-08-09,bread,97.52,34.333115884169175
seasonal_naive,2025-08-03,2025-08-09,chocolate_syrup,1560.0000000000002,421.6893064305696
seasonal_naive,2025-08-03,2025-08-09,coffee_beans,6359.219999999999,2035.0433254676727
seasonal_naive,2025-08-03,2025-08-09,croissant_dough,57.24,11.992633528436048
seasonal_naive,2025-08-03,2025-08-09,cup_cold,106.09,38.635262496298566
seasonal_naive,2025-08-03,2025-08-09,cup_hot,358.44,107.11784980129424
seasonal_naive,2025-08-03,2025-08-09,ice,12204.000000000002,4420.527137130284
seasonal_naive,2025-08-03,2025-08-09,milk,62265.0,18207.9912917631
seasonal_naive,2025-08-03,2025-08-09,sugar,3381.49,997.9781120049944
seasonal_naive,2025-08-03,2025-08-09,tea_leaves,238.96,87.48422110962579
seasonal_naive,2025-08-03,2025-08-10,bread,76.32000000000001,34.333115884169175
seasonal_naive,2025-08-03,2025-08-10,chocolate_syrup,1591.2,421.6893064305696
seasonal_naive,2025-08-03,2025-08-10,coffee_beans,8398.619999999999,2035.0433254676727
seasonal_naive,2025-08-03,2025-08-10,croissant_dough,34.56,11.992633528436048
seasonal_naive,2025-08-03,2025-08-10,cup_cold,110.21,38.635262496298566
seasonal_naive,2025-08-03,2025-08-10,cup_hot,495.43,107.11784980129424
seasonal_naive,2025-08-03,2025-08-10,ice,12571.2,4420.527137130284
seasonal_naive,2025-08-03,2025-08-10,milk,79989.0,18207.9912917631
seasonal_naive,2025-08-03,2025-08-10,sugar,4418.700000000001,997.9781120049944
seasonal_naive,2025-08-03,2025-08-10,tea_leaves,346.08,87.48422110962579
seasonal_naive,2025-08-03,2025-08-11,bread,76.32000000000001,34.333115884169175
seasonal_naive,2025-08-03,2025-08-11,chocolate_syrup,686.4000000000001,421.6893064305696
seasonal_naive,2025-08-03,2025-08-11,coffee_beans,5432.22,2035.0433254676727
seasonal_naive,2025-08-03,2025-08-11,croissant_dough,25.92,11.992633528436048
seasonal_naive,2025-08-03,2025-08-11,cup_cold,65.92,38.635262496298566
seasonal_naive,2025-08-03,2025-08-11,cup_hot,319.3,107.11784980129424
seasonal_naive,2025-08-03,2025-08-11,ice,7214.400000000001,4420.527137130284
seasonal_naive,2025-08-03,2025-08-11,milk,47365.5,18207.9912917631
seasonal_naive,2025-08-03,2025-08-11,sugar,2702.72,997.9781120049944
seasonal_naive,2025-08-03,2025-08-11,tea_leaves,243.08,87.48422110962579
seasonal_naive,2025-08-03,2025-08-12,bread,99.64,34.333115884169175
seasonal_naive,2025-08-03,2025-08-12,chocolate_syrup,1372.8000000000002,421.6893064305696
seasonal_naive,2025-08-03,2025-08-12,coffee_beans,7082.280000000001,2035.0433254676727
seasonal_naive,2025-08-03,2025-08-12,croissant_dough,37.8,11.992633528436048
seasonal_naive,2025-08-03,2025-08-12,cup_cold,87.55,38.635262496298566
seasonal_naive,2025-08-03,2025-08-12,cup_hot,431.57,107.11784980129424
seasonal_naive,2025-08-03,2025-08-12,ice,10044.0,4420.527137130284
seasonal_naive,2025-08-03,2025-08-12,milk,62874.0,18207.9912917631
seasonal_naive,2025-08-03,2025-08-12,sugar,3500.9700000000003,997.9781120049944
seasonal_naive,2025-08-03,2025-08-12,tea_leaves,321.36,87.48422110962579
seasonal_naive,2025-08-03,2025-08-13,bread,86.92,34.333115884169175
seasonal_naive,2025-08-03,2025-08-13,chocolate_syrup,811.2,421.6893064305696
seasonal_naive,2025-08-03,2025-08-13,coffee_beans,5877.18,2035.0433254676727
seasonal_naive,2025-08-03,2025-08-13,croissant_dough,34.56,11.992633528436048
seasonal_naive,2025-08-03,2025-08-13,cup_cold,82.4,38.635262496298566
seasonal_naive,2025-08-03,2025-08-13,cup_hot,320.33,107.11784980129424
seasonal_naive,2025-08-03,2025-08-13,ice,9460.8,4420.527137130284
seasonal_naive,2025-08-03,2025-08-13,milk,53613.0,18207.9912917631
seasonal_naive,2025-08-03,2025-08-13,sugar,2927.26,997.9781120049944
seasonal_naive,2025-08-03,2025-08-13,tea_leaves,197.76,87.48422110962579
seasonal_naive,2025-08-03,2025-08-14,bread,65.72,34.333115884169175
seasonal_naive,2025-08-03,2025-08-14,chocolate_syrup,1029.6,421.6893064305696
seasonal_naive,2025-08-03,2025-08-14,coffee_beans,7212.059999999999,2035.0433254676727
seasonal_naive,2025-08-03,2025-08-14,croissant_dough,43.2,11.992633528436048
seasonal_naive,2025-08-03,2025-08-14,cup_cold,97.85,38.635262496298566
seasonal_naive,2025-08-03,2025-08-14,cup_hot,397.58,107.11784980129424
seasonal_naive,2025-08-03,2025-08-14,ice,11059.2,4420.527137130284
seasonal_naive,2025-08-03,2025-08-14,milk,67798.5,18207.9912917631
seasonal_naive,2025-08-03,2025-08-14,sugar,3664.74,997.9781120049944
seasonal_naive,2025-08-03,2025-08-14,tea_leaves,243.08,87.48422110962579
seasonal_naive,2025-08-03,2025-08-15,bread,82.68,34.333115884169175
seasonal_naive,2025-08-03,2025-08-15,chocolate_syrup,1216.8000000000002,421.6893064305696
seasonal_naive,2025-08-03,2025-08-15,coffee_beans,7990.74,2035.0433254676727
seasonal_naive,2025-08-03,2025-08-15,croissant_dough,51.84,11.992633528436048
seasonal_naive,2025-08-03,2025-08-15,cup_cold,111.24,38.635262496298566
seasonal_naive,2025-08-03,2025-08-15,cup_hot,457.3200000000001,107.11784980129424
seasonal_naive,2025-08-03,2025-08-15,ice,12679.2,4420.527137130284
seasonal_naive,2025-08-03,2025-08-15,milk,73437.0,18207.9912917631
seasonal_naive,2025-08-03,2025-08-15,sugar,4133.39,997.9781120049944
seasonal_naive,2025-08-03,2025-08-15,tea_leaves,337.84000000000003,87.48422110962579
seasonal_naive,2025-08-03,2025-08-16,bread,97.52,34.333115884169175
seasonal_naive,2025-08-03,2025-08-16,chocolate_syrup,1560.0000000000002,421.6893064305696
seasonal_naive,2025-08-03,2025-08-16,coffee_beans,6359.219999999999,2035.0433254676727
seasonal_naive,2025-08-03,2025-08-16,croissant_dough,57.24,11.992633528436048
seasonal_naive,2025-08-03,2025-08-16,cup_cold,106.09,38.635262496298566
seasonal_naive,2025-08-03,2025-08-16,cup_hot,358.44,107.11784980129424
seasonal_naive,2025-08-03,2025-08-16,ice,12204.000000000002,4420.527137130284
seasonal_naive,2025-08-03,2025-08-16,milk,62265.0,18207.9912917631
seasonal_naive,2025-08-03,2025-08-16,sugar,3381.49,997.9781120049944
seasonal_naive,2025-08-03,2025-08-16,tea_leaves,238.96,87.48422110962579
seasonal_naive,2025-08-03,2025-08-17,bread,76.32000000000001,34.333115884169175
seasonal_naive,2025-08-03,2025-08-17,chocolate_syrup,1591.2,421.6893064305696
seasonal_naive,2025-08-03,2025-08-17,coffee_beans,8398.619999999999,2035.0433254676727
seasonal_naive,2025-08-03,2025-08-17,croissant_dough,34.56,11.992633528436048
seasonal_naive,2025-08-03,2025-08-17,cup_cold,110.21,38.635262496298566
seasonal_naive,2025-08-03,2025-08-17,cup_hot,495.43,107.11784980129424
seasonal_naive,2025-08-03,2025-08-17,ice,12571.2,4420.527137130284
seasonal_naive,2025-08-03,2025-08-17,milk,79989.0,18207.9912917631
seasonal_naive,2025-08-03,2025-08-17,sugar,4418.700000000001,997.9781120049944
seasonal_naive,2025-08-03,2025-08-17,tea_leaves,346.08,87.48422110962579
seasonal_naive,2025-08-03,2025-08-18,bread,76.32000000000001,34.333115884169175
seasonal_naive,2025-08-03,2025-08-18,chocolate_syrup,686.4000000000001,421.6893064305696
seasonal_naive,2025-08-03,2025-08-18,coffee_beans,5432.22,2035.0433254676727
seasonal_naive,2025-08-03,2025-08-18,croissant_dough,25.92,11.992633528436048
seasonal_naive,2025-08-03,2025-08-18,cup_cold,65.92,38.635262496298566
seasonal_naive,2025-08-03,2025-08-18,cup_hot,319.3,107.11784980129424
seasonal_naive,2025-08-03,2025-08-18,ice,7214.400000000001,4420.527137130284
seasonal_naive,2025-08-03,2025-08-18,milk,47365.5,18207.9912917631
seasonal_naive,2025-08-03,2025-08-18,sugar,2702.72,997.9781120049944
seasonal_naive,2025-08-03,2025-08-18,tea_leaves,243.08,87.48422110962579
seasonal_naive,2025-08-03,2025-08-19,bread,99.64,34.333115884169175
seasonal_naive,2025-08-03,2025-08-19,chocolate_syrup,1372.8000000000002,421.6893064305696
seasonal_naive,2025-08-03,2025-08-19,coffee_beans,7082.28,2035.0433254676727
seasonal_naive,2025-08-03,2025-08-19,croissant_dough,37.8,11.992633528436048
seasonal_naive,2025-08-03,2025-08-19,cup_cold,87.55,38.635262496298566
seasonal_naive,2025-08-03,2025-08-19,cup_hot,431.57,107.11784980129424
seasonal_naive,2025-08-03,2025-08-19,ice,10044.0,4420.527137130284
seasonal_naive,2025-08-03,2025-08-19,milk,62874.0,18207.9912917631
seasonal_naive,2025-08-03,2025-08-19,sugar,3500.9700000000003,997.9781120049944
seasonal_naive,2025-08-03,2025-08-19,tea_leaves,321.36,87.48422110962579
ml,2025-08-03,2025-08-03,bread,91.87232576844902,23.90805264379436
ml,2025-08-03,2025-08-03,chocolate_syrup,1118.0927165395526,230.4496166200076
ml,2025-08-03,2025-08-03,coffee_beans,7080.288172852758,1694.7549075725024
ml,2025-08-03,2025-08-03,croissant_dough,42.36463373330742,8.847055857909696
ml,2025-08-03,2025-08-03,cup_cold,121.74458690404838,31.567638132921505
ml,2025-08-03,2025-08-03,cup_hot,380.4293602840885,89.72008449471075
ml,2025-08-03,2025-08-03,ice,13707.235174349797,3587.580993271326
ml,2025-08-03,2025-08-03,milk,66602.96890765849,15366.74485304338
ml,2025-08-03,2025-08-03,sugar,3816.997685134983,913.8083912185948
ml,2025-08-03,2025-08-03,tea_leaves,287.6528403362413,78.1075215048522
ml,2025-08-03,2025-08-04,bread,76.84524639039728,23.90805264379436
ml,2025-08-03,2025-08-04,chocolate_syrup,999.539848847223,230.4496166200076
ml,2025-08-03,2025-08-04,coffee_beans,5136.561359626247,1694.7549075725024
ml,2025-08-03,2025-08-04,croissant_dough,34.23607467735127,8.847055857909696
ml,2025-08-03,2025-08-04,cup_cold,76.79767150983265,31.567638132921505
ml,2025-08-03,2025-08-04,cup_hot,298.2314420796892,89.72008449471075
ml,2025-08-03,2025-08-04,ice,8777.365279113828,3587.580993271326
ml,2025-08-03,2025-08-04,milk,48954.81112687808,15366.74485304338
ml,2025-08-03,2025-08-04,sugar,2731.06310388673,913.8083912185948
ml,2025-08-03,2025-08-04,tea_leaves,226.6678559395228,78.1075215048522
ml,2025-08-03,2025-08-05,bread,73.05065641179552,23.90805264379436
ml,2025-08-03,2025-08-05,chocolate_syrup,968.4094978038464,230.4496166200076
ml,2025-08-03,2025-08-05,coffee_beans,5077.672644352953,1694.7549075725024
ml,2025-08-03,2025-08-05,croissant_dough,34.61945458548364,8.847055857909696
ml,2025-08-03,2025-08-05,cup_cold,79.76961619424702,31.567638132921505
ml,2025-08-03,2025-08-05,cup_hot,287.3939331085018,89.72008449471075
ml,2025-08-03,2025-08-05,ice,9116.766242598722,3587.580993271326
ml,2025-08-03,2025-08-05,milk,48677.39382638552,15366.74485304338
ml,2025-08-03,2025-08-05,sugar,2712.407570972748,913.8083912185948
ml,2025-08-03,2025-08-05,tea_leaves,212.40278273025848,78.1075215048522
ml,2025-08-03,2025-08-06,bread,72.3864514137971,23.90805264379436
ml,2025-08-03,2025-08-06,chocolate_syrup,975.9419103825112,230.4496166200076
ml,2025-08-03,2025-08-06,coffee_beans,5580.027365203097,1694.7549075725024
ml,2025-08-03,2025-08-06,croissant_dough,34.43642857414431,8.847055857909696
ml,2025-08-03,2025-08-06,cup_cold,94.39148985656624,31.567638132921505
ml,2025-08-03,2025-08-06,cup_hot,307.2161245353948,89.72008449471075
ml,2025-08-03,2025-08-06,ice,10637.87215345953,3587.580993271326
ml,2025-08-03,2025-08-06,milk,53402.82828707488,15366.74485304338
ml,2025-08-03,2025-08-06,sugar,3047.4578546185203,913.8083912185948
ml,2025-08-03,2025-08-06,tea_leaves,237.5499959380122,78.1075215048522
ml,2025-08-03,2025-08-07,bread,76.75472542952757,23.90805264379436
ml,2025-08-03,2025-08-07,chocolate_syrup,1000.6082245577234,230.4496166200076
ml,2025-08-03,2025-08-07,coffee_beans,5614.55153321425,1694.7549075725024
ml,2025-08-03,2025-08-07,croissant_dough,35.14754220872491,8.847055857909696
ml,2025-08-03,2025-08-07,cup_cold,80.12046473142946,31.567638132921505
ml,2025-08-03,2025-08-07,cup_hot,325.1382597464946,89.72008449471075
ml,2025-08-03,2025-08-07,ice,9166.551163891088,3587.580993271326
ml,2025-08-03,2025-08-07,milk,50919.55146301167,15366.74485304338
ml,2025-08-03,2025-08-07,sugar,2852.283247123368,913.8083912185948
ml,2025-08-03,2025-08-07,tea_leaves,241.2251805357362,78.1075215048522
ml,2025-08-03,2025-08-08,bread,81.03250604713672,23.90805264379436
ml,2025-08-03,2025-08-08,chocolate_syrup,1018.0641447643884,230.4496166200076
ml,2025-08-03,2025-08-08,coffee_beans,5707.555289945753,1694.7549075725024
ml,2025-08-03,2025-08-08,croissant_dough,36.46588699681399,8.847055857909696
ml,2025-08-03,2025-08-08,cup_cold,82.68713755593762,31.567638132921505
ml,2025-08-03,2025-08-08,cup_hot,335.94306205798404,89.72008449471075
ml,2025-08-03,2025-08-08,ice,9454.120727944162,3587.580993271326
ml,2025-08-03,2025-08-08,milk,53429.76355120052,15366.74485304338
ml,2025-08-03,2025-08-08,sugar,3023.4968796147564,913.8083912185948
ml,2025-08-03,2025-08-08,tea_leaves,271.73850294116176,78.1075215048522
ml,2025-08-03,2025-08-09,bread,86.38467543527177,23.90805264379436
ml,2025-08-03,2025-08-09,chocolate_syrup,1380.3536370396214,230.4496166200076
ml,2025-08-03,2025-08-09,coffee_beans,6318.697528518052,1694.7549075725024
ml,2025-08-03,2025-08-09,croissant_dough,39.96162498743268,8.847055857909696
ml,2025-08-03,2025-08-09,cup_cold,100.41076917985102,31.567638132921505
ml,2025-08-03,2025-08-09,cup_hot,363.8866555865264,89.72008449471075
ml,2025-08-03,2025-08-09,ice,11547.424112203273,3587.580993271326
ml,2025-08-03,2025-08-09,milk,61238.42862766196,15366.74485304338
ml,2025-08-03,2025-08-09,sugar,3407.769920556173,913.8083912185948
ml,2025-08-03,2025-08-09,tea_leaves,270.7572252729331,78.1075215048522
ml,2025-08-03,2025-08-10,bread,87.85270278559236,23.90805264379436
ml,2025-08-03,2025-08-10,chocolate_syrup,1171.622894373714,230.4496166200076
ml,2025-08-03,2025-08-10,coffee_beans,6117.65780822928,1694.7549075725024
ml,2025-08-03,2025-08-10,croissant_dough,40.18667014401802,8.847055857909696
ml,2025-08-03,2025-08-10,cup_cold,93.7578257383242,31.567638132921505
ml,2025-08-03,2025-08-10,cup_hot,350.17649629711934,89.72008449471075
ml,2025-08-03,2025-08-10,ice,10684.421472272788,3587.580993271326
ml,2025-08-03,2025-08-10,milk,58091.11626802909,15366.74485304338
ml,2025-08-03,2025-08-10,sugar,3262.23365966759,913.8083912185948
ml,2025-08-03,2025-08-10,tea_leaves,261.54346991925166,78.1075215048522
ml,2025-08-03,2025-08-11,bread,75.65193692929617,23.90805264379436
ml,2025-08-03,2025-08-11,chocolate_syrup,1010.755911086742,230.4496166200076
ml,2025-08-03,2025-08-11,coffee_beans,4990.3466409358825,1694.7549075725024
ml,2025-08-03,2025-08-11,croissant_dough,33.27995621628798,8.847055857909696
ml,2025-08-03,2025-08-11,cup_cold,74.1899795658113,31.567638132921505
ml,2025-08-03,2025-08-11,cup_hot,292.43592157593406,89.72008449471075
ml,2025-08-03,2025-08-11,ice,8499.147078511038,3587.580993271326
ml,2025-08-03,2025-08-11,milk,47108.37063528984,15366.74485304338
ml,2025-08-03,2025-08-11,sugar,2643.574241838329,913.8083912185948
ml,2025-08-03,2025-08-11,tea_leaves,224.06607045909143,78.1075215048522
ml,2025-08-03,2025-08-12,bread,78.31592685921171,23.90805264379436
ml,2025-08-03,2025-08-12,chocolate_syrup,1036.6988274567193,230.4496166200076
ml,2025-08-03,2025-08-12,coffee_beans,5190.25742462759,1694.7549075725024
ml,2025-08-03,2025-08-12,croissant_dough,35.112065694271884,8.847055857909696
ml,2025-08-03,2025-08-12,cup_cold,76.71467521051211,31.567638132921505
ml,2025-08-03,2025-08-12,cup_hot,302.86233235389136,89.72008449471075
ml,2025-08-03,2025-08-12,ice,8770.683795095745,3587.580993271326
ml,2025-08-03,2025-08-12,milk,49092.51173430042,15366.74485304338
ml,2025-08-03,2025-08-12,sugar,2743.7681205933427,913.8083912185948
ml,2025-08-03,2025-08-12,tea_leaves,228.0200821847621,78.1075215048522
ml,2025-08-03,2025-08-13,bread,93.87385042414864,23.90805264379436
ml,2025-08-03,2025-08-13,chocolate_syrup,1201.4011778583765,230.4496166200076
ml,2025-08-03,2025-08-13,coffee_beans,6213.628191818013,1694.7549075725024
ml,2025-08-03,2025-08-13,croissant_dough,38.903100491123794,8.847055857909696
ml,2025-08-03,2025-08-13,cup_cold,93.99767257311066,31.567638132921505
ml,2025-08-03,2025-08-13,cup_hot,356.584019593516,89.72008449471075
ml,2025-08-03,2025-08-13,ice,10753.437905625384,3587.580993271326
ml,2025-08-03,2025-08-13,milk,58335.91490981061,15366.74485304338
ml,2025-08-03,2025-08-13,sugar,3263.312500254767,913.8083912185948
ml,2025-08-03,2025-08-13,tea_leaves,262.8739380239401,78.1075215048522
ml,2025-08-03,2025-08-14,bread,91.16233161078873,23.90805264379436
ml,2025-08-03,2025-08-14,chocolate_syrup,1210.9166828134216,230.4496166200076
ml,2025-08-03,2025-08-14,coffee_beans,6235.361639552755,1694.7549075725024
ml,2025-08-03,2025-08-14,croissant_dough,51.71405897294611,8.847055857909696
ml,2025-08-03,2025-08-14,cup_cold,92.61423799026296,31.567638132921505
ml,2025-08-03,2025-08-14,cup_hot,359.9337706750462,89.72008449471075
ml,2025-08-03,2025-08-14,ice,10594.64834194555,3587.580993271326
ml,2025-08-03,2025-08-14,milk,58426.0657874084,15366.74485304338
ml,2025-08-03,2025-08-14,sugar,3260.490277172124,913.8083912185948
ml,2025-08-03,2025-08-14,tea_leaves,264.65301433782616,78.1075215048522
ml,2025-08-03,2025-08-15,bread,79.63289895195814,23.90805264379436
ml,2025-08-03,2025-08-15,chocolate_syrup,1108.5430611862491,230.4496166200076
ml,2025-08-03,2025-08-15,coffee_beans,5785.194333359947,1694.7549075725024
ml,2025-08-03,2025-08-15,croissant_dough,34.45546808341945,8.847055857909696
ml,2025-08-03,2025-08-15,cup_cold,82.52431781240269,31.567638132921505
ml,2025-08-03,2025-08-15,cup_hot,339.89925535193083,89.72008449471075
ml,2025-08-03,2025-08-15,ice,9419.65575658284,3587.580993271326
ml,2025-08-03,2025-08-15,milk,54441.94779216192,15366.74485304338
ml,2025-08-03,2025-08-15,sugar,3052.6478291505964,913.8083912185948
ml,2025-08-03,2025-08-15,tea_leaves,257.711019471982,78.1075215048522
ml,2025-08-03,2025-08-16,bread,93.86513361213328,23.90805264379436
ml,2025-08-03,2025-08-16,chocolate_syrup,1263.760864968192,230.4496166200076
ml,2025-08-03,2025-08-16,coffee_beans,6626.568367698946,1694.7549075725024
ml,2025-08-03,2025-08-16,croissant_dough,42.664729929850665,8.847055857909696
ml,2025-08-03,2025-08-16,cup_cold,101.60498381823716,31.567638132921505
ml,2025-08-03,2025-08-16,cup_hot,380.8439158252036,89.72008449471075
ml,2025-08-03,2025-08-16,ice,11587.941100119117,3587.580993271326
ml,2025-08-03,2025-08-16,milk,62593.03363792835,15366.74485304338
ml,2025-08-03,2025-08-16,sugar,3523.7476244591417,913.8083912185948
ml,2025-08-03,2025-08-16,tea_leaves,290.34360777093264,78.1075215048522
ml,2025-08-03,2025-08-17,bread,101.16254444185851,23.90805264379436
ml,2025-08-03,2025-08-17,chocolate_syrup,1379.9375497897013,230.4496166200076
ml,2025-08-03,2025-08-17,coffee_beans,7219.540532991281,1694.7549075725024
ml,2025-08-03,2025-08-17,croissant_dough,45.53300010284609,8.847055857909696
ml,2025-08-03,2025-08-17,cup_cold,108.46908146887164,31.567638132921505
ml,2025-08-03,2025-08-17,cup_hot,413.0906269185138,89.72008449471075
ml,2025-08-03,2025-08-17,ice,12377.776353340822,3587.580993271326
ml,2025-08-03,2025-08-17,milk,65955.88443537406,15366.74485304338
ml,2025-08-03,2025-08-17,sugar,3713.691515959669,913.8083912185948
ml,2025-08-03,2025-08-17,tea_leaves,299.67397028437773,78.1075215048522
ml,2025-08-03,2025-08-18,bread,80.2571402081276,23.90805264379436
ml,2025-08-03,2025-08-18,chocolate_syrup,1114.116704065805,230.4496166200076
ml,2025-08-03,2025-08-18,coffee_beans,5441.181133309888,1694.7549075725024
ml,2025-08-03,2025-08-18,croissant_dough,36.25190028992553,8.847055857909696
ml,2025-08-03,2025-08-18,cup_cold,80.60766825190731,31.567638132921505
ml,2025-08-03,2025-08-18,cup_hot,319.4248671491107,89.72008449471075
ml,2025-08-03,2025-08-18,ice,9245.964576072916,3587.580993271326
ml,2025-08-03,2025-08-18,milk,51572.443790415535,15366.74485304338
ml,2025-08-03,2025-08-18,sugar,2877.363237003493,913.8083912185948
ml,2025-08-03,2025-08-18,tea_leaves,243.8582395196809,78.1075215048522
ml,2025-08-03,2025-08-19,bread,85.69757981288431,23.90805264379436
ml,2025-08-03,2025-08-19,chocolate_syrup,1125.4377454211049,230.4496166200076
ml,2025-08-03,2025-08-19,coffee_beans,5577.063624341146,1694.7549075725024
ml,2025-08-03,2025-08-19,croissant_dough,37.66179115419202,8.847055857909696
ml,2025-08-03,2025-08-19,cup_cold,82.37800410857432,31.567638132921505
ml,2025-08-03,2025-08-19,cup_hot,338.05805425182393,89.72008449471075
ml,2025-08-03,2025-08-19,ice,9448.201836774067,3587.580993271326
ml,2025-08-03,2025-08-19,milk,53865.0598617994,15366.74485304338
ml,2025-08-03,2025-08-19,sugar,3055.790879708943,913.8083912185948
ml,2025-08-03,2025-08-19,tea_leaves,293.78126421402135,78.1075215048522
manual,2025-08-10,2025-08-10,bread,93.704,0.0
manual,2025-08-10,2025-08-10,chocolate_syrup,1551.0857142857144,0.0
manual,2025-08-10,2025-08-10,coffee_beans,7571.735999999999,0.0
manual,2025-08-10,2025-08-10,croissant_dough,47.952,0.0
manual,2025-08-10,2025-08-10,cup_cold,115.94857142857144,0.0
manual,2025-08-10,2025-08-10,cup_hot,435.21914285714286,0.0
manual,2025-08-10,2025-08-10,ice,13082.194285714286,0.0
manual,2025-08-10,2025-08-10,milk,73315.2,0.0
manual,2025-08-10,2025-08-10,sugar,4104.461714285714,0.0
manual,2025-08-10,2025-08-10,tea_leaves,317.24,0.0
manual,2025-08-10,2025-08-11,bread,93.704,0.0
manual,2025-08-10,2025-08-11,chocolate_syrup,1551.0857142857144,0.0
manual,2025-08-10,2025-08-11,coffee_beans,7571.735999999999,0.0
manual,2025-08-10,2025-08-11,croissant_dough,47.952,0.0
manual,2025-08-10,2025-08-11,cup_cold,115.94857142857144,0.0
manual,2025-08-10,2025-08-11,cup_hot,435.21914285714286,0.0
manual,2025-08-10,2025-08-11,ice,13082.194285714286,0.0
manual,2025-08-10,2025-08-11,milk,73315.2,0.0
manual,2025-08-10,2025-08-11,sugar,4104.461714285714,0.0
manual,2025-08-10,2025-08-11,tea_leaves,317.24,0.0
manual,2025-08-10,2025-08-12,bread,93.704,0.0
manual,2025-08-10,2025-08-12,chocolate_syrup,1551.0857142857144,0.0
manual,2025-08-10,2025-08-12,coffee_beans,7571.735999999999,0.0
manual,2025-08-10,2025-08-12,croissant_dough,47.952,0.0
manual,2025-08-10,2025-08-12,cup_cold,115.94857142857144,0.0
manual,2025-08-10,2025-08-12,cup_hot,435.21914285714286,0.0
manual,2025-08-10,2025-08-12,ice,13082.194285714286,0.0
manual,2025-08-10,2025-08-12,milk,73315.2,0.0
manual,2025-08-10,2025-08-12,sugar,4104.461714285714,0.0
manual,2025-08-10,2025-08-12,tea_leaves,317.24,0.0
manual,2025-08-10,2025-08-13,bread,93.704,0.0
manual,2025-08-10,2025-08-13,chocolate_syrup,1551.0857142857144,0.0
manual,2025-08-10,2025-08-13,coffee_beans,7571.735999999999,0.0
manual,2025-08-10,2025-08-13,croissant_dough,47.952,0.0
manual,2025-08-10,2025-08-13,cup_cold,115.94857142857144,0.0
manual,2025-08-10,2025-08-13,cup_hot,435.21914285714286,0.0
manual,2025-08-10,2025-08-13,ice,13082.194285714286,0.0
manual,2025-08-10,2025-08-13,milk,73315.2,0.0
manual,2025-08-10,2025-08-13,sugar,4104.461714285714,0.0
manual,2025-08-10,2025-08-13,tea_leaves,317.24,0.0
manual,2025-08-10,2025-08-14,bread,93.704,0.0
manual,2025-08-10,2025-08-14,chocolate_syrup,1551.0857142857144,0.0
manual,2025-08-10,2025-08-14,coffee_beans,7571.735999999999,0.0
manual,2025-08-10,2025-08-14,croissant_dough,47.952,0.0
manual,2025-08-10,2025-08-14,cup_cold,115.94857142857144,0.0
manual,2025-08-10,2025-08-14,cup_hot,435.21914285714286,0.0
manual,2025-08-10,2025-08-14,ice,13082.194285714286,0.0
manual,2025-08-10,2025-08-14,milk,73315.2,0.0
manual,2025-08-10,2025-08-14,sugar,4104.461714285714,0.0
manual,2025-08-10,2025-08-14,tea_leaves,317.24,0.0
manual,2025-08-10,2025-08-15,bread,93.704,0.0
manual,2025-08-10,2025-08-15,chocolate_syrup,1551.0857142857144,0.0
manual,2025-08-10,2025-08-15,coffee_beans,7571.735999999999,0.0
manual,2025-08-10,2025-08-15,croissant_dough,47.952,0.0
manual,2025-08-10,2025-08-15,cup_cold,115.94857142857144,0.0
manual,2025-08-10,2025-08-15,cup_hot,435.21914285714286,0.0
manual,2025-08-10,2025-08-15,ice,13082.194285714286,0.0
manual,2025-08-10,2025-08-15,milk,73315.2,0.0
manual,2025-08-10,2025-08-15,sugar,4104.461714285714,0.0
manual,2025-08-10,2025-08-15,tea_leaves,317.24,0.0
manual,2025-08-10,2025-08-16,bread,93.704,0.0
manual,2025-08-10,2025-08-16,chocolate_syrup,1551.0857142857144,0.0
manual,2025-08-10,2025-08-16,coffee_beans,7571.735999999999,0.0
manual,2025-08-10,2025-08-16,croissant_dough,47.952,0.0
manual,2025-08-10,2025-08-16,cup_cold,115.94857142857144,0.0
manual,2025-08-10,2025-08-16,cup_hot,435.21914285714286,0.0
manual,2025-08-10,2025-08-16,ice,13082.194285714286,0.0
manual,2025-08-10,2025-08-16,milk,73315.2,0.0
manual,2025-08-10,2025-08-16,sugar,4104.461714285714,0.0
manual,2025-08-10,2025-08-16,tea_leaves,317.24,0.0
manual,2025-08-10,2025-08-17,bread,93.704,0.0
manual,2025-08-10,2025-08-17,chocolate_syrup,1551.0857142857144,0.0
manual,2025-08-10,2025-08-17,coffee_beans,7571.735999999999,0.0
manual,2025-08-10,2025-08-17,croissant_dough,47.952,0.0
manual,2025-08-10,2025-08-17,cup_cold,115.94857142857144,0.0
manual,2025-08-10,2025-08-17,cup_hot,435.21914285714286,0.0
manual,2025-08-10,2025-08-17,ice,13082.194285714286,0.0
manual,2025-08-10,2025-08-17,milk,73315.2,0.0
manual,2025-08-10,2025-08-17,sugar,4104.461714285714,0.0
manual,2025-08-10,2025-08-17,tea_leaves,317.24,0.0
manual,2025-08-10,2025-08-18,bread,93.704,0.0
manual,2025-08-10,2025-08-18,chocolate_syrup,1551.0857142857144,0.0
manual,2025-08-10,2025-08-18,coffee_beans,7571.735999999999,0.0
manual,2025-08-10,2025-08-18,croissant_dough,47.952,0.0
manual,2025-08-10,2025-08-18,cup_cold,115.94857142857144,0.0
manual,2025-08-10,2025-08-18,cup_hot,435.21914285714286,0.0
manual,2025-08-10,2025-08-18,ice,13082.194285714286,0.0
manual,2025-08-10,2025-08-18,milk,73315.2,0.0
manual,2025-08-10,2025-08-18,sugar,4104.461714285714,0.0
manual,2025-08-10,2025-08-18,tea_leaves,317.24,0.0
manual,2025-08-10,2025-08-19,bread,93.704,0.0
manual,2025-08-10,2025-08-19,chocolate_syrup,1551.0857142857144,0.0
manual,2025-08-10,2025-08-19,coffee_beans,7571.735999999999,0.0
manual,2025-08-10,2025-08-19,croissant_dough,47.952,0.0
manual,2025-08-10,2025-08-19,cup_cold,115.94857142857144,0.0
manual,2025-08-10,2025-08-19,cup_hot,435.21914285714286,0.0
manual,2025-08-10,2025-08-19,ice,13082.194285714286,0.0
manual,2025-08-10,2025-08-19,milk,73315.2,0.0
manual,2025-08-10,2025-08-19,sugar,4104.461714285714,0.0
manual,2025-08-10,2025-08-19,tea_leaves,317.24,0.0
manual,2025-08-10,2025-08-20,bread,93.704,0.0
manual,2025-08-10,2025-08-20,chocolate_syrup,1551.0857142857144,0.0
manual,2025-08-10,2025-08-20,coffee_beans,7571.735999999999,0.0
manual,2025-08-10,2025-08-20,croissant_dough,47.952,0.0
manual,2025-08-10,2025-08-20,cup_cold,115.94857142857144,0.0
manual,2025-08-10,2025-08-20,cup_hot,435.21914285714286,0.0
manual,2025-08-10,2025-08-20,ice,13082.194285714286,0.0
manual,2025-08-10,2025-08-20,milk,73315.2,0.0
manual,2025-08-10,2025-08-20,sugar,4104.461714285714,0.0
manual,2025-08-10,2025-08-20,tea_leaves,317.24,0.0
manual,2025-08-10,2025-08-21,bread,93.704,0.0
manual,2025-08-10,2025-08-21,chocolate_syrup,1551.0857142857144,0.0
manual,2025-08-10,2025-08-21,coffee_beans,7571.735999999999,0.0
manual,2025-08-10,2025-08-21,croissant_dough,47.952,0.0
manual,2025-08-10,2025-08-21,cup_cold,115.94857142857144,0.0
manual,2025-08-10,2025-08-21,cup_hot,435.21914285714286,0.0
manual,2025-08-10,2025-08-21,ice,13082.194285714286,0.0
manual,2025-08-10,2025-08-21,milk,73315.2,0.0
manual,2025-08-10,2025-08-21,sugar,4104.461714285714,0.0
manual,2025-08-10,2025-08-21,tea_leaves,317.24,0.0
manual,2025-08-10,2025-08-22,bread,93.704,0.0
manual,2025-08-10,2025-08-22,chocolate_syrup,1551.0857142857144,0.0
manual,2025-08-10,2025-08-22,coffee_beans,7571.735999999999,0.0
manual,2025-08-10,2025-08-22,croissant_dough,47.952,0.0
manual,2025-08-10,2025-08-22,cup_cold,115.94857142857144,0.0
manual,2025-08-10,2025-08-22,cup_hot,435.21914285714286,0.0
manual,2025-08-10,2025-08-22,ice,13082.194285714286,0.0
manual,2025-08-10,2025-08-22,milk,73315.2,0.0
manual,2025-08-10,2025-08-22,sugar,4104.461714285714,0.0
manual,2025-08-10,2025-08-22,tea_leaves,317.24,0.0
manual,2025-08-10,2025-08-23,bread,93.704,0.0
manual,2025-08-10,2025-08-23,chocolate_syrup,1551.0857142857144,0.0
manual,2025-08-10,2025-08-23,coffee_beans,7571.735999999999,0.0
manual,2025-08-10,2025-08-23,croissant_dough,47.952,0.0
manual,2025-08-10,2025-08-23,cup_cold,115.94857142857144,0.0
manual,2025-08-10,2025-08-23,cup_hot,435.21914285714286,0.0
manual,2025-08-10,2025-08-23,ice,13082.194285714286,0.0
manual,2025-08-10,2025-08-23,milk,73315.2,0.0
manual,2025-08-10,2025-08-23,sugar,4104.461714285714,0.0
manual,2025-08-10,2025-08-23,tea_leaves,317.24,0.0
manual,2025-08-10,2025-08-24,bread,93.704,0.0
manual,2025-08-10,2025-08-24,chocolate_syrup,1551.0857142857144,0.0
manual,2025-08-10,2025-08-24,coffee_beans,7571.735999999999,0.0
manual,2025-08-10,2025-08-24,croissant_dough,47.952,0.0
manual,2025-08-10,2025-08-24,cup_cold,115.94857142857144,0.0
manual,2025-08-10,2025-08-24,cup_hot,435.21914285714286,0.0
manual,2025-08-10,2025-08-24,ice,13082.194285714286,0.0
manual,2025-08-10,2025-08-24,milk,73315.2,0.0
manual,2025-08-10,2025-08-24,sugar,4104.461714285714,0.0
manual,2025-08-10,2025-08-24,tea_leaves,317.24,0.0
manual,2025-08-10,2025-08-25,bread,93.704,0.0
manual,2025-08-10,2025-08-25,chocolate_syrup,1551.0857142857144,0.0
manual,2025-08-10,2025-08-25,coffee_beans,7571.735999999999,0.0
manual,2025-08-10,2025-08-25,croissant_dough,47.952,0.0
manual,2025-08-10,2025-08-25,cup_cold,115.94857142857144,0.0
manual,2025-08-10,2025-08-25,cup_hot,435.21914285714286,0.0
manual,2025-08-10,2025-08-25,ice,13082.194285714286,0.0
manual,2025-08-10,2025-08-25,milk,73315.2,0.0
manual,2025-08-10,2025-08-25,sugar,4104.461714285714,0.0
manual,2025-08-10,2025-08-25,tea_leaves,317.24,0.0
manual,2025-08-10,2025-08-26,bread,93.704,0.0
manual,2025-08-10,2025-08-26,chocolate_syrup,1551.0857142857144,0.0
manual,2025-08-10,2025-08-26,coffee_beans,7571.736,0.0
manual,2025-08-10,2025-08-26,croissant_dough,47.952,0.0
manual,2025-08-10,2025-08-26,cup_cold,115.94857142857144,0.0
manual,2025-08-10,2025-08-26,cup_hot,435.21914285714286,0.0
manual,2025-08-10,2025-08-26,ice,13082.194285714286,0.0
manual,2025-08-10,2025-08-26,milk,73315.2,0.0
manual,2025-08-10,2025-08-26,sugar,4104.461714285714,0.0
manual,2025-08-10,2025-08-26,tea_leaves,317.24,0.0
seasonal_naive,2025-08-10,2025-08-10,bread,103.88,26.36788353037356
seasonal_naive,2025-08-10,2025-08-10,chocolate_syrup,1372.8000000000002,497.61238772869456
seasonal_naive,2025-08-10,2025-08-10,coffee_beans,8312.099999999999,1456.307664096177
seasonal_naive,2025-08-10,2025-08-10,croissant_dough,74.52000000000001,12.305305659284578
seasonal_naive,2025-08-10,2025-08-10,cup_cold,151.06666666666666,32.30119551315319
seasonal_naive,2025-08-10,2025-08-10,cup_hot,463.1566666666666,84.93068000689003
seasonal_naive,2025-08-10,2025-08-10,ice,16610.4,3692.944355474582
seasonal_naive,2025-08-10,2025-08-10,milk,83265.0,15307.84925162664
seasonal_naive,2025-08-10,2025-08-10,sugar,4949.836666666667,812.2204306116191
seasonal_naive,2025-08-10,2025-08-10,tea_leaves,428.48,77.02145568773231
seasonal_naive,2025-08-10,2025-08-11,bread,80.56,26.36788353037356
seasonal_naive,2025-08-10,2025-08-11,chocolate_syrup,1029.6,497.61238772869456
seasonal_naive,2025-08-10,2025-08-11,coffee_beans,5005.8,1456.307664096177
seasonal_naive,2025-08-10,2025-08-11,croissant_dough,38.88,12.305305659284578
seasonal_naive,2025-08-10,2025-08-11,cup_cold,65.92,32.30119551315319
seasonal_naive,2025-08-10,2025-08-11,cup_hot,312.2616666666667,84.93068000689003
seasonal_naive,2025-08-10,2025-08-11,ice,7603.200000000001,3692.944355474582
seasonal_naive,2025-08-10,2025-08-11,milk,48653.5,15307.84925162664
seasonal_naive,2025-08-10,2025-08-11,sugar,2696.196666666667,812.2204306116191
seasonal_naive,2025-08-10,2025-08-11,tea_leaves,264.3666666666667,77.02145568773231
seasonal_naive,2025-08-10,2025-08-12,bread,57.24,26.36788353037356
seasonal_naive,2025-08-10,2025-08-12,chocolate_syrup,873.6000000000001,497.61238772869456
seasonal_naive,2025-08-10,2025-08-12,coffee_beans,5487.84,1456.307664096177
seasonal_naive,2025-08-10,2025-08-12,croissant_dough,24.840000000000003,12.305305659284578
seasonal_naive,2025-08-10,2025-08-12,cup_cold,76.22,32.30119551315319
seasonal_naive,2025-08-10,2025-08-12,cup_hot,292.52,84.93068000689003
seasonal_naive,2025-08-10,2025-08-12,ice,8510.400000000001,3692.944355474582
seasonal_naive,2025-08-10,2025-08-12,milk,50431.5,15307.84925162664
seasonal_naive,2025-08-10,2025-08-12,sugar,2721.26,812.2204306116191
seasonal_naive,2025-08-10,2025-08-12,tea_leaves,140.08,77.02145568773231
seasonal_naive,2025-08-10,2025-08-13,bread,78.08666666666667,26.36788353037356
seasonal_naive,2025-08-10,2025-08-13,chocolate_syrup,1092.0,497.61238772869456
seasonal_naive,2025-08-10,2025-08-13,coffee_beans,6637.32,1456.307664096177
seasonal_naive,2025-08-10,2025-08-13,croissant_dough,39.96,12.305305659284578
seasonal_naive,2025-08-10,2025-08-13,cup_cold,91.67,32.30119551315319
seasonal_naive,2025-08-10,2025-08-13,cup_hot,393.46,84.93068000689003
seasonal_naive,2025-08-10,2025-08-13,ice,10648.8,3692.944355474582
seasonal_naive,2025-08-10,2025-08-13,milk,63462.0,15307.84925162664
seasonal_naive,2025-08-10,2025-08-13,sugar,3529.8100000000004,812.2204306116191
seasonal_naive,2025-08-10,2025-08-13,tea_leaves,321.36,77.02145568773231
seasonal_naive,2025-08-10,2025-08-14,bread,57.24,26.36788353037356
seasonal_naive,2025-08-10,2025-08-14,chocolate_syrup,686.4000000000001,497.61238772869456
seasonal_naive,2025-08-10,2025-08-14,coffee_beans,5320.98,1456.307664096177
seasonal_naive,2025-08-10,2025-08-14,croissant_dough,17.28,12.305305659284578
seasonal_naive,2025-08-10,2025-08-14,cup_cold,98.88,32.30119551315319
seasonal_naive,2025-08-10,2025-08-14,cup_hot,257.5,84.93068000689003
seasonal_naive,2025-08-10,2025-08-14,ice,11145.6,3692.944355474582
seasonal_naive,2025-08-10,2025-08-14,milk,47481.0,15307.84925162664
seasonal_naive,2025-08-10,2025-08-14,sugar,2725.38,812.2204306116191
seasonal_naive,2025-08-10,2025-08-14,tea_leaves,152.44,77.02145568773231
seasonal_naive,2025-08-10,2025-08-15,bread,74.2,26.36788353037356
seasonal_naive,2025-08-10,2025-08-15,chocolate_syrup,936.0,497.61238772869456
seasonal_naive,2025-08-10,2025-08-15,coffee_beans,6767.1,1456.307664096177
seasonal_naive,2025-08-10,2025-08-15,croissant_dough,34.56,12.305305659284578
seasonal_naive,2025-08-10,2025-08-15,cup_cold,92.7,32.30119551315319
seasonal_naive,2025-08-10,2025-08-15,cup_hot,388.31,84.93068000689003
seasonal_naive,2025-08-10,2025-08-15,ice,10648.8,3692.944355474582
seasonal_naive,2025-08-10,2025-08-15,milk,60417.0,15307.84925162664
seasonal_naive,2025-08-10,2025-08-15,sugar,3443.29,812.2204306116191
seasonal_naive,2025-08-10,2025-08-15,tea_leaves,296.64,77.02145568773231
seasonal_naive,2025-08-10,2025-08-16,bread,95.4,26.36788353037356
seasonal_naive,2025-08-10,2025-08-16,chocolate_syrup,3057.6000000000004,497.61238772869456
seasonal_naive,2025-08-10,2025-08-16,coffee_beans,6637.32,1456.307664096177
seasonal_naive,2025-08-10,2025-08-16,croissant_dough,49.68000000000001,12.305305659284578
seasonal_naive,2025-08-10,2025-08-16,cup_cold,99.91,32.30119551315319
seasonal_naive,2025-08-10,2025-08-16,cup_hot,431.57,84.93068000689003
seasonal_naive,2025-08-10,2025-08-16,ice,11145.6,3692.944355474582
seasonal_naive,2025-08-10,2025-08-16,milk,73962.0,15307.84925162664
seasonal_naive,2025-08-10,2025-08-16,sugar,3876.920000000001,812.2204306116191
seasonal_naive,2025-08-10,2025-08-16,tea_leaves,247.2,77.02145568773231
seasonal_naive,2025-08-10,2025-08-17,bread,103.88,26.36788353037356
seasonal_naive,2025-08-10,2025-08-17,chocolate_syrup,1372.8000000000002,497.61238772869456
seasonal_naive,2025-08-10,2025-08-17,coffee_beans,8312.099999999999,1456.307664096177
seasonal_naive,2025-08-10,2025-08-17,croissant_dough,74.52000000000001,12.305305659284578
seasonal_naive,2025-08-10,2025-08-17,cup_cold,151.06666666666666,32.30119551315319
seasonal_naive,2025-08-10,2025-08-17,cup_hot,463.1566666666666,84.93068000689003
seasonal_naive,2025-08-10,2025-08-17,ice,16610.4,3692.944355474582
seasonal_naive,2025-08-10,2025-08-17,milk,83265.0,15307.84925162664
seasonal_naive,2025-08-10,2025-08-17,sugar,4949.836666666667,812.2204306116191
seasonal_naive,2025-08-10,2025-08-17,tea_leaves,428.48,77.02145568773231
seasonal_naive,2025-08-10,2025-08-18,bread,80.56,26.36788353037356
seasonal_naive,2025-08-10,2025-08-18,chocolate_syrup,1029.6,497.61238772869456
seasonal_naive,2025-08-10,2025-08-18,coffee_beans,5005.8,1456.307664096177
seasonal_naive,2025-08-10,2025-08-18,croissant_dough,38.88,12.305305659284578
seasonal_naive,2025-08-10,2025-08-18,cup_cold,65.92,32.30119551315319
seasonal_naive,2025-08-10,2025-08-18,cup_hot,312.2616666666667,84.93068000689003
seasonal_naive,2025-08-10,2025-08-18,ice,7603.200000000001,3692.944355474582
seasonal_naive,2025-08-10,2025-08-18,milk,48653.5,15307.84925162664
seasonal_naive,2025-08-10,2025-08-18,sugar,2696.196666666667,812.2204306116191
seasonal_naive,2025-08-10,2025-08-18,tea_leaves,264.3666666666667,77.02145568773231
seasonal_naive,2025-08-10,2025-08-19,bread,57.24,26.36788353037356
seasonal_naive,2025-08-10,2025-08-19,chocolate_syrup,873.6000000000001,497.61238772869456
seasonal_naive,2025-08-10,2025-08-19,coffee_beans,5487.84,1456.307664096177
seasonal_naive,2025-08-10,2025-08-19,croissant_dough,24.840000000000003,12.305305659284578
seasonal_naive,2025-08-10,2025-08-19,cup_cold,76.22,32.30119551315319
seasonal_naive,2025-08-10,2025-08-19,cup_hot,292.52,84.93068000689003
seasonal_naive,2025-08-10,2025-08-19,ice,8510.400000000001,3692.944355474582
seasonal_naive,2025-08-10,2025-08-19,milk,50431.5,15307.84925162664
seasonal_naive,2025-08-10,2025-08-19,sugar,2721.26,812.2204306116191
seasonal_naive,2025-08-10,2025-08-19,tea_leaves,140.08,77.02145568773231
seasonal_naive,2025-08-10,2025-08-20,bread,78.08666666666667,26.36788353037356
seasonal_naive,2025-08-10,2025-08-20,chocolate_syrup,1092.0,497.61238772869456
seasonal_naive,2025-08-10,2025-08-20,coffee_beans,6637.32,1456.307664096177
seasonal_naive,2025-08-10,2025-08-20,croissant_dough,39.96,12.305305659284578
seasonal_naive,2025-08-10,2025-08-20,cup_cold,91.67,32.30119551315319
seasonal_naive,2025-08-10,2025-08-20,cup_hot,393.46,84.93068000689003
seasonal_naive,2025-08-10,2025-08-20,ice,10648.8,3692.944355474582
seasonal_naive,2025-08-10,2025-08-20,milk,63462.0,15307.84925162664
seasonal_naive,2025-08-10,2025-08-20,sugar,3529.8100000000004,812.2204306116191
seasonal_naive,2025-08-10,2025-08-20,tea_leaves,321.36,77.02145568773231
seasonal_naive,2025-08-10,2025-08-21,bread,57.24,26.36788353037356
seasonal_naive,2025-08-10,2025-08-21,chocolate_syrup,686.4000000000001,497.61238772869456
seasonal_naive,2025-08-10,2025-08-21,coffee_beans,5320.98,1456.307664096177
seasonal_naive,2025-08-10,2025-08-21,croissant_dough,17.28,12.305305659284578
seasonal_naive,2025-08-10,2025-08-21,cup_cold,98.88,32.30119551315319
seasonal_naive,2025-08-10,2025-08-21,cup_hot,257.5,84.93068000689003
seasonal_naive,2025-08-10,2025-08-21,ice,11145.6,3692.944355474582
seasonal_naive,2025-08-10,2025-08-21,milk,47481.0,15307.84925162664
seasonal_naive,2025-08-10,2025-08-21,sugar,2725.38,812.2204306116191
seasonal_naive,2025-08-10,2025-08-21,tea_leaves,152.44,77.02145568773231
seasonal_naive,2025-08-10,2025-08-22,bread,74.2,26.36788353037356
seasonal_naive,2025-08-10,2025-08-22,chocolate_syrup,936.0,497.61238772869456
seasonal_naive,2025-08-10,2025-08-22,coffee_beans,6767.1,1456.307664096177
seasonal_naive,2025-08-10,2025-08-22,croissant_dough,34.56,12.305305659284578
seasonal_naive,2025-08-10,2025-08-22,cup_cold,92.7,32.30119551315319
seasonal_naive,2025-08-10,2025-08-22,cup_hot,388.31,84.93068000689003
seasonal_naive,2025-08-10,2025-08-22,ice,10648.8,3692.944355474582
seasonal_naive,2025-08-10,2025-08-22,milk,60417.0,15307.84925162664
seasonal_naive,2025-08-10,2025-08-22,sugar,3443.29,812.2204306116191
seasonal_naive,2025-08-10,2025-08-22,tea_leaves,296.64,77.02145568773231
seasonal_naive,2025-08-10,2025-08-23,bread,95.4,26.36788353037356
seasonal_naive,2025-08-10,2025-08-23,chocolate_syrup,3057.6000000000004,497.61238772869456
seasonal_naive,2025-08-10,2025-08-23,coffee_beans,6637.32,1456.307664096177
seasonal_naive,2025-08-10,2025-08-23,croissant_dough,49.68000000000001,12.305305659284578
seasonal_naive,2025-08-10,2025-08-23,cup_cold,99.91,32.30119551315319
seasonal_naive,2025-08-10,2025-08-23,cup_hot,431.57,84.93068000689003
seasonal_naive,2025-08-10,2025-08-23,ice,11145.6,3692.944355474582
seasonal_naive,2025-08-10,2025-08-23,milk,73962.0,15307.84925162664
seasonal_naive,2025-08-10,2025-08-23,sugar,3876.920000000001,812.2204306116191
seasonal_naive,2025-08-10,2025-08-23,tea_leaves,247.2,77.02145568773231
seasonal_naive,2025-08-10,2025-08-24,bread,103.88,26.36788353037356
seasonal_naive,2025-08-10,2025-08-24,chocolate_syrup,1372.8000000000002,497.61238772869456
seasonal_naive,2025-08-10,2025-08-24,coffee_beans,8312.099999999999,1456.307664096177
seasonal_naive,2025-08-10,2025-08-24,croissant_dough,74.52000000000001,12.305305659284578
seasonal_naive,2025-08-10,2025-08-24,cup_cold,151.06666666666666,32.30119551315319
seasonal_naive,2025-08-10,2025-08-24,cup_hot,463.1566666666666,84.93068000689003
seasonal_naive,2025-08-10,2025-08-24,ice,16610.4,3692.944355474582
seasonal_naive,2025-08-10,2025-08-24,milk,83265.0,15307.84925162664
seasonal_naive,2025-08-10,2025-08-24,sugar,4949.836666666667,812.2204306116191
seasonal_naive,2025-08-10,2025-08-24,tea_leaves,428.48,77.02145568773231
seasonal_naive,2025-08-10,2025-08-25,bread,80.56,26.36788353037356
seasonal_naive,2025-08-10,2025-08-25,chocolate_syrup,1029.6,497.61238772869456
seasonal_naive,2025-08-10,2025-08-25,coffee_beans,5005.8,1456.307664096177
seasonal_naive,2025-08-10,2025-08-25,croissant_dough,38.88,12.305305659284578
seasonal_naive,2025-08-10,2025-08-25,cup_cold,65.92,32.30119551315319
seasonal_naive,2025-08-10,2025-08-25,cup_hot,312.2616666666667,84.93068000689003
seasonal_naive,2025-08-10,2025-08-25,ice,7603.200000000001,3692.944355474582
seasonal_naive,2025-08-10,2025-08-25,milk,48653.5,15307.84925162664
seasonal_naive,2025-08-10,2025-08-25,sugar,2696.196666666667,812.2204306116191
seasonal_naive,2025-08-10,2025-08-25,tea_leaves,264.3666666666667,77.02145568773231
seasonal_naive,2025-08-10,2025-08-26,bread,57.24,26.36788353037356
seasonal_naive,2025-08-10,2025-08-26,chocolate_syrup,873.6000000000001,497.61238772869456
seasonal_naive,2025-08-10,2025-08-26,coffee_beans,5487.84,1456.307664096177
seasonal_naive,2025-08-10,2025-08-26,croissant_dough,24.840000000000003,12.305305659284578
seasonal_naive,2025-08-10,2025-08-26,cup_cold,76.22,32.30119551315319
seasonal_naive,2025-08-10,2025-08-26,cup_hot,292.52,84.93068000689003
seasonal_naive,2025-08-10,2025-08-26,ice,8510.400000000001,3692.944355474582
seasonal_naive,2025-08-10,2025-08-26,milk,50431.5,15307.84925162664
seasonal_naive,2025-08-10,2025-08-26,sugar,2721.26,812.2204306116191
seasonal_naive,2025-08-10,2025-08-26,tea_leaves,140.08,77.02145568773231
ml,2025-08-10,2025-08-10,bread,91.15242720621092,28.11491994580069
ml,2025-08-10,2025-08-10,chocolate_syrup,1268.8605632378642,401.906702290603
ml,2025-08-10,2025-08-10,coffee_beans,6446.437219647949,1860.7618027293067
ml,2025-08-10,2025-08-10,croissant_dough,42.272039916216464,9.646653424643644
ml,2025-08-10,2025-08-10,cup_cold,99.79343483595072,34.02902198670594
ml,2025-08-10,2025-08-10,cup_hot,366.00528848206005,101.41085559620048
ml,2025-08-10,2025-08-10,ice,11343.662271283594,3872.2346106798577
ml,2025-08-10,2025-08-10,milk,61013.299232064266,18194.958207920296
ml,2025-08-10,2025-08-10,sugar,3422.0756040208994,1030.3676995477956
ml,2025-08-10,2025-08-10,tea_leaves,263.09862478596057,75.18459220041382
ml,2025-08-10,2025-08-11,bread,77.14504636651854,28.11491994580069
ml,2025-08-10,2025-08-11,chocolate_syrup,1036.3927083780743,401.906702290603
ml,2025-08-10,2025-08-11,coffee_beans,4906.7764641376025,1860.7618027293067
ml,2025-08-10,2025-08-11,croissant_dough,33.93163764487607,9.646653424643644
ml,2025-08-10,2025-08-11,cup_cold,73.69983719085101,34.02902198670594
ml,2025-08-10,2025-08-11,cup_hot,289.22278712423326,101.41085559620048
ml,2025-08-10,2025-08-11,ice,8438.534867031567,3872.2346106798577
ml,2025-08-10,2025-08-11,milk,47197.21629160461,18194.958207920296
ml,2025-08-10,2025-08-11,sugar,2644.253009631684,1030.3676995477956
ml,2025-08-10,2025-08-11,tea_leaves,224.4387416020558,75.18459220041382
ml,2025-08-10,2025-08-12,bread,78.79345612426438,28.11491994580069
ml,2025-08-10,2025-08-12,chocolate_syrup,1053.7711076250898,401.906702290603
ml,2025-08-10,2025-08-12,coffee_beans,5008.447585088458,1860.7618027293067
ml,2025-08-10,2025-08-12,croissant_dough,35.76374712286,9.646653424643644
ml,2025-08-10,2025-08-12,cup_cold,75.18619350991476,34.02902198670594
ml,2025-08-10,2025-08-12,cup_hot,293.5678438897576,101.41085559620048
ml,2025-08-10,2025-08-12,ice,8592.827107457962,3872.2346106798577
ml,2025-08-10,2025-08-12,milk,47537.8344217633,18194.958207920296
ml,2025-08-10,2025-08-12,sugar,2665.530343085011,1030.3676995477956
ml,2025-08-10,2025-08-12,tea_leaves,222.875971606317,75.18459220041382
ml,2025-08-10,2025-08-13,bread,97.06348084178391,28.11491994580069
ml,2025-08-10,2025-08-13,chocolate_syrup,1301.4286043568952,401.906702290603
ml,2025-08-10,2025-08-13,coffee_beans,6143.402741380795,1860.7618027293067
ml,2025-08-10,2025-08-13,croissant_dough,40.70335055377828,9.646653424643644
ml,2025-08-10,2025-08-13,cup_cold,95.95642704321716,34.02902198670594
ml,2025-08-10,2025-08-13,cup_hot,354.391871880014,101.41085559620048
ml,2025-08-10,2025-08-13,ice,10965.519949034471,3872.2346106798577
ml,2025-08-10,2025-08-13,milk,58313.79364979817,18194.958207920296
ml,2025-08-10,2025-08-13,sugar,3274.614570573752,1030.3676995477956
ml,2025-08-10,2025-08-13,tea_leaves,264.3372707936534,75.18459220041382
ml,2025-08-10,2025-08-14,bread,93.60100654648696,28.11491994580069
ml,2025-08-10,2025-08-14,chocolate_syrup,1298.9702041171809,401.906702290603
ml,2025-08-10,2025-08-14,coffee_beans,6275.095596610136,1860.7618027293067
ml,2025-08-10,2025-08-14,croissant_dough,53.62686318042183,9.646653424643644
ml,2025-08-10,2025-08-14,cup_cold,95.48728556081218,34.02902198670594
ml,2025-08-10,2025-08-14,cup_hot,362.7106013525182,101.41085559620048
ml,2025-08-10,2025-08-14,ice,10897.51442217876,3872.2346106798577
ml,2025-08-10,2025-08-14,milk,59701.99893118288,18194.958207920296
ml,2025-08-10,2025-08-14,sugar,3326.821704392867,1030.3676995477956
ml,2025-08-10,2025-08-14,tea_leaves,266.7951787176467,75.18459220041382
ml,2025-08-10,2025-08-15,bread,80.91937029902897,28.11491994580069
ml,2025-08-10,2025-08-15,chocolate_syrup,1216.1057641572452,401.906702290603
ml,2025-08-10,2025-08-15,coffee_beans,5920.313522308034,1860.7618027293067
ml,2025-08-10,2025-08-15,croissant_dough,35.27237836841498,9.646653424643644
ml,2025-08-10,2025-08-15,cup_cold,89.9760580959836,34.02902198670594
ml,2025-08-10,2025-08-15,cup_hot,346.6801686465063,101.41085559620048
ml,2025-08-10,2025-08-15,ice,10204.94741376798,3872.2346106798577
ml,2025-08-10,2025-08-15,milk,56807.28393246738,18194.958207920296
ml,2025-08-10,2025-08-15,sugar,3211.0318490903032,1030.3676995477956
ml,2025-08-10,2025-08-15,tea_leaves,270.41135452347794,75.18459220041382
ml,2025-08-10,2025-08-16,bread,98.04919195936208,28.11491994580069
ml,2025-08-10,2025-08-16,chocolate_syrup,1510.8872674341335,401.906702290603
ml,2025-08-10,2025-08-16,coffee_beans,6877.631459733194,1860.7618027293067
ml,2025-08-10,2025-08-16,croissant_dough,44.26726373091276,9.646653424643644
ml,2025-08-10,2025-08-16,cup_cold,106.85880510436628,34.02902198670594
ml,2025-08-10,2025-08-16,cup_hot,400.374929925124,101.41085559620048
ml,2025-08-10,2025-08-16,ice,12144.398943855213,3872.2346106798577
ml,2025-08-10,2025-08-16,milk,66746.98027341442,18194.958207920296
ml,2025-08-10,2025-08-16,sugar,3742.3014994443056,1030.3676995477956
ml,2025-08-10,2025-08-16,tea_leaves,301.05779281094897,75.18459220041382
ml,2025-08-10,2025-08-17,bread,103.9954837248344,28.11491994580069
ml,2025-08-10,2025-08-17,chocolate_syrup,1517.9239651098037,401.906702290603
ml,2025-08-10,2025-08-17,coffee_beans,7563.261524995189,1860.7618027293067
ml,2025-08-10,2025-08-17,croissant_dough,47.8789631245878,9.646653424643644
ml,2025-08-10,2025-08-17,cup_cold,115.41713683611744,34.02902198670594
ml,2025-08-10,2025-08-17,cup_hot,437.6814512857883,101.41085559620048
ml,2025-08-10,2025-08-17,ice,13087.041744625783,3872.2346106798577
ml,2025-08-10,2025-08-17,milk,70791.91751253691,18194.958207920296
ml,2025-08-10,2025-08-17,sugar,4006.403689322636,1030.3676995477956
ml,2025-08-10,2025-08-17,tea_leaves,331.2257635062439,75.18459220041382
ml,2025-08-10,2025-08-18,bread,85.10928407542016,28.11491994580069
ml,2025-08-10,2025-08-18,chocolate_syrup,1153.148586916816,401.906702290603
ml,2025-08-10,2025-08-18,coffee_beans,5495.674225868283,1860.7618027293067
ml,2025-08-10,2025-08-18,croissant_dough,37.52808496779933,9.646653424643644
ml,2025-08-10,2025-08-18,cup_cold,82.01575855618215,34.02902198670594
ml,2025-08-10,2025-08-18,cup_hot,322.86672857640497,101.41085559620048
ml,2025-08-10,2025-08-18,ice,9376.4855470423,3872.2346106798577
ml,2025-08-10,2025-08-18,milk,52006.147527243695,18194.958207920296
ml,2025-08-10,2025-08-18,sugar,2915.902779643758,1030.3676995477956
ml,2025-08-10,2025-08-18,tea_leaves,245.994260150518,75.18459220041382
ml,2025-08-10,2025-08-19,bread,89.81588266432058,28.11491994580069
ml,2025-08-10,2025-08-19,chocolate_syrup,1170.8188783428443,401.906702290603
ml,2025-08-10,2025-08-19,coffee_beans,5659.049291048485,1860.7618027293067
ml,2025-08-10,2025-08-19,croissant_dough,41.13994961790165,9.646653424643644
ml,2025-08-10,2025-08-19,cup_cold,83.81299168018192,34.02902198670594
ml,2025-08-10,2025-08-19,cup_hot,345.0056484339928,101.41085559620048
ml,2025-08-10,2025-08-19,ice,9581.077849522822,3872.2346106798577
ml,2025-08-10,2025-08-19,milk,55050.33760510047,18194.958207920296
ml,2025-08-10,2025-08-19,sugar,3133.940424196718,1030.3676995477956
ml,2025-08-10,2025-08-19,tea_leaves,303.0999173997967,75.18459220041382
ml,2025-08-10,2025-08-20,bread,88.69147130870363,28.11491994580069
ml,2025-08-10,2025-08-20,chocolate_syrup,1207.9089797435552,401.906702290603
ml,2025-08-10,2025-08-20,coffee_beans,5768.894779133231,1860.7618027293067
ml,2025-08-10,2025-08-20,croissant_dough,41.4736588258177,9.646653424643644
ml,2025-08-10,2025-08-20,cup_cold,83.68064099468171,34.02902198670594
ml,2025-08-10,2025-08-20,cup_hot,341.7051853738584,101.41085559620048
ml,2025-08-10,2025-08-20,ice,9568.063289116477,3872.2346106798577
ml,2025-08-10,2025-08-20,milk,54896.31306835176,18194.958207920296
ml,2025-08-10,2025-08-20,sugar,3066.199212356016,1030.3676995477956
ml,2025-08-10,2025-08-20,tea_leaves,260.06075851260545,75.18459220041382
ml,2025-08-10,2025-08-21,bread,91.67226756005782,28.11491994580069
ml,2025-08-10,2025-08-21,chocolate_syrup,1189.4445269209343,401.906702290603
ml,2025-08-10,2025-08-21,coffee_beans,5866.139365049329,1860.7618027293067
ml,2025-08-10,2025-08-21,croissant_dough,42.61374986023455,9.646653424643644
ml,2025-08-10,2025-08-21,cup_cold,85.66741050717759,34.02902198670594
ml,2025-08-10,2025-08-21,cup_hot,343.1540376726155,101.41085559620048
ml,2025-08-10,2025-08-21,ice,9801.059107475316,3872.2346106798577
ml,2025-08-10,2025-08-21,milk,55124.871604001804,18194.958207920296
ml,2025-08-10,2025-08-21,sugar,3076.6295704185404,1030.3676995477956
ml,2025-08-10,2025-08-21,tea_leaves,254.6315924438649,75.18459220041382
ml,2025-08-10,2025-08-22,bread,94.91723970377582,28.11491994580069
ml,2025-08-10,2025-08-22,chocolate_syrup,1239.7578261783383,401.906702290603
ml,2025-08-10,2025-08-22,coffee_beans,6622.1802793402585,1860.7618027293067
ml,2025-08-10,2025-08-22,croissant_dough,44.58744855055646,9.646653424643644
ml,2025-08-10,2025-08-22,cup_cold,95.3638635879156,34.02902198670594
ml,2025-08-10,2025-08-22,cup_hot,384.9885112841128,101.41085559620048
ml,2025-08-10,2025-08-22,ice,10875.002118936303,3872.2346106798577
ml,2025-08-10,2025-08-22,milk,60082.38183243874,18194.958207920296
ml,2025-08-10,2025-08-22,sugar,3381.3659713123307,1030.3676995477956
ml,2025-08-10,2025-08-22,tea_leaves,286.1022714769849,75.18459220041382
ml,2025-08-10,2025-08-23,bread,107.5917799239624,28.11491994580069
ml,2025-08-10,2025-08-23,chocolate_syrup,1412.9807679831351,401.906702290603
ml,2025-08-10,2025-08-23,coffee_beans,6995.742199214754,1860.7618027293067
ml,2025-08-10,2025-08-23,croissant_dough,51.85829169789938,9.646653424643644
ml,2025-08-10,2025-08-23,cup_cold,107.44778297972532,34.02902198670594
ml,2025-08-10,2025-08-23,cup_hot,402.7594711070548,101.41085559620048
ml,2025-08-10,2025-08-23,ice,12260.719791928028,3872.2346106798577
ml,2025-08-10,2025-08-23,milk,66053.84326678394,18194.958207920296
ml,2025-08-10,2025-08-23,sugar,3706.872397180941,1030.3676995477956
ml,2025-08-10,2025-08-23,tea_leaves,299.6337168178635,75.18459220041382
ml,2025-08-10,2025-08-24,bread,108.12601061022907,28.11491994580069
ml,2025-08-10,2025-08-24,chocolate_syrup,1424.048978964321,401.906702290603
ml,2025-08-10,2025-08-24,coffee_beans,7021.172224150794,1860.7618027293067
ml,2025-08-10,2025-08-24,croissant_dough,50.44606608589307,9.646653424643644
ml,2025-08-10,2025-08-24,cup_cold,106.44655235926524,34.02902198670594
ml,2025-08-10,2025-08-24,cup_hot,404.57518759555705,101.41085559620048
ml,2025-08-10,2025-08-24,ice,12155.871658890608,3872.2346106798577
ml,2025-08-10,2025-08-24,milk,66376.41149254504,18194.958207920296
ml,2025-08-10,2025-08-24,sugar,3710.488058732727,1030.3676995477956
ml,2025-08-10,2025-08-24,tea_leaves,295.7789721874995,75.18459220041382
ml,2025-08-10,2025-08-25,bread,86.65658086080086,28.11491994580069
ml,2025-08-10,2025-08-25,chocolate_syrup,1151.2083257724428,401.906702290603
ml,2025-08-10,2025-08-25,coffee_beans,5500.081586048209,1860.7618027293067
ml,2025-08-10,2025-08-25,croissant_dough,41.25164382035503,9.646653424643644
ml,2025-08-10,2025-08-25,cup_cold,79.61327022625561,34.02902198670594
ml,2025-08-10,2025-08-25,cup_hot,319.1731645621454,101.41085559620048
ml,2025-08-10,2025-08-25,ice,9131.747040759612,3872.2346106798577
ml,2025-08-10,2025-08-25,milk,52103.41100970507,18194.958207920296
ml,2025-08-10,2025-08-25,sugar,2887.295816470299,1030.3676995477956
ml,2025-08-10,2025-08-25,tea_leaves,220.8868513720853,75.18459220041382
ml,2025-08-10,2025-08-26,bread,90.05934605990008,28.11491994580069
ml,2025-08-10,2025-08-26,chocolate_syrup,1165.6624673365968,401.906702290603
ml,2025-08-10,2025-08-26,coffee_beans,5698.454978640952,1860.7618027293067
ml,2025-08-10,2025-08-26,croissant_dough,43.584328505753085,9.646653424643644
ml,2025-08-10,2025-08-26,cup_cold,82.46555230737906,34.02902198670594
ml,2025-08-10,2025-08-26,cup_hot,329.72990968896147,101.41085559620048
ml,2025-08-10,2025-08-26,ice,9449.50929653886,3872.2346106798577
ml,2025-08-10,2025-08-26,milk,54581.27094532701,18194.958207920296
ml,2025-08-10,2025-08-26,sugar,2985.645609476691,1030.3676995477956
ml,2025-08-10,2025-08-26,tea_leaves,228.53129614762577,75.18459220041382
manual,2025-08-17,2025-08-17,bread,110.664,0.0
manual,2025-08-17,2025-08-17,chocolate_syrup,1545.7371428571428,0.0
manual,2025-08-17,2025-08-17,coffee_beans,8043.181714285714,0.0
manual,2025-08-17,2025-08-17,croissant_dough,44.98971428571429,0.0
manual,2025-08-17,2025-08-17,cup_cold,94.99542857142858,0.0
manual,2025-08-17,2025-08-17,cup_hot,509.3497142857143,0.0
manual,2025-08-17,2025-08-17,ice,10679.04,0.0
manual,2025-08-17,2025-08-17,milk,79263.0,0.0
manual,2025-08-17,2025-08-17,sugar,4449.953142857144,0.0
manual,2025-08-17,2025-08-17,tea_leaves,425.8902857142857,0.0
manual,2025-08-17,2025-08-18,bread,110.664,0.0
manual,2025-08-17,2025-08-18,chocolate_syrup,1545.7371428571428,0.0
manual,2025-08-17,2025-08-18,coffee_beans,8043.181714285714,0.0
manual,2025-08-17,2025-08-18,croissant_dough,44.98971428571429,0.0
manual,2025-08-17,2025-08-18,cup_cold,94.99542857142858,0.0
manual,2025-08-17,2025-08-18,cup_hot,509.3497142857143,0.0
manual,2025-08-17,2025-08-18,ice,10679.04,0.0
manual,2025-08-17,2025-08-18,milk,79263.0,0.0
manual,2025-08-17,2025-08-18,sugar,4449.953142857144,0.0
manual,2025-08-17,2025-08-18,tea_leaves,425.8902857142857,0.0
manual,2025-08-17,2025-08-19,bread,110.664,0.0
manual,2025-08-17,2025-08-19,chocolate_syrup,1545.7371428571428,0.0
manual,2025-08-17,2025-08-19,coffee_beans,8043.181714285714,0.0
manual,2025-08-17,2025-08-19,croissant_dough,44.98971428571429,0.0
manual,2025-08-17,2025-08-19,cup_cold,94.99542857142858,0.0
manual,2025-08-17,2025-08-19,cup_hot,509.3497142857143,0.0
manual,2025-08-17,2025-08-19,ice,10679.04,0.0
manual,2025-08-17,2025-08-19,milk,79263.0,0.0
manual,2025-08-17,2025-08-19,sugar,4449.953142857144,0.0
manual,2025-08-17,2025-08-19,tea_leaves,425.8902857142857,0.0
manual,2025-08-17,2025-08-20,bread,110.664,0.0
manual,2025-08-17,2025-08-20,chocolate_syrup,1545.7371428571428,0.0
manual,2025-08-17,2025-08-20,coffee_beans,8043.181714285714,0.0
manual,2025-08-17,2025-08-20,croissant_dough,44.98971428571429,0.0
manual,2025-08-17,2025-08-20,cup_cold,94.99542857142858,0.0
manual,2025-08-17,2025-08-20,cup_hot,509.3497142857143,0.0
manual,2025-08-17,2025-08-20,ice,10679.04,0.0
manual,2025-08-17,2025-08-20,milk,79263.0,0.0
manual,2025-08-17,2025-08-20,sugar,4449.953142857144,0.0
manual,2025-08-17,2025-08-20,tea_leaves,425.8902857142857,0.0
manual,2025-08-17,2025-08-21,bread,110.664,0.0
manual,2025-08-17,2025-08-21,chocolate_syrup,1545.7371428571428,0.0
manual,2025-08-17,2025-08-21,coffee_beans,8043.181714285714,0.0
manual,2025-08-17,2025-08-21,croissant_dough,44.98971428571429,0.0
manual,2025-08-17,2025-08-21,cup_cold,94.99542857142858,0.0
manual,2025-08-17,2025-08-21,cup_hot,509.3497142857143,0.0
manual,2025-08-17,2025-08-21,ice,10679.04,0.0
manual,2025-08-17,2025-08-21,milk,79263.0,0.0
manual,2025-08-17,2025-08-21,sugar,4449.953142857144,0.0
manual,2025-08-17,2025-08-21,tea_leaves,425.8902857142857,0.0
manual,2025-08-17,2025-08-22,bread,110.664,0.0
manual,2025-08-17,2025-08-22,chocolate_syrup,1545.7371428571428,0.0
manual,2025-08-17,2025-08-22,coffee_beans,8043.181714285714,0.0
manual,2025-08-17,2025-08-22,croissant_dough,44.98971428571429,0.0
manual,2025-08-17,2025-08-22,cup_cold,94.99542857142858,0.0
manual,2025-08-17,2025-08-22,cup_hot,509.3497142857143,0.0
manual,2025-08-17,2025-08-22,ice,10679.04,0.0
manual,2025-08-17,2025-08-22,milk,79263.0,0.0
manual,2025-08-17,2025-08-22,sugar,4449.953142857144,0.0
manual,2025-08-17,2025-08-22,tea_leaves,425.8902857142857,0.0
manual,2025-08-17,2025-08-23,bread,110.664,0.0
manual,2025-08-17,2025-08-23,chocolate_syrup,1545.7371428571428,0.0
manual,2025-08-17,2025-08-23,coffee_beans,8043.181714285714,0.0
manual,2025-08-17,2025-08-23,croissant_dough,44.98971428571429,0.0
manual,2025-08-17,2025-08-23,cup_cold,94.99542857142858,0.0
manual,2025-08-17,2025-08-23,cup_hot,509.3497142857143,0.0
manual,2025-08-17,2025-08-23,ice,10679.04,0.0
manual,2025-08-17,2025-08-23,milk,79263.0,0.0
manual,2025-08-17,2025-08-23,sugar,4449.953142857144,0.0
manual,2025-08-17,2025-08-23,tea_leaves,425.8902857142857,0.0
manual,2025-08-17,2025-08-24,bread,110.664,0.0
manual,2025-08-17,2025-08-24,chocolate_syrup,1545.7371428571428,0.0
manual,2025-08-17,2025-08-24,coffee_beans,8043.181714285714,0.0
manual,2025-08-17,2025-08-24,croissant_dough,44.98971428571429,0.0
manual,2025-08-17,2025-08-24,cup_cold,94.99542857142858,0.0
manual,2025-08-17,2025-08-24,cup_hot,509.3497142857143,0.0
manual,2025-08-17,2025-08-24,ice,10679.04,0.0
manual,2025-08-17,2025-08-24,milk,79263.0,0.0
manual,2025-08-17,2025-08-24,sugar,4449.953142857144,0.0
manual,2025-08-17,2025-08-24,tea_leaves,425.8902857142857,0.0
manual,2025-08-17,2025-08-25,bread,110.664,0.0
manual,2025-08-17,2025-08-25,chocolate_syrup,1545.7371428571428,0.0
manual,2025-08-17,2025-08-25,coffee_beans,8043.181714285714,0.0
manual,2025-08-17,2025-08-25,croissant_dough,44.98971428571429,0.0
manual,2025-08-17,2025-08-25,cup_cold,94.99542857142858,0.0
manual,2025-08-17,2025-08-25,cup_hot,509.3497142857143,0.0
manual,2025-08-17,2025-08-25,ice,10679.04,0.0
manual,2025-08-17,2025-08-25,milk,79263.0,0.0
manual,2025-08-17,2025-08-25,sugar,4449.953142857144,0.0
manual,2025-08-17,2025-08-25,tea_leaves,425.8902857142857,0.0
manual,2025-08-17,2025-08-26,bread,110.664,0.0
manual,2025-08-17,2025-08-26,chocolate_syrup,1545.7371428571428,0.0
manual,2025-08-17,2025-08-26,coffee_beans,8043.181714285714,0.0
manual,2025-08-17,2025-08-26,croissant_dough,44.98971428571429,0.0
manual,2025-08-17,2025-08-26,cup_cold,94.99542857142858,0.0
manual,2025-08-17,2025-08-26,cup_hot,509.3497142857143,0.0
manual,2025-08-17,2025-08-26,ice,10679.04,0.0
manual,2025-08-17,2025-08-26,milk,79263.0,0.0
manual,2025-08-17,2025-08-26,sugar,4449.953142857144,0.0
manual,2025-08-17,2025-08-26,tea_leaves,425.8902857142857,0.0
manual,2025-08-17,2025-08-27,bread,110.664,0.0
manual,2025-08-17,2025-08-27,chocolate_syrup,1545.7371428571428,0.0
manual,2025-08-17,2025-08-27,coffee_beans,8043.181714285714,0.0
manual,2025-08-17,2025-08-27,croissant_dough,44.98971428571429,0.0
manual,2025-08-17,2025-08-27,cup_cold,94.99542857142858,0.0
manual,2025-08-17,2025-08-27,cup_hot,509.3497142857143,0.0
manual,2025-08-17,2025-08-27,ice,10679.04,0.0
manual,2025-08-17,2025-08-27,milk,79263.0,0.0
manual,2025-08-17,2025-08-27,sugar,4449.953142857144,0.0
manual,2025-08-17,2025-08-27,tea_leaves,425.8902857142857,0.0
manual,2025-08-17,2025-08-28,bread,110.664,0.0
manual,2025-08-17,2025-08-28,chocolate_syrup,1545.7371428571428,0.0
manual,2025-08-17,2025-08-28,coffee_beans,8043.181714285714,0.0
manual,2025-08-17,2025-08-28,croissant_dough,44.98971428571429,0.0
manual,2025-08-17,2025-08-28,cup_cold,94.99542857142858,0.0
manual,2025-08-17,2025-08-28,cup_hot,509.3497142857143,0.0
manual,2025-08-17,2025-08-28,ice,10679.04,0.0
manual,2025-08-17,2025-08-28,milk,79263.0,0.0
manual,2025-08-17,2025-08-28,sugar,4449.953142857144,0.0
manual,2025-08-17,2025-08-28,tea_leaves,425.8902857142857,0.0
manual,2025-08-17,2025-08-29,bread,110.664,0.0
manual,2025-08-17,2025-08-29,chocolate_syrup,1545.7371428571428,0.0
manual,2025-08-17,2025-08-29,coffee_beans,8043.181714285714,0.0
manual,2025-08-17,2025-08-29,croissant_dough,44.98971428571429,0.0
manual,2025-08-17,2025-08-29,cup_cold,94.99542857142858,0.0
manual,2025-08-17,2025-08-29,cup_hot,509.3497142857143,0.0
manual,2025-08-17,2025-08-29,ice,10679.04,0.0
manual,2025-08-17,2025-08-29,milk,79263.0,0.0
manual,2025-08-17,2025-08-29,sugar,4449.953142857144,0.0
manual,2025-08-17,2025-08-29,tea_leaves,425.8902857142857,0.0
manual,2025-08-17,2025-08-30,bread,110.664,0.0
manual,2025-08-17,2025-08-30,chocolate_syrup,1545.7371428571428,0.0
manual,2025-08-17,2025-08-30,coffee_beans,8043.181714285714,0.0
manual,2025-08-17,2025-08-30,croissant_dough,44.98971428571429,0.0
manual,2025-08-17,2025-08-30,cup_cold,94.99542857142858,0.0
manual,2025-08-17,2025-08-30,cup_hot,509.3497142857143,0.0
manual,2025-08-17,2025-08-30,ice,10679.04,0.0
manual,2025-08-17,2025-08-30,milk,79263.0,0.0
manual,2025-08-17,2025-08-30,sugar,4449.953142857144,0.0
manual,2025-08-17,2025-08-30,tea_leaves,425.8902857142857,0.0
manual,2025-08-17,2025-08-31,bread,110.664,0.0
manual,2025-08-17,2025-08-31,chocolate_syrup,1545.7371428571428,0.0
manual,2025-08-17,2025-08-31,coffee_beans,8043.181714285714,0.0
manual,2025-08-17,2025-08-31,croissant_dough,44.98971428571429,0.0
manual,2025-08-17,2025-08-31,cup_cold,94.99542857142858,0.0
manual,2025-08-17,2025-08-31,cup_hot,509.3497142857143,0.0
manual,2025-08-17,2025-08-31,ice,10679.04,0.0
manual,2025-08-17,2025-08-31,milk,79263.0,0.0
manual,2025-08-17,2025-08-31,sugar,4449.953142857144,0.0
manual,2025-08-17,2025-08-31,tea_leaves,425.8902857142857,0.0
manual,2025-08-17,2025-09-01,bread,110.664,0.0
manual,2025-08-17,2025-09-01,chocolate_syrup,1545.7371428571428,0.0
manual,2025-08-17,2025-09-01,coffee_beans,8043.181714285714,0.0
manual,2025-08-17,2025-09-01,croissant_dough,44.98971428571429,0.0
manual,2025-08-17,2025-09-01,cup_cold,94.99542857142858,0.0
manual,2025-08-17,2025-09-01,cup_hot,509.3497142857143,0.0
manual,2025-08-17,2025-09-01,ice,10679.04,0.0
manual,2025-08-17,2025-09-01,milk,79263.0,0.0
manual,2025-08-17,2025-09-01,sugar,4449.953142857144,0.0
manual,2025-08-17,2025-09-01,tea_leaves,425.8902857142857,0.0
manual,2025-08-17,2025-09-02,bread,110.664,0.0
manual,2025-08-17,2025-09-02,chocolate_syrup,1545.7371428571428,0.0
manual,2025-08-17,2025-09-02,coffee_beans,8043.1817142857135,0.0
manual,2025-08-17,2025-09-02,croissant_dough,44.98971428571429,0.0
manual,2025-08-17,2025-09-02,cup_cold,94.99542857142858,0.0
manual,2025-08-17,2025-09-02,cup_hot,509.3497142857143,0.0
manual,2025-08-17,2025-09-02,ice,10679.04,0.0
manual,2025-08-17,2025-09-02,milk,79263.0,0.0
manual,2025-08-17,2025-09-02,sugar,4449.953142857144,0.0
manual,2025-08-17,2025-09-02,tea_leaves,425.8902857142857,0.0
seasonal_naive,2025-08-17,2025-08-17,bread,99.64,22.018082265871083
seasonal_naive,2025-08-17,2025-08-17,chocolate_syrup,1185.6,529.1099016272517
seasonal_naive,2025-08-17,2025-08-17,coffee_beans,6859.8,1343.315974007977
seasonal_naive,2025-08-17,2025-08-17,croissant_dough,48.6,12.594663155479786
seasonal_naive,2025-08-17,2025-08-17,cup_cold,97.85,31.43546669368852
seasonal_naive,2025-08-17,2025-08-17,cup_hot,408.91,77.65589808035618
seasonal_naive,2025-08-17,2025-08-17,ice,11145.6,3542.114348238916
seasonal_naive,2025-08-17,2025-08-17,milk,69657.0,15139.33678668339
seasonal_naive,2025-08-17,2025-08-17,sugar,3951.08,804.3955752610673
seasonal_naive,2025-08-17,2025-08-17,tea_leaves,346.08,74.31196005130444
seasonal_naive,2025-08-17,2025-08-18,bread,55.120000000000005,22.018082265871083
seasonal_naive,2025-08-17,2025-08-18,chocolate_syrup,1310.4,529.1099016272517
seasonal_naive,2025-08-17,2025-08-18,coffee_beans,7156.44,1343.315974007977
seasonal_naive,2025-08-17,2025-08-18,croissant_dough,48.6,12.594663155479786
seasonal_naive,2025-08-17,2025-08-18,cup_cold,50.47,31.43546669368852
seasonal_naive,2025-08-17,2025-08-18,cup_hot,493.37,77.65589808035618
seasonal_naive,2025-08-17,2025-08-18,ice,5659.200000000001,3542.114348238916
seasonal_naive,2025-08-17,2025-08-18,milk,71505.0,15139.33678668339
seasonal_naive,2025-08-17,2025-08-18,sugar,3883.1,804.3955752610673
seasonal_naive,2025-08-17,2025-08-18,tea_leaves,412.0,74.31196005130444
seasonal_naive,2025-08-17,2025-08-19,bread,106.0,22.018082265871083
seasonal_naive,2025-08-17,2025-08-19,chocolate_syrup,1216.8000000000002,529.1099016272517
seasonal_naive,2025-08-17,2025-08-19,coffee_beans,6149.099999999999,1343.315974007977
seasonal_naive,2025-08-17,2025-08-19,croissant_dough,36.72,12.594663155479786
seasonal_naive,2025-08-17,2025-08-19,cup_cold,74.16,31.43546669368852
seasonal_naive,2025-08-17,2025-08-19,cup_hot,379.7266666666667,77.65589808035618
seasonal_naive,2025-08-17,2025-08-19,ice,8251.2,3542.114348238916
seasonal_naive,2025-08-17,2025-08-19,milk,55902.0,15139.33678668339
seasonal_naive,2025-08-17,2025-08-19,sugar,3195.0600000000004,804.3955752610673
seasonal_naive,2025-08-17,2025-08-19,tea_leaves,288.40000000000003,74.31196005130444
seasonal_naive,2025-08-17,2025-08-20,bread,101.76,22.018082265871083
seasonal_naive,2025-08-17,2025-08-20,chocolate_syrup,967.2,529.1099016272517
seasonal_naive,2025-08-17,2025-08-20,coffee_beans,6563.16,1343.315974007977
seasonal_naive,2025-08-17,2025-08-20,croissant_dough,44.28,12.594663155479786
seasonal_naive,2025-08-17,2025-08-20,cup_cold,69.01,31.43546669368852
seasonal_naive,2025-08-17,2025-08-20,cup_hot,436.72,77.65589808035618
seasonal_naive,2025-08-17,2025-08-20,ice,7711.200000000001,3542.114348238916
seasonal_naive,2025-08-17,2025-08-20,milk,58831.5,15139.33678668339
seasonal_naive,2025-08-17,2025-08-20,sugar,3472.13,804.3955752610673
seasonal_naive,2025-08-17,2025-08-20,tea_leaves,436.72,74.31196005130444
seasonal_naive,2025-08-17,2025-08-21,bread,92.22,22.018082265871083
seasonal_naive,2025-08-17,2025-08-21,chocolate_syrup,1435.2,529.1099016272517
seasonal_naive,2025-08-17,2025-08-21,coffee_beans,7898.04,1343.315974007977
seasonal_naive,2025-08-17,2025-08-21,croissant_dough,32.400000000000006,12.594663155479786
seasonal_naive,2025-08-17,2025-08-21,cup_cold,55.620000000000005,31.43546669368852
seasonal_naive,2025-08-17,2025-08-21,cup_hot,544.87,77.65589808035618
seasonal_naive,2025-08-17,2025-08-21,ice,6264.0,3542.114348238916
seasonal_naive,2025-08-17,2025-08-21,milk,75463.5,15139.33678668339
seasonal_naive,2025-08-17,2025-08-21,sugar,4173.56,804.3955752610673
seasonal_naive,2025-08-17,2025-08-21,tea_leaves,457.32,74.31196005130444
seasonal_naive,2025-08-17,2025-08-22,bread,67.84,22.018082265871083
seasonal_naive,2025-08-17,2025-08-22,chocolate_syrup,1310.4,529.1099016272517
seasonal_naive,2025-08-17,2025-08-22,coffee_beans,5561.999999999999,1343.315974007977
seasonal_naive,2025-08-17,2025-08-22,croissant_dough,27.0,12.594663155479786
seasonal_naive,2025-08-17,2025-08-22,cup_cold,93.73,31.43546669368852
seasonal_naive,2025-08-17,2025-08-22,cup_hot,330.63,77.65589808035618
seasonal_naive,2025-08-17,2025-08-22,ice,10519.2,3542.114348238916
seasonal_naive,2025-08-17,2025-08-22,milk,62842.5,15139.33678668339
seasonal_naive,2025-08-17,2025-08-22,sugar,3519.51,804.3955752610673
seasonal_naive,2025-08-17,2025-08-22,tea_leaves,288.40000000000003,74.31196005130444
seasonal_naive,2025-08-17,2025-08-23,bread,122.96,22.018082265871083
seasonal_naive,2025-08-17,2025-08-23,chocolate_syrup,1591.2,529.1099016272517
seasonal_naive,2025-08-17,2025-08-23,coffee_beans,6730.02,1343.315974007977
seasonal_naive,2025-08-17,2025-08-23,croissant_dough,24.840000000000003,12.594663155479786
seasonal_naive,2025-08-17,2025-08-23,cup_cold,113.3,31.43546669368852
seasonal_naive,2025-08-17,2025-08-23,cup_hot,376.9800000000001,77.65589808035618
seasonal_naive,2025-08-17,2025-08-23,ice,12744.0,3542.114348238916
seasonal_naive,2025-08-17,2025-08-23,milk,68166.0,15139.33678668339
seasonal_naive,2025-08-17,2025-08-23,sugar,3763.62,804.3955752610673
seasonal_naive,2025-08-17,2025-08-23,tea_leaves,255.44,74.31196005130444
seasonal_naive,2025-08-17,2025-08-24,bread,99.64,22.018082265871083
seasonal_naive,2025-08-17,2025-08-24,chocolate_syrup,1185.6,529.1099016272517
seasonal_naive,2025-08-17,2025-08-24,coffee_beans,6859.8,1343.315974007977
seasonal_naive,2025-08-17,2025-08-24,croissant_dough,48.6,12.594663155479786
seasonal_naive,2025-08-17,2025-08-24,cup_cold,97.85,31.43546669368852
seasonal_naive,2025-08-17,2025-08-24,cup_hot,408.91,77.65589808035618
seasonal_naive,2025-08-17,2025-08-24,ice,11145.6,3542.114348238916
seasonal_naive,2025-08-17,2025-08-24,milk,69657.0,15139.33678668339
seasonal_naive,2025-08-17,2025-08-24,sugar,3951.08,804.3955752610673
seasonal_naive,2025-08-17,2025-08-24,tea_leaves,346.08,74.31196005130444
seasonal_naive,2025-08-17,2025-08-25,bread,55.120000000000005,22.018082265871083
seasonal_naive,2025-08-17,2025-08-25,chocolate_syrup,1310.4,529.1099016272517
seasonal_naive,2025-08-17,2025-08-25,coffee_beans,7156.44,1343.315974007977
seasonal_naive,2025-08-17,2025-08-25,croissant_dough,48.6,12.594663155479786
seasonal_naive,2025-08-17,2025-08-25,cup_cold,50.47,31.43546669368852
seasonal_naive,2025-08-17,2025-08-25,cup_hot,493.37,77.65589808035618
seasonal_naive,2025-08-17,2025-08-25,ice,5659.200000000001,3542.114348238916
seasonal_naive,2025-08-17,2025-08-25,milk,71505.0,15139.33678668339
seasonal_naive,2025-08-17,2025-08-25,sugar,3883.1,804.3955752610673
seasonal_naive,2025-08-17,2025-08-25,tea_leaves,412.0,74.31196005130444
seasonal_naive,2025-08-17,2025-08-26,bread,106.0,22.018082265871083
seasonal_naive,2025-08-17,2025-08-26,chocolate_syrup,1216.8000000000002,529.1099016272517
seasonal_naive,2025-08-17,2025-08-26,coffee_beans,6149.099999999999,1343.315974007977
seasonal_naive,2025-08-17,2025-08-26,croissant_dough,36.72,12.594663155479786
seasonal_naive,2025-08-17,2025-08-26,cup_cold,74.16,31.43546669368852
seasonal_naive,2025-08-17,2025-08-26,cup_hot,379.7266666666667,77.65589808035618
seasonal_naive,2025-08-17,2025-08-26,ice,8251.2,3542.114348238916
seasonal_naive,2025-08-17,2025-08-26,milk,55902.0,15139.33678668339
seasonal_naive,2025-08-17,2025-08-26,sugar,3195.0600000000004,804.3955752610673
seasonal_naive,2025-08-17,2025-08-26,tea_leaves,288.40000000000003,74.31196005130444
seasonal_naive,2025-08-17,2025-08-27,bread,101.76,22.018082265871083
seasonal_naive,2025-08-17,2025-08-27,chocolate_syrup,967.2,529.1099016272517
seasonal_naive,2025-08-17,2025-08-27,coffee_beans,6563.16,1343.315974007977
seasonal_naive,2025-08-17,2025-08-27,croissant_dough,44.28,12.594663155479786
seasonal_naive,2025-08-17,2025-08-27,cup_cold,69.01,31.43546669368852
seasonal_naive,2025-08-17,2025-08-27,cup_hot,436.72,77.65589808035618
seasonal_naive,2025-08-17,2025-08-27,ice,7711.200000000001,3542.114348238916
seasonal_naive,2025-08-17,2025-08-27,milk,58831.5,15139.33678668339
seasonal_naive,2025-08-17,2025-08-27,sugar,3472.13,804.3955752610673
seasonal_naive,2025-08-17,2025-08-27,tea_leaves,436.72,74.31196005130444
seasonal_naive,2025-08-17,2025-08-28,bread,92.22,22.018082265871083
seasonal_naive,2025-08-17,2025-08-28,chocolate_syrup,1435.2,529.1099016272517
seasonal_naive,2025-08-17,2025-08-28,coffee_beans,7898.04,1343.315974007977
seasonal_naive,2025-08-17,2025-08-28,croissant_dough,32.400000000000006,12.594663155479786
seasonal_naive,2025-08-17,2025-08-28,cup_cold,55.620000000000005,31.43546669368852
seasonal_naive,2025-08-17,2025-08-28,cup_hot,544.87,77.65589808035618
seasonal_naive,2025-08-17,2025-08-28,ice,6264.0,3542.114348238916
seasonal_naive,2025-08-17,2025-08-28,milk,75463.5,15139.33678668339
seasonal_naive,2025-08-17,2025-08-28,sugar,4173.56,804.3955752610673
seasonal_naive,2025-08-17,2025-08-28,tea_leaves,457.32,74.31196005130444
seasonal_naive,2025-08-17,2025-08-29,bread,67.84,22.018082265871083
seasonal_naive,2025-08-17,2025-08-29,chocolate_syrup,1310.4,529.1099016272517
seasonal_naive,2025-08-17,2025-08-29,coffee_beans,5561.999999999999,1343.315974007977
seasonal_naive,2025-08-17,2025-08-29,croissant_dough,27.0,12.594663155479786
seasonal_naive,2025-08-17,2025-08-29,cup_cold,93.73,31.43546669368852
seasonal_naive,2025-08-17,2025-08-29,cup_hot,330.63,77.65589808035618
seasonal_naive,2025-08-17,2025-08-29,ice,10519.2,3542.114348238916
seasonal_naive,2025-08-17,2025-08-29,milk,62842.5,15139.33678668339
seasonal_naive,2025-08-17,2025-08-29,sugar,3519.51,804.3955752610673
seasonal_naive,2025-08-17,2025-08-29,tea_leaves,288.40000000000003,74.31196005130444
seasonal_naive,2025-08-17,2025-08-30,bread,122.96,22.018082265871083
seasonal_naive,2025-08-17,2025-08-30,chocolate_syrup,1591.2,529.1099016272517
seasonal_naive,2025-08-17,2025-08-30,coffee_beans,6730.02,1343.315974007977
seasonal_naive,2025-08-17,2025-08-30,croissant_dough,24.840000000000003,12.594663155479786
seasonal_naive,2025-08-17,2025-08-30,cup_cold,113.3,31.43546669368852
seasonal_naive,2025-08-17,2025-08-30,cup_hot,376.9800000000001,77.65589808035618
seasonal_naive,2025-08-17,2025-08-30,ice,12744.0,3542.114348238916
seasonal_naive,2025-08-17,2025-08-30,milk,68166.0,15139.33678668339
seasonal_naive,2025-08-17,2025-08-30,sugar,3763.62,804.3955752610673
seasonal_naive,2025-08-17,2025-08-30,tea_leaves,255.44,74.31196005130444
seasonal_naive,2025-08-17,2025-08-31,bread,99.64,22.018082265871083
seasonal_naive,2025-08-17,2025-08-31,chocolate_syrup,1185.6,529.1099016272517
seasonal_naive,2025-08-17,2025-08-31,coffee_beans,6859.8,1343.315974007977
seasonal_naive,2025-08-17,2025-08-31,croissant_dough,48.6,12.594663155479786
seasonal_naive,2025-08-17,2025-08-31,cup_cold,97.85,31.43546669368852
seasonal_naive,2025-08-17,2025-08-31,cup_hot,408.91,77.65589808035618
seasonal_naive,2025-08-17,2025-08-31,ice,11145.6,3542.114348238916
seasonal_naive,2025-08-17,2025-08-31,milk,69657.0,15139.33678668339
seasonal_naive,2025-08-17,2025-08-31,sugar,3951.08,804.3955752610673
seasonal_naive,2025-08-17,2025-08-31,tea_leaves,346.08,74.31196005130444
seasonal_naive,2025-08-17,2025-09-01,bread,55.120000000000005,22.018082265871083
seasonal_naive,2025-08-17,2025-09-01,chocolate_syrup,1310.4,529.1099016272517
seasonal_naive,2025-08-17,2025-09-01,coffee_beans,7156.44,1343.315974007977
seasonal_naive,2025-08-17,2025-09-01,croissant_dough,48.6,12.594663155479786
seasonal_naive,2025-08-17,2025-09-01,cup_cold,50.47,31.43546669368852
seasonal_naive,2025-08-17,2025-09-01,cup_hot,493.37,77.65589808035618
seasonal_naive,2025-08-17,2025-09-01,ice,5659.200000000001,3542.114348238916
seasonal_naive,2025-08-17,2025-09-01,milk,71505.0,15139.33678668339
seasonal_naive,2025-08-17,2025-09-01,sugar,3883.1,804.3955752610673
seasonal_naive,2025-08-17,2025-09-01,tea_leaves,412.0,74.31196005130444
seasonal_naive,2025-08-17,2025-09-02,bread,106.0,22.018082265871083
seasonal_naive,2025-08-17,2025-09-02,chocolate_syrup,1216.8000000000002,529.1099016272517
seasonal_naive,2025-08-17,2025-09-02,coffee_beans,6149.099999999999,1343.315974007977
seasonal_naive,2025-08-17,2025-09-02,croissant_dough,36.72,12.594663155479786
seasonal_naive,2025-08-17,2025-09-02,cup_cold,74.16,31.43546669368852
seasonal_naive,2025-08-17,2025-09-02,cup_hot,379.7266666666667,77.65589808035618
seasonal_naive,2025-08-17,2025-09-02,ice,8251.2,3542.114348238916
seasonal_naive,2025-08-17,2025-09-02,milk,55902.0,15139.33678668339
seasonal_naive,2025-08-17,2025-09-02,sugar,3195.06,804.3955752610673
seasonal_naive,2025-08-17,2025-09-02,tea_leaves,288.40000000000003,74.31196005130444
ml,2025-08-17,2025-08-17,bread,104.53845838777228,30.29147321093941
ml,2025-08-17,2025-08-17,chocolate_syrup,1498.1893167615517,441.6533544917392
ml,2025-08-17,2025-08-17,coffee_beans,7768.2513044964835,1868.68425129405
ml,2025-08-17,2025-08-17,croissant_dough,45.7772027147868,10.614899480364206
ml,2025-08-17,2025-08-17,cup_cold,108.81183040903264,27.776223925138204
ml,2025-08-17,2025-08-17,cup_hot,459.4088342475391,110.2875179280908
ml,2025-08-17,2025-08-17,ice,12295.232232187816,3134.209153972882
ml,2025-08-17,2025-08-17,milk,73426.86171854334,18045.35293180501
ml,2025-08-17,2025-08-17,sugar,4127.035367501313,1002.1855374258896
ml,2025-08-17,2025-08-17,tea_leaves,348.7667709265044,78.67090877579906
ml,2025-08-17,2025-08-18,bread,83.47749651785676,30.29147321093941
ml,2025-08-17,2025-08-18,chocolate_syrup,1162.334965682849,441.6533544917392
ml,2025-08-17,2025-08-18,coffee_beans,5354.473361454504,1868.68425129405
ml,2025-08-17,2025-08-18,croissant_dough,36.38799138663149,10.614899480364206
ml,2025-08-17,2025-08-18,cup_cold,75.61960800817438,27.776223925138204
ml,2025-08-17,2025-08-18,cup_hot,322.8757963930272,110.2875179280908
ml,2025-08-17,2025-08-18,ice,8595.131170122686,3134.209153972882
ml,2025-08-17,2025-08-18,milk,52058.65585573295,18045.35293180501
ml,2025-08-17,2025-08-18,sugar,2905.6127884711627,1002.1855374258896
ml,2025-08-17,2025-08-18,tea_leaves,250.61082600124104,78.67090877579906
ml,2025-08-17,2025-08-19,bread,91.06742583219264,30.29147321093941
ml,2025-08-17,2025-08-19,chocolate_syrup,1196.3496467527011,441.6533544917392
ml,2025-08-17,2025-08-19,coffee_beans,5349.101387590524,1868.68425129405
ml,2025-08-17,2025-08-19,croissant_dough,37.21401339642862,10.614899480364206
ml,2025-08-17,2025-08-19,cup_cold,79.31649214584112,27.776223925138204
ml,2025-08-17,2025-08-19,cup_hot,327.39270105818446,110.2875179280908
ml,2025-08-17,2025-08-19,ice,9018.893957910586,3134.209153972882
ml,2025-08-17,2025-08-19,milk,53238.99841177551,18045.35293180501
ml,2025-08-17,2025-08-19,sugar,3011.9794051856184,1002.1855374258896
ml,2025-08-17,2025-08-19,tea_leaves,280.1680709384711,78.67090877579906
ml,2025-08-17,2025-08-20,bread,89.524278179302,30.29147321093941
ml,2025-08-17,2025-08-20,chocolate_syrup,1196.3083266626827,441.6533544917392
ml,2025-08-17,2025-08-20,coffee_beans,5434.499047580314,1868.68425129405
ml,2025-08-17,2025-08-20,croissant_dough,37.62465744884932,10.614899480364206
ml,2025-08-17,2025-08-20,cup_cold,80.0896937743241,27.776223925138204
ml,2025-08-17,2025-08-20,cup_hot,323.12817639251284,110.2875179280908
ml,2025-08-17,2025-08-20,ice,9111.815157496649,3134.209153972882
ml,2025-08-17,2025-08-20,milk,52980.45036692443,18045.35293180501
ml,2025-08-17,2025-08-20,sugar,2960.0063992437126,1002.1855374258896
ml,2025-08-17,2025-08-20,tea_leaves,247.23097738506905,78.67090877579906
ml,2025-08-17,2025-08-21,bread,90.67042968748302,30.29147321093941
ml,2025-08-17,2025-08-21,chocolate_syrup,1202.8177582268024,441.6533544917392
ml,2025-08-17,2025-08-21,coffee_beans,5452.222046587784,1868.68425129405
ml,2025-08-17,2025-08-21,croissant_dough,40.70763709362714,10.614899480364206
ml,2025-08-17,2025-08-21,cup_cold,82.63104968374903,27.776223925138204
ml,2025-08-17,2025-08-21,cup_hot,317.642776934861,110.2875179280908
ml,2025-08-17,2025-08-21,ice,9409.270372304822,3134.209153972882
ml,2025-08-17,2025-08-21,milk,52411.67101502056,18045.35293180501
ml,2025-08-17,2025-08-21,sugar,2918.8216490339128,1002.1855374258896
ml,2025-08-17,2025-08-21,tea_leaves,230.6567801848121,78.67090877579906
ml,2025-08-17,2025-08-22,bread,93.15407302281936,30.29147321093941
ml,2025-08-17,2025-08-22,chocolate_syrup,1241.6674711159778,441.6533544917392
ml,2025-08-17,2025-08-22,coffee_beans,6134.968630191549,1868.68425129405
ml,2025-08-17,2025-08-22,croissant_dough,42.68800802011587,10.614899480364206
ml,2025-08-17,2025-08-22,cup_cold,91.16647420772615,27.776223925138204
ml,2025-08-17,2025-08-22,cup_hot,359.01042541379536,110.2875179280908
ml,2025-08-17,2025-08-22,ice,10341.036623545888,3134.209153972882
ml,2025-08-17,2025-08-22,milk,57224.55461415506,18045.35293180501
ml,2025-08-17,2025-08-22,sugar,3226.650567687528,1002.1855374258896
ml,2025-08-17,2025-08-22,tea_leaves,273.4174547790595,78.67090877579906
ml,2025-08-17,2025-08-23,bread,109.68588498801525,30.29147321093941
ml,2025-08-17,2025-08-23,chocolate_syrup,1400.2479593697517,441.6533544917392
ml,2025-08-17,2025-08-23,coffee_beans,6697.283344268846,1868.68425129405
ml,2025-08-17,2025-08-23,croissant_dough,49.64749173184644,10.614899480364206
ml,2025-08-17,2025-08-23,cup_cold,103.6162722779963,27.776223925138204
ml,2025-08-17,2025-08-23,cup_hot,388.6783147675521,110.2875179280908
ml,2025-08-17,2025-08-23,ice,11754.86724035505,3134.209153972882
ml,2025-08-17,2025-08-23,milk,64152.24709919695,18045.35293180501
ml,2025-08-17,2025-08-23,sugar,3614.375724028994,1002.1855374258896
ml,2025-08-17,2025-08-23,tea_leaves,295.9886223424271,78.67090877579906
ml,2025-08-17,2025-08-24,bread,107.34997767505676,30.29147321093941
ml,2025-08-17,2025-08-24,chocolate_syrup,1410.949133598895,441.6533544917392
ml,2025-08-17,2025-08-24,coffee_beans,6782.136111820615,1868.68425129405
ml,2025-08-17,2025-08-24,croissant_dough,49.60397652814866,10.614899480364206
ml,2025-08-17,2025-08-24,cup_cold,101.55732243456382,27.776223925138204
ml,2025-08-17,2025-08-24,cup_hot,394.2645045344299,110.2875179280908
ml,2025-08-17,2025-08-24,ice,11536.858229192703,3134.209153972882
ml,2025-08-17,2025-08-24,milk,64415.19114807235,18045.35293180501
ml,2025-08-17,2025-08-24,sugar,3607.650073355605,1002.1855374258896
ml,2025-08-17,2025-08-24,tea_leaves,289.828307692736,78.67090877579906
ml,2025-08-17,2025-08-25,bread,86.46450486456251,30.29147321093941
ml,2025-08-17,2025-08-25,chocolate_syrup,1165.9550733450308,441.6533544917392
ml,2025-08-17,2025-08-25,coffee_beans,5305.197270428383,1868.68425129405
ml,2025-08-17,2025-08-25,croissant_dough,40.22547255019016,10.614899480364206
ml,2025-08-17,2025-08-25,cup_cold,74.51046038962714,27.776223925138204
ml,2025-08-17,2025-08-25,cup_hot,313.8540192338592,110.2875179280908
ml,2025-08-17,2025-08-25,ice,8491.862376384293,3134.209153972882
ml,2025-08-17,2025-08-25,milk,50906.752517558336,18045.35293180501
ml,2025-08-17,2025-08-25,sugar,2820.141257083656,1002.1855374258896
ml,2025-08-17,2025-08-25,tea_leaves,220.55932948267468,78.67090877579906
ml,2025-08-17,2025-08-26,bread,91.09981461320292,30.29147321093941
ml,2025-08-17,2025-08-26,chocolate_syrup,1158.812455544942,441.6533544917392
ml,2025-08-17,2025-08-26,coffee_beans,5521.098196632318,1868.68425129405
ml,2025-08-17,2025-08-26,croissant_dough,40.98952193764208,10.614899480364206
ml,2025-08-17,2025-08-26,cup_cold,78.00493024677,27.776223925138204
ml,2025-08-17,2025-08-26,cup_hot,324.8423688103257,110.2875179280908
ml,2025-08-17,2025-08-26,ice,8873.34767857307,3134.209153972882
ml,2025-08-17,2025-08-26,milk,53217.39859813193,18045.35293180501
ml,2025-08-17,2025-08-26,sugar,2926.717726819471,1002.1855374258896
ml,2025-08-17,2025-08-26,tea_leaves,231.4558154539416,78.67090877579906
ml,2025-08-17,2025-08-27,bread,92.01188682295812,30.29147321093941
ml,2025-08-17,2025-08-27,chocolate_syrup,1179.7422775115858,441.6533544917392
ml,2025-08-17,2025-08-27,coffee_beans,5413.792217638753,1868.68425129405
ml,2025-08-17,2025-08-27,croissant_dough,41.43477848981022,10.614899480364206
ml,2025-08-17,2025-08-27,cup_cold,80.01398614787713,27.776223925138204
ml,2025-08-17,2025-08-27,cup_hot,320.7277113152976,110.2875179280908
ml,2025-08-17,2025-08-27,ice,9098.724367589177,3134.209153972882
ml,2025-08-17,2025-08-27,milk,52084.7010875638,18045.35293180501
ml,2025-08-17,2025-08-27,sugar,2915.128918415492,1002.1855374258896
ml,2025-08-17,2025-08-27,tea_leaves,244.11537236413847,78.67090877579906
ml,2025-08-17,2025-08-28,bread,90.6808145256193,30.29147321093941
ml,2025-08-17,2025-08-28,chocolate_syrup,1195.7085062991666,441.6533544917392
ml,2025-08-17,2025-08-28,coffee_beans,5718.733321657398,1868.68425129405
ml,2025-08-17,2025-08-28,croissant_dough,42.293584775387686,10.614899480364206
ml,2025-08-17,2025-08-28,cup_cold,79.74066930393185,27.776223925138204
ml,2025-08-17,2025-08-28,cup_hot,338.9116928307343,110.2875179280908
ml,2025-08-17,2025-08-28,ice,9074.861184284997,3134.209153972882
ml,2025-08-17,2025-08-28,milk,55476.86331677719,18045.35293180501
ml,2025-08-17,2025-08-28,sugar,3051.835968667275,1002.1855374258896
ml,2025-08-17,2025-08-28,tea_leaves,245.8849802872588,78.67090877579906
ml,2025-08-17,2025-08-29,bread,98.11528126113154,30.29147321093941
ml,2025-08-17,2025-08-29,chocolate_syrup,1301.5833805152088,441.6533544917392
ml,2025-08-17,2025-08-29,coffee_beans,6656.339876111341,1868.68425129405
ml,2025-08-17,2025-08-29,croissant_dough,45.75595190582859,10.614899480364206
ml,2025-08-17,2025-08-29,cup_cold,107.69724464733638,27.776223925138204
ml,2025-08-17,2025-08-29,cup_hot,378.19919024414327,110.2875179280908
ml,2025-08-17,2025-08-29,ice,12319.640112570954,3134.209153972882
ml,2025-08-17,2025-08-29,milk,64164.69800728888,18045.35293180501
ml,2025-08-17,2025-08-29,sugar,3618.444510528984,1002.1855374258896
ml,2025-08-17,2025-08-29,tea_leaves,292.52334633638986,78.67090877579906
ml,2025-08-17,2025-08-30,bread,114.54168161996049,30.29147321093941
ml,2025-08-17,2025-08-30,chocolate_syrup,1510.888358369161,441.6533544917392
ml,2025-08-17,2025-08-30,coffee_beans,7157.367076118252,1868.68425129405
ml,2025-08-17,2025-08-30,croissant_dough,51.93428508168011,10.614899480364206
ml,2025-08-17,2025-08-30,cup_cold,110.83062338159482,27.776223925138204
ml,2025-08-17,2025-08-30,cup_hot,414.996943155206,110.2875179280908
ml,2025-08-17,2025-08-30,ice,12553.9490460199,3134.209153972882
ml,2025-08-17,2025-08-30,milk,68976.57802027291,18045.35293180501
ml,2025-08-17,2025-08-30,sugar,3876.114174384059,1002.1855374258896
ml,2025-08-17,2025-08-30,tea_leaves,313.2695044730317,78.67090877579906
ml,2025-08-17,2025-08-31,bread,118.7694973333651,30.29147321093941
ml,2025-08-17,2025-08-31,chocolate_syrup,1487.137468402838,441.6533544917392
ml,2025-08-17,2025-08-31,coffee_beans,7405.830795579331,1868.68425129405
ml,2025-08-17,2025-08-31,croissant_dough,53.13306698131201,10.614899480364206
ml,2025-08-17,2025-08-31,cup_cold,127.4072753474376,27.776223925138204
ml,2025-08-17,2025-08-31,cup_hot,411.8622102249229,110.2875179280908
ml,2025-08-17,2025-08-31,ice,14267.278929059945,3134.209153972882
ml,2025-08-17,2025-08-31,milk,72230.66090781697,18045.35293180501
ml,2025-08-17,2025-08-31,sugar,4136.131918894525,1002.1855374258896
ml,2025-08-17,2025-08-31,tea_leaves,314.95935620494225,78.67090877579906
ml,2025-08-17,2025-09-01,bread,91.44953312192956,30.29147321093941
ml,2025-08-17,2025-09-01,chocolate_syrup,1204.5259510646756,441.6533544917392
ml,2025-08-17,2025-09-01,coffee_beans,5402.512088610444,1868.68425129405
ml,2025-08-17,2025-09-01,croissant_dough,41.57131773890392,10.614899480364206
ml,2025-08-17,2025-09-01,cup_cold,82.63466285750273,27.776223925138204
ml,2025-08-17,2025-09-01,cup_hot,313.42197160959444,110.2875179280908
ml,2025-08-17,2025-09-01,ice,9363.495423697268,3134.209153972882
ml,2025-08-17,2025-09-01,milk,51659.5688017459,18045.35293180501
ml,2025-08-17,2025-09-01,sugar,2886.701719232399,1002.1855374258896
ml,2025-08-17,2025-09-01,tea_leaves,224.6090998528261,78.67090877579906
ml,2025-08-17,2025-09-02,bread,95.87996152297649,30.29147321093941
ml,2025-08-17,2025-09-02,chocolate_syrup,1583.8052849030037,441.6533544917392
ml,2025-08-17,2025-09-02,coffee_beans,5495.144222894518,1868.68425129405
ml,2025-08-17,2025-09-02,croissant_dough,41.82381875247803,10.614899480364206
ml,2025-08-17,2025-09-02,cup_cold,85.77197575731718,27.776223925138204
ml,2025-08-17,2025-09-02,cup_hot,328.3078719417964,110.2875179280908
ml,2025-08-17,2025-09-02,ice,9709.338750681643,3134.209153972882
ml,2025-08-17,2025-09-02,milk,55600.97044393759,18045.35293180501
ml,2025-08-17,2025-09-02,sugar,3050.6942005490564,1002.1855374258896
ml,2025-08-17,2025-09-02,tea_leaves,226.03271176219016,78.67090877579906
manual,2025-08-24,2025-08-24,bread,110.11885714285717,0.0
manual,2025-08-24,2025-08-24,chocolate_syrup,1310.4,0.0
manual,2025-08-24,2025-08-24,coffee_beans,7474.268571428571,0.0
manual,2025-08-24,2025-08-24,croissant_dough,56.28342857142857,0.0
manual,2025-08-24,2025-08-24,cup_cold,82.69428571428571,0.0
manual,2025-08-24,2025-08-24,cup_hot,469.7388571428571,0.0
manual,2025-08-24,2025-08-24,ice,9463.268571428573,0.0
manual,2025-08-24,2025-08-24,milk,70062.6,0.0
manual,2025-08-24,2025-08-24,sugar,3877.096571428572,0.0
manual,2025-08-24,2025-08-24,tea_leaves,375.744,0.0
manual,2025-08-24,2025-08-25,bread,110.11885714285717,0.0
manual,2025-08-24,2025-08-25,chocolate_syrup,1310.4,0.0
manual,2025-08-24,2025-08-25,coffee_beans,7474.268571428571,0.0
manual,2025-08-24,2025-08-25,croissant_dough,56.28342857142857,0.0
manual,2025-08-24,2025-08-25,cup_cold,82.69428571428571,0.0
manual,2025-08-24,2025-08-25,cup_hot,469.7388571428571,0.0
manual,2025-08-24,2025-08-25,ice,9463.268571428573,0.0
manual,2025-08-24,2025-08-25,milk,70062.6,0.0
manual,2025-08-24,2025-08-25,sugar,3877.096571428572,0.0
manual,2025-08-24,2025-08-25,tea_leaves,375.744,0.0
manual,2025-08-24,2025-08-26,bread,110.11885714285717,0.0
manual,2025-08-24,2025-08-26,chocolate_syrup,1310.4,0.0
manual,2025-08-24,2025-08-26,coffee_beans,7474.268571428571,0.0
manual,2025-08-24,2025-08-26,croissant_dough,56.28342857142857,0.0
manual,2025-08-24,2025-08-26,cup_cold,82.69428571428571,0.0
manual,2025-08-24,2025-08-26,cup_hot,469.7388571428571,0.0
manual,2025-08-24,2025-08-26,ice,9463.268571428573,0.0
manual,2025-08-24,2025-08-26,milk,70062.6,0.0
manual,2025-08-24,2025-08-26,sugar,3877.096571428572,0.0
manual,2025-08-24,2025-08-26,tea_leaves,375.744,0.0
manual,2025-08-24,2025-08-27,bread,110.11885714285717,0.0
manual,2025-08-24,2025-08-27,chocolate_syrup,1310.4,0.0
manual,2025-08-24,2025-08-27,coffee_beans,7474.268571428571,0.0
manual,2025-08-24,2025-08-27,croissant_dough,56.28342857142857,0.0
manual,2025-08-24,2025-08-27,cup_cold,82.69428571428571,0.0
manual,2025-08-24,2025-08-27,cup_hot,469.7388571428571,0.0
manual,2025-08-24,2025-08-27,ice,9463.268571428573,0.0
manual,2025-08-24,2025-08-27,milk,70062.6,0.0
manual,2025-08-24,2025-08-27,sugar,3877.096571428572,0.0
manual,2025-08-24,2025-08-27,tea_leaves,375.744,0.0
manual,2025-08-24,2025-08-28,bread,110.11885714285717,0.0
manual,2025-08-24,2025-08-28,chocolate_syrup,1310.4,0.0
manual,2025-08-24,2025-08-28,coffee_beans,7474.268571428571,0.0
manual,2025-08-24,2025-08-28,croissant_dough,56.28342857142857,0.0
manual,2025-08-24,2025-08-28,cup_cold,82.69428571428571,0.0
manual,2025-08-24,2025-08-28,cup_hot,469.7388571428571,0.0
manual,2025-08-24,2025-08-28,ice,9463.268571428573,0.0
manual,2025-08-24,2025-08-28,milk,70062.6,0.0
manual,2025-08-24,2025-08-28,sugar,3877.096571428572,0.0
manual,2025-08-24,2025-08-28,tea_leaves,375.744,0.0
manual,2025-08-24,2025-08-29,bread,110.11885714285717,0.0
manual,2025-08-24,2025-08-29,chocolate_syrup,1310.4,0.0
manual,2025-08-24,2025-08-29,coffee_beans,7474.268571428571,0.0
manual,2025-08-24,2025-08-29,croissant_dough,56.28342857142857,0.0
manual,2025-08-24,2025-08-29,cup_cold,82.69428571428571,0.0
manual,2025-08-24,2025-08-29,cup_hot,469.7388571428571,0.0
manual,2025-08-24,2025-08-29,ice,9463.268571428573,0.0
manual,2025-08-24,2025-08-29,milk,70062.6,0.0
manual,2025-08-24,2025-08-29,sugar,3877.096571428572,0.0
manual,2025-08-24,2025-08-29,tea_leaves,375.744,0.0
manual,2025-08-24,2025-08-30,bread,110.11885714285717,0.0
manual,2025-08-24,2025-08-30,chocolate_syrup,1310.4,0.0
manual,2025-08-24,2025-08-30,coffee_beans,7474.268571428571,0.0
manual,2025-08-24,2025-08-30,croissant_dough,56.28342857142857,0.0
manual,2025-08-24,2025-08-30,cup_cold,82.69428571428571,0.0
manual,2025-08-24,2025-08-30,cup_hot,469.7388571428571,0.0
manual,2025-08-24,2025-08-30,ice,9463.268571428573,0.0
manual,2025-08-24,2025-08-30,milk,70062.6,0.0
manual,2025-08-24,2025-08-30,sugar,3877.096571428572,0.0
manual,2025-08-24,2025-08-30,tea_leaves,375.744,0.0
manual,2025-08-24,2025-08-31,bread,110.11885714285717,0.0
manual,2025-08-24,2025-08-31,chocolate_syrup,1310.4,0.0
manual,2025-08-24,2025-08-31,coffee_beans,7474.268571428571,0.0
manual,2025-08-24,2025-08-31,croissant_dough,56.28342857142857,0.0
manual,2025-08-24,2025-08-31,cup_cold,82.69428571428571,0.0
manual,2025-08-24,2025-08-31,cup_hot,469.7388571428571,0.0
manual,2025-08-24,2025-08-31,ice,9463.268571428573,0.0
manual,2025-08-24,2025-08-31,milk,70062.6,0.0
manual,2025-08-24,2025-08-31,sugar,3877.096571428572,0.0
manual,2025-08-24,2025-08-31,tea_leaves,375.744,0.0
manual,2025-08-24,2025-09-01,bread,110.11885714285717,0.0
manual,2025-08-24,2025-09-01,chocolate_syrup,1310.4,0.0
manual,2025-08-24,2025-09-01,coffee_beans,7474.268571428571,0.0
manual,2025-08-24,2025-09-01,croissant_dough,56.28342857142857,0.0
manual,2025-08-24,2025-09-01,cup_cold,82.69428571428571,0.0
manual,2025-08-24,2025-09-01,cup_hot,469.7388571428571,0.0
manual,2025-08-24,2025-09-01,ice,9463.268571428573,0.0
manual,2025-08-24,2025-09-01,milk,70062.6,0.0
manual,2025-08-24,2025-09-01,sugar,3877.096571428572,0.0
manual,2025-08-24,2025-09-01,tea_leaves,375.744,0.0
manual,2025-08-24,2025-09-02,bread,110.11885714285717,0.0
manual,2025-08-24,2025-09-02,chocolate_syrup,1310.4,0.0
manual,2025-08-24,2025-09-02,coffee_beans,7474.268571428571,0.0
manual,2025-08-24,2025-09-02,croissant_dough,56.28342857142857,0.0
manual,2025-08-24,2025-09-02,cup_cold,82.69428571428571,0.0
manual,2025-08-24,2025-09-02,cup_hot,469.7388571428571,0.0
manual,2025-08-24,2025-09-02,ice,9463.268571428573,0.0
manual,2025-08-24,2025-09-02,milk,70062.6,0.0
manual,2025-08-24,2025-09-02,sugar,3877.096571428572,0.0
manual,2025-08-24,2025-09-02,tea_leaves,375.744,0.0
manual,2025-08-24,2025-09-03,bread,110.11885714285717,0.0
manual,2025-08-24,2025-09-03,chocolate_syrup,1310.4,0.0
manual,2025-08-24,2025-09-03,coffee_beans,7474.268571428571,0.0
manual,2025-08-24,2025-09-03,croissant_dough,56.28342857142857,0.0
manual,2025-08-24,2025-09-03,cup_cold,82.69428571428571,0.0
manual,2025-08-24,2025-09-03,cup_hot,469.7388571428571,0.0
manual,2025-08-24,2025-09-03,ice,9463.268571428573,0.0
manual,2025-08-24,2025-09-03,milk,70062.6,0.0
manual,2025-08-24,2025-09-03,sugar,3877.096571428572,0.0
manual,2025-08-24,2025-09-03,tea_leaves,375.744,0.0
manual,2025-08-24,2025-09-04,bread,110.11885714285717,0.0
manual,2025-08-24,2025-09-04,chocolate_syrup,1310.4,0.0
manual,2025-08-24,2025-09-04,coffee_beans,7474.268571428571,0.0
manual,2025-08-24,2025-09-04,croissant_dough,56.28342857142857,0.0
manual,2025-08-24,2025-09-04,cup_cold,82.69428571428571,0.0
manual,2025-08-24,2025-09-04,cup_hot,469.7388571428571,0.0
manual,2025-08-24,2025-09-04,ice,9463.268571428573,0.0
manual,2025-08-24,2025-09-04,milk,70062.6,0.0
manual,2025-08-24,2025-09-04,sugar,3877.096571428572,0.0
manual,2025-08-24,2025-09-04,tea_leaves,375.744,0.0
manual,2025-08-24,2025-09-05,bread,110.11885714285717,0.0
manual,2025-08-24,2025-09-05,chocolate_syrup,1310.4,0.0
manual,2025-08-24,2025-09-05,coffee_beans,7474.268571428571,0.0
manual,2025-08-24,2025-09-05,croissant_dough,56.28342857142857,0.0
manual,2025-08-24,2025-09-05,cup_cold,82.69428571428571,0.0
manual,2025-08-24,2025-09-05,cup_hot,469.7388571428571,0.0
manual,2025-08-24,2025-09-05,ice,9463.268571428573,0.0
manual,2025-08-24,2025-09-05,milk,70062.6,0.0
manual,2025-08-24,2025-09-05,sugar,3877.096571428572,0.0
manual,2025-08-24,2025-09-05,tea_leaves,375.744,0.0
manual,2025-08-24,2025-09-06,bread,110.11885714285717,0.0
manual,2025-08-24,2025-09-06,chocolate_syrup,1310.4,0.0
manual,2025-08-24,2025-09-06,coffee_beans,7474.268571428571,0.0
manual,2025-08-24,2025-09-06,croissant_dough,56.28342857142857,0.0
manual,2025-08-24,2025-09-06,cup_cold,82.69428571428571,0.0
manual,2025-08-24,2025-09-06,cup_hot,469.7388571428571,0.0
manual,2025-08-24,2025-09-06,ice,9463.268571428573,0.0
manual,2025-08-24,2025-09-06,milk,70062.6,0.0
manual,2025-08-24,2025-09-06,sugar,3877.096571428572,0.0
manual,2025-08-24,2025-09-06,tea_leaves,375.744,0.0
manual,2025-08-24,2025-09-07,bread,110.11885714285717,0.0
manual,2025-08-24,2025-09-07,chocolate_syrup,1310.4,0.0
manual,2025-08-24,2025-09-07,coffee_beans,7474.268571428571,0.0
manual,2025-08-24,2025-09-07,croissant_dough,56.28342857142857,0.0
manual,2025-08-24,2025-09-07,cup_cold,82.69428571428571,0.0
manual,2025-08-24,2025-09-07,cup_hot,469.7388571428571,0.0
manual,2025-08-24,2025-09-07,ice,9463.268571428573,0.0
manual,2025-08-24,2025-09-07,milk,70062.6,0.0
manual,2025-08-24,2025-09-07,sugar,3877.096571428572,0.0
manual,2025-08-24,2025-09-07,tea_leaves,375.744,0.0
manual,2025-08-24,2025-09-08,bread,110.11885714285717,0.0
manual,2025-08-24,2025-09-08,chocolate_syrup,1310.4,0.0
manual,2025-08-24,2025-09-08,coffee_beans,7474.268571428571,0.0
manual,2025-08-24,2025-09-08,croissant_dough,56.28342857142857,0.0
manual,2025-08-24,2025-09-08,cup_cold,82.69428571428571,0.0
manual,2025-08-24,2025-09-08,cup_hot,469.7388571428571,0.0
manual,2025-08-24,2025-09-08,ice,9463.268571428573,0.0
manual,2025-08-24,2025-09-08,milk,70062.6,0.0
manual,2025-08-24,2025-09-08,sugar,3877.096571428572,0.0
manual,2025-08-24,2025-09-08,tea_leaves,375.744,0.0
manual,2025-08-24,2025-09-09,bread,110.11885714285717,0.0
manual,2025-08-24,2025-09-09,chocolate_syrup,1310.4,0.0
manual,2025-08-24,2025-09-09,coffee_beans,7474.268571428571,0.0
manual,2025-08-24,2025-09-09,croissant_dough,56.28342857142857,0.0
manual,2025-08-24,2025-09-09,cup_cold,82.69428571428571,0.0
manual,2025-08-24,2025-09-09,cup_hot,469.7388571428571,0.0
manual,2025-08-24,2025-09-09,ice,9463.268571428573,0.0
manual,2025-08-24,2025-09-09,milk,70062.6,0.0
manual,2025-08-24,2025-09-09,sugar,3877.096571428571,0.0
manual,2025-08-24,2025-09-09,tea_leaves,375.744,0.0
seasonal_naive,2025-08-24,2025-08-24,bread,116.6,26.976848769339416
seasonal_naive,2025-08-24,2025-08-24,chocolate_syrup,1716.0000000000002,552.9743946539091
seasonal_naive,2025-08-24,2025-08-24,coffee_beans,8676.72,1418.1896839723925
seasonal_naive,2025-08-24,2025-08-24,croissant_dough,61.56,14.717919107575732
seasonal_naive,2025-08-24,2025-08-24,cup_cold,70.04,24.46568788751961
seasonal_naive,2025-08-24,2025-08-24,cup_hot,625.21,108.54060121623132
seasonal_naive,2025-08-24,2025-08-24,ice,7992.000000000001,2758.959903400452
seasonal_naive,2025-08-24,2025-08-24,milk,88515.0,15661.90452499312
seasonal_naive,2025-08-24,2025-08-24,sugar,4941.94,858.5379159999422
seasonal_naive,2025-08-24,2025-08-24,tea_leaves,626.24,130.8819296050561
seasonal_naive,2025-08-24,2025-08-25,bread,120.84,26.976848769339416
seasonal_naive,2025-08-24,2025-08-25,chocolate_syrup,1092.0,552.9743946539091
seasonal_naive,2025-08-24,2025-08-25,coffee_beans,6581.7,1418.1896839723925
seasonal_naive,2025-08-24,2025-08-25,croissant_dough,32.400000000000006,14.717919107575732
seasonal_naive,2025-08-24,2025-08-25,cup_cold,58.71,24.46568788751961
seasonal_naive,2025-08-24,2025-08-25,cup_hot,412.0,108.54060121623132
seasonal_naive,2025-08-24,2025-08-25,ice,6782.400000000001,2758.959903400452
seasonal_naive,2025-08-24,2025-08-25,milk,62811.0,15661.90452499312
seasonal_naive,2025-08-24,2025-08-25,sugar,3349.56,858.5379159999422
seasonal_naive,2025-08-24,2025-08-25,tea_leaves,276.04,130.8819296050561
seasonal_naive,2025-08-24,2025-08-26,bread,57.24,26.976848769339416
seasonal_naive,2025-08-24,2025-08-26,chocolate_syrup,904.8,552.9743946539091
seasonal_naive,2025-08-24,2025-08-26,coffee_beans,4783.32,1418.1896839723925
seasonal_naive,2025-08-24,2025-08-26,croissant_dough,51.84,14.717919107575732
seasonal_naive,2025-08-24,2025-08-26,cup_cold,56.65,24.46568788751961
seasonal_naive,2025-08-24,2025-08-26,cup_hot,298.7,108.54060121623132
seasonal_naive,2025-08-24,2025-08-26,ice,6307.200000000001,2758.959903400452
seasonal_naive,2025-08-24,2025-08-26,milk,43302.0,15661.90452499312
seasonal_naive,2025-08-24,2025-08-26,sugar,2472.0,858.5379159999422
seasonal_naive,2025-08-24,2025-08-26,tea_leaves,238.96,130.8819296050561
seasonal_naive,2025-08-24,2025-08-27,bread,65.72,26.976848769339416
seasonal_naive,2025-08-24,2025-08-27,chocolate_syrup,655.2,552.9743946539091
seasonal_naive,2025-08-24,2025-08-27,coffee_beans,4616.46,1418.1896839723925
seasonal_naive,2025-08-24,2025-08-27,croissant_dough,34.56,14.717919107575732
seasonal_naive,2025-08-24,2025-08-27,cup_cold,40.17,24.46568788751961
seasonal_naive,2025-08-24,2025-08-27,cup_hot,282.22,108.54060121623132
seasonal_naive,2025-08-24,2025-08-27,ice,4730.400000000001,2758.959903400452
seasonal_naive,2025-08-24,2025-08-27,milk,37369.5,15661.90452499312
seasonal_naive,2025-08-24,2025-08-27,sugar,2026.01,858.5379159999422
seasonal_naive,2025-08-24,2025-08-27,tea_leaves,177.16,130.8819296050561
seasonal_naive,2025-08-24,2025-08-28,bread,86.92,26.976848769339416
seasonal_naive,2025-08-24,2025-08-28,chocolate_syrup,998.4,552.9743946539091
seasonal_naive,2025-08-24,2025-08-28,coffee_beans,5568.179999999999,1418.1896839723925
seasonal_naive,2025-08-24,2025-08-28,croissant_dough,51.84,14.717919107575732
seasonal_naive,2025-08-24,2025-08-28,cup_cold,75.53333333333335,24.46568788751961
seasonal_naive,2025-08-24,2025-08-28,cup_hot,338.87,108.54060121623132
seasonal_naive,2025-08-24,2025-08-28,ice,8719.2,2758.959903400452
seasonal_naive,2025-08-24,2025-08-28,milk,50680.0,15661.90452499312
seasonal_naive,2025-08-24,2025-08-28,sugar,2858.25,858.5379159999422
seasonal_naive,2025-08-24,2025-08-28,tea_leaves,288.40000000000003,130.8819296050561
seasonal_naive,2025-08-24,2025-08-29,bread,69.96000000000001,26.976848769339416
seasonal_naive,2025-08-24,2025-08-29,chocolate_syrup,1341.6,552.9743946539091
seasonal_naive,2025-08-24,2025-08-29,coffee_beans,6210.9,1418.1896839723925
seasonal_naive,2025-08-24,2025-08-29,croissant_dough,55.080000000000005,14.717919107575732
seasonal_naive,2025-08-24,2025-08-29,cup_cold,73.13000000000001,24.46568788751961
seasonal_naive,2025-08-24,2025-08-29,cup_hot,390.37000000000006,108.54060121623132
seasonal_naive,2025-08-24,2025-08-29,ice,8553.6,2758.959903400452
seasonal_naive,2025-08-24,2025-08-29,milk,59524.5,15661.90452499312
seasonal_naive,2025-08-24,2025-08-29,sugar,3201.24,858.5379159999422
seasonal_naive,2025-08-24,2025-08-29,tea_leaves,296.64,130.8819296050561
seasonal_naive,2025-08-24,2025-08-30,bread,125.08,26.976848769339416
seasonal_naive,2025-08-24,2025-08-30,chocolate_syrup,936.0,552.9743946539091
seasonal_naive,2025-08-24,2025-08-30,coffee_beans,7162.619999999999,1418.1896839723925
seasonal_naive,2025-08-24,2025-08-30,croissant_dough,41.040000000000006,14.717919107575732
seasonal_naive,2025-08-24,2025-08-30,cup_cold,108.15,24.46568788751961
seasonal_naive,2025-08-24,2025-08-30,cup_hot,392.77333333333337,108.54060121623132
seasonal_naive,2025-08-24,2025-08-30,ice,12117.6,2758.959903400452
seasonal_naive,2025-08-24,2025-08-30,milk,66496.5,15661.90452499312
seasonal_naive,2025-08-24,2025-08-30,sugar,3767.396666666667,858.5379159999422
seasonal_naive,2025-08-24,2025-08-30,tea_leaves,288.40000000000003,130.8819296050561
seasonal_naive,2025-08-24,2025-08-31,bread,116.6,26.976848769339416
seasonal_naive,2025-08-24,2025-08-31,chocolate_syrup,1716.0000000000002,552.9743946539091
seasonal_naive,2025-08-24,2025-08-31,coffee_beans,8676.72,1418.1896839723925
seasonal_naive,2025-08-24,2025-08-31,croissant_dough,61.56,14.717919107575732
seasonal_naive,2025-08-24,2025-08-31,cup_cold,70.04,24.46568788751961
seasonal_naive,2025-08-24,2025-08-31,cup_hot,625.21,108.54060121623132
seasonal_naive,2025-08-24,2025-08-31,ice,7992.000000000001,2758.959903400452
seasonal_naive,2025-08-24,2025-08-31,milk,88515.0,15661.90452499312
seasonal_naive,2025-08-24,2025-08-31,sugar,4941.94,858.5379159999422
seasonal_naive,2025-08-24,2025-08-31,tea_leaves,626.24,130.8819296050561
seasonal_naive,2025-08-24,2025-09-01,bread,120.84,26.976848769339416
seasonal_naive,2025-08-24,2025-09-01,chocolate_syrup,1092.0,552.9743946539091
seasonal_naive,2025-08-24,2025-09-01,coffee_beans,6581.7,1418.1896839723925
seasonal_naive,2025-08-24,2025-09-01,croissant_dough,32.400000000000006,14.717919107575732
seasonal_naive,2025-08-24,2025-09-01,cup_cold,58.71,24.46568788751961
seasonal_naive,2025-08-24,2025-09-01,cup_hot,412.0,108.54060121623132
seasonal_naive,2025-08-24,2025-09-01,ice,6782.400000000001,2758.959903400452
seasonal_naive,2025-08-24,2025-09-01,milk,62811.0,15661.90452499312
seasonal_naive,2025-08-24,2025-09-01,sugar,3349.56,858.5379159999422
seasonal_naive,2025-08-24,2025-09-01,tea_leaves,276.04,130.8819296050561
seasonal_naive,2025-08-24,2025-09-02,bread,57.24,26.976848769339416
seasonal_naive,2025-08-24,2025-09-02,chocolate_syrup,904.8,552.9743946539091
seasonal_naive,2025-08-24,2025-09-02,coffee_beans,4783.32,1418.1896839723925
seasonal_naive,2025-08-24,2025-09-02,croissant_dough,51.84,14.717919107575732
seasonal_naive,2025-08-24,2025-09-02,cup_cold,56.65,24.46568788751961
seasonal_naive,2025-08-24,2025-09-02,cup_hot,298.7,108.54060121623132
seasonal_naive,2025-08-24,2025-09-02,ice,6307.200000000001,2758.959903400452
seasonal_naive,2025-08-24,2025-09-02,milk,43302.0,15661.90452499312
seasonal_naive,2025-08-24,2025-09-02,sugar,2472.0,858.5379159999422
seasonal_naive,2025-08-24,2025-09-02,tea_leaves,238.96,130.8819296050561
seasonal_naive,2025-08-24,2025-09-03,bread,65.72,26.976848769339416
seasonal_naive,2025-08-24,2025-09-03,chocolate_syrup,655.2,552.9743946539091
seasonal_naive,2025-08-24,2025-09-03,coffee_beans,4616.46,1418.1896839723925
seasonal_naive,2025-08-24,2025-09-03,croissant_dough,34.56,14.717919107575732
seasonal_naive,2025-08-24,2025-09-03,cup_cold,40.17,24.46568788751961
seasonal_naive,2025-08-24,2025-09-03,cup_hot,282.22,108.54060121623132
seasonal_naive,2025-08-24,2025-09-03,ice,4730.400000000001,2758.959903400452
seasonal_naive,2025-08-24,2025-09-03,milk,37369.5,15661.90452499312
seasonal_naive,2025-08-24,2025-09-03,sugar,2026.01,858.5379159999422
seasonal_naive,2025-08-24,2025-09-03,tea_leaves,177.16,130.8819296050561
seasonal_naive,2025-08-24,2025-09-04,bread,86.92,26.976848769339416
seasonal_naive,2025-08-24,2025-09-04,chocolate_syrup,998.4,552.9743946539091
seasonal_naive,2025-08-24,2025-09-04,coffee_beans,5568.179999999999,1418.1896839723925
seasonal_naive,2025-08-24,2025-09-04,croissant_dough,51.84,14.717919107575732
seasonal_naive,2025-08-24,2025-09-04,cup_cold,75.53333333333335,24.46568788751961
seasonal_naive,2025-08-24,2025-09-04,cup_hot,338.87,108.54060121623132
seasonal_naive,2025-08-24,2025-09-04,ice,8719.2,2758.959903400452
seasonal_naive,2025-08-24,2025-09-04,milk,50680.0,15661.90452499312
seasonal_naive,2025-08-24,2025-09-04,sugar,2858.25,858.5379159999422
seasonal_naive,2025-08-24,2025-09-04,tea_leaves,288.40000000000003,130.8819296050561
seasonal_naive,2025-08-24,2025-09-05,bread,69.96000000000001,26.976848769339416
seasonal_naive,2025-08-24,2025-09-05,chocolate_syrup,1341.6,552.9743946539091
seasonal_naive,2025-08-24,2025-09-05,coffee_beans,6210.9,1418.1896839723925
seasonal_naive,2025-08-24,2025-09-05,croissant_dough,55.080000000000005,14.717919107575732
seasonal_naive,2025-08-24,2025-09-05,cup_cold,73.13000000000001,24.46568788751961
seasonal_naive,2025-08-24,2025-09-05,cup_hot,390.37000000000006,108.54060121623132
seasonal_naive,2025-08-24,2025-09-05,ice,8553.6,2758.959903400452
seasonal_naive,2025-08-24,2025-09-05,milk,59524.5,15661.90452499312
seasonal_naive,2025-08-24,2025-09-05,sugar,3201.24,858.5379159999422
seasonal_naive,2025-08-24,2025-09-05,tea_leaves,296.64,130.8819296050561
seasonal_naive,2025-08-24,2025-09-06,bread,125.08,26.976848769339416
seasonal_naive,2025-08-24,2025-09-06,chocolate_syrup,936.0,552.9743946539091
seasonal_naive,2025-08-24,2025-09-06,coffee_beans,7162.619999999999,1418.1896839723925
seasonal_naive,2025-08-24,2025-09-06,croissant_dough,41.040000000000006,14.717919107575732
seasonal_naive,2025-08-24,2025-09-06,cup_cold,108.15,24.46568788751961
seasonal_naive,2025-08-24,2025-09-06,cup_hot,392.77333333333337,108.54060121623132
seasonal_naive,2025-08-24,2025-09-06,ice,12117.6,2758.959903400452
seasonal_naive,2025-08-24,2025-09-06,milk,66496.5,15661.90452499312
seasonal_naive,2025-08-24,2025-09-06,sugar,3767.396666666667,858.5379159999422
seasonal_naive,2025-08-24,2025-09-06,tea_leaves,288.40000000000003,130.8819296050561
seasonal_naive,2025-08-24,2025-09-07,bread,116.6,26.976848769339416
seasonal_naive,2025-08-24,2025-09-07,chocolate_syrup,1716.0000000000002,552.9743946539091
seasonal_naive,2025-08-24,2025-09-07,coffee_beans,8676.72,1418.1896839723925
seasonal_naive,2025-08-24,2025-09-07,croissant_dough,61.56,14.717919107575732
seasonal_naive,2025-08-24,2025-09-07,cup_cold,70.04,24.46568788751961
seasonal_naive,2025-08-24,2025-09-07,cup_hot,625.21,108.54060121623132
seasonal_naive,2025-08-24,2025-09-07,ice,7992.000000000001,2758.959903400452
seasonal_naive,2025-08-24,2025-09-07,milk,88515.0,15661.90452499312
seasonal_naive,2025-08-24,2025-09-07,sugar,4941.94,858.5379159999422
seasonal_naive,2025-08-24,2025-09-07,tea_leaves,626.24,130.8819296050561
seasonal_naive,2025-08-24,2025-09-08,bread,120.84,26.976848769339416
seasonal_naive,2025-08-24,2025-09-08,chocolate_syrup,1092.0,552.9743946539091
seasonal_naive,2025-08-24,2025-09-08,coffee_beans,6581.7,1418.1896839723925
seasonal_naive,2025-08-24,2025-09-08,croissant_dough,32.400000000000006,14.717919107575732
seasonal_naive,2025-08-24,2025-09-08,cup_cold,58.71,24.46568788751961
seasonal_naive,2025-08-24,2025-09-08,cup_hot,412.0,108.54060121623132
seasonal_naive,2025-08-24,2025-09-08,ice,6782.400000000001,2758.959903400452
seasonal_naive,2025-08-24,2025-09-08,milk,62811.0,15661.90452499312
seasonal_naive,2025-08-24,2025-09-08,sugar,3349.56,858.5379159999422
seasonal_naive,2025-08-24,2025-09-08,tea_leaves,276.04,130.8819296050561
seasonal_naive,2025-08-24,2025-09-09,bread,57.24,26.976848769339416
seasonal_naive,2025-08-24,2025-09-09,chocolate_syrup,904.8,552.9743946539091
seasonal_naive,2025-08-24,2025-09-09,coffee_beans,4783.32,1418.1896839723925
seasonal_naive,2025-08-24,2025-09-09,croissant_dough,51.84,14.717919107575732
seasonal_naive,2025-08-24,2025-09-09,cup_cold,56.65,24.46568788751961
seasonal_naive,2025-08-24,2025-09-09,cup_hot,298.7,108.54060121623132
seasonal_naive,2025-08-24,2025-09-09,ice,6307.200000000001,2758.959903400452
seasonal_naive,2025-08-24,2025-09-09,milk,43302.0,15661.90452499312
seasonal_naive,2025-08-24,2025-09-09,sugar,2472.0,858.5379159999422
seasonal_naive,2025-08-24,2025-09-09,tea_leaves,238.96,130.8819296050561
ml,2025-08-24,2025-08-24,bread,101.85712908684224,26.03913213657101
ml,2025-08-24,2025-08-24,chocolate_syrup,1357.7982418899023,374.1854714105565
ml,2025-08-24,2025-08-24,coffee_beans,6903.90969421598,1858.8046261397467
ml,2025-08-24,2025-08-24,croissant_dough,50.147781712511886,13.6476822112016
ml,2025-08-24,2025-08-24,cup_cold,98.11279360827136,23.244764685953328
ml,2025-08-24,2025-08-24,cup_hot,406.5019114115148,111.94936753515395
ml,2025-08-24,2025-08-24,ice,11166.205849120412,2635.2348130569444
ml,2025-08-24,2025-08-24,milk,65273.59251844795,16494.964592533994
ml,2025-08-24,2025-08-24,sugar,3644.18841622625,918.815946304496
ml,2025-08-24,2025-08-24,tea_leaves,304.9576672003883,78.29716296198042
ml,2025-08-24,2025-08-25,bread,84.32523340493246,26.03913213657101
ml,2025-08-24,2025-08-25,chocolate_syrup,1114.6888007358386,374.1854714105565
ml,2025-08-24,2025-08-25,coffee_beans,5395.004923221965,1858.8046261397467
ml,2025-08-24,2025-08-25,croissant_dough,42.47002075713564,13.6476822112016
ml,2025-08-24,2025-08-25,cup_cold,76.62148788981196,23.244764685953328
ml,2025-08-24,2025-08-25,cup_hot,314.9750039017396,111.94936753515395
ml,2025-08-24,2025-08-25,ice,8725.460892095702,2635.2348130569444
ml,2025-08-24,2025-08-25,milk,50846.516628968384,16494.964592533994
ml,2025-08-24,2025-08-25,sugar,2826.1149754037065,918.815946304496
ml,2025-08-24,2025-08-25,tea_leaves,220.29989900261825,78.29716296198042
ml,2025-08-24,2025-08-26,bread,85.59734951492729,26.03913213657101
ml,2025-08-24,2025-08-26,chocolate_syrup,1152.86553523827,374.1854714105565
ml,2025-08-24,2025-08-26,coffee_beans,5619.047672315434,1858.8046261397467
ml,2025-08-24,2025-08-26,croissant_dough,43.63995143187846,13.6476822112016
ml,2025-08-24,2025-08-26,cup_cold,81.49914350766633,23.244764685953328
ml,2025-08-24,2025-08-26,cup_hot,326.8227556392954,111.94936753515395
ml,2025-08-24,2025-08-26,ice,9264.817432911275,2635.2348130569444
ml,2025-08-24,2025-08-26,milk,53601.60496967514,16494.964592533994
ml,2025-08-24,2025-08-26,sugar,2963.016697685945,918.815946304496
ml,2025-08-24,2025-08-26,tea_leaves,232.37296411235448,78.29716296198042
ml,2025-08-24,2025-08-27,bread,87.62019294382421,26.03913213657101
ml,2025-08-24,2025-08-27,chocolate_syrup,1149.376272726274,374.1854714105565
ml,2025-08-24,2025-08-27,coffee_beans,5529.882790938851,1858.8046261397467
ml,2025-08-24,2025-08-27,croissant_dough,43.21048165621775,13.6476822112016
ml,2025-08-24,2025-08-27,cup_cold,83.07897992392706,23.244764685953328
ml,2025-08-24,2025-08-27,cup_hot,322.8576243169484,111.94936753515395
ml,2025-08-24,2025-08-27,ice,9443.788252712828,2635.2348130569444
ml,2025-08-24,2025-08-27,milk,52656.76458027924,16494.964592533994
ml,2025-08-24,2025-08-27,sugar,2956.454849566549,918.815946304496
ml,2025-08-24,2025-08-27,tea_leaves,243.1069641598175,78.29716296198042
ml,2025-08-24,2025-08-28,bread,87.31048480334222,26.03913213657101
ml,2025-08-24,2025-08-28,chocolate_syrup,1188.8525866503182,374.1854714105565
ml,2025-08-24,2025-08-28,coffee_beans,5828.554778949856,1858.8046261397467
ml,2025-08-24,2025-08-28,croissant_dough,43.96425933357886,13.6476822112016
ml,2025-08-24,2025-08-28,cup_cold,84.03867496129972,23.244764685953328
ml,2025-08-24,2025-08-28,cup_hot,339.5503598653364,111.94936753515395
ml,2025-08-24,2025-08-28,ice,9554.987417996654,2635.2348130569444
ml,2025-08-24,2025-08-28,milk,56151.22632607712,16494.964592533994
ml,2025-08-24,2025-08-28,sugar,3097.3873215769554,918.815946304496
ml,2025-08-24,2025-08-28,tea_leaves,242.1322357471968,78.29716296198042
ml,2025-08-24,2025-08-29,bread,92.83300913961384,26.03913213657101
ml,2025-08-24,2025-08-29,chocolate_syrup,1266.3441419283115,374.1854714105565
ml,2025-08-24,2025-08-29,coffee_beans,6815.032709775229,1858.8046261397467
ml,2025-08-24,2025-08-29,croissant_dough,48.248054571278175,13.6476822112016
ml,2025-08-24,2025-08-29,cup_cold,108.42615037727748,23.244764685953328
ml,2025-08-24,2025-08-29,cup_hot,389.69362166862607,111.94936753515395
ml,2025-08-24,2025-08-29,ice,12422.44813903562,2635.2348130569444
ml,2025-08-24,2025-08-29,milk,65291.25995143725,16494.964592533994
ml,2025-08-24,2025-08-29,sugar,3694.312881772481,918.815946304496
ml,2025-08-24,2025-08-29,tea_leaves,310.80500744046566,78.29716296198042
ml,2025-08-24,2025-08-30,bread,112.47182213921184,26.03913213657101
ml,2025-08-24,2025-08-30,chocolate_syrup,1441.666217526017,374.1854714105565
ml,2025-08-24,2025-08-30,coffee_beans,7169.25146971403,1858.8046261397467
ml,2025-08-24,2025-08-30,croissant_dough,52.96174872019573,13.6476822112016
ml,2025-08-24,2025-08-30,cup_cold,110.92784311792776,23.244764685953328
ml,2025-08-24,2025-08-30,cup_hot,414.15374640968616,111.94936753515395
ml,2025-08-24,2025-08-30,ice,12552.002900484846,2635.2348130569444
ml,2025-08-24,2025-08-30,milk,68064.38724441556,16494.964592533994
ml,2025-08-24,2025-08-30,sugar,3846.239423306725,918.815946304496
ml,2025-08-24,2025-08-30,tea_leaves,316.78549252633786,78.29716296198042
ml,2025-08-24,2025-08-31,bread,110.19003330915524,26.03913213657101
ml,2025-08-24,2025-08-31,chocolate_syrup,1439.6158762402567,374.1854714105565
ml,2025-08-24,2025-08-31,coffee_beans,7573.011786247614,1858.8046261397467
ml,2025-08-24,2025-08-31,croissant_dough,54.759575794429374,13.6476822112016
ml,2025-08-24,2025-08-31,cup_cold,126.8235000979971,23.244764685953328
ml,2025-08-24,2025-08-31,cup_hot,425.4532724271348,111.94936753515395
ml,2025-08-24,2025-08-31,ice,14204.83588457139,2635.2348130569444
ml,2025-08-24,2025-08-31,milk,73740.57515194887,16494.964592533994
ml,2025-08-24,2025-08-31,sugar,4232.6283524981545,918.815946304496
ml,2025-08-24,2025-08-31,tea_leaves,336.11245992659644,78.29716296198042
ml,2025-08-24,2025-09-01,bread,91.08675756139829,26.03913213657101
ml,2025-08-24,2025-09-01,chocolate_syrup,1157.1994451430178,374.1854714105565
ml,2025-08-24,2025-09-01,coffee_beans,5490.410400782553,1858.8046261397467
ml,2025-08-24,2025-09-01,croissant_dough,42.92048250399415,13.6476822112016
ml,2025-08-24,2025-09-01,cup_cold,82.0202250821419,23.244764685953328
ml,2025-08-24,2025-09-01,cup_hot,322.40680423404064,111.94936753515395
ml,2025-08-24,2025-09-01,ice,9313.692307012976,2635.2348130569444
ml,2025-08-24,2025-09-01,milk,52375.43812093968,16494.964592533994
ml,2025-08-24,2025-09-01,sugar,2945.4748944440094,918.815946304496
ml,2025-08-24,2025-09-01,tea_leaves,244.8072467706617,78.29716296198042
ml,2025-08-24,2025-09-02,bread,92.480231774223,26.03913213657101
ml,2025-08-24,2025-09-02,chocolate_syrup,1577.5947083636052,374.1854714105565
ml,2025-08-24,2025-09-02,coffee_beans,5543.38835882493,1858.8046261397467
ml,2025-08-24,2025-09-02,croissant_dough,44.52055807987816,13.6476822112016
ml,2025-08-24,2025-09-02,cup_cold,86.21810163144546,23.244764685953328
ml,2025-08-24,2025-09-02,cup_hot,335.5242621278753,111.94936753515395
ml,2025-08-24,2025-09-02,ice,9768.6083463156,2635.2348130569444
ml,2025-08-24,2025-09-02,milk,56177.95808663177,16494.964592533994
ml,2025-08-24,2025-09-02,sugar,3108.401708458341,918.815946304496
ml,2025-08-24,2025-09-02,tea_leaves,246.78197150167725,78.29716296198042
ml,2025-08-24,2025-09-03,bread,95.12184401149732,26.03913213657101
ml,2025-08-24,2025-09-03,chocolate_syrup,1225.476046351903,374.1854714105565
ml,2025-08-24,2025-09-03,coffee_beans,5708.626681236552,1858.8046261397467
ml,2025-08-24,2025-09-03,croissant_dough,45.55114871229168,13.6476822112016
ml,2025-08-24,2025-09-03,cup_cold,86.53158596786352,23.244764685953328
ml,2025-08-24,2025-09-03,cup_hot,333.68091079772563,111.94936753515395
ml,2025-08-24,2025-09-03,ice,9816.92391299376,2635.2348130569444
ml,2025-08-24,2025-09-03,milk,55159.037583539306,16494.964592533994
ml,2025-08-24,2025-09-03,sugar,3088.381266235974,918.815946304496
ml,2025-08-24,2025-09-03,tea_leaves,250.4405970769953,78.29716296198042
ml,2025-08-24,2025-09-04,bread,88.26705850053001,26.03913213657101
ml,2025-08-24,2025-09-04,chocolate_syrup,1156.9906702144606,374.1854714105565
ml,2025-08-24,2025-09-04,coffee_beans,5342.546339075387,1858.8046261397467
ml,2025-08-24,2025-09-04,croissant_dough,41.302449875443976,13.6476822112016
ml,2025-08-24,2025-09-04,cup_cold,84.18958729124775,23.244764685953328
ml,2025-08-24,2025-09-04,cup_hot,318.0984056655708,111.94936753515395
ml,2025-08-24,2025-09-04,ice,9552.731385668912,2635.2348130569444
ml,2025-08-24,2025-09-04,milk,52531.89866118592,16494.964592533994
ml,2025-08-24,2025-09-04,sugar,2993.6323539735267,918.815946304496
ml,2025-08-24,2025-09-04,tea_leaves,269.1373507095521,78.29716296198042
ml,2025-08-24,2025-09-05,bread,97.05283826734929,26.03913213657101
ml,2025-08-24,2025-09-05,chocolate_syrup,1195.4750129591978,374.1854714105565
ml,2025-08-24,2025-09-05,coffee_beans,5988.975393369565,1858.8046261397467
ml,2025-08-24,2025-09-05,croissant_dough,44.2310744783066,13.6476822112016
ml,2025-08-24,2025-09-05,cup_cold,92.6937119497514,23.244764685953328
ml,2025-08-24,2025-09-05,cup_hot,345.5772540119116,111.94936753515395
ml,2025-08-24,2025-09-05,ice,10477.271649418357,2635.2348130569444
ml,2025-08-24,2025-09-05,milk,57071.6047276533,16494.964592533994
ml,2025-08-24,2025-09-05,sugar,3235.8973441150506,918.815946304496
ml,2025-08-24,2025-09-05,tea_leaves,264.33643497632454,78.29716296198042
ml,2025-08-24,2025-09-06,bread,111.245918105996,26.03913213657101
ml,2025-08-24,2025-09-06,chocolate_syrup,1391.7586559117196,374.1854714105565
ml,2025-08-24,2025-09-06,coffee_beans,6937.905771450013,1858.8046261397467
ml,2025-08-24,2025-09-06,croissant_dough,49.84553378720688,13.6476822112016
ml,2025-08-24,2025-09-06,cup_cold,109.34650527926073,23.244764685953328
ml,2025-08-24,2025-09-06,cup_hot,395.5984894008543,111.94936753515395
ml,2025-08-24,2025-09-06,ice,12329.845626748856,2635.2348130569444
ml,2025-08-24,2025-09-06,milk,65718.17836302536,16494.964592533994
ml,2025-08-24,2025-09-06,sugar,3723.110528017004,918.815946304496
ml,2025-08-24,2025-09-06,tea_leaves,294.2396258013454,78.29716296198042
ml,2025-08-24,2025-09-07,bread,110.7865662221184,26.03913213657101
ml,2025-08-24,2025-09-07,chocolate_syrup,1366.547266993115,374.1854714105565
ml,2025-08-24,2025-09-07,coffee_beans,7033.323733503419,1858.8046261397467
ml,2025-08-24,2025-09-07,croissant_dough,51.00506763068641,13.6476822112016
ml,2025-08-24,2025-09-07,cup_cold,110.56792716857468,23.244764685953328
ml,2025-08-24,2025-09-07,cup_hot,402.1800123377058,111.94936753515395
ml,2025-08-24,2025-09-07,ice,12461.265278805644,2635.2348130569444
ml,2025-08-24,2025-09-07,milk,66563.38425128016,16494.964592533994
ml,2025-08-24,2025-09-07,sugar,3794.864991707388,918.815946304496
ml,2025-08-24,2025-09-07,tea_leaves,307.5766097675791,78.29716296198042
ml,2025-08-24,2025-09-08,bread,84.13678816920225,26.03913213657101
ml,2025-08-24,2025-09-08,chocolate_syrup,1096.553442624676,374.1854714105565
ml,2025-08-24,2025-09-08,coffee_beans,5336.582736360235,1858.8046261397467
ml,2025-08-24,2025-09-08,croissant_dough,39.47416229382734,13.6476822112016
ml,2025-08-24,2025-09-08,cup_cold,79.18933421794912,23.244764685953328
ml,2025-08-24,2025-09-08,cup_hot,311.0387617564562,111.94936753515395
ml,2025-08-24,2025-09-08,ice,8945.809567541297,2635.2348130569444
ml,2025-08-24,2025-09-08,milk,51177.38076678045,16494.964592533994
ml,2025-08-24,2025-09-08,sugar,2869.6983280959785,918.815946304496
ml,2025-08-24,2025-09-08,tea_leaves,230.2038212145671,78.29716296198042
ml,2025-08-24,2025-09-09,bread,91.88896285297749,26.03913213657101
ml,2025-08-24,2025-09-09,chocolate_syrup,1112.2759397123689,374.1854714105565
ml,2025-08-24,2025-09-09,coffee_beans,5237.206342235084,1858.8046261397467
ml,2025-08-24,2025-09-09,croissant_dough,52.578410830466495,13.6476822112016
ml,2025-08-24,2025-09-09,cup_cold,82.31840109016395,23.244764685953328
ml,2025-08-24,2025-09-09,cup_hot,298.4698676594501,111.94936753515395
ml,2025-08-24,2025-09-09,ice,9320.01499198576,2635.2348130569444
ml,2025-08-24,2025-09-09,milk,49789.851826752194,16494.964592533994
ml,2025-08-24,2025-09-09,sugar,2795.9753094198586,918.815946304496
ml,2025-08-24,2025-09-09,tea_leaves,212.4519795568468,78.29716296198042
manual,2025-08-31,2025-08-31,bread,95.94514285714288,0.0
manual,2025-08-31,2025-08-31,chocolate_syrup,1329.12,0.0
manual,2025-08-31,2025-08-31,coffee_beans,8149.124571428571,0.0
manual,2025-08-31,2025-08-31,croissant_dough,45.91542857142857,0.0
manual,2025-08-31,2025-08-31,cup_cold,97.11428571428571,0.0
manual,2025-08-31,2025-08-31,cup_hot,483.0111428571428,0.0
manual,2025-08-31,2025-08-31,ice,11086.354285714286,0.0
manual,2025-08-31,2025-08-31,milk,71692.2,0.0
manual,2025-08-31,2025-08-31,sugar,3940.368,0.0
manual,2025-08-31,2025-08-31,tea_leaves,334.07314285714284,0.0
manual,2025-08-31,2025-09-01,bread,95.94514285714288,0.0
manual,2025-08-31,2025-09-01,chocolate_syrup,1329.12,0.0
manual,2025-08-31,2025-09-01,coffee_beans,8149.124571428571,0.0
manual,2025-08-31,2025-09-01,croissant_dough,45.91542857142857,0.0
manual,2025-08-31,2025-09-01,cup_cold,97.11428571428571,0.0
manual,2025-08-31,2025-09-01,cup_hot,483.0111428571428,0.0
manual,2025-08-31,2025-09-01,ice,11086.354285714286,0.0
manual,2025-08-31,2025-09-01,milk,71692.2,0.0
manual,2025-08-31,2025-09-01,sugar,3940.368,0.0
manual,2025-08-31,2025-09-01,tea_leaves,334.07314285714284,0.0
manual,2025-08-31,2025-09-02,bread,95.94514285714288,0.0
manual,2025-08-31,2025-09-02,chocolate_syrup,1329.12,0.0
manual,2025-08-31,2025-09-02,coffee_beans,8149.124571428571,0.0
manual,2025-08-31,2025-09-02,croissant_dough,45.91542857142857,0.0
manual,2025-08-31,2025-09-02,cup_cold,97.11428571428571,0.0
manual,2025-08-31,2025-09-02,cup_hot,483.0111428571428,0.0
manual,2025-08-31,2025-09-02,ice,11086.354285714286,0.0
manual,2025-08-31,2025-09-02,milk,71692.2,0.0
manual,2025-08-31,2025-09-02,sugar,3940.368,0.0
manual,2025-08-31,2025-09-02,tea_leaves,334.07314285714284,0.0
manual,2025-08-31,2025-09-03,bread,95.94514285714288,0.0
manual,2025-08-31,2025-09-03,chocolate_syrup,1329.12,0.0
manual,2025-08-31,2025-09-03,coffee_beans,8149.124571428571,0.0
manual,2025-08-31,2025-09-03,croissant_dough,45.91542857142857,0.0
manual,2025-08-31,2025-09-03,cup_cold,97.11428571428571,0.0
manual,2025-08-31,2025-09-03,cup_hot,483.0111428571428,0.0
manual,2025-08-31,2025-09-03,ice,11086.354285714286,0.0
manual,2025-08-31,2025-09-03,milk,71692.2,0.0
manual,2025-08-31,2025-09-03,sugar,3940.368,0.0
manual,2025-08-31,2025-09-03,tea_leaves,334.07314285714284,0.0
manual,2025-08-31,2025-09-04,bread,95.94514285714288,0.0
manual,2025-08-31,2025-09-04,chocolate_syrup,1329.12,0.0
manual,2025-08-31,2025-09-04,coffee_beans,8149.124571428571,0.0
manual,2025-08-31,2025-09-04,croissant_dough,45.91542857142857,0.0
manual,2025-08-31,2025-09-04,cup_cold,97.11428571428571,0.0
manual,2025-08-31,2025-09-04,cup_hot,483.0111428571428,0.0
manual,2025-08-31,2025-09-04,ice,11086.354285714286,0.0
manual,2025-08-31,2025-09-04,milk,71692.2,0.0
manual,2025-08-31,2025-09-04,sugar,3940.368,0.0
manual,2025-08-31,2025-09-04,tea_leaves,334.07314285714284,0.0
manual,2025-08-31,2025-09-05,bread,95.94514285714288,0.0
manual,2025-08-31,2025-09-05,chocolate_syrup,1329.12,0.0
manual,2025-08-31,2025-09-05,coffee_beans,8149.124571428571,0.0
manual,2025-08-31,2025-09-05,croissant_dough,45.91542857142857,0.0
manual,2025-08-31,2025-09-05,cup_cold,97.11428571428571,0.0
manual,2025-08-31,2025-09-05,cup_hot,483.0111428571428,0.0
manual,2025-08-31,2025-09-05,ice,11086.354285714286,0.0
manual,2025-08-31,2025-09-05,milk,71692.2,0.0
manual,2025-08-31,2025-09-05,sugar,3940.368,0.0
manual,2025-08-31,2025-09-05,tea_leaves,334.07314285714284,0.0
manual,2025-08-31,2025-09-06,bread,95.94514285714288,0.0
manual,2025-08-31,2025-09-06,chocolate_syrup,1329.12,0.0
manual,2025-08-31,2025-09-06,coffee_beans,8149.124571428571,0.0
manual,2025-08-31,2025-09-06,croissant_dough,45.91542857142857,0.0
manual,2025-08-31,2025-09-06,cup_cold,97.11428571428571,0.0
manual,2025-08-31,2025-09-06,cup_hot,483.0111428571428,0.0
manual,2025-08-31,2025-09-06,ice,11086.354285714286,0.0
manual,2025-08-31,2025-09-06,milk,71692.2,0.0
manual,2025-08-31,2025-09-06,sugar,3940.368,0.0
manual,2025-08-31,2025-09-06,tea_leaves,334.07314285714284,0.0
manual,2025-08-31,2025-09-07,bread,95.94514285714288,0.0
manual,2025-08-31,2025-09-07,chocolate_syrup,1329.12,0.0
manual,2025-08-31,2025-09-07,coffee_beans,8149.124571428571,0.0
manual,2025-08-31,2025-09-07,croissant_dough,45.91542857142857,0.0
manual,2025-08-31,2025-09-07,cup_cold,97.11428571428571,0.0
manual,2025-08-31,2025-09-07,cup_hot,483.0111428571428,0.0
manual,2025-08-31,2025-09-07,ice,11086.354285714286,0.0
manual,2025-08-31,2025-09-07,milk,71692.2,0.0
manual,2025-08-31,2025-09-07,sugar,3940.368,0.0
manual,2025-08-31,2025-09-07,tea_leaves,334.07314285714284,0.0
manual,2025-08-31,2025-09-08,bread,95.94514285714288,0.0
manual,2025-08-31,2025-09-08,chocolate_syrup,1329.12,0.0
manual,2025-08-31,2025-09-08,coffee_beans,8149.124571428571,0.0
manual,2025-08-31,2025-09-08,croissant_dough,45.91542857142857,0.0
manual,2025-08-31,2025-09-08,cup_cold,97.11428571428571,0.0
manual,2025-08-31,2025-09-08,cup_hot,483.0111428571428,0.0
manual,2025-08-31,2025-09-08,ice,11086.354285714286,0.0
manual,2025-08-31,2025-09-08,milk,71692.2,0.0
manual,2025-08-31,2025-09-08,sugar,3940.368,0.0
manual,2025-08-31,2025-09-08,tea_leaves,334.07314285714284,0.0
manual,2025-08-31,2025-09-09,bread,95.94514285714288,0.0
manual,2025-08-31,2025-09-09,chocolate_syrup,1329.12,0.0
manual,2025-08-31,2025-09-09,coffee_beans,8149.124571428571,0.0
manual,2025-08-31,2025-09-09,croissant_dough,45.91542857142857,0.0
manual,2025-08-31,2025-09-09,cup_cold,97.11428571428571,0.0
manual,2025-08-31,2025-09-09,cup_hot,483.0111428571428,0.0
manual,2025-08-31,2025-09-09,ice,11086.354285714286,0.0
manual,2025-08-31,2025-09-09,milk,71692.2,0.0
manual,2025-08-31,2025-09-09,sugar,3940.368,0.0
manual,2025-08-31,2025-09-09,tea_leaves,334.07314285714284,0.0
manual,2025-08-31,2025-09-10,bread,95.94514285714288,0.0
manual,2025-08-31,2025-09-10,chocolate_syrup,1329.12,0.0
manual,2025-08-31,2025-09-10,coffee_beans,8149.124571428571,0.0
manual,2025-08-31,2025-09-10,croissant_dough,45.91542857142857,0.0
manual,2025-08-31,2025-09-10,cup_cold,97.11428571428571,0.0
manual,2025-08-31,2025-09-10,cup_hot,483.0111428571428,0.0
manual,2025-08-31,2025-09-10,ice,11086.354285714286,0.0
manual,2025-08-31,2025-09-10,milk,71692.2,0.0
manual,2025-08-31,2025-09-10,sugar,3940.368,0.0
manual,2025-08-31,2025-09-10,tea_leaves,334.07314285714284,0.0
manual,2025-08-31,2025-09-11,bread,95.94514285714288,0.0
manual,2025-08-31,2025-09-11,chocolate_syrup,1329.12,0.0
manual,2025-08-31,2025-09-11,coffee_beans,8149.124571428571,0.0
manual,2025-08-31,2025-09-11,croissant_dough,45.91542857142857,0.0
manual,2025-08-31,2025-09-11,cup_cold,97.11428571428571,0.0
manual,2025-08-31,2025-09-11,cup_hot,483.0111428571428,0.0
manual,2025-08-31,2025-09-11,ice,11086.354285714286,0.0
manual,2025-08-31,2025-09-11,milk,71692.2,0.0
manual,2025-08-31,2025-09-11,sugar,3940.368,0.0
manual,2025-08-31,2025-09-11,tea_leaves,334.07314285714284,0.0
manual,2025-08-31,2025-09-12,bread,95.94514285714288,0.0
manual,2025-08-31,2025-09-12,chocolate_syrup,1329.12,0.0
manual,2025-08-31,2025-09-12,coffee_beans,8149.124571428571,0.0
manual,2025-08-31,2025-09-12,croissant_dough,45.91542857142857,0.0
manual,2025-08-31,2025-09-12,cup_cold,97.11428571428571,0.0
manual,2025-08-31,2025-09-12,cup_hot,483.0111428571428,0.0
manual,2025-08-31,2025-09-12,ice,11086.354285714286,0.0
manual,2025-08-31,2025-09-12,milk,71692.2,0.0
manual,2025-08-31,2025-09-12,sugar,3940.368,0.0
manual,2025-08-31,2025-09-12,tea_leaves,334.07314285714284,0.0
manual,2025-08-31,2025-09-13,bread,95.94514285714288,0.0
manual,2025-08-31,2025-09-13,chocolate_syrup,1329.12,0.0
manual,2025-08-31,2025-09-13,coffee_beans,8149.124571428571,0.0
manual,2025-08-31,2025-09-13,croissant_dough,45.91542857142857,0.0
manual,2025-08-31,2025-09-13,cup_cold,97.11428571428571,0.0
manual,2025-08-31,2025-09-13,cup_hot,483.0111428571428,0.0
manual,2025-08-31,2025-09-13,ice,11086.354285714286,0.0
manual,2025-08-31,2025-09-13,milk,71692.2,0.0
manual,2025-08-31,2025-09-13,sugar,3940.368,0.0
manual,2025-08-31,2025-09-13,tea_leaves,334.07314285714284,0.0
manual,2025-08-31,2025-09-14,bread,95.94514285714288,0.0
manual,2025-08-31,2025-09-14,chocolate_syrup,1329.12,0.0
manual,2025-08-31,2025-09-14,coffee_beans,8149.124571428571,0.0
manual,2025-08-31,2025-09-14,croissant_dough,45.91542857142857,0.0
manual,2025-08-31,2025-09-14,cup_cold,97.11428571428571,0.0
manual,2025-08-31,2025-09-14,cup_hot,483.0111428571428,0.0
manual,2025-08-31,2025-09-14,ice,11086.354285714286,0.0
manual,2025-08-31,2025-09-14,milk,71692.2,0.0
manual,2025-08-31,2025-09-14,sugar,3940.368,0.0
manual,2025-08-31,2025-09-14,tea_leaves,334.07314285714284,0.0
manual,2025-08-31,2025-09-15,bread,95.94514285714288,0.0
manual,2025-08-31,2025-09-15,chocolate_syrup,1329.12,0.0
manual,2025-08-31,2025-09-15,coffee_beans,8149.124571428571,0.0
manual,2025-08-31,2025-09-15,croissant_dough,45.91542857142857,0.0
manual,2025-08-31,2025-09-15,cup_cold,97.11428571428571,0.0
manual,2025-08-31,2025-09-15,cup_hot,483.0111428571428,0.0
manual,2025-08-31,2025-09-15,ice,11086.354285714286,0.0
manual,2025-08-31,2025-09-15,milk,71692.2,0.0
manual,2025-08-31,2025-09-15,sugar,3940.368,0.0
manual,2025-08-31,2025-09-15,tea_leaves,334.07314285714284,0.0
manual,2025-08-31,2025-09-16,bread,95.94514285714288,0.0
manual,2025-08-31,2025-09-16,chocolate_syrup,1329.12,0.0
manual,2025-08-31,2025-09-16,coffee_beans,8149.124571428571,0.0
manual,2025-08-31,2025-09-16,croissant_dough,45.91542857142857,0.0
manual,2025-08-31,2025-09-16,cup_cold,97.11428571428571,0.0
manual,2025-08-31,2025-09-16,cup_hot,483.0111428571428,0.0
manual,2025-08-31,2025-09-16,ice,11086.354285714286,0.0
manual,2025-08-31,2025-09-16,milk,71692.19999999998,0.0
manual,2025-08-31,2025-09-16,sugar,3940.368,0.0
manual,2025-08-31,2025-09-16,tea_leaves,334.07314285714284,0.0
seasonal_naive,2025-08-31,2025-08-31,bread,74.2,33.19279779773055
seasonal_naive,2025-08-31,2025-08-31,chocolate_syrup,748.8000000000001,603.0896450777446
seasonal_naive,2025-08-31,2025-08-31,coffee_beans,6340.68,1414.326555399315
seasonal_naive,2025-08-31,2025-08-31,croissant_dough,33.480000000000004,15.347248312620437
seasonal_naive,2025-08-31,2025-08-31,cup_cold,77.25,18.552100751874228
seasonal_naive,2025-08-31,2025-08-31,cup_hot,352.26000000000005,131.31119862118896
seasonal_naive,2025-08-31,2025-08-31,ice,9007.2,2042.9304020676543
seasonal_naive,2025-08-31,2025-08-31,milk,52962.0,15845.179663762829
seasonal_naive,2025-08-31,2025-08-31,sugar,2868.5500000000006,908.5322435516952
seasonal_naive,2025-08-31,2025-08-31,tea_leaves,210.12,173.2806690211296
seasonal_naive,2025-08-31,2025-09-01,bread,61.48,33.19279779773055
seasonal_naive,2025-08-31,2025-09-01,chocolate_syrup,936.0,603.0896450777446
seasonal_naive,2025-08-31,2025-09-01,coffee_beans,5469.3,1414.326555399315
seasonal_naive,2025-08-31,2025-09-01,croissant_dough,32.400000000000006,15.347248312620437
seasonal_naive,2025-08-31,2025-09-01,cup_cold,54.59,18.552100751874228
seasonal_naive,2025-08-31,2025-09-01,cup_hot,339.9,131.31119862118896
seasonal_naive,2025-08-31,2025-09-01,ice,6112.8,2042.9304020676543
seasonal_naive,2025-08-31,2025-09-01,milk,52647.0,15845.179663762829
seasonal_naive,2025-08-31,2025-09-01,sugar,2839.71,908.5322435516952
seasonal_naive,2025-08-31,2025-09-01,tea_leaves,238.96,173.2806690211296
seasonal_naive,2025-08-31,2025-09-02,bread,116.6,33.19279779773055
seasonal_naive,2025-08-31,2025-09-02,chocolate_syrup,1107.6,603.0896450777446
seasonal_naive,2025-08-31,2025-09-02,coffee_beans,7137.9,1414.326555399315
seasonal_naive,2025-08-31,2025-09-02,croissant_dough,24.840000000000003,15.347248312620437
seasonal_naive,2025-08-31,2025-09-02,cup_cold,80.34,18.552100751874228
seasonal_naive,2025-08-31,2025-09-02,cup_hot,421.785,131.31119862118896
seasonal_naive,2025-08-31,2025-09-02,ice,9223.2,2042.9304020676543
seasonal_naive,2025-08-31,2025-09-02,milk,61761.0,15845.179663762829
seasonal_naive,2025-08-31,2025-09-02,sugar,3373.25,908.5322435516952
seasonal_naive,2025-08-31,2025-09-02,tea_leaves,276.04,173.2806690211296
seasonal_naive,2025-08-31,2025-09-03,bread,33.92,33.19279779773055
seasonal_naive,2025-08-31,2025-09-03,chocolate_syrup,1029.6,603.0896450777446
seasonal_naive,2025-08-31,2025-09-03,coffee_beans,5413.679999999999,1414.326555399315
seasonal_naive,2025-08-31,2025-09-03,croissant_dough,37.8,15.347248312620437
seasonal_naive,2025-08-31,2025-09-03,cup_cold,78.28,18.552100751874228
seasonal_naive,2025-08-31,2025-09-03,cup_hot,316.21,131.31119862118896
seasonal_naive,2025-08-31,2025-09-03,ice,8920.800000000001,2042.9304020676543
seasonal_naive,2025-08-31,2025-09-03,milk,45570.0,15845.179663762829
seasonal_naive,2025-08-31,2025-09-03,sugar,2623.4100000000003,908.5322435516952
seasonal_naive,2025-08-31,2025-09-03,tea_leaves,238.96,173.2806690211296
seasonal_naive,2025-08-31,2025-09-04,bread,89.04,33.19279779773055
seasonal_naive,2025-08-31,2025-09-04,chocolate_syrup,686.4000000000001,603.0896450777446
seasonal_naive,2025-08-31,2025-09-04,coffee_beans,7100.82,1414.326555399315
seasonal_naive,2025-08-31,2025-09-04,croissant_dough,31.32,15.347248312620437
seasonal_naive,2025-08-31,2025-09-04,cup_cold,60.77,18.552100751874228
seasonal_naive,2025-08-31,2025-09-04,cup_hot,418.18000000000006,131.31119862118896
seasonal_naive,2025-08-31,2025-09-04,ice,7128.000000000001,2042.9304020676543
seasonal_naive,2025-08-31,2025-09-04,milk,56322.0,15845.179663762829
seasonal_naive,2025-08-31,2025-09-04,sugar,2939.6200000000003,908.5322435516952
seasonal_naive,2025-08-31,2025-09-04,tea_leaves,247.2,173.2806690211296
seasonal_naive,2025-08-31,2025-09-05,bread,89.04,33.19279779773055
seasonal_naive,2025-08-31,2025-09-05,chocolate_syrup,1248.0,603.0896450777446
seasonal_naive,2025-08-31,2025-09-05,coffee_beans,7953.660000000001,1414.326555399315
seasonal_naive,2025-08-31,2025-09-05,croissant_dough,45.36,15.347248312620437
seasonal_naive,2025-08-31,2025-09-05,cup_cold,86.52,18.552100751874228
seasonal_naive,2025-08-31,2025-09-05,cup_hot,498.52,131.31119862118896
seasonal_naive,2025-08-31,2025-09-05,ice,9957.6,2042.9304020676543
seasonal_naive,2025-08-31,2025-09-05,milk,72849.0,15845.179663762829
seasonal_naive,2025-08-31,2025-09-05,sugar,4050.99,908.5322435516952
seasonal_naive,2025-08-31,2025-09-05,tea_leaves,407.88,173.2806690211296
seasonal_naive,2025-08-31,2025-09-06,bread,95.4,33.19279779773055
seasonal_naive,2025-08-31,2025-09-06,chocolate_syrup,1996.8,603.0896450777446
seasonal_naive,2025-08-31,2025-09-06,coffee_beans,8120.519999999999,1414.326555399315
seasonal_naive,2025-08-31,2025-09-06,croissant_dough,62.64,15.347248312620437
seasonal_naive,2025-08-31,2025-09-06,cup_cold,128.75,18.552100751874228
seasonal_naive,2025-08-31,2025-09-06,cup_hot,470.71,131.31119862118896
seasonal_naive,2025-08-31,2025-09-06,ice,14320.8,2042.9304020676543
seasonal_naive,2025-08-31,2025-09-06,milk,76093.5,15845.179663762829
seasonal_naive,2025-08-31,2025-09-06,sugar,4289.950000000001,908.5322435516952
seasonal_naive,2025-08-31,2025-09-06,tea_leaves,329.6,173.2806690211296
seasonal_naive,2025-08-31,2025-09-07,bread,74.2,33.19279779773055
seasonal_naive,2025-08-31,2025-09-07,chocolate_syrup,748.8000000000001,603.0896450777446
seasonal_naive,2025-08-31,2025-09-07,coffee_beans,6340.68,1414.326555399315
seasonal_naive,2025-08-31,2025-09-07,croissant_dough,33.480000000000004,15.347248312620437
seasonal_naive,2025-08-31,2025-09-07,cup_cold,77.25,18.552100751874228
seasonal_naive,2025-08-31,2025-09-07,cup_hot,352.26000000000005,131.31119862118896
seasonal_naive,2025-08-31,2025-09-07,ice,9007.2,2042.9304020676543
seasonal_naive,2025-08-31,2025-09-07,milk,52962.0,15845.179663762829
seasonal_naive,2025-08-31,2025-09-07,sugar,2868.5500000000006,908.5322435516952
seasonal_naive,2025-08-31,2025-09-07,tea_leaves,210.12,173.2806690211296
seasonal_naive,2025-08-31,2025-09-08,bread,61.48,33.19279779773055
seasonal_naive,2025-08-31,2025-09-08,chocolate_syrup,936.0,603.0896450777446
seasonal_naive,2025-08-31,2025-09-08,coffee_beans,5469.3,1414.326555399315
seasonal_naive,2025-08-31,2025-09-08,croissant_dough,32.400000000000006,15.347248312620437
seasonal_naive,2025-08-31,2025-09-08,cup_cold,54.59,18.552100751874228
seasonal_naive,2025-08-31,2025-09-08,cup_hot,339.9,131.31119862118896
seasonal_naive,2025-08-31,2025-09-08,ice,6112.8,2042.9304020676543
seasonal_naive,2025-08-31,2025-09-08,milk,52647.0,15845.179663762829
seasonal_naive,2025-08-31,2025-09-08,sugar,2839.71,908.5322435516952
seasonal_naive,2025-08-31,2025-09-08,tea_leaves,238.96,173.2806690211296
seasonal_naive,2025-08-31,2025-09-09,bread,116.6,33.19279779773055
seasonal_naive,2025-08-31,2025-09-09,chocolate_syrup,1107.6,603.0896450777446
seasonal_naive,2025-08-31,2025-09-09,coffee_beans,7137.9,1414.326555399315
seasonal_naive,2025-08-31,2025-09-09,croissant_dough,24.840000000000003,15.347248312620437
seasonal_naive,2025-08-31,2025-09-09,cup_cold,80.34,18.552100751874228
seasonal_naive,2025-08-31,2025-09-09,cup_hot,421.785,131.31119862118896
seasonal_naive,2025-08-31,2025-09-09,ice,9223.2,2042.9304020676543
seasonal_naive,2025-08-31,2025-09-09,milk,61761.0,15845.179663762829
seasonal_naive,2025-08-31,2025-09-09,sugar,3373.25,908.5322435516952
seasonal_naive,2025-08-31,2025-09-09,tea_leaves,276.04,173.2806690211296
seasonal_naive,2025-08-31,2025-09-10,bread,33.92,33.19279779773055
seasonal_naive,2025-08-31,2025-09-10,chocolate_syrup,1029.6,603.0896450777446
seasonal_naive,2025-08-31,2025-09-10,coffee_beans,5413.679999999999,1414.326555399315
seasonal_naive,2025-08-31,2025-09-10,croissant_dough,37.8,15.347248312620437
seasonal_naive,2025-08-31,2025-09-10,cup_cold,78.28,18.552100751874228
seasonal_naive,2025-08-31,2025-09-10,cup_hot,316.21,131.31119862118896
seasonal_naive,2025-08-31,2025-09-10,ice,8920.800000000001,2042.9304020676543
seasonal_naive,2025-08-31,2025-09-10,milk,45570.0,15845.179663762829
seasonal_naive,2025-08-31,2025-09-10,sugar,2623.4100000000003,908.5322435516952
seasonal_naive,2025-08-31,2025-09-10,tea_leaves,238.96,173.2806690211296
seasonal_naive,2025-08-31,2025-09-11,bread,89.04,33.19279779773055
seasonal_naive,2025-08-31,2025-09-11,chocolate_syrup,686.4000000000001,603.0896450777446
seasonal_naive,2025-08-31,2025-09-11,coffee_beans,7100.82,1414.326555399315
seasonal_naive,2025-08-31,2025-09-11,croissant_dough,31.32,15.347248312620437
seasonal_naive,2025-08-31,2025-09-11,cup_cold,60.77,18.552100751874228
seasonal_naive,2025-08-31,2025-09-11,cup_hot,418.18000000000006,131.31119862118896
seasonal_naive,2025-08-31,2025-09-11,ice,7128.000000000001,2042.9304020676543
seasonal_naive,2025-08-31,2025-09-11,milk,56322.0,15845.179663762829
seasonal_naive,2025-08-31,2025-09-11,sugar,2939.6200000000003,908.5322435516952
seasonal_naive,2025-08-31,2025-09-11,tea_leaves,247.2,173.2806690211296
seasonal_naive,2025-08-31,2025-09-12,bread,89.04,33.19279779773055
seasonal_naive,2025-08-31,2025-09-12,chocolate_syrup,1248.0,603.0896450777446
seasonal_naive,2025-08-31,2025-09-12,coffee_beans,7953.660000000001,1414.326555399315
seasonal_naive,2025-08-31,2025-09-12,croissant_dough,45.36,15.347248312620437
seasonal_naive,2025-08-31,2025-09-12,cup_cold,86.52,18.552100751874228
seasonal_naive,2025-08-31,2025-09-12,cup_hot,498.52,131.31119862118896
seasonal_naive,2025-08-31,2025-09-12,ice,9957.6,2042.9304020676543
seasonal_naive,2025-08-31,2025-09-12,milk,72849.0,15845.179663762829
seasonal_naive,2025-08-31,2025-09-12,sugar,4050.99,908.5322435516952
seasonal_naive,2025-08-31,2025-09-12,tea_leaves,407.88,173.2806690211296
seasonal_naive,2025-08-31,2025-09-13,bread,95.4,33.19279779773055
seasonal_naive,2025-08-31,2025-09-13,chocolate_syrup,1996.8,603.0896450777446
seasonal_naive,2025-08-31,2025-09-13,coffee_beans,8120.519999999999,1414.326555399315
seasonal_naive,2025-08-31,2025-09-13,croissant_dough,62.64,15.347248312620437
seasonal_naive,2025-08-31,2025-09-13,cup_cold,128.75,18.552100751874228
seasonal_naive,2025-08-31,2025-09-13,cup_hot,470.71,131.31119862118896
seasonal_naive,2025-08-31,2025-09-13,ice,14320.8,2042.9304020676543
seasonal_naive,2025-08-31,2025-09-13,milk,76093.5,15845.179663762829
seasonal_naive,2025-08-31,2025-09-13,sugar,4289.950000000001,908.5322435516952
seasonal_naive,2025-08-31,2025-09-13,tea_leaves,329.6,173.2806690211296
seasonal_naive,2025-08-31,2025-09-14,bread,74.2,33.19279779773055
seasonal_naive,2025-08-31,2025-09-14,chocolate_syrup,748.8000000000001,603.0896450777446
seasonal_naive,2025-08-31,2025-09-14,coffee_beans,6340.68,1414.326555399315
seasonal_naive,2025-08-31,2025-09-14,croissant_dough,33.480000000000004,15.347248312620437
seasonal_naive,2025-08-31,2025-09-14,cup_cold,77.25,18.552100751874228
seasonal_naive,2025-08-31,2025-09-14,cup_hot,352.26000000000005,131.31119862118896
seasonal_naive,2025-08-31,2025-09-14,ice,9007.2,2042.9304020676543
seasonal_naive,2025-08-31,2025-09-14,milk,52962.0,15845.179663762829
seasonal_naive,2025-08-31,2025-09-14,sugar,2868.5500000000006,908.5322435516952
seasonal_naive,2025-08-31,2025-09-14,tea_leaves,210.12,173.2806690211296
seasonal_naive,2025-08-31,2025-09-15,bread,61.48,33.19279779773055
seasonal_naive,2025-08-31,2025-09-15,chocolate_syrup,936.0,603.0896450777446
seasonal_naive,2025-08-31,2025-09-15,coffee_beans,5469.3,1414.326555399315
seasonal_naive,2025-08-31,2025-09-15,croissant_dough,32.400000000000006,15.347248312620437
seasonal_naive,2025-08-31,2025-09-15,cup_cold,54.59,18.552100751874228
seasonal_naive,2025-08-31,2025-09-15,cup_hot,339.9,131.31119862118896
seasonal_naive,2025-08-31,2025-09-15,ice,6112.8,2042.9304020676543
seasonal_naive,2025-08-31,2025-09-15,milk,52647.0,15845.179663762829
seasonal_naive,2025-08-31,2025-09-15,sugar,2839.71,908.5322435516952
seasonal_naive,2025-08-31,2025-09-15,tea_leaves,238.96,173.2806690211296
seasonal_naive,2025-08-31,2025-09-16,bread,116.6,33.19279779773055
seasonal_naive,2025-08-31,2025-09-16,chocolate_syrup,1107.6,603.0896450777446
seasonal_naive,2025-08-31,2025-09-16,coffee_beans,7137.9,1414.326555399315
seasonal_naive,2025-08-31,2025-09-16,croissant_dough,24.840000000000003,15.347248312620437
seasonal_naive,2025-08-31,2025-09-16,cup_cold,80.34,18.552100751874228
seasonal_naive,2025-08-31,2025-09-16,cup_hot,421.785,131.31119862118896
seasonal_naive,2025-08-31,2025-09-16,ice,9223.2,2042.9304020676543
seasonal_naive,2025-08-31,2025-09-16,milk,61761.0,15845.179663762829
seasonal_naive,2025-08-31,2025-09-16,sugar,3373.2500000000005,908.5322435516952
seasonal_naive,2025-08-31,2025-09-16,tea_leaves,276.04,173.2806690211296
ml,2025-08-31,2025-08-31,bread,106.55150134268396,25.50078985366041
ml,2025-08-31,2025-08-31,chocolate_syrup,1416.6313060523742,380.0127240718335
ml,2025-08-31,2025-08-31,coffee_beans,7759.02776835927,1668.5885096754664
ml,2025-08-31,2025-08-31,croissant_dough,51.6403636132132,11.649945218628888
ml,2025-08-31,2025-08-31,cup_cold,120.05973035770197,26.47256343620339
ml,2025-08-31,2025-08-31,cup_hot,441.9869468424821,95.65164258198564
ml,2025-08-31,2025-08-31,ice,13464.47665385157,2965.349463681428
ml,2025-08-31,2025-08-31,milk,74118.9665169353,15781.0640242542
ml,2025-08-31,2025-08-31,sugar,4208.258510197396,889.3254170647924
ml,2025-08-31,2025-08-31,tea_leaves,336.8903356738111,67.51821006872221
ml,2025-08-31,2025-09-01,bread,84.86501829109712,25.50078985366041
ml,2025-08-31,2025-09-01,chocolate_syrup,1167.864664240303,380.0127240718335
ml,2025-08-31,2025-09-01,coffee_beans,5534.139029964769,1668.5885096754664
ml,2025-08-31,2025-09-01,croissant_dough,40.03180997135858,11.649945218628888
ml,2025-08-31,2025-09-01,cup_cold,74.95977024659851,26.47256343620339
ml,2025-08-31,2025-09-01,cup_hot,331.1587985336702,95.65164258198564
ml,2025-08-31,2025-09-01,ice,8543.433810227702,2965.349463681428
ml,2025-08-31,2025-09-01,milk,52649.73740481712,15781.0640242542
ml,2025-08-31,2025-09-01,sugar,2905.653093143289,889.3254170647924
ml,2025-08-31,2025-09-01,tea_leaves,240.44757562024864,67.51821006872221
ml,2025-08-31,2025-09-02,bread,87.80835217582198,25.50078985366041
ml,2025-08-31,2025-09-02,chocolate_syrup,1576.658923430375,380.0127240718335
ml,2025-08-31,2025-09-02,coffee_beans,5629.956950964512,1668.5885096754664
ml,2025-08-31,2025-09-02,croissant_dough,40.42779055960607,11.649945218628888
ml,2025-08-31,2025-09-02,cup_cold,80.22847489303734,26.47256343620339
ml,2025-08-31,2025-09-02,cup_hot,345.9436499047725,95.65164258198564
ml,2025-08-31,2025-09-02,ice,9122.625472956564,2965.349463681428
ml,2025-08-31,2025-09-02,milk,56704.26020353408,15781.0640242542
ml,2025-08-31,2025-09-02,sugar,3087.4110268999584,889.3254170647924
ml,2025-08-31,2025-09-02,tea_leaves,245.387122335884,67.51821006872221
ml,2025-08-31,2025-09-03,bread,87.45619243061124,25.50078985366041
ml,2025-08-31,2025-09-03,chocolate_syrup,1229.47144816081,380.0127240718335
ml,2025-08-31,2025-09-03,coffee_beans,5799.346000804686,1668.5885096754664
ml,2025-08-31,2025-09-03,croissant_dough,41.24839608845832,11.649945218628888
ml,2025-08-31,2025-09-03,cup_cold,80.38055078069965,26.47256343620339
ml,2025-08-31,2025-09-03,cup_hot,343.0728992721335,95.65164258198564
ml,2025-08-31,2025-09-03,ice,9150.643348125746,2965.349463681428
ml,2025-08-31,2025-09-03,milk,55147.56261333675,15781.0640242542
ml,2025-08-31,2025-09-03,sugar,3034.6826640854915,889.3254170647924
ml,2025-08-31,2025-09-03,tea_leaves,242.71696350187665,67.51821006872221
ml,2025-08-31,2025-09-04,bread,86.23411806695889,25.50078985366041
ml,2025-08-31,2025-09-04,chocolate_syrup,1175.9086042101803,380.0127240718335
ml,2025-08-31,2025-09-04,coffee_beans,5214.45968310991,1668.5885096754664
ml,2025-08-31,2025-09-04,croissant_dough,39.84832741542054,11.649945218628888
ml,2025-08-31,2025-09-04,cup_cold,74.64953757748685,26.47256343620339
ml,2025-08-31,2025-09-04,cup_hot,319.8074431888298,95.65164258198564
ml,2025-08-31,2025-09-04,ice,8507.194682602423,2965.349463681428
ml,2025-08-31,2025-09-04,milk,51139.144719069445,15781.0640242542
ml,2025-08-31,2025-09-04,sugar,2869.024806249785,889.3254170647924
ml,2025-08-31,2025-09-04,tea_leaves,263.7788658353096,67.51821006872221
ml,2025-08-31,2025-09-05,bread,90.17864531348116,25.50078985366041
ml,2025-08-31,2025-09-05,chocolate_syrup,1255.5870610902166,380.0127240718335
ml,2025-08-31,2025-09-05,coffee_beans,5707.525803020113,1668.5885096754664
ml,2025-08-31,2025-09-05,croissant_dough,43.04329739075239,11.649945218628888
ml,2025-08-31,2025-09-05,cup_cold,82.47639206466953,26.47256343620339
ml,2025-08-31,2025-09-05,cup_hot,339.3513251264807,95.65164258198564
ml,2025-08-31,2025-09-05,ice,9352.38238011442,2965.349463681428
ml,2025-08-31,2025-09-05,milk,54413.42114141501,15781.0640242542
ml,2025-08-31,2025-09-05,sugar,3045.821431839397,889.3254170647924
ml,2025-08-31,2025-09-05,tea_leaves,253.1699202828333,67.51821006872221
ml,2025-08-31,2025-09-06,bread,104.66280338975258,25.50078985366041
ml,2025-08-31,2025-09-06,chocolate_syrup,1475.7445503345657,380.0127240718335
ml,2025-08-31,2025-09-06,coffee_beans,6667.0218091629895,1668.5885096754664
ml,2025-08-31,2025-09-06,croissant_dough,49.80256672677539,11.649945218628888
ml,2025-08-31,2025-09-06,cup_cold,98.81983625269724,26.47256343620339
ml,2025-08-31,2025-09-06,cup_hot,394.6262317623244,95.65164258198564
ml,2025-08-31,2025-09-06,ice,11185.726432335274,2965.349463681428
ml,2025-08-31,2025-09-06,milk,64471.81160465528,15781.0640242542
ml,2025-08-31,2025-09-06,sugar,3611.304873732523,889.3254170647924
ml,2025-08-31,2025-09-06,tea_leaves,297.3499101719944,67.51821006872221
ml,2025-08-31,2025-09-07,bread,106.95473799767282,25.50078985366041
ml,2025-08-31,2025-09-07,chocolate_syrup,1374.1135139561072,380.0127240718335
ml,2025-08-31,2025-09-07,coffee_beans,6825.59290717092,1668.5885096754664
ml,2025-08-31,2025-09-07,croissant_dough,50.89308289078485,11.649945218628888
ml,2025-08-31,2025-09-07,cup_cold,96.5031807187134,26.47256343620339
ml,2025-08-31,2025-09-07,cup_hot,404.0745917352674,95.65164258198564
ml,2025-08-31,2025-09-07,ice,10953.03511177749,2965.349463681428
ml,2025-08-31,2025-09-07,milk,64365.93117781603,15781.0640242542
ml,2025-08-31,2025-09-07,sugar,3613.3708330606064,889.3254170647924
ml,2025-08-31,2025-09-07,tea_leaves,304.0592147982668,67.51821006872221
ml,2025-08-31,2025-09-08,bread,83.1618378238831,25.50078985366041
ml,2025-08-31,2025-09-08,chocolate_syrup,1088.0029700142093,380.0127240718335
ml,2025-08-31,2025-09-08,coffee_beans,5006.3224195761,1668.5885096754664
ml,2025-08-31,2025-09-08,croissant_dough,38.6983403162462,11.649945218628888
ml,2025-08-31,2025-09-08,cup_cold,69.03811066316938,26.47256343620339
ml,2025-08-31,2025-09-08,cup_hot,299.6671404265668,95.65164258198564
ml,2025-08-31,2025-09-08,ice,7848.272795322334,2965.349463681428
ml,2025-08-31,2025-09-08,milk,47789.44248382807,15781.0640242542
ml,2025-08-31,2025-09-08,sugar,2652.018138585596,889.3254170647924
ml,2025-08-31,2025-09-08,tea_leaves,218.63272405383205,67.51821006872221
ml,2025-08-31,2025-09-09,bread,88.46184127224818,25.50078985366041
ml,2025-08-31,2025-09-09,chocolate_syrup,1113.8906309634178,380.0127240718335
ml,2025-08-31,2025-09-09,coffee_beans,4983.909311876796,1668.5885096754664
ml,2025-08-31,2025-09-09,croissant_dough,49.74796168822304,11.649945218628888
ml,2025-08-31,2025-09-09,cup_cold,72.95108311077087,26.47256343620339
ml,2025-08-31,2025-09-09,cup_hot,293.942181892798,95.65164258198564
ml,2025-08-31,2025-09-09,ice,8302.880735216413,2965.349463681428
ml,2025-08-31,2025-09-09,milk,47175.68000240845,15781.0640242542
ml,2025-08-31,2025-09-09,sugar,2631.4885257599685,889.3254170647924
ml,2025-08-31,2025-09-09,tea_leaves,212.94697149135675,67.51821006872221
ml,2025-08-31,2025-09-10,bread,87.67462510087674,25.50078985366041
ml,2025-08-31,2025-09-10,chocolate_syrup,1437.669953883087,380.0127240718335
ml,2025-08-31,2025-09-10,coffee_beans,5215.212291165693,1668.5885096754664
ml,2025-08-31,2025-09-10,croissant_dough,41.51872577578746,11.649945218628888
ml,2025-08-31,2025-09-10,cup_cold,77.03978066792148,26.47256343620339
ml,2025-08-31,2025-09-10,cup_hot,320.2369494430655,95.65164258198564
ml,2025-08-31,2025-09-10,ice,8774.20758396807,2965.349463681428
ml,2025-08-31,2025-09-10,milk,52008.6023114492,15781.0640242542
ml,2025-08-31,2025-09-10,sugar,2875.165745708433,889.3254170647924
ml,2025-08-31,2025-09-10,tea_leaves,240.3246951635909,67.51821006872221
ml,2025-08-31,2025-09-11,bread,91.5643974525673,25.50078985366041
ml,2025-08-31,2025-09-11,chocolate_syrup,1137.4384299919843,380.0127240718335
ml,2025-08-31,2025-09-11,coffee_beans,5920.1392834244125,1668.5885096754664
ml,2025-08-31,2025-09-11,croissant_dough,43.08432260235292,11.649945218628888
ml,2025-08-31,2025-09-11,cup_cold,78.35207433806407,26.47256343620339
ml,2025-08-31,2025-09-11,cup_hot,350.8679755498761,95.65164258198564
ml,2025-08-31,2025-09-11,ice,8928.669251616264,2965.349463681428
ml,2025-08-31,2025-09-11,milk,53113.40651864835,15781.0640242542
ml,2025-08-31,2025-09-11,sugar,2959.1307038374807,889.3254170647924
ml,2025-08-31,2025-09-11,tea_leaves,251.0934891892745,67.51821006872221
ml,2025-08-31,2025-09-12,bread,93.87950677690748,25.50078985366041
ml,2025-08-31,2025-09-12,chocolate_syrup,1188.2459018320485,380.0127240718335
ml,2025-08-31,2025-09-12,coffee_beans,5874.629583339625,1668.5885096754664
ml,2025-08-31,2025-09-12,croissant_dough,59.06973566702704,11.649945218628888
ml,2025-08-31,2025-09-12,cup_cold,86.05193276138263,26.47256343620339
ml,2025-08-31,2025-09-12,cup_hot,342.6717578210356,95.65164258198564
ml,2025-08-31,2025-09-12,ice,9780.419164119516,2965.349463681428
ml,2025-08-31,2025-09-12,milk,55390.469000694655,15781.0640242542
ml,2025-08-31,2025-09-12,sugar,3094.592469966192,889.3254170647924
ml,2025-08-31,2025-09-12,tea_leaves,252.5121268584301,67.51821006872221
ml,2025-08-31,2025-09-13,bread,110.7353057490861,25.50078985366041
ml,2025-08-31,2025-09-13,chocolate_syrup,1369.9907148356922,380.0127240718335
ml,2025-08-31,2025-09-13,coffee_beans,6917.587105782255,1668.5885096754664
ml,2025-08-31,2025-09-13,croissant_dough,54.10701603523268,11.649945218628888
ml,2025-08-31,2025-09-13,cup_cold,98.4708893867092,26.47256343620339
ml,2025-08-31,2025-09-13,cup_hot,403.15363173242434,95.65164258198564
ml,2025-08-31,2025-09-13,ice,11201.258051806948,2965.349463681428
ml,2025-08-31,2025-09-13,milk,64206.63104875881,15781.0640242542
ml,2025-08-31,2025-09-13,sugar,3595.18576782204,889.3254170647924
ml,2025-08-31,2025-09-13,tea_leaves,288.3474751214053,67.51821006872221
ml,2025-08-31,2025-09-14,bread,109.47207416912744,25.50078985366041
ml,2025-08-31,2025-09-14,chocolate_syrup,1380.1194789170354,380.0127240718335
ml,2025-08-31,2025-09-14,coffee_beans,6880.725040201024,1668.5885096754664
ml,2025-08-31,2025-09-14,croissant_dough,54.727474068997736,11.649945218628888
ml,2025-08-31,2025-09-14,cup_cold,95.05328713133042,26.47256343620339
ml,2025-08-31,2025-09-14,cup_hot,409.6632164434806,95.65164258198564
ml,2025-08-31,2025-09-14,ice,10850.05253519336,2965.349463681428
ml,2025-08-31,2025-09-14,milk,64542.27621495108,15781.0640242542
ml,2025-08-31,2025-09-14,sugar,3599.804678193493,889.3254170647924
ml,2025-08-31,2025-09-14,tea_leaves,307.56945879074107,67.51821006872221
ml,2025-08-31,2025-09-15,bread,111.892485155793,25.50078985366041
ml,2025-08-31,2025-09-15,chocolate_syrup,1090.9048682631417,380.0127240718335
ml,2025-08-31,2025-09-15,coffee_beans,5117.45007742095,1668.5885096754664
ml,2025-08-31,2025-09-15,croissant_dough,42.69486043976556,11.649945218628888
ml,2025-08-31,2025-09-15,cup_cold,73.96997798913198,26.47256343620339
ml,2025-08-31,2025-09-15,cup_hot,301.9061623130667,95.65164258198564
ml,2025-08-31,2025-09-15,ice,8429.086139686535,2965.349463681428
ml,2025-08-31,2025-09-15,milk,48714.74897731197,15781.0640242542
ml,2025-08-31,2025-09-15,sugar,2717.6640759891407,889.3254170647924
ml,2025-08-31,2025-09-15,tea_leaves,222.2380464428951,67.51821006872221
ml,2025-08-31,2025-09-16,bread,93.7473647714838,25.50078985366041
ml,2025-08-31,2025-09-16,chocolate_syrup,1123.163197507507,380.0127240718335
ml,2025-08-31,2025-09-16,coffee_beans,5114.778121964016,1668.5885096754664
ml,2025-08-31,2025-09-16,croissant_dough,46.28645759226757,11.649945218628888
ml,2025-08-31,2025-09-16,cup_cold,78.51932928428275,26.47256343620339
ml,2025-08-31,2025-09-16,cup_hot,296.5004501879546,95.65164258198564
ml,2025-08-31,2025-09-16,ice,8942.743944726386,2965.349463681428
ml,2025-08-31,2025-09-16,milk,48334.27027196073,15781.0640242542
ml,2025-08-31,2025-09-16,sugar,2699.218598858604,889.3254170647924
ml,2025-08-31,2025-09-16,tea_leaves,215.14661726881764,67.51821006872221
manual,2025-09-07,2025-09-07,bread,125.928,0.0
manual,2025-09-07,2025-09-07,chocolate_syrup,1465.5085714285717,0.0
manual,2025-09-07,2025-09-07,coffee_beans,8961.706285714285,0.0
manual,2025-09-07,2025-09-07,croissant_dough,54.21600000000001,0.0
manual,2025-09-07,2025-09-07,cup_cold,107.326,0.0
manual,2025-09-07,2025-09-07,cup_hot,563.5865714285715,0.0
manual,2025-09-07,2025-09-07,ice,12186.72,0.0
manual,2025-09-07,2025-09-07,milk,84997.2,0.0
manual,2025-09-07,2025-09-07,sugar,4831.965428571429,0.0
manual,2025-09-07,2025-09-07,tea_leaves,498.6377142857143,0.0
manual,2025-09-07,2025-09-08,bread,125.928,0.0
manual,2025-09-07,2025-09-08,chocolate_syrup,1465.5085714285717,0.0
manual,2025-09-07,2025-09-08,coffee_beans,8961.706285714285,0.0
manual,2025-09-07,2025-09-08,croissant_dough,54.21600000000001,0.0
manual,2025-09-07,2025-09-08,cup_cold,107.326,0.0
manual,2025-09-07,2025-09-08,cup_hot,563.5865714285715,0.0
manual,2025-09-07,2025-09-08,ice,12186.72,0.0
manual,2025-09-07,2025-09-08,milk,84997.2,0.0
manual,2025-09-07,2025-09-08,sugar,4831.965428571429,0.0
manual,2025-09-07,2025-09-08,tea_leaves,498.6377142857143,0.0
manual,2025-09-07,2025-09-09,bread,125.928,0.0
manual,2025-09-07,2025-09-09,chocolate_syrup,1465.5085714285717,0.0
manual,2025-09-07,2025-09-09,coffee_beans,8961.706285714285,0.0
manual,2025-09-07,2025-09-09,croissant_dough,54.21600000000001,0.0
manual,2025-09-07,2025-09-09,cup_cold,107.326,0.0
manual,2025-09-07,2025-09-09,cup_hot,563.5865714285715,0.0
manual,2025-09-07,2025-09-09,ice,12186.72,0.0
manual,2025-09-07,2025-09-09,milk,84997.2,0.0
manual,2025-09-07,2025-09-09,sugar,4831.965428571429,0.0
manual,2025-09-07,2025-09-09,tea_leaves,498.6377142857143,0.0
manual,2025-09-07,2025-09-10,bread,125.928,0.0
manual,2025-09-07,2025-09-10,chocolate_syrup,1465.5085714285717,0.0
manual,2025-09-07,2025-09-10,coffee_beans,8961.706285714285,0.0
manual,2025-09-07,2025-09-10,croissant_dough,54.21600000000001,0.0
manual,2025-09-07,2025-09-10,cup_cold,107.326,0.0
manual,2025-09-07,2025-09-10,cup_hot,563.5865714285715,0.0
manual,2025-09-07,2025-09-10,ice,12186.72,0.0
manual,2025-09-07,2025-09-10,milk,84997.2,0.0
manual,2025-09-07,2025-09-10,sugar,4831.965428571429,0.0
manual,2025-09-07,2025-09-10,tea_leaves,498.6377142857143,0.0
manual,2025-09-07,2025-09-11,bread,125.928,0.0
manual,2025-09-07,2025-09-11,chocolate_syrup,1465.5085714285717,0.0
manual,2025-09-07,2025-09-11,coffee_beans,8961.706285714285,0.0
manual,2025-09-07,2025-09-11,croissant_dough,54.21600000000001,0.0
manual,2025-09-07,2025-09-11,cup_cold,107.326,0.0
manual,2025-09-07,2025-09-11,cup_hot,563.5865714285715,0.0
manual,2025-09-07,2025-09-11,ice,12186.72,0.0
manual,2025-09-07,2025-09-11,milk,84997.2,0.0
manual,2025-09-07,2025-09-11,sugar,4831.965428571429,0.0
manual,2025-09-07,2025-09-11,tea_leaves,498.6377142857143,0.0
manual,2025-09-07,2025-09-12,bread,125.928,0.0
manual,2025-09-07,2025-09-12,chocolate_syrup,1465.5085714285717,0.0
manual,2025-09-07,2025-09-12,coffee_beans,8961.706285714285,0.0
manual,2025-09-07,2025-09-12,croissant_dough,54.21600000000001,0.0
manual,2025-09-07,2025-09-12,cup_cold,107.326,0.0
manual,2025-09-07,2025-09-12,cup_hot,563.5865714285715,0.0
manual,2025-09-07,2025-09-12,ice,12186.72,0.0
manual,2025-09-07,2025-09-12,milk,84997.2,0.0
manual,2025-09-07,2025-09-12,sugar,4831.965428571429,0.0
manual,2025-09-07,2025-09-12,tea_leaves,498.6377142857143,0.0
manual,2025-09-07,2025-09-13,bread,125.928,0.0
manual,2025-09-07,2025-09-13,chocolate_syrup,1465.5085714285717,0.0
manual,2025-09-07,2025-09-13,coffee_beans,8961.706285714285,0.0
manual,2025-09-07,2025-09-13,croissant_dough,54.21600000000001,0.0
manual,2025-09-07,2025-09-13,cup_cold,107.326,0.0
manual,2025-09-07,2025-09-13,cup_hot,563.5865714285715,0.0
manual,2025-09-07,2025-09-13,ice,12186.72,0.0
manual,2025-09-07,2025-09-13,milk,84997.2,0.0
manual,2025-09-07,2025-09-13,sugar,4831.965428571429,0.0
manual,2025-09-07,2025-09-13,tea_leaves,498.6377142857143,0.0
manual,2025-09-07,2025-09-14,bread,125.928,0.0
manual,2025-09-07,2025-09-14,chocolate_syrup,1465.5085714285717,0.0
manual,2025-09-07,2025-09-14,coffee_beans,8961.706285714285,0.0
manual,2025-09-07,2025-09-14,croissant_dough,54.21600000000001,0.0
manual,2025-09-07,2025-09-14,cup_cold,107.326,0.0
manual,2025-09-07,2025-09-14,cup_hot,563.5865714285715,0.0
manual,2025-09-07,2025-09-14,ice,12186.72,0.0
manual,2025-09-07,2025-09-14,milk,84997.2,0.0
manual,2025-09-07,2025-09-14,sugar,4831.965428571429,0.0
manual,2025-09-07,2025-09-14,tea_leaves,498.6377142857143,0.0
manual,2025-09-07,2025-09-15,bread,125.928,0.0
manual,2025-09-07,2025-09-15,chocolate_syrup,1465.5085714285717,0.0
manual,2025-09-07,2025-09-15,coffee_beans,8961.706285714285,0.0
manual,2025-09-07,2025-09-15,croissant_dough,54.21600000000001,0.0
manual,2025-09-07,2025-09-15,cup_cold,107.326,0.0
manual,2025-09-07,2025-09-15,cup_hot,563.5865714285715,0.0
manual,2025-09-07,2025-09-15,ice,12186.72,0.0
manual,2025-09-07,2025-09-15,milk,84997.2,0.0
manual,2025-09-07,2025-09-15,sugar,4831.965428571429,0.0
manual,2025-09-07,2025-09-15,tea_leaves,498.6377142857143,0.0
manual,2025-09-07,2025-09-16,bread,125.928,0.0
manual,2025-09-07,2025-09-16,chocolate_syrup,1465.5085714285717,0.0
manual,2025-09-07,2025-09-16,coffee_beans,8961.706285714285,0.0
manual,2025-09-07,2025-09-16,croissant_dough,54.21600000000001,0.0
manual,2025-09-07,2025-09-16,cup_cold,107.326,0.0
manual,2025-09-07,2025-09-16,cup_hot,563.5865714285715,0.0
manual,2025-09-07,2025-09-16,ice,12186.72,0.0
manual,2025-09-07,2025-09-16,milk,84997.2,0.0
manual,2025-09-07,2025-09-16,sugar,4831.965428571429,0.0
manual,2025-09-07,2025-09-16,tea_leaves,498.6377142857143,0.0
manual,2025-09-07,2025-09-17,bread,125.928,0.0
manual,2025-09-07,2025-09-17,chocolate_syrup,1465.5085714285717,0.0
manual,2025-09-07,2025-09-17,coffee_beans,8961.706285714285,0.0
manual,2025-09-07,2025-09-17,croissant_dough,54.21600000000001,0.0
manual,2025-09-07,2025-09-17,cup_cold,107.326,0.0
manual,2025-09-07,2025-09-17,cup_hot,563.5865714285715,0.0
manual,2025-09-07,2025-09-17,ice,12186.72,0.0
manual,2025-09-07,2025-09-17,milk,84997.2,0.0
manual,2025-09-07,2025-09-17,sugar,4831.965428571429,0.0
manual,2025-09-07,2025-09-17,tea_leaves,498.6377142857143,0.0
manual,2025-09-07,2025-09-18,bread,125.928,0.0
manual,2025-09-07,2025-09-18,chocolate_syrup,1465.5085714285717,0.0
manual,2025-09-07,2025-09-18,coffee_beans,8961.706285714285,0.0
manual,2025-09-07,2025-09-18,croissant_dough,54.21600000000001,0.0
manual,2025-09-07,2025-09-18,cup_cold,107.326,0.0
manual,2025-09-07,2025-09-18,cup_hot,563.5865714285715,0.0
manual,2025-09-07,2025-09-18,ice,12186.72,0.0
manual,2025-09-07,2025-09-18,milk,84997.2,0.0
manual,2025-09-07,2025-09-18,sugar,4831.965428571429,0.0
manual,2025-09-07,2025-09-18,tea_leaves,498.6377142857143,0.0
manual,2025-09-07,2025-09-19,bread,125.928,0.0
manual,2025-09-07,2025-09-19,chocolate_syrup,1465.5085714285717,0.0
manual,2025-09-07,2025-09-19,coffee_beans,8961.706285714285,0.0
manual,2025-09-07,2025-09-19,croissant_dough,54.21600000000001,0.0
manual,2025-09-07,2025-09-19,cup_cold,107.326,0.0
manual,2025-09-07,2025-09-19,cup_hot,563.5865714285715,0.0
manual,2025-09-07,2025-09-19,ice,12186.72,0.0
manual,2025-09-07,2025-09-19,milk,84997.2,0.0
manual,2025-09-07,2025-09-19,sugar,4831.965428571429,0.0
manual,2025-09-07,2025-09-19,tea_leaves,498.6377142857143,0.0
manual,2025-09-07,2025-09-20,bread,125.928,0.0
manual,2025-09-07,2025-09-20,chocolate_syrup,1465.5085714285717,0.0
manual,2025-09-07,2025-09-20,coffee_beans,8961.706285714285,0.0
manual,2025-09-07,2025-09-20,croissant_dough,54.21600000000001,0.0
manual,2025-09-07,2025-09-20,cup_cold,107.326,0.0
manual,2025-09-07,2025-09-20,cup_hot,563.5865714285715,0.0
manual,2025-09-07,2025-09-20,ice,12186.72,0.0
manual,2025-09-07,2025-09-20,milk,84997.2,0.0
manual,2025-09-07,2025-09-20,sugar,4831.965428571429,0.0
manual,2025-09-07,2025-09-20,tea_leaves,498.6377142857143,0.0
manual,2025-09-07,2025-09-21,bread,125.928,0.0
manual,2025-09-07,2025-09-21,chocolate_syrup,1465.5085714285717,0.0
manual,2025-09-07,2025-09-21,coffee_beans,8961.706285714285,0.0
manual,2025-09-07,2025-09-21,croissant_dough,54.21600000000001,0.0
manual,2025-09-07,2025-09-21,cup_cold,107.326,0.0
manual,2025-09-07,2025-09-21,cup_hot,563.5865714285715,0.0
manual,2025-09-07,2025-09-21,ice,12186.72,0.0
manual,2025-09-07,2025-09-21,milk,84997.2,0.0
manual,2025-09-07,2025-09-21,sugar,4831.965428571429,0.0
manual,2025-09-07,2025-09-21,tea_leaves,498.6377142857143,0.0
manual,2025-09-07,2025-09-22,bread,125.928,0.0
manual,2025-09-07,2025-09-22,chocolate_syrup,1465.5085714285717,0.0
manual,2025-09-07,2025-09-22,coffee_beans,8961.706285714285,0.0
manual,2025-09-07,2025-09-22,croissant_dough,54.21600000000001,0.0
manual,2025-09-07,2025-09-22,cup_cold,107.326,0.0
manual,2025-09-07,2025-09-22,cup_hot,563.5865714285715,0.0
manual,2025-09-07,2025-09-22,ice,12186.72,0.0
manual,2025-09-07,2025-09-22,milk,84997.2,0.0
manual,2025-09-07,2025-09-22,sugar,4831.965428571429,0.0
manual,2025-09-07,2025-09-22,tea_leaves,498.6377142857143,0.0
manual,2025-09-07,2025-09-23,bread,125.928,0.0
manual,2025-09-07,2025-09-23,chocolate_syrup,1465.5085714285717,0.0
manual,2025-09-07,2025-09-23,coffee_beans,8961.706285714285,0.0
manual,2025-09-07,2025-09-23,croissant_dough,54.21600000000001,0.0
manual,2025-09-07,2025-09-23,cup_cold,107.326,0.0
manual,2025-09-07,2025-09-23,cup_hot,563.5865714285715,0.0
manual,2025-09-07,2025-09-23,ice,12186.72,0.0
manual,2025-09-07,2025-09-23,milk,84997.2,0.0
manual,2025-09-07,2025-09-23,sugar,4831.965428571429,0.0
manual,2025-09-07,2025-09-23,tea_leaves,498.6377142857143,0.0
seasonal_naive,2025-09-07,2025-09-07,bread,112.36,39.42414736624694
seasonal_naive,2025-09-07,2025-09-07,chocolate_syrup,1060.8000000000002,443.7279166336056
seasonal_naive,2025-09-07,2025-09-07,coffee_beans,9548.1,1820.9136924522256
seasonal_naive,2025-09-07,2025-09-07,croissant_dough,42.120000000000005,16.003204679063504
seasonal_naive,2025-09-07,2025-09-07,cup_cold,134.93,27.74868343223192
seasonal_naive,2025-09-07,2025-09-07,cup_hot,536.63,152.9658853216044
seasonal_naive,2025-09-07,2025-09-07,ice,15184.8,2993.205489771793
seasonal_naive,2025-09-07,2025-09-07,milk,90163.5,20829.245331984548
seasonal_naive,2025-09-07,2025-09-07,sugar,5103.65,1251.5157732144028
seasonal_naive,2025-09-07,2025-09-07,tea_leaves,424.36,210.24293571432497
seasonal_naive,2025-09-07,2025-09-08,bread,95.4,39.42414736624694
seasonal_naive,2025-09-07,2025-09-08,chocolate_syrup,592.8000000000001,443.7279166336056
seasonal_naive,2025-09-07,2025-09-08,coffee_beans,7598.309999999999,1820.9136924522256
seasonal_naive,2025-09-07,2025-09-08,croissant_dough,45.18000000000001,16.003204679063504
seasonal_naive,2025-09-07,2025-09-08,cup_cold,89.61,27.74868343223192
seasonal_naive,2025-09-07,2025-09-08,cup_hot,479.8083333333334,152.9658853216044
seasonal_naive,2025-09-07,2025-09-08,ice,10173.6,2993.205489771793
seasonal_naive,2025-09-07,2025-09-08,milk,62800.5,20829.245331984548
seasonal_naive,2025-09-07,2025-09-08,sugar,3886.190000000001,1251.5157732144028
seasonal_naive,2025-09-07,2025-09-08,tea_leaves,510.88,210.24293571432497
seasonal_naive,2025-09-07,2025-09-09,bread,97.52,39.42414736624694
seasonal_naive,2025-09-07,2025-09-09,chocolate_syrup,1840.8,443.7279166336056
seasonal_naive,2025-09-07,2025-09-09,coffee_beans,6488.999999999999,1820.9136924522256
seasonal_naive,2025-09-07,2025-09-09,croissant_dough,33.480000000000004,16.003204679063504
seasonal_naive,2025-09-07,2025-09-09,cup_cold,60.77,27.74868343223192
seasonal_naive,2025-09-07,2025-09-09,cup_hot,461.44,152.9658853216044
seasonal_naive,2025-09-07,2025-09-09,ice,6976.800000000001,2993.205489771793
seasonal_naive,2025-09-07,2025-09-09,milk,67641.0,20829.245331984548
seasonal_naive,2025-09-07,2025-09-09,sugar,3704.91,1251.5157732144028
seasonal_naive,2025-09-07,2025-09-09,tea_leaves,403.76,210.24293571432497
seasonal_naive,2025-09-07,2025-09-10,bread,104.94,39.42414736624694
seasonal_naive,2025-09-07,2025-09-10,chocolate_syrup,1466.4,443.7279166336056
seasonal_naive,2025-09-07,2025-09-10,coffee_beans,7323.299999999999,1820.9136924522256
seasonal_naive,2025-09-07,2025-09-10,croissant_dough,43.2,16.003204679063504
seasonal_naive,2025-09-07,2025-09-10,cup_cold,87.55000000000001,27.74868343223192
seasonal_naive,2025-09-07,2025-09-10,cup_hot,463.50000000000006,152.9658853216044
seasonal_naive,2025-09-07,2025-09-10,ice,10000.8,2993.205489771793
seasonal_naive,2025-09-07,2025-09-10,milk,71746.5,20829.245331984548
seasonal_naive,2025-09-07,2025-09-10,sugar,3970.650000000001,1251.5157732144028
seasonal_naive,2025-09-07,2025-09-10,tea_leaves,383.16,210.24293571432497
seasonal_naive,2025-09-07,2025-09-11,bread,114.48,39.42414736624694
seasonal_naive,2025-09-07,2025-09-11,chocolate_syrup,998.4,443.7279166336056
seasonal_naive,2025-09-07,2025-09-11,coffee_beans,7638.48,1820.9136924522256
seasonal_naive,2025-09-07,2025-09-11,croissant_dough,49.68000000000001,16.003204679063504
seasonal_naive,2025-09-07,2025-09-11,cup_cold,77.25,27.74868343223192
seasonal_naive,2025-09-07,2025-09-11,cup_hot,484.1,152.9658853216044
seasonal_naive,2025-09-07,2025-09-11,ice,8877.6,2993.205489771793
seasonal_naive,2025-09-07,2025-09-11,milk,67903.5,20829.245331984548
seasonal_naive,2025-09-07,2025-09-11,sugar,3834.69,1251.5157732144028
seasonal_naive,2025-09-07,2025-09-11,tea_leaves,416.12,210.24293571432497
seasonal_naive,2025-09-07,2025-09-12,bread,89.04,39.42414736624694
seasonal_naive,2025-09-07,2025-09-12,chocolate_syrup,1279.2,443.7279166336056
seasonal_naive,2025-09-07,2025-09-12,coffee_beans,6804.179999999999,1820.9136924522256
seasonal_naive,2025-09-07,2025-09-12,croissant_dough,32.400000000000006,16.003204679063504
seasonal_naive,2025-09-07,2025-09-12,cup_cold,86.52000000000001,27.74868343223192
seasonal_naive,2025-09-07,2025-09-12,cup_hot,432.6,152.9658853216044
seasonal_naive,2025-09-07,2025-09-12,ice,9720.0,2993.205489771793
seasonal_naive,2025-09-07,2025-09-12,milk,65173.5,20829.245331984548
seasonal_naive,2025-09-07,2025-09-12,sugar,3730.66,1251.5157732144028
seasonal_naive,2025-09-07,2025-09-12,tea_leaves,395.52,210.24293571432497
seasonal_naive,2025-09-07,2025-09-13,bread,120.84,39.42414736624694
seasonal_naive,2025-09-07,2025-09-13,chocolate_syrup,1310.4,443.7279166336056
seasonal_naive,2025-09-07,2025-09-13,coffee_beans,6875.249999999999,1820.9136924522256
seasonal_naive,2025-09-07,2025-09-13,croissant_dough,70.2,16.003204679063504
seasonal_naive,2025-09-07,2025-09-13,cup_cold,89.43833333333333,27.74868343223192
seasonal_naive,2025-09-07,2025-09-13,cup_hot,429.5100000000001,152.9658853216044
seasonal_naive,2025-09-07,2025-09-13,ice,10155.6,2993.205489771793
seasonal_naive,2025-09-07,2025-09-13,milk,70388.5,20829.245331984548
seasonal_naive,2025-09-07,2025-09-13,sugar,3955.7150000000006,1251.5157732144028
seasonal_naive,2025-09-07,2025-09-13,tea_leaves,374.92,210.24293571432497
seasonal_naive,2025-09-07,2025-09-14,bread,112.36,39.42414736624694
seasonal_naive,2025-09-07,2025-09-14,chocolate_syrup,1060.8000000000002,443.7279166336056
seasonal_naive,2025-09-07,2025-09-14,coffee_beans,9548.1,1820.9136924522256
seasonal_naive,2025-09-07,2025-09-14,croissant_dough,42.120000000000005,16.003204679063504
seasonal_naive,2025-09-07,2025-09-14,cup_cold,134.93,27.74868343223192
seasonal_naive,2025-09-07,2025-09-14,cup_hot,536.63,152.9658853216044
seasonal_naive,2025-09-07,2025-09-14,ice,15184.8,2993.205489771793
seasonal_naive,2025-09-07,2025-09-14,milk,90163.5,20829.245331984548
seasonal_naive,2025-09-07,2025-09-14,sugar,5103.65,1251.5157732144028
seasonal_naive,2025-09-07,2025-09-14,tea_leaves,424.36,210.24293571432497
seasonal_naive,2025-09-07,2025-09-15,bread,95.4,39.42414736624694
seasonal_naive,2025-09-07,2025-09-15,chocolate_syrup,592.8000000000001,443.7279166336056
seasonal_naive,2025-09-07,2025-09-15,coffee_beans,7598.309999999999,1820.9136924522256
seasonal_naive,2025-09-07,2025-09-15,croissant_dough,45.18000000000001,16.003204679063504
seasonal_naive,2025-09-07,2025-09-15,cup_cold,89.61,27.74868343223192
seasonal_naive,2025-09-07,2025-09-15,cup_hot,479.8083333333334,152.9658853216044
seasonal_naive,2025-09-07,2025-09-15,ice,10173.6,2993.205489771793
seasonal_naive,2025-09-07,2025-09-15,milk,62800.5,20829.245331984548
seasonal_naive,2025-09-07,2025-09-15,sugar,3886.190000000001,1251.5157732144028
seasonal_naive,2025-09-07,2025-09-15,tea_leaves,510.88,210.24293571432497
seasonal_naive,2025-09-07,2025-09-16,bread,97.52,39.42414736624694
seasonal_naive,2025-09-07,2025-09-16,chocolate_syrup,1840.8,443.7279166336056
seasonal_naive,2025-09-07,2025-09-16,coffee_beans,6488.999999999999,1820.9136924522256
seasonal_naive,2025-09-07,2025-09-16,croissant_dough,33.480000000000004,16.003204679063504
seasonal_naive,2025-09-07,2025-09-16,cup_cold,60.77,27.74868343223192
seasonal_naive,2025-09-07,2025-09-16,cup_hot,461.44,152.9658853216044
seasonal_naive,2025-09-07,2025-09-16,ice,6976.800000000001,2993.205489771793
seasonal_naive,2025-09-07,2025-09-16,milk,67641.0,20829.245331984548
seasonal_naive,2025-09-07,2025-09-16,sugar,3704.91,1251.5157732144028
seasonal_naive,2025-09-07,2025-09-16,tea_leaves,403.76,210.24293571432497
seasonal_naive,2025-09-07,2025-09-17,bread,104.94,39.42414736624694
seasonal_naive,2025-09-07,2025-09-17,chocolate_syrup,1466.4,443.7279166336056
seasonal_naive,2025-09-07,2025-09-17,coffee_beans,7323.299999999999,1820.9136924522256
seasonal_naive,2025-09-07,2025-09-17,croissant_dough,43.2,16.003204679063504
seasonal_naive,2025-09-07,2025-09-17,cup_cold,87.55000000000001,27.74868343223192
seasonal_naive,2025-09-07,2025-09-17,cup_hot,463.50000000000006,152.9658853216044
seasonal_naive,2025-09-07,2025-09-17,ice,10000.8,2993.205489771793
seasonal_naive,2025-09-07,2025-09-17,milk,71746.5,20829.245331984548
seasonal_naive,2025-09-07,2025-09-17,sugar,3970.650000000001,1251.5157732144028
seasonal_naive,2025-09-07,2025-09-17,tea_leaves,383.16,210.24293571432497
seasonal_naive,2025-09-07,2025-09-18,bread,114.48,39.42414736624694
seasonal_naive,2025-09-07,2025-09-18,chocolate_syrup,998.4,443.7279166336056
seasonal_naive,2025-09-07,2025-09-18,coffee_beans,7638.48,1820.9136924522256
seasonal_naive,2025-09-07,2025-09-18,croissant_dough,49.68000000000001,16.003204679063504
seasonal_naive,2025-09-07,2025-09-18,cup_cold,77.25,27.74868343223192
seasonal_naive,2025-09-07,2025-09-18,cup_hot,484.1,152.9658853216044
seasonal_naive,2025-09-07,2025-09-18,ice,8877.6,2993.205489771793
seasonal_naive,2025-09-07,2025-09-18,milk,67903.5,20829.245331984548
seasonal_naive,2025-09-07,2025-09-18,sugar,3834.69,1251.5157732144028
seasonal_naive,2025-09-07,2025-09-18,tea_leaves,416.12,210.24293571432497
seasonal_naive,2025-09-07,2025-09-19,bread,89.04,39.42414736624694
seasonal_naive,2025-09-07,2025-09-19,chocolate_syrup,1279.2,443.7279166336056
seasonal_naive,2025-09-07,2025-09-19,coffee_beans,6804.179999999999,1820.9136924522256
seasonal_naive,2025-09-07,2025-09-19,croissant_dough,32.400000000000006,16.003204679063504
seasonal_naive,2025-09-07,2025-09-19,cup_cold,86.52000000000001,27.74868343223192
seasonal_naive,2025-09-07,2025-09-19,cup_hot,432.6,152.9658853216044
seasonal_naive,2025-09-07,2025-09-19,ice,9720.0,2993.205489771793
seasonal_naive,2025-09-07,2025-09-19,milk,65173.5,20829.245331984548
seasonal_naive,2025-09-07,2025-09-19,sugar,3730.66,1251.5157732144028
seasonal_naive,2025-09-07,2025-09-19,tea_leaves,395.52,210.24293571432497
seasonal_naive,2025-09-07,2025-09-20,bread,120.84,39.42414736624694
seasonal_naive,2025-09-07,2025-09-20,chocolate_syrup,1310.4,443.7279166336056
seasonal_naive,2025-09-07,2025-09-20,coffee_beans,6875.249999999999,1820.9136924522256
seasonal_naive,2025-09-07,2025-09-20,croissant_dough,70.2,16.003204679063504
seasonal_naive,2025-09-07,2025-09-20,cup_cold,89.43833333333333,27.74868343223192
seasonal_naive,2025-09-07,2025-09-20,cup_hot,429.5100000000001,152.9658853216044
seasonal_naive,2025-09-07,2025-09-20,ice,10155.6,2993.205489771793
seasonal_naive,2025-09-07,2025-09-20,milk,70388.5,20829.245331984548
seasonal_naive,2025-09-07,2025-09-20,sugar,3955.7150000000006,1251.5157732144028
seasonal_naive,2025-09-07,2025-09-20,tea_leaves,374.92,210.24293571432497
seasonal_naive,2025-09-07,2025-09-21,bread,112.36,39.42414736624694
seasonal_naive,2025-09-07,2025-09-21,chocolate_syrup,1060.8000000000002,443.7279166336056
seasonal_naive,2025-09-07,2025-09-21,coffee_beans,9548.1,1820.9136924522256
seasonal_naive,2025-09-07,2025-09-21,croissant_dough,42.120000000000005,16.003204679063504
seasonal_naive,2025-09-07,2025-09-21,cup_cold,134.93,27.74868343223192
seasonal_naive,2025-09-07,2025-09-21,cup_hot,536.63,152.9658853216044
seasonal_naive,2025-09-07,2025-09-21,ice,15184.8,2993.205489771793
seasonal_naive,2025-09-07,2025-09-21,milk,90163.5,20829.245331984548
seasonal_naive,2025-09-07,2025-09-21,sugar,5103.65,1251.5157732144028
seasonal_naive,2025-09-07,2025-09-21,tea_leaves,424.36,210.24293571432497
seasonal_naive,2025-09-07,2025-09-22,bread,95.4,39.42414736624694
seasonal_naive,2025-09-07,2025-09-22,chocolate_syrup,592.8000000000001,443.7279166336056
seasonal_naive,2025-09-07,2025-09-22,coffee_beans,7598.309999999999,1820.9136924522256
seasonal_naive,2025-09-07,2025-09-22,croissant_dough,45.18000000000001,16.003204679063504
seasonal_naive,2025-09-07,2025-09-22,cup_cold,89.61,27.74868343223192
seasonal_naive,2025-09-07,2025-09-22,cup_hot,479.8083333333334,152.9658853216044
seasonal_naive,2025-09-07,2025-09-22,ice,10173.6,2993.205489771793
seasonal_naive,2025-09-07,2025-09-22,milk,62800.5,20829.245331984548
seasonal_naive,2025-09-07,2025-09-22,sugar,3886.190000000001,1251.5157732144028
seasonal_naive,2025-09-07,2025-09-22,tea_leaves,510.88,210.24293571432497
seasonal_naive,2025-09-07,2025-09-23,bread,97.52,39.42414736624694
seasonal_naive,2025-09-07,2025-09-23,chocolate_syrup,1840.8,443.7279166336056
seasonal_naive,2025-09-07,2025-09-23,coffee_beans,6489.0,1820.9136924522256
seasonal_naive,2025-09-07,2025-09-23,croissant_dough,33.480000000000004,16.003204679063504
seasonal_naive,2025-09-07,2025-09-23,cup_cold,60.77,27.74868343223192
seasonal_naive,2025-09-07,2025-09-23,cup_hot,461.44,152.9658853216044
seasonal_naive,2025-09-07,2025-09-23,ice,6976.800000000001,2993.205489771793
seasonal_naive,2025-09-07,2025-09-23,milk,67641.0,20829.245331984548
seasonal_naive,2025-09-07,2025-09-23,sugar,3704.9100000000008,1251.5157732144028
seasonal_naive,2025-09-07,2025-09-23,tea_leaves,403.76,210.24293571432497
ml,2025-09-07,2025-09-07,bread,119.42154223897096,28.25562376711371
ml,2025-09-07,2025-09-07,chocolate_syrup,1247.4875485999396,321.34963764737296
ml,2025-09-07,2025-09-07,coffee_beans,7287.030541743284,1467.9956524401498
ml,2025-09-07,2025-09-07,croissant_dough,51.88731634562384,13.548583544897328
ml,2025-09-07,2025-09-07,cup_cold,96.47756349519678,25.230100289995764
ml,2025-09-07,2025-09-07,cup_hot,434.9730078715818,80.43277324338747
ml,2025-09-07,2025-09-07,ice,10957.374174287075,2857.6328147122395
ml,2025-09-07,2025-09-07,milk,67116.5364139082,13774.383694258964
ml,2025-09-07,2025-09-07,sugar,3795.4044992597055,777.7701998349684
ml,2025-09-07,2025-09-07,tea_leaves,341.7298349440849,53.99560639767128
ml,2025-09-07,2025-09-08,bread,88.46382097111983,28.25562376711371
ml,2025-09-07,2025-09-08,chocolate_syrup,1053.5735041483576,321.34963764737296
ml,2025-09-07,2025-09-08,coffee_beans,5354.971176524467,1467.9956524401498
ml,2025-09-07,2025-09-08,croissant_dough,40.58936070791766,13.548583544897328
ml,2025-09-07,2025-09-08,cup_cold,69.72073988633312,25.230100289995764
ml,2025-09-07,2025-09-08,cup_hot,324.6257380697909,80.43277324338747
ml,2025-09-07,2025-09-08,ice,7933.256084518853,2857.6328147122395
ml,2025-09-07,2025-09-08,milk,50522.28616094557,13774.383694258964
ml,2025-09-07,2025-09-08,sugar,2823.461248539302,777.7701998349684
ml,2025-09-07,2025-09-08,tea_leaves,248.2665850832288,53.99560639767128
ml,2025-09-07,2025-09-09,bread,93.32488513125334,28.25562376711371
ml,2025-09-07,2025-09-09,chocolate_syrup,1088.3320976356824,321.34963764737296
ml,2025-09-07,2025-09-09,coffee_beans,5283.602187380254,1467.9956524401498
ml,2025-09-07,2025-09-09,croissant_dough,52.87351554062663,13.548583544897328
ml,2025-09-07,2025-09-09,cup_cold,73.0718294113073,25.230100289995764
ml,2025-09-07,2025-09-09,cup_hot,317.5226204603866,80.43277324338747
ml,2025-09-07,2025-09-09,ice,8323.499233427367,2857.6328147122395
ml,2025-09-07,2025-09-09,milk,50191.53207997247,13774.383694258964
ml,2025-09-07,2025-09-09,sugar,2811.949454388729,777.7701998349684
ml,2025-09-07,2025-09-09,tea_leaves,244.52833127858847,53.99560639767128
ml,2025-09-07,2025-09-10,bread,92.99505637400414,28.25562376711371
ml,2025-09-07,2025-09-10,chocolate_syrup,1357.1941293386062,321.34963764737296
ml,2025-09-07,2025-09-10,coffee_beans,5342.375809890666,1467.9956524401498
ml,2025-09-07,2025-09-10,croissant_dough,44.15423669903149,13.548583544897328
ml,2025-09-07,2025-09-10,cup_cold,75.76650701630412,25.230100289995764
ml,2025-09-07,2025-09-10,cup_hot,332.44748788978416,80.43277324338747
ml,2025-09-07,2025-09-10,ice,8628.163520218935,2857.6328147122395
ml,2025-09-07,2025-09-10,milk,53364.36700936861,13774.383694258964
ml,2025-09-07,2025-09-10,sugar,2971.960741535522,777.7701998349684
ml,2025-09-07,2025-09-10,tea_leaves,266.44213043256883,53.99560639767128
ml,2025-09-07,2025-09-11,bread,96.68548727057312,28.25562376711371
ml,2025-09-07,2025-09-11,chocolate_syrup,1121.062152514637,321.34963764737296
ml,2025-09-07,2025-09-11,coffee_beans,5980.947028419345,1467.9956524401498
ml,2025-09-07,2025-09-11,croissant_dough,45.62920732565856,13.548583544897328
ml,2025-09-07,2025-09-11,cup_cold,78.827802464542,25.230100289995764
ml,2025-09-07,2025-09-11,cup_hot,355.43085595981955,80.43277324338747
ml,2025-09-07,2025-09-11,ice,8991.274118833944,2857.6328147122395
ml,2025-09-07,2025-09-11,milk,53784.98118214599,13774.383694258964
ml,2025-09-07,2025-09-11,sugar,3006.232633783579,777.7701998349684
ml,2025-09-07,2025-09-11,tea_leaves,259.8975995499749,53.99560639767128
ml,2025-09-07,2025-09-12,bread,102.09376567280722,28.25562376711371
ml,2025-09-07,2025-09-12,chocolate_syrup,1172.1907488520712,321.34963764737296
ml,2025-09-07,2025-09-12,coffee_beans,5771.760512864796,1467.9956524401498
ml,2025-09-07,2025-09-12,croissant_dough,60.25611512747126,13.548583544897328
ml,2025-09-07,2025-09-12,cup_cold,85.72823814868795,25.230100289995764
ml,2025-09-07,2025-09-12,cup_hot,337.3591190129712,80.43277324338747
ml,2025-09-07,2025-09-12,ice,9746.215564431765,2857.6328147122395
ml,2025-09-07,2025-09-12,milk,54824.28869763495,13774.383694258964
ml,2025-09-07,2025-09-12,sugar,3074.0527306042777,777.7701998349684
ml,2025-09-07,2025-09-12,tea_leaves,254.94669014878025,53.99560639767128
ml,2025-09-07,2025-09-13,bread,117.37282687891344,28.25562376711371
ml,2025-09-07,2025-09-13,chocolate_syrup,1330.8851293599607,321.34963764737296
ml,2025-09-07,2025-09-13,coffee_beans,6785.190240209827,1467.9956524401498
ml,2025-09-07,2025-09-13,croissant_dough,57.58146953588741,13.548583544897328
ml,2025-09-07,2025-09-13,cup_cold,97.29076752202604,25.230100289995764
ml,2025-09-07,2025-09-13,cup_hot,394.1636613668171,80.43277324338747
ml,2025-09-07,2025-09-13,ice,11074.585115806743,2857.6328147122395
ml,2025-09-07,2025-09-13,milk,62513.48120471723,13774.383694258964
ml,2025-09-07,2025-09-13,sugar,3507.472006518932,777.7701998349684
ml,2025-09-07,2025-09-13,tea_leaves,282.2525745804419,53.99560639767128
ml,2025-09-07,2025-09-14,bread,116.44979254949932,28.25562376711371
ml,2025-09-07,2025-09-14,chocolate_syrup,1312.4027824841269,321.34963764737296
ml,2025-09-07,2025-09-14,coffee_beans,6819.494211502396,1467.9956524401498
ml,2025-09-07,2025-09-14,croissant_dough,56.434188253765846,13.548583544897328
ml,2025-09-07,2025-09-14,cup_cold,94.99457321994475,25.230100289995764
ml,2025-09-07,2025-09-14,cup_hot,405.0496015382725,80.43277324338747
ml,2025-09-07,2025-09-14,ice,10848.53006164559,2857.6328147122395
ml,2025-09-07,2025-09-14,milk,63934.912957816734,13774.383694258964
ml,2025-09-07,2025-09-14,sugar,3583.14150120776,777.7701998349684
ml,2025-09-07,2025-09-14,tea_leaves,311.4290709265263,53.99560639767128
ml,2025-09-07,2025-09-15,bread,115.13365977264004,28.25562376711371
ml,2025-09-07,2025-09-15,chocolate_syrup,1057.993337463942,321.34963764737296
ml,2025-09-07,2025-09-15,coffee_beans,5132.424746181102,1467.9956524401498
ml,2025-09-07,2025-09-15,croissant_dough,43.5759743149629,13.548583544897328
ml,2025-09-07,2025-09-15,cup_cold,74.47662329567642,25.230100289995764
ml,2025-09-07,2025-09-15,cup_hot,301.0949850580482,80.43277324338747
ml,2025-09-07,2025-09-15,ice,8482.210113576632,2857.6328147122395
ml,2025-09-07,2025-09-15,milk,48224.72521783525,13774.383694258964
ml,2025-09-07,2025-09-15,sugar,2702.638257935533,777.7701998349684
ml,2025-09-07,2025-09-15,tea_leaves,222.038224316381,53.99560639767128
ml,2025-09-07,2025-09-16,bread,97.08295662587412,28.25562376711371
ml,2025-09-07,2025-09-16,chocolate_syrup,1095.3092932051077,321.34963764737296
ml,2025-09-07,2025-09-16,coffee_beans,5177.55602598894,1467.9956524401498
ml,2025-09-07,2025-09-16,croissant_dough,47.77098295938881,13.548583544897328
ml,2025-09-07,2025-09-16,cup_cold,78.24386925206971,25.230100289995764
ml,2025-09-07,2025-09-16,cup_hot,300.50708561767016,80.43277324338747
ml,2025-09-07,2025-09-16,ice,8920.642120384748,2857.6328147122395
ml,2025-09-07,2025-09-16,milk,48517.15040368172,13774.383694258964
ml,2025-09-07,2025-09-16,sugar,2717.8737179568475,777.7701998349684
ml,2025-09-07,2025-09-16,tea_leaves,219.79881729322173,53.99560639767128
ml,2025-09-07,2025-09-17,bread,102.63903473089071,28.25562376711371
ml,2025-09-07,2025-09-17,chocolate_syrup,1154.9381215711437,321.34963764737296
ml,2025-09-07,2025-09-17,coffee_beans,5717.389529359055,1467.9956524401498
ml,2025-09-07,2025-09-17,croissant_dough,48.4496643859698,13.548583544897328
ml,2025-09-07,2025-09-17,cup_cold,91.54989739667724,25.230100289995764
ml,2025-09-07,2025-09-17,cup_hot,322.85143782688425,80.43277324338747
ml,2025-09-07,2025-09-17,ice,10351.131364139892,2857.6328147122395
ml,2025-09-07,2025-09-17,milk,54058.551103372825,13774.383694258964
ml,2025-09-07,2025-09-17,sugar,3048.582225769217,777.7701998349684
ml,2025-09-07,2025-09-17,tea_leaves,234.5632747266428,53.99560639767128
ml,2025-09-07,2025-09-18,bread,103.12224996223496,28.25562376711371
ml,2025-09-07,2025-09-18,chocolate_syrup,1125.6402706321635,321.34963764737296
ml,2025-09-07,2025-09-18,coffee_beans,5585.686834478507,1467.9956524401498
ml,2025-09-07,2025-09-18,croissant_dough,49.2411083615602,13.548583544897328
ml,2025-09-07,2025-09-18,cup_cold,83.36825772064905,25.230100289995764
ml,2025-09-07,2025-09-18,cup_hot,326.0249905672602,80.43277324338747
ml,2025-09-07,2025-09-18,ice,9496.87991884194,2857.6328147122395
ml,2025-09-07,2025-09-18,milk,52709.73288234522,13774.383694258964
ml,2025-09-07,2025-09-18,sugar,2960.2402888018464,777.7701998349684
ml,2025-09-07,2025-09-18,tea_leaves,247.6670112908837,53.99560639767128
ml,2025-09-07,2025-09-19,bread,110.5379237155076,28.25562376711371
ml,2025-09-07,2025-09-19,chocolate_syrup,1164.49641905663,321.34963764737296
ml,2025-09-07,2025-09-19,coffee_beans,5913.978678520165,1467.9956524401498
ml,2025-09-07,2025-09-19,croissant_dough,50.30755852877388,13.548583544897328
ml,2025-09-07,2025-09-19,cup_cold,88.30896352334979,25.230100289995764
ml,2025-09-07,2025-09-19,cup_hot,342.8275096846276,80.43277324338747
ml,2025-09-07,2025-09-19,ice,10028.062195606246,2857.6328147122395
ml,2025-09-07,2025-09-19,milk,55736.80571130884,13774.383694258964
ml,2025-09-07,2025-09-19,sugar,3130.0853672008416,777.7701998349684
ml,2025-09-07,2025-09-19,tea_leaves,256.555163635762,53.99560639767128
ml,2025-09-07,2025-09-20,bread,124.99933582290224,28.25562376711371
ml,2025-09-07,2025-09-20,chocolate_syrup,1645.528270224983,321.34963764737296
ml,2025-09-07,2025-09-20,coffee_beans,6746.520379422304,1467.9956524401498
ml,2025-09-07,2025-09-20,croissant_dough,57.01529057999275,13.548583544897328
ml,2025-09-07,2025-09-20,cup_cold,98.82194857162928,25.230100289995764
ml,2025-09-07,2025-09-20,cup_hot,402.1332818410984,80.43277324338747
ml,2025-09-07,2025-09-20,ice,11239.450438222992,2857.6328147122395
ml,2025-09-07,2025-09-20,milk,65416.833365883766,13774.383694258964
ml,2025-09-07,2025-09-20,sugar,3612.424129627598,777.7701998349684
ml,2025-09-07,2025-09-20,tea_leaves,287.30005293333886,53.99560639767128
ml,2025-09-07,2025-09-21,bread,126.4796650179165,28.25562376711371
ml,2025-09-07,2025-09-21,chocolate_syrup,1360.6553478199305,321.34963764737296
ml,2025-09-07,2025-09-21,coffee_beans,6904.014030003794,1467.9956524401498
ml,2025-09-07,2025-09-21,croissant_dough,57.425141311752895,13.548583544897328
ml,2025-09-07,2025-09-21,cup_cold,101.1826787371888,25.230100289995764
ml,2025-09-07,2025-09-21,cup_hot,397.9068792054278,80.43277324338747
ml,2025-09-07,2025-09-21,ice,11502.857903620354,2857.6328147122395
ml,2025-09-07,2025-09-21,milk,62728.30441195407,13774.383694258964
ml,2025-09-07,2025-09-21,sugar,3520.993462039632,777.7701998349684
ml,2025-09-07,2025-09-21,tea_leaves,282.4566086600687,53.99560639767128
ml,2025-09-07,2025-09-22,bread,101.51189519566434,28.25562376711371
ml,2025-09-07,2025-09-22,chocolate_syrup,1122.8920184933063,321.34963764737296
ml,2025-09-07,2025-09-22,coffee_beans,5159.540972803524,1467.9956524401498
ml,2025-09-07,2025-09-22,croissant_dough,46.5016039835626,13.548583544897328
ml,2025-09-07,2025-09-22,cup_cold,77.04146789261023,25.230100289995764
ml,2025-09-07,2025-09-22,cup_hot,300.88130830350684,80.43277324338747
ml,2025-09-07,2025-09-22,ice,8766.403612407606,2857.6328147122395
ml,2025-09-07,2025-09-22,milk,49021.76644900103,13774.383694258964
ml,2025-09-07,2025-09-22,sugar,2729.923103614808,777.7701998349684
ml,2025-09-07,2025-09-22,tea_leaves,216.84711351426984,53.99560639767128
ml,2025-09-07,2025-09-23,bread,107.45524917517142,28.25562376711371
ml,2025-09-07,2025-09-23,chocolate_syrup,1141.5701883147738,321.34963764737296
ml,2025-09-07,2025-09-23,coffee_beans,5398.263325699614,1467.9956524401498
ml,2025-09-07,2025-09-23,croissant_dough,49.621332788357776,13.548583544897328
ml,2025-09-07,2025-09-23,cup_cold,82.11566341279276,25.230100289995764
ml,2025-09-07,2025-09-23,cup_hot,310.7566841988721,80.43277324338747
ml,2025-09-07,2025-09-23,ice,9342.175973227895,2857.6328147122395
ml,2025-09-07,2025-09-23,milk,50457.90067454061,13774.383694258964
ml,2025-09-07,2025-09-23,sugar,2821.1844443003347,777.7701998349684
ml,2025-09-07,2025-09-23,tea_leaves,221.12951115047792,53.99560639767128
manual,2025-09-14,2025-09-14,bread,98.85257142857142,0.0
manual,2025-09-14,2025-09-14,chocolate_syrup,1198.0800000000002,0.0
manual,2025-09-14,2025-09-14,coffee_beans,7214.708571428571,0.0
manual,2025-09-14,2025-09-14,croissant_dough,43.32342857142857,0.0
manual,2025-09-14,2025-09-14,cup_cold,105.41314285714286,0.0
manual,2025-09-14,2025-09-14,cup_hot,409.8222857142857,0.0
manual,2025-09-14,2025-09-14,ice,12052.8,0.0
manual,2025-09-14,2025-09-14,milk,65939.4,0.0
manual,2025-09-14,2025-09-14,sugar,3710.295428571429,0.0
manual,2025-09-14,2025-09-14,tea_leaves,299.46514285714284,0.0
manual,2025-09-14,2025-09-15,bread,98.85257142857142,0.0
manual,2025-09-14,2025-09-15,chocolate_syrup,1198.0800000000002,0.0
manual,2025-09-14,2025-09-15,coffee_beans,7214.708571428571,0.0
manual,2025-09-14,2025-09-15,croissant_dough,43.32342857142857,0.0
manual,2025-09-14,2025-09-15,cup_cold,105.41314285714286,0.0
manual,2025-09-14,2025-09-15,cup_hot,409.8222857142857,0.0
manual,2025-09-14,2025-09-15,ice,12052.8,0.0
manual,2025-09-14,2025-09-15,milk,65939.4,0.0
manual,2025-09-14,2025-09-15,sugar,3710.295428571429,0.0
manual,2025-09-14,2025-09-15,tea_leaves,299.46514285714284,0.0
manual,2025-09-14,2025-09-16,bread,98.85257142857142,0.0
manual,2025-09-14,2025-09-16,chocolate_syrup,1198.0800000000002,0.0
manual,2025-09-14,2025-09-16,coffee_beans,7214.708571428571,0.0
manual,2025-09-14,2025-09-16,croissant_dough,43.32342857142857,0.0
manual,2025-09-14,2025-09-16,cup_cold,105.41314285714286,0.0
manual,2025-09-14,2025-09-16,cup_hot,409.8222857142857,0.0
manual,2025-09-14,2025-09-16,ice,12052.8,0.0
manual,2025-09-14,2025-09-16,milk,65939.4,0.0
manual,2025-09-14,2025-09-16,sugar,3710.295428571429,0.0
manual,2025-09-14,2025-09-16,tea_leaves,299.46514285714284,0.0
manual,2025-09-14,2025-09-17,bread,98.85257142857142,0.0
manual,2025-09-14,2025-09-17,chocolate_syrup,1198.0800000000002,0.0
manual,2025-09-14,2025-09-17,coffee_beans,7214.708571428571,0.0
manual,2025-09-14,2025-09-17,croissant_dough,43.32342857142857,0.0
manual,2025-09-14,2025-09-17,cup_cold,105.41314285714286,0.0
manual,2025-09-14,2025-09-17,cup_hot,409.8222857142857,0.0
manual,2025-09-14,2025-09-17,ice,12052.8,0.0
manual,2025-09-14,2025-09-17,milk,65939.4,0.0
manual,2025-09-14,2025-09-17,sugar,3710.295428571429,0.0
manual,2025-09-14,2025-09-17,tea_leaves,299.46514285714284,0.0
manual,2025-09-14,2025-09-18,bread,98.85257142857142,0.0
manual,2025-09-14,2025-09-18,chocolate_syrup,1198.0800000000002,0.0
manual,2025-09-14,2025-09-18,coffee_beans,7214.708571428571,0.0
manual,2025-09-14,2025-09-18,croissant_dough,43.32342857142857,0.0
manual,2025-09-14,2025-09-18,cup_cold,105.41314285714286,0.0
manual,2025-09-14,2025-09-18,cup_hot,409.8222857142857,0.0
manual,2025-09-14,2025-09-18,ice,12052.8,0.0
manual,2025-09-14,2025-09-18,milk,65939.4,0.0
manual,2025-09-14,2025-09-18,sugar,3710.295428571429,0.0
manual,2025-09-14,2025-09-18,tea_leaves,299.46514285714284,0.0
manual,2025-09-14,2025-09-19,bread,98.85257142857142,0.0
manual,2025-09-14,2025-09-19,chocolate_syrup,1198.0800000000002,0.0
manual,2025-09-14,2025-09-19,coffee_beans,7214.708571428571,0.0
manual,2025-09-14,2025-09-19,croissant_dough,43.32342857142857,0.0
manual,2025-09-14,2025-09-19,cup_cold,105.41314285714286,0.0
manual,2025-09-14,2025-09-19,cup_hot,409.8222857142857,0.0
manual,2025-09-14,2025-09-19,ice,12052.8,0.0
manual,2025-09-14,2025-09-19,milk,65939.4,0.0
manual,2025-09-14,2025-09-19,sugar,3710.295428571429,0.0
manual,2025-09-14,2025-09-19,tea_leaves,299.46514285714284,0.0
manual,2025-09-14,2025-09-20,bread,98.85257142857142,0.0
manual,2025-09-14,2025-09-20,chocolate_syrup,1198.0800000000002,0.0
manual,2025-09-14,2025-09-20,coffee_beans,7214.708571428571,0.0
manual,2025-09-14,2025-09-20,croissant_dough,43.32342857142857,0.0
manual,2025-09-14,2025-09-20,cup_cold,105.41314285714286,0.0
manual,2025-09-14,2025-09-20,cup_hot,409.8222857142857,0.0
manual,2025-09-14,2025-09-20,ice,12052.8,0.0
manual,2025-09-14,2025-09-20,milk,65939.4,0.0
manual,2025-09-14,2025-09-20,sugar,3710.295428571429,0.0
manual,2025-09-14,2025-09-20,tea_leaves,299.46514285714284,0.0
manual,2025-09-14,2025-09-21,bread,98.85257142857142,0.0
manual,2025-09-14,2025-09-21,chocolate_syrup,1198.0800000000002,0.0
manual,2025-09-14,2025-09-21,coffee_beans,7214.708571428571,0.0
manual,2025-09-14,2025-09-21,croissant_dough,43.32342857142857,0.0
manual,2025-09-14,2025-09-21,cup_cold,105.41314285714286,0.0
manual,2025-09-14,2025-09-21,cup_hot,409.8222857142857,0.0
manual,2025-09-14,2025-09-21,ice,12052.8,0.0
manual,2025-09-14,2025-09-21,milk,65939.4,0.0
manual,2025-09-14,2025-09-21,sugar,3710.295428571429,0.0
manual,2025-09-14,2025-09-21,tea_leaves,299.46514285714284,0.0
manual,2025-09-14,2025-09-22,bread,98.85257142857142,0.0
manual,2025-09-14,2025-09-22,chocolate_syrup,1198.0800000000002,0.0
manual,2025-09-14,2025-09-22,coffee_beans,7214.708571428571,0.0
manual,2025-09-14,2025-09-22,croissant_dough,43.32342857142857,0.0
manual,2025-09-14,2025-09-22,cup_cold,105.41314285714286,0.0
manual,2025-09-14,2025-09-22,cup_hot,409.8222857142857,0.0
manual,2025-09-14,2025-09-22,ice,12052.8,0.0
manual,2025-09-14,2025-09-22,milk,65939.4,0.0
manual,2025-09-14,2025-09-22,sugar,3710.295428571429,0.0
manual,2025-09-14,2025-09-22,tea_leaves,299.46514285714284,0.0
manual,2025-09-14,2025-09-23,bread,98.85257142857142,0.0
manual,2025-09-14,2025-09-23,chocolate_syrup,1198.0800000000002,0.0
manual,2025-09-14,2025-09-23,coffee_beans,7214.708571428571,0.0
manual,2025-09-14,2025-09-23,croissant_dough,43.32342857142857,0.0
manual,2025-09-14,2025-09-23,cup_cold,105.41314285714286,0.0
manual,2025-09-14,2025-09-23,cup_hot,409.8222857142857,0.0
manual,2025-09-14,2025-09-23,ice,12052.8,0.0
manual,2025-09-14,2025-09-23,milk,65939.4,0.0
manual,2025-09-14,2025-09-23,sugar,3710.295428571429,0.0
manual,2025-09-14,2025-09-23,tea_leaves,299.46514285714284,0.0
manual,2025-09-14,2025-09-24,bread,98.85257142857142,0.0
manual,2025-09-14,2025-09-24,chocolate_syrup,1198.0800000000002,0.0
manual,2025-09-14,2025-09-24,coffee_beans,7214.708571428571,0.0
manual,2025-09-14,2025-09-24,croissant_dough,43.32342857142857,0.0
manual,2025-09-14,2025-09-24,cup_cold,105.41314285714286,0.0
manual,2025-09-14,2025-09-24,cup_hot,409.8222857142857,0.0
manual,2025-09-14,2025-09-24,ice,12052.8,0.0
manual,2025-09-14,2025-09-24,milk,65939.4,0.0
manual,2025-09-14,2025-09-24,sugar,3710.295428571429,0.0
manual,2025-09-14,2025-09-24,tea_leaves,299.46514285714284,0.0
manual,2025-09-14,2025-09-25,bread,98.85257142857142,0.0
manual,2025-09-14,2025-09-25,chocolate_syrup,1198.0800000000002,0.0
manual,2025-09-14,2025-09-25,coffee_beans,7214.708571428571,0.0
manual,2025-09-14,2025-09-25,croissant_dough,43.32342857142857,0.0
manual,2025-09-14,2025-09-25,cup_cold,105.41314285714286,0.0
manual,2025-09-14,2025-09-25,cup_hot,409.8222857142857,0.0
manual,2025-09-14,2025-09-25,ice,12052.8,0.0
manual,2025-09-14,2025-09-25,milk,65939.4,0.0
manual,2025-09-14,2025-09-25,sugar,3710.295428571429,0.0
manual,2025-09-14,2025-09-25,tea_leaves,299.46514285714284,0.0
manual,2025-09-14,2025-09-26,bread,98.85257142857142,0.0
manual,2025-09-14,2025-09-26,chocolate_syrup,1198.0800000000002,0.0
manual,2025-09-14,2025-09-26,coffee_beans,7214.708571428571,0.0
manual,2025-09-14,2025-09-26,croissant_dough,43.32342857142857,0.0
manual,2025-09-14,2025-09-26,cup_cold,105.41314285714286,0.0
manual,2025-09-14,2025-09-26,cup_hot,409.8222857142857,0.0
manual,2025-09-14,2025-09-26,ice,12052.8,0.0
manual,2025-09-14,2025-09-26,milk,65939.4,0.0
manual,2025-09-14,2025-09-26,sugar,3710.295428571429,0.0
manual,2025-09-14,2025-09-26,tea_leaves,299.46514285714284,0.0
manual,2025-09-14,2025-09-27,bread,98.85257142857142,0.0
manual,2025-09-14,2025-09-27,chocolate_syrup,1198.0800000000002,0.0
manual,2025-09-14,2025-09-27,coffee_beans,7214.708571428571,0.0
manual,2025-09-14,2025-09-27,croissant_dough,43.32342857142857,0.0
manual,2025-09-14,2025-09-27,cup_cold,105.41314285714286,0.0
manual,2025-09-14,2025-09-27,cup_hot,409.8222857142857,0.0
manual,2025-09-14,2025-09-27,ice,12052.8,0.0
manual,2025-09-14,2025-09-27,milk,65939.4,0.0
manual,2025-09-14,2025-09-27,sugar,3710.295428571429,0.0
manual,2025-09-14,2025-09-27,tea_leaves,299.46514285714284,0.0
manual,2025-09-14,2025-09-28,bread,98.85257142857142,0.0
manual,2025-09-14,2025-09-28,chocolate_syrup,1198.0800000000002,0.0
manual,2025-09-14,2025-09-28,coffee_beans,7214.708571428571,0.0
manual,2025-09-14,2025-09-28,croissant_dough,43.32342857142857,0.0
manual,2025-09-14,2025-09-28,cup_cold,105.41314285714286,0.0
manual,2025-09-14,2025-09-28,cup_hot,409.8222857142857,0.0
manual,2025-09-14,2025-09-28,ice,12052.8,0.0
manual,2025-09-14,2025-09-28,milk,65939.4,0.0
manual,2025-09-14,2025-09-28,sugar,3710.295428571429,0.0
manual,2025-09-14,2025-09-28,tea_leaves,299.46514285714284,0.0
manual,2025-09-14,2025-09-29,bread,98.85257142857142,0.0
manual,2025-09-14,2025-09-29,chocolate_syrup,1198.0800000000002,0.0
manual,2025-09-14,2025-09-29,coffee_beans,7214.708571428571,0.0
manual,2025-09-14,2025-09-29,croissant_dough,43.32342857142857,0.0
manual,2025-09-14,2025-09-29,cup_cold,105.41314285714286,0.0
manual,2025-09-14,2025-09-29,cup_hot,409.8222857142857,0.0
manual,2025-09-14,2025-09-29,ice,12052.8,0.0
manual,2025-09-14,2025-09-29,milk,65939.4,0.0
manual,2025-09-14,2025-09-29,sugar,3710.295428571429,0.0
manual,2025-09-14,2025-09-29,tea_leaves,299.46514285714284,0.0
manual,2025-09-14,2025-09-30,bread,98.85257142857142,0.0
manual,2025-09-14,2025-09-30,chocolate_syrup,1198.0800000000002,0.0
manual,2025-09-14,2025-09-30,coffee_beans,7214.708571428571,0.0
manual,2025-09-14,2025-09-30,croissant_dough,43.32342857142857,0.0
manual,2025-09-14,2025-09-30,cup_cold,105.41314285714286,0.0
manual,2025-09-14,2025-09-30,cup_hot,409.8222857142857,0.0
manual,2025-09-14,2025-09-30,ice,12052.8,0.0
manual,2025-09-14,2025-09-30,milk,65939.4,0.0
manual,2025-09-14,2025-09-30,sugar,3710.2954285714286,0.0
manual,2025-09-14,2025-09-30,tea_leaves,299.46514285714284,0.0
seasonal_naive,2025-09-14,2025-09-14,bread,72.08,39.07309588218192
seasonal_naive,2025-09-14,2025-09-14,chocolate_syrup,998.4,465.5923523270701
seasonal_naive,2025-09-14,2025-09-14,coffee_beans,6748.56,1912.233121195312
seasonal_naive,2025-09-14,2025-09-14,croissant_dough,38.88,15.375222570451106
seasonal_naive,2025-09-14,2025-09-14,cup_cold,141.11,28.60528841760813
seasonal_naive,2025-09-14,2025-09-14,cup_hot,331.66,157.82507837937084
seasonal_naive,2025-09-14,2025-09-14,ice,16135.2,3123.995740655925
seasonal_naive,2025-09-14,2025-09-14,milk,64312.5,21208.308496907528
seasonal_naive,2025-09-14,2025-09-14,sugar,3739.93,1253.485986697607
seasonal_naive,2025-09-14,2025-09-14,tea_leaves,259.56,206.2822139603016
seasonal_naive,2025-09-14,2025-09-15,bread,65.72,39.07309588218192
seasonal_naive,2025-09-14,2025-09-15,chocolate_syrup,592.8000000000001,465.5923523270701
seasonal_naive,2025-09-14,2025-09-15,coffee_beans,5191.2,1912.233121195312
seasonal_naive,2025-09-14,2025-09-15,croissant_dough,32.400000000000006,15.375222570451106
seasonal_naive,2025-09-14,2025-09-15,cup_cold,53.56,28.60528841760813
seasonal_naive,2025-09-14,2025-09-15,cup_hot,304.88,157.82507837937084
seasonal_naive,2025-09-14,2025-09-15,ice,5983.200000000001,3123.995740655925
seasonal_naive,2025-09-14,2025-09-15,milk,42147.0,21208.308496907528
seasonal_naive,2025-09-14,2025-09-15,sugar,2374.15,1253.485986697607
seasonal_naive,2025-09-14,2025-09-15,tea_leaves,201.88,206.2822139603016
seasonal_naive,2025-09-14,2025-09-16,bread,97.52,39.07309588218192
seasonal_naive,2025-09-14,2025-09-16,chocolate_syrup,998.4,465.5923523270701
seasonal_naive,2025-09-14,2025-09-16,coffee_beans,6971.04,1912.233121195312
seasonal_naive,2025-09-14,2025-09-16,croissant_dough,42.120000000000005,15.375222570451106
seasonal_naive,2025-09-14,2025-09-16,cup_cold,103.0,28.60528841760813
seasonal_naive,2025-09-14,2025-09-16,cup_hot,385.22,157.82507837937084
seasonal_naive,2025-09-14,2025-09-16,ice,11944.8,3123.995740655925
seasonal_naive,2025-09-14,2025-09-16,milk,62296.5,21208.308496907528
seasonal_naive,2025-09-14,2025-09-16,sugar,3459.77,1253.485986697607
seasonal_naive,2025-09-14,2025-09-16,tea_leaves,271.92,206.2822139603016
seasonal_naive,2025-09-14,2025-09-17,bread,82.68,39.07309588218192
seasonal_naive,2025-09-14,2025-09-17,chocolate_syrup,1248.0,465.5923523270701
seasonal_naive,2025-09-14,2025-09-17,coffee_beans,5320.98,1912.233121195312
seasonal_naive,2025-09-14,2025-09-17,croissant_dough,18.36,15.375222570451106
seasonal_naive,2025-09-14,2025-09-17,cup_cold,81.37,28.60528841760813
seasonal_naive,2025-09-14,2025-09-17,cup_hot,312.09,157.82507837937084
seasonal_naive,2025-09-14,2025-09-17,ice,9460.8,3123.995740655925
seasonal_naive,2025-09-14,2025-09-17,milk,55639.5,21208.308496907528
seasonal_naive,2025-09-14,2025-09-17,sugar,3015.84,1253.485986697607
seasonal_naive,2025-09-14,2025-09-17,tea_leaves,226.6,206.2822139603016
seasonal_naive,2025-09-14,2025-09-18,bread,84.80000000000001,39.07309588218192
seasonal_naive,2025-09-14,2025-09-18,chocolate_syrup,780.0000000000001,465.5923523270701
seasonal_naive,2025-09-14,2025-09-18,coffee_beans,5803.02,1912.233121195312
seasonal_naive,2025-09-14,2025-09-18,croissant_dough,36.72,15.375222570451106
seasonal_naive,2025-09-14,2025-09-18,cup_cold,75.19,28.60528841760813
seasonal_naive,2025-09-14,2025-09-18,cup_hot,342.99000000000007,157.82507837937084
seasonal_naive,2025-09-14,2025-09-18,ice,8510.400000000001,3123.995740655925
seasonal_naive,2025-09-14,2025-09-18,milk,47533.5,21208.308496907528
seasonal_naive,2025-09-14,2025-09-18,sugar,2766.5800000000004,1253.485986697607
seasonal_naive,2025-09-14,2025-09-18,tea_leaves,280.16,206.2822139603016
seasonal_naive,2025-09-14,2025-09-19,bread,89.04,39.07309588218192
seasonal_naive,2025-09-14,2025-09-19,chocolate_syrup,998.4,465.5923523270701
seasonal_naive,2025-09-14,2025-09-19,coffee_beans,6322.139999999999,1912.233121195312
seasonal_naive,2025-09-14,2025-09-19,croissant_dough,49.68000000000001,15.375222570451106
seasonal_naive,2025-09-14,2025-09-19,cup_cold,77.25,28.60528841760813
seasonal_naive,2025-09-14,2025-09-19,cup_hot,368.74,157.82507837937084
seasonal_naive,2025-09-14,2025-09-19,ice,8748.0,3123.995740655925
seasonal_naive,2025-09-14,2025-09-19,milk,56059.5,21208.308496907528
seasonal_naive,2025-09-14,2025-09-19,sugar,3163.13,1253.485986697607
seasonal_naive,2025-09-14,2025-09-19,tea_leaves,247.2,206.2822139603016
seasonal_naive,2025-09-14,2025-09-20,bread,84.80000000000001,39.07309588218192
seasonal_naive,2025-09-14,2025-09-20,chocolate_syrup,1372.8000000000002,465.5923523270701
seasonal_naive,2025-09-14,2025-09-20,coffee_beans,5728.86,1912.233121195312
seasonal_naive,2025-09-14,2025-09-20,croissant_dough,34.56,15.375222570451106
seasonal_naive,2025-09-14,2025-09-20,cup_cold,83.43,28.60528841760813
seasonal_naive,2025-09-14,2025-09-20,cup_hot,345.05,157.82507837937084
seasonal_naive,2025-09-14,2025-09-20,ice,9525.6,3123.995740655925
seasonal_naive,2025-09-14,2025-09-20,milk,56658.0,21208.308496907528
seasonal_naive,2025-09-14,2025-09-20,sugar,3123.99,1253.485986697607
seasonal_naive,2025-09-14,2025-09-20,tea_leaves,259.56,206.2822139603016
seasonal_naive,2025-09-14,2025-09-21,bread,72.08,39.07309588218192
seasonal_naive,2025-09-14,2025-09-21,chocolate_syrup,998.4,465.5923523270701
seasonal_naive,2025-09-14,2025-09-21,coffee_beans,6748.56,1912.233121195312
seasonal_naive,2025-09-14,2025-09-21,croissant_dough,38.88,15.375222570451106
seasonal_naive,2025-09-14,2025-09-21,cup_cold,141.11,28.60528841760813
seasonal_naive,2025-09-14,2025-09-21,cup_hot,331.66,157.82507837937084
seasonal_naive,2025-09-14,2025-09-21,ice,16135.2,3123.995740655925
seasonal_naive,2025-09-14,2025-09-21,milk,64312.5,21208.308496907528
seasonal_naive,2025-09-14,2025-09-21,sugar,3739.93,1253.485986697607
seasonal_naive,2025-09-14,2025-09-21,tea_leaves,259.56,206.2822139603016
seasonal_naive,2025-09-14,2025-09-22,bread,65.72,39.07309588218192
seasonal_naive,2025-09-14,2025-09-22,chocolate_syrup,592.8000000000001,465.5923523270701
seasonal_naive,2025-09-14,2025-09-22,coffee_beans,5191.2,1912.233121195312
seasonal_naive,2025-09-14,2025-09-22,croissant_dough,32.400000000000006,15.375222570451106
seasonal_naive,2025-09-14,2025-09-22,cup_cold,53.56,28.60528841760813
seasonal_naive,2025-09-14,2025-09-22,cup_hot,304.88,157.82507837937084
seasonal_naive,2025-09-14,2025-09-22,ice,5983.200000000001,3123.995740655925
seasonal_naive,2025-09-14,2025-09-22,milk,42147.0,21208.308496907528
seasonal_naive,2025-09-14,2025-09-22,sugar,2374.15,1253.485986697607
seasonal_naive,2025-09-14,2025-09-22,tea_leaves,201.88,206.2822139603016
seasonal_naive,2025-09-14,2025-09-23,bread,97.52,39.07309588218192
seasonal_naive,2025-09-14,2025-09-23,chocolate_syrup,998.4,465.5923523270701
seasonal_naive,2025-09-14,2025-09-23,coffee_beans,6971.04,1912.233121195312
seasonal_naive,2025-09-14,2025-09-23,croissant_dough,42.120000000000005,15.375222570451106
seasonal_naive,2025-09-14,2025-09-23,cup_cold,103.0,28.60528841760813
seasonal_naive,2025-09-14,2025-09-23,cup_hot,385.22,157.82507837937084
seasonal_naive,2025-09-14,2025-09-23,ice,11944.8,3123.995740655925
seasonal_naive,2025-09-14,2025-09-23,milk,62296.5,21208.308496907528
seasonal_naive,2025-09-14,2025-09-23,sugar,3459.77,1253.485986697607
seasonal_naive,2025-09-14,2025-09-23,tea_leaves,271.92,206.2822139603016
seasonal_naive,2025-09-14,2025-09-24,bread,82.68,39.07309588218192
seasonal_naive,2025-09-14,2025-09-24,chocolate_syrup,1248.0,465.5923523270701
seasonal_naive,2025-09-14,2025-09-24,coffee_beans,5320.98,1912.233121195312
seasonal_naive,2025-09-14,2025-09-24,croissant_dough,18.36,15.375222570451106
seasonal_naive,2025-09-14,2025-09-24,cup_cold,81.37,28.60528841760813
seasonal_naive,2025-09-14,2025-09-24,cup_hot,312.09,157.82507837937084
seasonal_naive,2025-09-14,2025-09-24,ice,9460.8,3123.995740655925
seasonal_naive,2025-09-14,2025-09-24,milk,55639.5,21208.308496907528
seasonal_naive,2025-09-14,2025-09-24,sugar,3015.84,1253.485986697607
seasonal_naive,2025-09-14,2025-09-24,tea_leaves,226.6,206.2822139603016
seasonal_naive,2025-09-14,2025-09-25,bread,84.80000000000001,39.07309588218192
seasonal_naive,2025-09-14,2025-09-25,chocolate_syrup,780.0000000000001,465.5923523270701
seasonal_naive,2025-09-14,2025-09-25,coffee_beans,5803.02,1912.233121195312
seasonal_naive,2025-09-14,2025-09-25,croissant_dough,36.72,15.375222570451106
seasonal_naive,2025-09-14,2025-09-25,cup_cold,75.19,28.60528841760813
seasonal_naive,2025-09-14,2025-09-25,cup_hot,342.99000000000007,157.82507837937084
seasonal_naive,2025-09-14,2025-09-25,ice,8510.400000000001,3123.995740655925
seasonal_naive,2025-09-14,2025-09-25,milk,47533.5,21208.308496907528
seasonal_naive,2025-09-14,2025-09-25,sugar,2766.5800000000004,1253.485986697607
seasonal_naive,2025-09-14,2025-09-25,tea_leaves,280.16,206.2822139603016
seasonal_naive,2025-09-14,2025-09-26,bread,89.04,39.07309588218192
seasonal_naive,2025-09-14,2025-09-26,chocolate_syrup,998.4,465.5923523270701
seasonal_naive,2025-09-14,2025-09-26,coffee_beans,6322.139999999999,1912.233121195312
seasonal_naive,2025-09-14,2025-09-26,croissant_dough,49.68000000000001,15.375222570451106
seasonal_naive,2025-09-14,2025-09-26,cup_cold,77.25,28.60528841760813
seasonal_naive,2025-09-14,2025-09-26,cup_hot,368.74,157.82507837937084
seasonal_naive,2025-09-14,2025-09-26,ice,8748.0,3123.995740655925
seasonal_naive,2025-09-14,2025-09-26,milk,56059.5,21208.308496907528
seasonal_naive,2025-09-14,2025-09-26,sugar,3163.13,1253.485986697607
seasonal_naive,2025-09-14,2025-09-26,tea_leaves,247.2,206.2822139603016
seasonal_naive,2025-09-14,2025-09-27,bread,84.80000000000001,39.07309588218192
seasonal_naive,2025-09-14,2025-09-27,chocolate_syrup,1372.8000000000002,465.5923523270701
seasonal_naive,2025-09-14,2025-09-27,coffee_beans,5728.86,1912.233121195312
seasonal_naive,2025-09-14,2025-09-27,croissant_dough,34.56,15.375222570451106
seasonal_naive,2025-09-14,2025-09-27,cup_cold,83.43,28.60528841760813
seasonal_naive,2025-09-14,2025-09-27,cup_hot,345.05,157.82507837937084
seasonal_naive,2025-09-14,2025-09-27,ice,9525.6,3123.995740655925
seasonal_naive,2025-09-14,2025-09-27,milk,56658.0,21208.308496907528
seasonal_naive,2025-09-14,2025-09-27,sugar,3123.99,1253.485986697607
seasonal_naive,2025-09-14,2025-09-27,tea_leaves,259.56,206.2822139603016
seasonal_naive,2025-09-14,2025-09-28,bread,72.08,39.07309588218192
seasonal_naive,2025-09-14,2025-09-28,chocolate_syrup,998.4,465.5923523270701
seasonal_naive,2025-09-14,2025-09-28,coffee_beans,6748.56,1912.233121195312
seasonal_naive,2025-09-14,2025-09-28,croissant_dough,38.88,15.375222570451106
seasonal_naive,2025-09-14,2025-09-28,cup_cold,141.11,28.60528841760813
seasonal_naive,2025-09-14,2025-09-28,cup_hot,331.66,157.82507837937084
seasonal_naive,2025-09-14,2025-09-28,ice,16135.2,3123.995740655925
seasonal_naive,2025-09-14,2025-09-28,milk,64312.5,21208.308496907528
seasonal_naive,2025-09-14,2025-09-28,sugar,3739.93,1253.485986697607
seasonal_naive,2025-09-14,2025-09-28,tea_leaves,259.56,206.2822139603016
seasonal_naive,2025-09-14,2025-09-29,bread,65.72,39.07309588218192
seasonal_naive,2025-09-14,2025-09-29,chocolate_syrup,592.8000000000001,465.5923523270701
seasonal_naive,2025-09-14,2025-09-29,coffee_beans,5191.2,1912.233121195312
seasonal_naive,2025-09-14,2025-09-29,croissant_dough,32.400000000000006,15.375222570451106
seasonal_naive,2025-09-14,2025-09-29,cup_cold,53.56,28.60528841760813
seasonal_naive,2025-09-14,2025-09-29,cup_hot,304.88,157.82507837937084
seasonal_naive,2025-09-14,2025-09-29,ice,5983.200000000001,3123.995740655925
seasonal_naive,2025-09-14,2025-09-29,milk,42147.0,21208.308496907528
seasonal_naive,2025-09-14,2025-09-29,sugar,2374.15,1253.485986697607
seasonal_naive,2025-09-14,2025-09-29,tea_leaves,201.88,206.2822139603016
seasonal_naive,2025-09-14,2025-09-30,bread,97.52,39.07309588218192
seasonal_naive,2025-09-14,2025-09-30,chocolate_syrup,998.4,465.5923523270701
seasonal_naive,2025-09-14,2025-09-30,coffee_beans,6971.04,1912.233121195312
seasonal_naive,2025-09-14,2025-09-30,croissant_dough,42.120000000000005,15.375222570451106
seasonal_naive,2025-09-14,2025-09-30,cup_cold,103.0,28.60528841760813
seasonal_naive,2025-09-14,2025-09-30,cup_hot,385.22,157.82507837937084
seasonal_naive,2025-09-14,2025-09-30,ice,11944.8,3123.995740655925
seasonal_naive,2025-09-14,2025-09-30,milk,62296.5,21208.308496907528
seasonal_naive,2025-09-14,2025-09-30,sugar,3459.7700000000004,1253.485986697607
seasonal_naive,2025-09-14,2025-09-30,tea_leaves,271.92,206.2822139603016
ml,2025-09-14,2025-09-14,bread,102.85129736503848,26.0741316171433
ml,2025-09-14,2025-09-14,chocolate_syrup,1164.658445497673,216.4448010762556
ml,2025-09-14,2025-09-14,coffee_beans,6711.680287256936,1632.8430642452684
ml,2025-09-14,2025-09-14,croissant_dough,49.00842412490422,11.6570884527038
ml,2025-09-14,2025-09-14,cup_cold,94.66912807616032,24.191516431103043
ml,2025-09-14,2025-09-14,cup_hot,390.29804338307537,90.5409721502596
ml,2025-09-14,2025-09-14,ice,10811.964800934124,2753.1277409258714
ml,2025-09-14,2025-09-14,milk,61233.12966051222,14100.7919937316
ml,2025-09-14,2025-09-14,sugar,3449.662919194396,809.5866952350849
ml,2025-09-14,2025-09-14,tea_leaves,294.5895366778025,67.49412657326988
ml,2025-09-14,2025-09-15,bread,104.19801808273486,26.0741316171433
ml,2025-09-14,2025-09-15,chocolate_syrup,965.1686506208952,216.4448010762556
ml,2025-09-14,2025-09-15,coffee_beans,5150.216468770626,1632.8430642452684
ml,2025-09-14,2025-09-15,croissant_dough,39.72474725615738,11.6570884527038
ml,2025-09-14,2025-09-15,cup_cold,74.19869975103259,24.191516431103043
ml,2025-09-14,2025-09-15,cup_hot,300.90292651573685,90.5409721502596
ml,2025-09-14,2025-09-15,ice,8473.537928131,2753.1277409258714
ml,2025-09-14,2025-09-15,milk,47994.00935321182,14100.7919937316
ml,2025-09-14,2025-09-15,sugar,2696.230775572038,809.5866952350849
ml,2025-09-14,2025-09-15,tea_leaves,228.4621987411878,67.49412657326988
ml,2025-09-14,2025-09-16,bread,90.3124102756768,26.0741316171433
ml,2025-09-14,2025-09-16,chocolate_syrup,988.500057080747,216.4448010762556
ml,2025-09-14,2025-09-16,coffee_beans,5128.343278531975,1632.8430642452684
ml,2025-09-14,2025-09-16,croissant_dough,41.94702467275794,11.6570884527038
ml,2025-09-14,2025-09-16,cup_cold,77.75743810631123,24.191516431103043
ml,2025-09-14,2025-09-16,cup_hot,295.7372341600715,90.5409721502596
ml,2025-09-14,2025-09-16,ice,8880.483175474026,2753.1277409258714
ml,2025-09-14,2025-09-16,milk,47324.87464977229,14100.7919937316
ml,2025-09-14,2025-09-16,sugar,2672.7335409596044,809.5866952350849
ml,2025-09-14,2025-09-16,tea_leaves,223.81414954648088,67.49412657326988
ml,2025-09-14,2025-09-17,bread,92.12964302414473,26.0741316171433
ml,2025-09-14,2025-09-17,chocolate_syrup,1037.105421149891,216.4448010762556
ml,2025-09-14,2025-09-17,coffee_beans,5680.659667880256,1632.8430642452684
ml,2025-09-14,2025-09-17,croissant_dough,42.43503017660703,11.6570884527038
ml,2025-09-14,2025-09-17,cup_cold,90.09854746904898,24.191516431103043
ml,2025-09-14,2025-09-17,cup_hot,316.9524527392489,90.5409721502596
ml,2025-09-14,2025-09-17,ice,10214.107957894385,2753.1277409258714
ml,2025-09-14,2025-09-17,milk,52704.4436714867,14100.7919937316
ml,2025-09-14,2025-09-17,sugar,2975.829447743178,809.5866952350849
ml,2025-09-14,2025-09-17,tea_leaves,228.88408526351208,67.49412657326988
ml,2025-09-14,2025-09-18,bread,93.1228342030042,26.0741316171433
ml,2025-09-14,2025-09-18,chocolate_syrup,1030.9499174321786,216.4448010762556
ml,2025-09-14,2025-09-18,coffee_beans,5623.294004888779,1632.8430642452684
ml,2025-09-14,2025-09-18,croissant_dough,43.188888559253776,11.6570884527038
ml,2025-09-14,2025-09-18,cup_cold,85.89272630999373,24.191516431103043
ml,2025-09-14,2025-09-18,cup_hot,320.7054876622079,90.5409721502596
ml,2025-09-14,2025-09-18,ice,9836.758676378891,2753.1277409258714
ml,2025-09-14,2025-09-18,milk,52556.22498532691,14100.7919937316
ml,2025-09-14,2025-09-18,sugar,2946.779510675227,809.5866952350849
ml,2025-09-14,2025-09-18,tea_leaves,240.63370758593945,67.49412657326988
ml,2025-09-14,2025-09-19,bread,96.3675485741334,26.0741316171433
ml,2025-09-14,2025-09-19,chocolate_syrup,1056.2178390573952,216.4448010762556
ml,2025-09-14,2025-09-19,coffee_beans,5904.516159399034,1632.8430642452684
ml,2025-09-14,2025-09-19,croissant_dough,43.092895371858205,11.6570884527038
ml,2025-09-14,2025-09-19,cup_cold,91.24475188161033,24.191516431103043
ml,2025-09-14,2025-09-19,cup_hot,334.49329715840145,90.5409721502596
ml,2025-09-14,2025-09-19,ice,10419.793210685528,2753.1277409258714
ml,2025-09-14,2025-09-19,milk,54795.56887556727,14100.7919937316
ml,2025-09-14,2025-09-19,sugar,3087.431422375864,809.5866952350849
ml,2025-09-14,2025-09-19,tea_leaves,251.36257429840884,67.49412657326988
ml,2025-09-14,2025-09-20,bread,111.46341810839334,26.0741316171433
ml,2025-09-14,2025-09-20,chocolate_syrup,1504.3429343882217,216.4448010762556
ml,2025-09-14,2025-09-20,coffee_beans,6719.264464440702,1632.8430642452684
ml,2025-09-14,2025-09-20,croissant_dough,48.99091662185084,11.6570884527038
ml,2025-09-14,2025-09-20,cup_cold,102.41060179032026,24.191516431103043
ml,2025-09-14,2025-09-20,cup_hot,390.4802469385381,90.5409721502596
ml,2025-09-14,2025-09-20,ice,11698.696383890589,2753.1277409258714
ml,2025-09-14,2025-09-20,milk,64279.84982830387,14100.7919937316
ml,2025-09-14,2025-09-20,sugar,3564.97513726634,809.5866952350849
ml,2025-09-14,2025-09-20,tea_leaves,279.7431007978586,67.49412657326988
ml,2025-09-14,2025-09-21,bread,110.9213711320843,26.0741316171433
ml,2025-09-14,2025-09-21,chocolate_syrup,1170.481357338286,216.4448010762556
ml,2025-09-14,2025-09-21,coffee_beans,6898.420089888135,1632.8430642452684
ml,2025-09-14,2025-09-21,croissant_dough,48.73666702070814,11.6570884527038
ml,2025-09-14,2025-09-21,cup_cold,104.95523633594684,24.191516431103043
ml,2025-09-14,2025-09-21,cup_hot,386.8942818753848,90.5409721502596
ml,2025-09-14,2025-09-21,ice,12000.102662514528,2753.1277409258714
ml,2025-09-14,2025-09-21,milk,61712.04006416031,14100.7919937316
ml,2025-09-14,2025-09-21,sugar,3486.448698168072,809.5866952350849
ml,2025-09-14,2025-09-21,tea_leaves,279.8522667943176,67.49412657326988
ml,2025-09-14,2025-09-22,bread,89.06476164533883,26.0741316171433
ml,2025-09-14,2025-09-22,chocolate_syrup,1066.5709656231131,216.4448010762556
ml,2025-09-14,2025-09-22,coffee_beans,5220.343381150692,1632.8430642452684
ml,2025-09-14,2025-09-22,croissant_dough,41.266900572317134,11.6570884527038
ml,2025-09-14,2025-09-22,cup_cold,79.36671035202619,24.191516431103043
ml,2025-09-14,2025-09-22,cup_hot,300.2469407254613,90.5409721502596
ml,2025-09-14,2025-09-22,ice,9093.088401731256,2753.1277409258714
ml,2025-09-14,2025-09-22,milk,49085.53329884539,14100.7919937316
ml,2025-09-14,2025-09-22,sugar,2735.388997167708,809.5866952350849
ml,2025-09-14,2025-09-22,tea_leaves,217.5362339783679,67.49412657326988
ml,2025-09-14,2025-09-23,bread,95.29466830827556,26.0741316171433
ml,2025-09-14,2025-09-23,chocolate_syrup,1110.8078896772563,216.4448010762556
ml,2025-09-14,2025-09-23,coffee_beans,5510.116145009094,1632.8430642452684
ml,2025-09-14,2025-09-23,croissant_dough,43.023553001809965,11.6570884527038
ml,2025-09-14,2025-09-23,cup_cold,84.9526622035737,24.191516431103043
ml,2025-09-14,2025-09-23,cup_hot,314.93180695098897,90.5409721502596
ml,2025-09-14,2025-09-23,ice,9727.688533875324,2753.1277409258714
ml,2025-09-14,2025-09-23,milk,51240.13736106207,14100.7919937316
ml,2025-09-14,2025-09-23,sugar,2869.36875913363,809.5866952350849
ml,2025-09-14,2025-09-23,tea_leaves,228.38401622722444,67.49412657326988
ml,2025-09-14,2025-09-24,bread,95.00204717986944,26.0741316171433
ml,2025-09-14,2025-09-24,chocolate_syrup,1149.3993392999923,216.4448010762556
ml,2025-09-14,2025-09-24,coffee_beans,5582.739654786542,1632.8430642452684
ml,2025-09-14,2025-09-24,croissant_dough,44.36449234243533,11.6570884527038
ml,2025-09-14,2025-09-24,cup_cold,86.70534592836145,24.191516431103043
ml,2025-09-14,2025-09-24,cup_hot,319.0136216433794,90.5409721502596
ml,2025-09-14,2025-09-24,ice,9937.509171115991,2753.1277409258714
ml,2025-09-14,2025-09-24,milk,52263.41786718242,14100.7919937316
ml,2025-09-14,2025-09-24,sugar,2920.694760060738,809.5866952350849
ml,2025-09-14,2025-09-24,tea_leaves,230.48740176871576,67.49412657326988
ml,2025-09-14,2025-09-25,bread,98.84372927466396,26.0741316171433
ml,2025-09-14,2025-09-25,chocolate_syrup,1157.7160982628477,216.4448010762556
ml,2025-09-14,2025-09-25,coffee_beans,5769.566442219024,1632.8430642452684
ml,2025-09-14,2025-09-25,croissant_dough,44.60124362112052,11.6570884527038
ml,2025-09-14,2025-09-25,cup_cold,87.95295315880321,24.191516431103043
ml,2025-09-14,2025-09-25,cup_hot,329.8192985759867,90.5409721502596
ml,2025-09-14,2025-09-25,ice,10077.608004518366,2753.1277409258714
ml,2025-09-14,2025-09-25,milk,53791.83275874988,14100.7919937316
ml,2025-09-14,2025-09-25,sugar,2994.533339576209,809.5866952350849
ml,2025-09-14,2025-09-25,tea_leaves,236.08523586347044,67.49412657326988
ml,2025-09-14,2025-09-26,bread,106.01934780180248,26.0741316171433
ml,2025-09-14,2025-09-26,chocolate_syrup,1161.2043592959042,216.4448010762556
ml,2025-09-14,2025-09-26,coffee_beans,6250.956338262518,1632.8430642452684
ml,2025-09-14,2025-09-26,croissant_dough,45.71408693342823,11.6570884527038
ml,2025-09-14,2025-09-26,cup_cold,95.978594900568,24.191516431103043
ml,2025-09-14,2025-09-26,cup_hot,356.28751424051063,90.5409721502596
ml,2025-09-14,2025-09-26,ice,10935.40256144665,2753.1277409258714
ml,2025-09-14,2025-09-26,milk,58393.50334104892,14100.7919937316
ml,2025-09-14,2025-09-26,sugar,3290.5019586639305,809.5866952350849
ml,2025-09-14,2025-09-26,tea_leaves,266.6245036929709,67.49412657326988
ml,2025-09-14,2025-09-27,bread,114.42657503345548,26.0741316171433
ml,2025-09-14,2025-09-27,chocolate_syrup,1305.5264833554222,216.4448010762556
ml,2025-09-14,2025-09-27,coffee_beans,6983.5161704598695,1632.8430642452684
ml,2025-09-14,2025-09-27,croissant_dough,51.0170402637925,11.6570884527038
ml,2025-09-14,2025-09-27,cup_cold,110.41690332180048,24.191516431103043
ml,2025-09-14,2025-09-27,cup_hot,393.6719992050171,90.5409721502596
ml,2025-09-14,2025-09-27,ice,12552.061541527948,2753.1277409258714
ml,2025-09-14,2025-09-27,milk,65056.787789078735,14100.7919937316
ml,2025-09-14,2025-09-27,sugar,3674.5728717580255,809.5866952350849
ml,2025-09-14,2025-09-27,tea_leaves,292.06668190386955,67.49412657326988
ml,2025-09-14,2025-09-28,bread,124.40999380996986,26.0741316171433
ml,2025-09-14,2025-09-28,chocolate_syrup,1172.8839519403382,216.4448010762556
ml,2025-09-14,2025-09-28,coffee_beans,7482.144615620957,1632.8430642452684
ml,2025-09-14,2025-09-28,croissant_dough,52.78896009349419,11.6570884527038
ml,2025-09-14,2025-09-28,cup_cold,114.71999715844508,24.191516431103043
ml,2025-09-14,2025-09-28,cup_hot,422.0768914977211,90.5409721502596
ml,2025-09-14,2025-09-28,ice,13036.686659399416,2753.1277409258714
ml,2025-09-14,2025-09-28,milk,68671.62785541533,14100.7919937316
ml,2025-09-14,2025-09-28,sugar,3923.4695043653255,809.5866952350849
ml,2025-09-14,2025-09-28,tea_leaves,329.60792160224486,67.49412657326988
ml,2025-09-14,2025-09-29,bread,121.92536681005429,26.0741316171433
ml,2025-09-14,2025-09-29,chocolate_syrup,1070.4083631145088,216.4448010762556
ml,2025-09-14,2025-09-29,coffee_beans,5575.476133297194,1632.8430642452684
ml,2025-09-14,2025-09-29,croissant_dough,43.82468549916164,11.6570884527038
ml,2025-09-14,2025-09-29,cup_cold,83.15901178836437,24.191516431103043
ml,2025-09-14,2025-09-29,cup_hot,325.88754741851835,90.5409721502596
ml,2025-09-14,2025-09-29,ice,9507.706095968217,2753.1277409258714
ml,2025-09-14,2025-09-29,milk,52015.58669802055,14100.7919937316
ml,2025-09-14,2025-09-29,sugar,2946.42681664924,809.5866952350849
ml,2025-09-14,2025-09-29,tea_leaves,255.84274387158035,67.49412657326988
ml,2025-09-14,2025-09-30,bread,104.77463388009316,26.0741316171433
ml,2025-09-14,2025-09-30,chocolate_syrup,1114.6988098111478,216.4448010762556
ml,2025-09-14,2025-09-30,coffee_beans,5808.755942440005,1632.8430642452684
ml,2025-09-14,2025-09-30,croissant_dough,46.50870880157698,11.6570884527038
ml,2025-09-14,2025-09-30,cup_cold,89.37333949140856,24.191516431103043
ml,2025-09-14,2025-09-30,cup_hot,335.69017046418486,90.5409721502596
ml,2025-09-14,2025-09-30,ice,10230.125593105447,2753.1277409258714
ml,2025-09-14,2025-09-30,milk,55057.072513569,14100.7919937316
ml,2025-09-14,2025-09-30,sugar,3103.7720850625888,809.5866952350849
ml,2025-09-14,2025-09-30,tea_leaves,262.2219790102164,67.49412657326988
manual,2025-09-21,2025-09-21,bread,102.48685714285716,0.0
manual,2025-09-21,2025-09-21,chocolate_syrup,1652.7085714285718,0.0
manual,2025-09-21,2025-09-21,coffee_beans,7340.78057142857,0.0
manual,2025-09-21,2025-09-21,croissant_dough,48.211200000000005,0.0
manual,2025-09-21,2025-09-21,cup_cold,100.94,0.0
manual,2025-09-21,2025-09-21,cup_hot,443.9005714285715,0.0
manual,2025-09-21,2025-09-21,ice,11525.76,0.0
manual,2025-09-21,2025-09-21,milk,71509.8,0.0
manual,2025-09-21,2025-09-21,sugar,3916.5897142857134,0.0
manual,2025-09-21,2025-09-21,tea_leaves,329.83542857142857,0.0
manual,2025-09-21,2025-09-22,bread,102.48685714285716,0.0
manual,2025-09-21,2025-09-22,chocolate_syrup,1652.7085714285718,0.0
manual,2025-09-21,2025-09-22,coffee_beans,7340.78057142857,0.0
manual,2025-09-21,2025-09-22,croissant_dough,48.211200000000005,0.0
manual,2025-09-21,2025-09-22,cup_cold,100.94,0.0
manual,2025-09-21,2025-09-22,cup_hot,443.9005714285715,0.0
manual,2025-09-21,2025-09-22,ice,11525.76,0.0
manual,2025-09-21,2025-09-22,milk,71509.8,0.0
manual,2025-09-21,2025-09-22,sugar,3916.5897142857134,0.0
manual,2025-09-21,2025-09-22,tea_leaves,329.83542857142857,0.0
manual,2025-09-21,2025-09-23,bread,102.48685714285716,0.0
manual,2025-09-21,2025-09-23,chocolate_syrup,1652.7085714285718,0.0
manual,2025-09-21,2025-09-23,coffee_beans,7340.78057142857,0.0
manual,2025-09-21,2025-09-23,croissant_dough,48.211200000000005,0.0
manual,2025-09-21,2025-09-23,cup_cold,100.94,0.0
manual,2025-09-21,2025-09-23,cup_hot,443.9005714285715,0.0
manual,2025-09-21,2025-09-23,ice,11525.76,0.0
manual,2025-09-21,2025-09-23,milk,71509.8,0.0
manual,2025-09-21,2025-09-23,sugar,3916.5897142857134,0.0
manual,2025-09-21,2025-09-23,tea_leaves,329.83542857142857,0.0
manual,2025-09-21,2025-09-24,bread,102.48685714285716,0.0
manual,2025-09-21,2025-09-24,chocolate_syrup,1652.7085714285718,0.0
manual,2025-09-21,2025-09-24,coffee_beans,7340.78057142857,0.0
manual,2025-09-21,2025-09-24,croissant_dough,48.211200000000005,0.0
manual,2025-09-21,2025-09-24,cup_cold,100.94,0.0
manual,2025-09-21,2025-09-24,cup_hot,443.9005714285715,0.0
manual,2025-09-21,2025-09-24,ice,11525.76,0.0
manual,2025-09-21,2025-09-24,milk,71509.8,0.0
manual,2025-09-21,2025-09-24,sugar,3916.5897142857134,0.0
manual,2025-09-21,2025-09-24,tea_leaves,329.83542857142857,0.0
manual,2025-09-21,2025-09-25,bread,102.48685714285716,0.0
manual,2025-09-21,2025-09-25,chocolate_syrup,1652.7085714285718,0.0
manual,2025-09-21,2025-09-25,coffee_beans,7340.78057142857,0.0
manual,2025-09-21,2025-09-25,croissant_dough,48.211200000000005,0.0
manual,2025-09-21,2025-09-25,cup_cold,100.94,0.0
manual,2025-09-21,2025-09-25,cup_hot,443.9005714285715,0.0
manual,2025-09-21,2025-09-25,ice,11525.76,0.0
manual,2025-09-21,2025-09-25,milk,71509.8,0.0
manual,2025-09-21,2025-09-25,sugar,3916.5897142857134,0.0
manual,2025-09-21,2025-09-25,tea_leaves,329.83542857142857,0.0
manual,2025-09-21,2025-09-26,bread,102.48685714285716,0.0
manual,2025-09-21,2025-09-26,chocolate_syrup,1652.7085714285718,0.0
manual,2025-09-21,2025-09-26,coffee_beans,7340.78057142857,0.0
manual,2025-09-21,2025-09-26,croissant_dough,48.211200000000005,0.0
manual,2025-09-21,2025-09-26,cup_cold,100.94,0.0
manual,2025-09-21,2025-09-26,cup_hot,443.9005714285715,0.0
manual,2025-09-21,2025-09-26,ice,11525.76,0.0
manual,2025-09-21,2025-09-26,milk,71509.8,0.0
manual,2025-09-21,2025-09-26,sugar,3916.5897142857134,0.0
manual,2025-09-21,2025-09-26,tea_leaves,329.83542857142857,0.0
manual,2025-09-21,2025-09-27,bread,102.48685714285716,0.0
manual,2025-09-21,2025-09-27,chocolate_syrup,1652.7085714285718,0.0
manual,2025-09-21,2025-09-27,coffee_beans,7340.78057142857,0.0
manual,2025-09-21,2025-09-27,croissant_dough,48.211200000000005,0.0
manual,2025-09-21,2025-09-27,cup_cold,100.94,0.0
manual,2025-09-21,2025-09-27,cup_hot,443.9005714285715,0.0
manual,2025-09-21,2025-09-27,ice,11525.76,0.0
manual,2025-09-21,2025-09-27,milk,71509.8,0.0
manual,2025-09-21,2025-09-27,sugar,3916.5897142857134,0.0
manual,2025-09-21,2025-09-27,tea_leaves,329.83542857142857,0.0
manual,2025-09-21,2025-09-28,bread,102.48685714285716,0.0
manual,2025-09-21,2025-09-28,chocolate_syrup,1652.7085714285718,0.0
manual,2025-09-21,2025-09-28,coffee_beans,7340.78057142857,0.0
manual,2025-09-21,2025-09-28,croissant_dough,48.211200000000005,0.0
manual,2025-09-21,2025-09-28,cup_cold,100.94,0.0
manual,2025-09-21,2025-09-28,cup_hot,443.9005714285715,0.0
manual,2025-09-21,2025-09-28,ice,11525.76,0.0
manual,2025-09-21,2025-09-28,milk,71509.8,0.0
manual,2025-09-21,2025-09-28,sugar,3916.5897142857134,0.0
manual,2025-09-21,2025-09-28,tea_leaves,329.83542857142857,0.0
manual,2025-09-21,2025-09-29,bread,102.48685714285716,0.0
manual,2025-09-21,2025-09-29,chocolate_syrup,1652.7085714285718,0.0
manual,2025-09-21,2025-09-29,coffee_beans,7340.78057142857,0.0
manual,2025-09-21,2025-09-29,croissant_dough,48.211200000000005,0.0
manual,2025-09-21,2025-09-29,cup_cold,100.94,0.0
manual,2025-09-21,2025-09-29,cup_hot,443.9005714285715,0.0
manual,2025-09-21,2025-09-29,ice,11525.76,0.0
manual,2025-09-21,2025-09-29,milk,71509.8,0.0
manual,2025-09-21,2025-09-29,sugar,3916.5897142857134,0.0
manual,2025-09-21,2025-09-29,tea_leaves,329.83542857142857,0.0
manual,2025-09-21,2025-09-30,bread,102.48685714285716,0.0
manual,2025-09-21,2025-09-30,chocolate_syrup,1652.7085714285718,0.0
manual,2025-09-21,2025-09-30,coffee_beans,7340.78057142857,0.0
manual,2025-09-21,2025-09-30,croissant_dough,48.211200000000005,0.0
manual,2025-09-21,2025-09-30,cup_cold,100.94,0.0
manual,2025-09-21,2025-09-30,cup_hot,443.9005714285715,0.0
manual,2025-09-21,2025-09-30,ice,11525.76,0.0
manual,2025-09-21,2025-09-30,milk,71509.8,0.0
manual,2025-09-21,2025-09-30,sugar,3916.5897142857134,0.0
manual,2025-09-21,2025-09-30,tea_leaves,329.83542857142857,0.0
manual,2025-09-21,2025-10-01,bread,102.48685714285716,0.0
manual,2025-09-21,2025-10-01,chocolate_syrup,1652.7085714285718,0.0
manual,2025-09-21,2025-10-01,coffee_beans,7340.78057142857,0.0
manual,2025-09-21,2025-10-01,croissant_dough,48.211200000000005,0.0
manual,2025-09-21,2025-10-01,cup_cold,100.94,0.0
manual,2025-09-21,2025-10-01,cup_hot,443.9005714285715,0.0
manual,2025-09-21,2025-10-01,ice,11525.76,0.0
manual,2025-09-21,2025-10-01,milk,71509.8,0.0
manual,2025-09-21,2025-10-01,sugar,3916.5897142857134,0.0
manual,2025-09-21,2025-10-01,tea_leaves,329.83542857142857,0.0
manual,2025-09-21,2025-10-02,bread,102.48685714285716,0.0
manual,2025-09-21,2025-10-02,chocolate_syrup,1652.7085714285718,0.0
manual,2025-09-21,2025-10-02,coffee_beans,7340.78057142857,0.0
manual,2025-09-21,2025-10-02,croissant_dough,48.211200000000005,0.0
manual,2025-09-21,2025-10-02,cup_cold,100.94,0.0
manual,2025-09-21,2025-10-02,cup_hot,443.9005714285715,0.0
manual,2025-09-21,2025-10-02,ice,11525.76,0.0
manual,2025-09-21,2025-10-02,milk,71509.8,0.0
manual,2025-09-21,2025-10-02,sugar,3916.5897142857134,0.0
manual,2025-09-21,2025-10-02,tea_leaves,329.83542857142857,0.0
manual,2025-09-21,2025-10-03,bread,102.48685714285716,0.0
manual,2025-09-21,2025-10-03,chocolate_syrup,1652.7085714285718,0.0
manual,2025-09-21,2025-10-03,coffee_beans,7340.78057142857,0.0
manual,2025-09-21,2025-10-03,croissant_dough,48.211200000000005,0.0
manual,2025-09-21,2025-10-03,cup_cold,100.94,0.0
manual,2025-09-21,2025-10-03,cup_hot,443.9005714285715,0.0
manual,2025-09-21,2025-10-03,ice,11525.76,0.0
manual,2025-09-21,2025-10-03,milk,71509.8,0.0
manual,2025-09-21,2025-10-03,sugar,3916.5897142857134,0.0
manual,2025-09-21,2025-10-03,tea_leaves,329.83542857142857,0.0
manual,2025-09-21,2025-10-04,bread,102.48685714285716,0.0
manual,2025-09-21,2025-10-04,chocolate_syrup,1652.7085714285718,0.0
manual,2025-09-21,2025-10-04,coffee_beans,7340.78057142857,0.0
manual,2025-09-21,2025-10-04,croissant_dough,48.211200000000005,0.0
manual,2025-09-21,2025-10-04,cup_cold,100.94,0.0
manual,2025-09-21,2025-10-04,cup_hot,443.9005714285715,0.0
manual,2025-09-21,2025-10-04,ice,11525.76,0.0
manual,2025-09-21,2025-10-04,milk,71509.8,0.0
manual,2025-09-21,2025-10-04,sugar,3916.5897142857134,0.0
manual,2025-09-21,2025-10-04,tea_leaves,329.83542857142857,0.0
manual,2025-09-21,2025-10-05,bread,102.48685714285716,0.0
manual,2025-09-21,2025-10-05,chocolate_syrup,1652.7085714285718,0.0
manual,2025-09-21,2025-10-05,coffee_beans,7340.78057142857,0.0
manual,2025-09-21,2025-10-05,croissant_dough,48.211200000000005,0.0
manual,2025-09-21,2025-10-05,cup_cold,100.94,0.0
manual,2025-09-21,2025-10-05,cup_hot,443.9005714285715,0.0
manual,2025-09-21,2025-10-05,ice,11525.76,0.0
manual,2025-09-21,2025-10-05,milk,71509.8,0.0
manual,2025-09-21,2025-10-05,sugar,3916.5897142857134,0.0
manual,2025-09-21,2025-10-05,tea_leaves,329.83542857142857,0.0
manual,2025-09-21,2025-10-06,bread,102.48685714285716,0.0
manual,2025-09-21,2025-10-06,chocolate_syrup,1652.7085714285718,0.0
manual,2025-09-21,2025-10-06,coffee_beans,7340.78057142857,0.0
manual,2025-09-21,2025-10-06,croissant_dough,48.211200000000005,0.0
manual,2025-09-21,2025-10-06,cup_cold,100.94,0.0
manual,2025-09-21,2025-10-06,cup_hot,443.9005714285715,0.0
manual,2025-09-21,2025-10-06,ice,11525.76,0.0
manual,2025-09-21,2025-10-06,milk,71509.8,0.0
manual,2025-09-21,2025-10-06,sugar,3916.5897142857134,0.0
manual,2025-09-21,2025-10-06,tea_leaves,329.83542857142857,0.0
manual,2025-09-21,2025-10-07,bread,102.48685714285716,0.0
manual,2025-09-21,2025-10-07,chocolate_syrup,1652.7085714285718,0.0
manual,2025-09-21,2025-10-07,coffee_beans,7340.78057142857,0.0
manual,2025-09-21,2025-10-07,croissant_dough,48.211200000000005,0.0
manual,2025-09-21,2025-10-07,cup_cold,100.94,0.0
manual,2025-09-21,2025-10-07,cup_hot,443.9005714285715,0.0
manual,2025-09-21,2025-10-07,ice,11525.760000000002,0.0
manual,2025-09-21,2025-10-07,milk,71509.79999999999,0.0
manual,2025-09-21,2025-10-07,sugar,3916.5897142857134,0.0
manual,2025-09-21,2025-10-07,tea_leaves,329.83542857142857,0.0
seasonal_naive,2025-09-21,2025-09-21,bread,118.72,37.71839539417221
seasonal_naive,2025-09-21,2025-09-21,chocolate_syrup,1185.6,528.5001267738731
seasonal_naive,2025-09-21,2025-09-21,coffee_beans,7564.32,1814.475784528413
seasonal_naive,2025-09-21,2025-09-21,croissant_dough,46.440000000000005,11.60071721920675
seasonal_naive,2025-09-21,2025-09-21,cup_cold,126.69,23.1071240577927
seasonal_naive,2025-09-21,2025-09-21,cup_hot,398.61,141.47020732688247
seasonal_naive,2025-09-21,2025-09-21,ice,14126.4,2626.06515075312
seasonal_naive,2025-09-21,2025-09-21,milk,68806.5,20895.59809864269
seasonal_naive,2025-09-21,2025-09-21,sugar,3932.54,1196.4726827401173
seasonal_naive,2025-09-21,2025-09-21,tea_leaves,263.68,172.87697611628656
seasonal_naive,2025-09-21,2025-09-22,bread,59.36,37.71839539417221
seasonal_naive,2025-09-21,2025-09-22,chocolate_syrup,873.6000000000001,528.5001267738731
seasonal_naive,2025-09-21,2025-09-22,coffee_beans,4987.259999999999,1814.475784528413
seasonal_naive,2025-09-21,2025-09-22,croissant_dough,40.17600000000001,11.60071721920675
seasonal_naive,2025-09-21,2025-09-22,cup_cold,63.86,23.1071240577927
seasonal_naive,2025-09-21,2025-09-22,cup_hot,302.82,141.47020732688247
seasonal_naive,2025-09-21,2025-09-22,ice,7344.000000000001,2626.06515075312
seasonal_naive,2025-09-21,2025-09-22,milk,46840.5,20895.59809864269
seasonal_naive,2025-09-21,2025-09-22,sugar,2605.9,1196.4726827401173
seasonal_naive,2025-09-21,2025-09-22,tea_leaves,243.08,172.87697611628656
seasonal_naive,2025-09-21,2025-09-23,bread,69.96000000000001,37.71839539417221
seasonal_naive,2025-09-21,2025-09-23,chocolate_syrup,1279.2,528.5001267738731
seasonal_naive,2025-09-21,2025-09-23,coffee_beans,4567.02,1814.475784528413
seasonal_naive,2025-09-21,2025-09-23,croissant_dough,32.400000000000006,11.60071721920675
seasonal_naive,2025-09-21,2025-09-23,cup_cold,52.873333333333335,23.1071240577927
seasonal_naive,2025-09-21,2025-09-23,cup_hot,296.64,141.47020732688247
seasonal_naive,2025-09-21,2025-09-23,ice,6328.800000000001,2626.06515075312
seasonal_naive,2025-09-21,2025-09-23,milk,45843.0,20895.59809864269
seasonal_naive,2025-09-21,2025-09-23,sugar,2385.8233333333333,1196.4726827401173
seasonal_naive,2025-09-21,2025-09-23,tea_leaves,214.24,172.87697611628656
seasonal_naive,2025-09-21,2025-09-24,bread,84.80000000000001,37.71839539417221
seasonal_naive,2025-09-21,2025-09-24,chocolate_syrup,1185.6,528.5001267738731
seasonal_naive,2025-09-21,2025-09-24,coffee_beans,5710.320000000001,1814.475784528413
seasonal_naive,2025-09-21,2025-09-24,croissant_dough,40.176,11.60071721920675
seasonal_naive,2025-09-21,2025-09-24,cup_cold,89.61,23.1071240577927
seasonal_naive,2025-09-21,2025-09-24,cup_hot,349.17,141.47020732688247
seasonal_naive,2025-09-21,2025-09-24,ice,10303.2,2626.06515075312
seasonal_naive,2025-09-21,2025-09-24,milk,55723.5,20895.59809864269
seasonal_naive,2025-09-21,2025-09-24,sugar,3212.57,1196.4726827401173
seasonal_naive,2025-09-21,2025-09-24,tea_leaves,329.6,172.87697611628656
seasonal_naive,2025-09-21,2025-09-25,bread,78.44,37.71839539417221
seasonal_naive,2025-09-21,2025-09-25,chocolate_syrup,1310.4,528.5001267738731
seasonal_naive,2025-09-21,2025-09-25,coffee_beans,6340.68,1814.475784528413
seasonal_naive,2025-09-21,2025-09-25,croissant_dough,33.480000000000004,11.60071721920675
seasonal_naive,2025-09-21,2025-09-25,cup_cold,73.13000000000001,23.1071240577927
seasonal_naive,2025-09-21,2025-09-25,cup_hot,381.1,141.47020732688247
seasonal_naive,2025-09-21,2025-09-25,ice,8186.400000000001,2626.06515075312
seasonal_naive,2025-09-21,2025-09-25,milk,58863.0,20895.59809864269
seasonal_naive,2025-09-21,2025-09-25,sugar,3142.53,1196.4726827401173
seasonal_naive,2025-09-21,2025-09-25,tea_leaves,234.84,172.87697611628656
seasonal_naive,2025-09-21,2025-09-26,bread,69.96000000000001,37.71839539417221
seasonal_naive,2025-09-21,2025-09-26,chocolate_syrup,1903.2000000000005,528.5001267738731
seasonal_naive,2025-09-21,2025-09-26,coffee_beans,7366.559999999999,1814.475784528413
seasonal_naive,2025-09-21,2025-09-26,croissant_dough,44.28,11.60071721920675
seasonal_naive,2025-09-21,2025-09-26,cup_cold,90.98333333333332,23.1071240577927
seasonal_naive,2025-09-21,2025-09-26,cup_hot,470.71,141.47020732688247
seasonal_naive,2025-09-21,2025-09-26,ice,10468.8,2626.06515075312
seasonal_naive,2025-09-21,2025-09-26,milk,74735.5,20895.59809864269
seasonal_naive,2025-09-21,2025-09-26,sugar,4025.24,1196.4726827401173
seasonal_naive,2025-09-21,2025-09-26,tea_leaves,358.44,172.87697611628656
seasonal_naive,2025-09-21,2025-09-27,bread,116.6,37.71839539417221
seasonal_naive,2025-09-21,2025-09-27,chocolate_syrup,1903.2000000000005,528.5001267738731
seasonal_naive,2025-09-21,2025-09-27,coffee_beans,6285.06,1814.475784528413
seasonal_naive,2025-09-21,2025-09-27,croissant_dough,44.28,11.60071721920675
seasonal_naive,2025-09-21,2025-09-27,cup_cold,91.67,23.1071240577927
seasonal_naive,2025-09-21,2025-09-27,cup_hot,390.37,141.47020732688247
seasonal_naive,2025-09-21,2025-09-27,ice,10476.0,2626.06515075312
seasonal_naive,2025-09-21,2025-09-27,milk,66328.5,20895.59809864269
seasonal_naive,2025-09-21,2025-09-27,sugar,3542.17,1196.4726827401173
seasonal_naive,2025-09-21,2025-09-27,tea_leaves,280.16,172.87697611628656
seasonal_naive,2025-09-21,2025-09-28,bread,118.72,37.71839539417221
seasonal_naive,2025-09-21,2025-09-28,chocolate_syrup,1185.6,528.5001267738731
seasonal_naive,2025-09-21,2025-09-28,coffee_beans,7564.32,1814.475784528413
seasonal_naive,2025-09-21,2025-09-28,croissant_dough,46.440000000000005,11.60071721920675
seasonal_naive,2025-09-21,2025-09-28,cup_cold,126.69,23.1071240577927
seasonal_naive,2025-09-21,2025-09-28,cup_hot,398.61,141.47020732688247
seasonal_naive,2025-09-21,2025-09-28,ice,14126.4,2626.06515075312
seasonal_naive,2025-09-21,2025-09-28,milk,68806.5,20895.59809864269
seasonal_naive,2025-09-21,2025-09-28,sugar,3932.54,1196.4726827401173
seasonal_naive,2025-09-21,2025-09-28,tea_leaves,263.68,172.87697611628656
seasonal_naive,2025-09-21,2025-09-29,bread,59.36,37.71839539417221
seasonal_naive,2025-09-21,2025-09-29,chocolate_syrup,873.6000000000001,528.5001267738731
seasonal_naive,2025-09-21,2025-09-29,coffee_beans,4987.259999999999,1814.475784528413
seasonal_naive,2025-09-21,2025-09-29,croissant_dough,40.17600000000001,11.60071721920675
seasonal_naive,2025-09-21,2025-09-29,cup_cold,63.86,23.1071240577927
seasonal_naive,2025-09-21,2025-09-29,cup_hot,302.82,141.47020732688247
seasonal_naive,2025-09-21,2025-09-29,ice,7344.000000000001,2626.06515075312
seasonal_naive,2025-09-21,2025-09-29,milk,46840.5,20895.59809864269
seasonal_naive,2025-09-21,2025-09-29,sugar,2605.9,1196.4726827401173
seasonal_naive,2025-09-21,2025-09-29,tea_leaves,243.08,172.87697611628656
seasonal_naive,2025-09-21,2025-09-30,bread,69.96000000000001,37.71839539417221
seasonal_naive,2025-09-21,2025-09-30,chocolate_syrup,1279.2,528.5001267738731
seasonal_naive,2025-09-21,2025-09-30,coffee_beans,4567.02,1814.475784528413
seasonal_naive,2025-09-21,2025-09-30,croissant_dough,32.400000000000006,11.60071721920675
seasonal_naive,2025-09-21,2025-09-30,cup_cold,52.873333333333335,23.1071240577927
seasonal_naive,2025-09-21,2025-09-30,cup_hot,296.64,141.47020732688247
seasonal_naive,2025-09-21,2025-09-30,ice,6328.800000000001,2626.06515075312
seasonal_naive,2025-09-21,2025-09-30,milk,45843.0,20895.59809864269
seasonal_naive,2025-09-21,2025-09-30,sugar,2385.8233333333333,1196.4726827401173
seasonal_naive,2025-09-21,2025-09-30,tea_leaves,214.24,172.87697611628656
seasonal_naive,2025-09-21,2025-10-01,bread,84.80000000000001,37.71839539417221
seasonal_naive,2025-09-21,2025-10-01,chocolate_syrup,1185.6,528.5001267738731
seasonal_naive,2025-09-21,2025-10-01,coffee_beans,5710.320000000001,1814.475784528413
seasonal_naive,2025-09-21,2025-10-01,croissant_dough,40.176,11.60071721920675
seasonal_naive,2025-09-21,2025-10-01,cup_cold,89.61,23.1071240577927
seasonal_naive,2025-09-21,2025-10-01,cup_hot,349.17,141.47020732688247
seasonal_naive,2025-09-21,2025-10-01,ice,10303.2,2626.06515075312
seasonal_naive,2025-09-21,2025-10-01,milk,55723.5,20895.59809864269
seasonal_naive,2025-09-21,2025-10-01,sugar,3212.57,1196.4726827401173
seasonal_naive,2025-09-21,2025-10-01,tea_leaves,329.6,172.87697611628656
seasonal_naive,2025-09-21,2025-10-02,bread,78.44,37.71839539417221
seasonal_naive,2025-09-21,2025-10-02,chocolate_syrup,1310.4,528.5001267738731
seasonal_naive,2025-09-21,2025-10-02,coffee_beans,6340.68,1814.475784528413
seasonal_naive,2025-09-21,2025-10-02,croissant_dough,33.480000000000004,11.60071721920675
seasonal_naive,2025-09-21,2025-10-02,cup_cold,73.13000000000001,23.1071240577927
seasonal_naive,2025-09-21,2025-10-02,cup_hot,381.1,141.47020732688247
seasonal_naive,2025-09-21,2025-10-02,ice,8186.400000000001,2626.06515075312
seasonal_naive,2025-09-21,2025-10-02,milk,58863.0,20895.59809864269
seasonal_naive,2025-09-21,2025-10-02,sugar,3142.53,1196.4726827401173
seasonal_naive,2025-09-21,2025-10-02,tea_leaves,234.84,172.87697611628656
seasonal_naive,2025-09-21,2025-10-03,bread,69.96000000000001,37.71839539417221
seasonal_naive,2025-09-21,2025-10-03,chocolate_syrup,1903.2000000000005,528.5001267738731
seasonal_naive,2025-09-21,2025-10-03,coffee_beans,7366.559999999999,1814.475784528413
seasonal_naive,2025-09-21,2025-10-03,croissant_dough,44.28,11.60071721920675
seasonal_naive,2025-09-21,2025-10-03,cup_cold,90.98333333333332,23.1071240577927
seasonal_naive,2025-09-21,2025-10-03,cup_hot,470.71,141.47020732688247
seasonal_naive,2025-09-21,2025-10-03,ice,10468.8,2626.06515075312
seasonal_naive,2025-09-21,2025-10-03,milk,74735.5,20895.59809864269
seasonal_naive,2025-09-21,2025-10-03,sugar,4025.24,1196.4726827401173
seasonal_naive,2025-09-21,2025-10-03,tea_leaves,358.44,172.87697611628656
seasonal_naive,2025-09-21,2025-10-04,bread,116.6,37.71839539417221
seasonal_naive,2025-09-21,2025-10-04,chocolate_syrup,1903.2000000000005,528.5001267738731
seasonal_naive,2025-09-21,2025-10-04,coffee_beans,6285.06,1814.475784528413
seasonal_naive,2025-09-21,2025-10-04,croissant_dough,44.28,11.60071721920675
seasonal_naive,2025-09-21,2025-10-04,cup_cold,91.67,23.1071240577927
seasonal_naive,2025-09-21,2025-10-04,cup_hot,390.37,141.47020732688247
seasonal_naive,2025-09-21,2025-10-04,ice,10476.0,2626.06515075312
seasonal_naive,2025-09-21,2025-10-04,milk,66328.5,20895.59809864269
seasonal_naive,2025-09-21,2025-10-04,sugar,3542.17,1196.4726827401173
seasonal_naive,2025-09-21,2025-10-04,tea_leaves,280.16,172.87697611628656
seasonal_naive,2025-09-21,2025-10-05,bread,118.72,37.71839539417221
seasonal_naive,2025-09-21,2025-10-05,chocolate_syrup,1185.6,528.5001267738731
seasonal_naive,2025-09-21,2025-10-05,coffee_beans,7564.32,1814.475784528413
seasonal_naive,2025-09-21,2025-10-05,croissant_dough,46.440000000000005,11.60071721920675
seasonal_naive,2025-09-21,2025-10-05,cup_cold,126.69,23.1071240577927
seasonal_naive,2025-09-21,2025-10-05,cup_hot,398.61,141.47020732688247
seasonal_naive,2025-09-21,2025-10-05,ice,14126.4,2626.06515075312
seasonal_naive,2025-09-21,2025-10-05,milk,68806.5,20895.59809864269
seasonal_naive,2025-09-21,2025-10-05,sugar,3932.54,1196.4726827401173
seasonal_naive,2025-09-21,2025-10-05,tea_leaves,263.68,172.87697611628656
seasonal_naive,2025-09-21,2025-10-06,bread,59.36,37.71839539417221
seasonal_naive,2025-09-21,2025-10-06,chocolate_syrup,873.6000000000001,528.5001267738731
seasonal_naive,2025-09-21,2025-10-06,coffee_beans,4987.259999999999,1814.475784528413
seasonal_naive,2025-09-21,2025-10-06,croissant_dough,40.17600000000001,11.60071721920675
seasonal_naive,2025-09-21,2025-10-06,cup_cold,63.86,23.1071240577927
seasonal_naive,2025-09-21,2025-10-06,cup_hot,302.82,141.47020732688247
seasonal_naive,2025-09-21,2025-10-06,ice,7344.000000000001,2626.06515075312
seasonal_naive,2025-09-21,2025-10-06,milk,46840.5,20895.59809864269
seasonal_naive,2025-09-21,2025-10-06,sugar,2605.9,1196.4726827401173
seasonal_naive,2025-09-21,2025-10-06,tea_leaves,243.08,172.87697611628656
seasonal_naive,2025-09-21,2025-10-07,bread,69.96000000000001,37.71839539417221
seasonal_naive,2025-09-21,2025-10-07,chocolate_syrup,1279.2,528.5001267738731
seasonal_naive,2025-09-21,2025-10-07,coffee_beans,4567.02,1814.475784528413
seasonal_naive,2025-09-21,2025-10-07,croissant_dough,32.400000000000006,11.60071721920675
seasonal_naive,2025-09-21,2025-10-07,cup_cold,52.873333333333335,23.1071240577927
seasonal_naive,2025-09-21,2025-10-07,cup_hot,296.64,141.47020732688247
seasonal_naive,2025-09-21,2025-10-07,ice,6328.800000000001,2626.06515075312
seasonal_naive,2025-09-21,2025-10-07,milk,45843.0,20895.59809864269
seasonal_naive,2025-09-21,2025-10-07,sugar,2385.8233333333337,1196.4726827401173
seasonal_naive,2025-09-21,2025-10-07,tea_leaves,214.24,172.87697611628656
ml,2025-09-21,2025-09-21,bread,101.85034206609372,29.624852064745635
ml,2025-09-21,2025-09-21,chocolate_syrup,1397.8155057596146,489.3719923897784
ml,2025-09-21,2025-09-21,coffee_beans,6914.641347889771,1847.7633750369887
ml,2025-09-21,2025-09-21,croissant_dough,48.931771361426506,13.753266541281564
ml,2025-09-21,2025-09-21,cup_cold,102.83244478149942,30.30376654221184
ml,2025-09-21,2025-09-21,cup_hot,397.9698519860708,108.49096363400356
ml,2025-09-21,2025-09-21,ice,11760.512863944745,3466.9919557724984
ml,2025-09-21,2025-09-21,milk,64451.3731757672,18786.20496998146
ml,2025-09-21,2025-09-21,sugar,3578.8768426830275,1038.7009102273284
ml,2025-09-21,2025-09-21,tea_leaves,282.0388912658354,79.94263836824794
ml,2025-09-21,2025-09-22,bread,81.71880950926453,29.624852064745635
ml,2025-09-21,2025-09-22,chocolate_syrup,1127.0158706758011,489.3719923897784
ml,2025-09-21,2025-09-22,coffee_beans,5002.678109492597,1847.7633750369887
ml,2025-09-21,2025-09-22,croissant_dough,39.28622248357856,13.753266541281564
ml,2025-09-21,2025-09-22,cup_cold,74.15344055214777,30.30376654221184
ml,2025-09-21,2025-09-22,cup_hot,294.17814146369443,108.49096363400356
ml,2025-09-21,2025-09-22,ice,8512.557996405456,3466.9919557724984
ml,2025-09-21,2025-09-22,milk,48226.14951596604,18786.20496998146
ml,2025-09-21,2025-09-22,sugar,2659.887783342066,1038.7009102273284
ml,2025-09-21,2025-09-22,tea_leaves,212.7961908945767,79.94263836824794
ml,2025-09-21,2025-09-23,bread,89.12312023652619,29.624852064745635
ml,2025-09-21,2025-09-23,chocolate_syrup,1164.2213407590984,489.3719923897784
ml,2025-09-21,2025-09-23,coffee_beans,5300.989403000573,1847.7633750369887
ml,2025-09-21,2025-09-23,croissant_dough,40.11146670334417,13.753266541281564
ml,2025-09-21,2025-09-23,cup_cold,79.78881727108215,30.30376654221184
ml,2025-09-21,2025-09-23,cup_hot,308.94855910249504,108.49096363400356
ml,2025-09-21,2025-09-23,ice,9154.46985432175,3466.9919557724984
ml,2025-09-21,2025-09-23,milk,50594.7630741066,18786.20496998146
ml,2025-09-21,2025-09-23,sugar,2801.321404980443,1038.7009102273284
ml,2025-09-21,2025-09-23,tea_leaves,223.21493974436893,79.94263836824794
ml,2025-09-21,2025-09-24,bread,89.56181463709771,29.624852064745635
ml,2025-09-21,2025-09-24,chocolate_syrup,1202.0710855082757,489.3719923897784
ml,2025-09-21,2025-09-24,coffee_beans,5450.299273976821,1847.7633750369887
ml,2025-09-21,2025-09-24,croissant_dough,42.92455407847631,13.753266541281564
ml,2025-09-21,2025-09-24,cup_cold,83.40656895391186,30.30376654221184
ml,2025-09-21,2025-09-24,cup_hot,316.0478029207274,108.49096363400356
ml,2025-09-21,2025-09-24,ice,9558.994823921515,3466.9919557724984
ml,2025-09-21,2025-09-24,milk,52457.89098355983,18786.20496998146
ml,2025-09-21,2025-09-24,sugar,2905.8804891481564,1038.7009102273284
ml,2025-09-21,2025-09-24,tea_leaves,227.90484310111952,79.94263836824794
ml,2025-09-21,2025-09-25,bread,91.20596060408282,29.624852064745635
ml,2025-09-21,2025-09-25,chocolate_syrup,1212.9358399957048,489.3719923897784
ml,2025-09-21,2025-09-25,coffee_beans,5570.557850497911,1847.7633750369887
ml,2025-09-21,2025-09-25,croissant_dough,42.54030824249128,13.753266541281564
ml,2025-09-21,2025-09-25,cup_cold,83.04414696956414,30.30376654221184
ml,2025-09-21,2025-09-25,cup_hot,325.23207592385666,108.49096363400356
ml,2025-09-21,2025-09-25,ice,9510.147269379842,3466.9919557724984
ml,2025-09-21,2025-09-25,milk,53074.75011666963,18786.20496998146
ml,2025-09-21,2025-09-25,sugar,2937.5635144237035,1038.7009102273284
ml,2025-09-21,2025-09-25,tea_leaves,235.03341430121,79.94263836824794
ml,2025-09-21,2025-09-26,bread,93.23994465425616,29.624852064745635
ml,2025-09-21,2025-09-26,chocolate_syrup,1239.3181566888502,489.3719923897784
ml,2025-09-21,2025-09-26,coffee_beans,5986.446870284834,1847.7633750369887
ml,2025-09-21,2025-09-26,croissant_dough,45.07379575726432,13.753266541281564
ml,2025-09-21,2025-09-26,cup_cold,90.58426102250488,30.30376654221184
ml,2025-09-21,2025-09-26,cup_hot,347.91409301120115,108.49096363400356
ml,2025-09-21,2025-09-26,ice,10326.69382370816,3466.9919557724984
ml,2025-09-21,2025-09-26,milk,57044.93563580387,18786.20496998146
ml,2025-09-21,2025-09-26,sugar,3197.3103734945685,1038.7009102273284
ml,2025-09-21,2025-09-26,tea_leaves,260.01833794466665,79.94263836824794
ml,2025-09-21,2025-09-27,bread,107.99196322845144,29.624852064745635
ml,2025-09-21,2025-09-27,chocolate_syrup,1401.048206088974,489.3719923897784
ml,2025-09-21,2025-09-27,coffee_beans,6766.647597997155,1847.7633750369887
ml,2025-09-21,2025-09-27,croissant_dough,50.52176118260067,13.753266541281564
ml,2025-09-21,2025-09-27,cup_cold,103.82320018629756,30.30376654221184
ml,2025-09-21,2025-09-27,cup_hot,390.9489875113932,108.49096363400356
ml,2025-09-21,2025-09-27,ice,11816.933645395548,3466.9919557724984
ml,2025-09-21,2025-09-27,milk,64276.57427850647,18786.20496998146
ml,2025-09-21,2025-09-27,sugar,3603.440663722967,1038.7009102273284
ml,2025-09-21,2025-09-27,tea_leaves,290.37907273947513,79.94263836824794
ml,2025-09-21,2025-09-28,bread,117.1153761271504,29.624852064745635
ml,2025-09-21,2025-09-28,chocolate_syrup,1362.5271888216894,489.3719923897784
ml,2025-09-21,2025-09-28,coffee_beans,7364.537402909556,1847.7633750369887
ml,2025-09-21,2025-09-28,croissant_dough,50.92205441830372,13.753266541281564
ml,2025-09-21,2025-09-28,cup_cold,110.5433631913408,30.30376654221184
ml,2025-09-21,2025-09-28,cup_hot,424.5232206212177,108.49096363400356
ml,2025-09-21,2025-09-28,ice,12570.636911005924,3466.9919557724984
ml,2025-09-21,2025-09-28,milk,68786.73401933661,18786.20496998146
ml,2025-09-21,2025-09-28,sugar,3889.297873877359,1038.7009102273284
ml,2025-09-21,2025-09-28,tea_leaves,323.77900582336554,79.94263836824794
ml,2025-09-21,2025-09-29,bread,115.6871977766931,29.624852064745635
ml,2025-09-21,2025-09-29,chocolate_syrup,1145.0329826779,489.3719923897784
ml,2025-09-21,2025-09-29,coffee_beans,5475.112235126286,1847.7633750369887
ml,2025-09-21,2025-09-29,croissant_dough,40.64231373428767,13.753266541281564
ml,2025-09-21,2025-09-29,cup_cold,81.17570094950823,30.30376654221184
ml,2025-09-21,2025-09-29,cup_hot,323.45416921762603,108.49096363400356
ml,2025-09-21,2025-09-29,ice,9268.102540668737,3466.9919557724984
ml,2025-09-21,2025-09-29,milk,51719.70874281125,18786.20496998146
ml,2025-09-21,2025-09-29,sugar,2913.7008253016165,1038.7009102273284
ml,2025-09-21,2025-09-29,tea_leaves,250.62479950907547,79.94263836824794
ml,2025-09-21,2025-09-30,bread,99.47555584338517,29.624852064745635
ml,2025-09-21,2025-09-30,chocolate_syrup,1220.5549270170022,489.3719923897784
ml,2025-09-21,2025-09-30,coffee_beans,5670.631256679894,1847.7633750369887
ml,2025-09-21,2025-09-30,croissant_dough,44.18372862602319,13.753266541281564
ml,2025-09-21,2025-09-30,cup_cold,83.54133517978136,30.30376654221184
ml,2025-09-21,2025-09-30,cup_hot,337.72263716454614,108.49096363400356
ml,2025-09-21,2025-09-30,ice,9563.24356767066,3466.9919557724984
ml,2025-09-21,2025-09-30,milk,54774.456227677496,18786.20496998146
ml,2025-09-21,2025-09-30,sugar,3063.5893602237093,1038.7009102273284
ml,2025-09-21,2025-09-30,tea_leaves,263.7397671885072,79.94263836824794
ml,2025-09-21,2025-10-01,bread,96.6659743830512,29.624852064745635
ml,2025-09-21,2025-10-01,chocolate_syrup,1236.4126284630363,489.3719923897784
ml,2025-09-21,2025-10-01,coffee_beans,5946.266806313704,1847.7633750369887
ml,2025-09-21,2025-10-01,croissant_dough,45.38632316738477,13.753266541281564
ml,2025-09-21,2025-10-01,cup_cold,86.6296677010908,30.30376654221184
ml,2025-09-21,2025-10-01,cup_hot,348.75786271837273,108.49096363400356
ml,2025-09-21,2025-10-01,ice,9896.675578063609,3466.9919557724984
ml,2025-09-21,2025-10-01,milk,55109.70929584621,18786.20496998146
ml,2025-09-21,2025-10-01,sugar,3081.521177682586,1038.7009102273284
ml,2025-09-21,2025-10-01,tea_leaves,256.8876253196471,79.94263836824794
ml,2025-09-21,2025-10-02,bread,93.05319058573374,29.624852064745635
ml,2025-09-21,2025-10-02,chocolate_syrup,1150.611488418161,489.3719923897784
ml,2025-09-21,2025-10-02,coffee_beans,5724.139381771862,1847.7633750369887
ml,2025-09-21,2025-10-02,croissant_dough,58.01084188329042,13.753266541281564
ml,2025-09-21,2025-10-02,cup_cold,79.52155630810131,30.30376654221184
ml,2025-09-21,2025-10-02,cup_hot,338.17795609271303,108.49096363400356
ml,2025-09-21,2025-10-02,ice,9087.087464335964,3466.9919557724984
ml,2025-09-21,2025-10-02,milk,52823.85067318919,18786.20496998146
ml,2025-09-21,2025-10-02,sugar,2937.8584657249794,1038.7009102273284
ml,2025-09-21,2025-10-02,tea_leaves,246.82735368762488,79.94263836824794
ml,2025-09-21,2025-10-03,bread,104.40120441026438,29.624852064745635
ml,2025-09-21,2025-10-03,chocolate_syrup,1249.697333676629,489.3719923897784
ml,2025-09-21,2025-10-03,coffee_beans,6157.002063637289,1847.7633750369887
ml,2025-09-21,2025-10-03,croissant_dough,48.46659617560114,13.753266541281564
ml,2025-09-21,2025-10-03,cup_cold,93.50090880733224,30.30376654221184
ml,2025-09-21,2025-10-03,cup_hot,359.2295041979873,108.49096363400356
ml,2025-09-21,2025-10-03,ice,10655.374924340773,3466.9919557724984
ml,2025-09-21,2025-10-03,milk,59603.04966245277,18786.20496998146
ml,2025-09-21,2025-10-03,sugar,3333.0520006513866,1038.7009102273284
ml,2025-09-21,2025-10-03,tea_leaves,277.6748361249243,79.94263836824794
ml,2025-09-21,2025-10-04,bread,112.80703201714708,29.624852064745635
ml,2025-09-21,2025-10-04,chocolate_syrup,1301.527985703583,489.3719923897784
ml,2025-09-21,2025-10-04,coffee_beans,6501.38775740339,1847.7633750369887
ml,2025-09-21,2025-10-04,croissant_dough,53.537988336191226,13.753266541281564
ml,2025-09-21,2025-10-04,cup_cold,99.83447859295808,30.30376654221184
ml,2025-09-21,2025-10-04,cup_hot,377.9002434633643,108.49096363400356
ml,2025-09-21,2025-10-04,ice,11402.96193958214,3466.9919557724984
ml,2025-09-21,2025-10-04,milk,62279.51651736853,18786.20496998146
ml,2025-09-21,2025-10-04,sugar,3503.490815628527,1038.7009102273284
ml,2025-09-21,2025-10-04,tea_leaves,294.3176141089773,79.94263836824794
ml,2025-09-21,2025-10-05,bread,109.97725946654477,29.624852064745635
ml,2025-09-21,2025-10-05,chocolate_syrup,1264.5808985927172,489.3719923897784
ml,2025-09-21,2025-10-05,coffee_beans,6425.232144602148,1847.7633750369887
ml,2025-09-21,2025-10-05,croissant_dough,52.1226068953248,13.753266541281564
ml,2025-09-21,2025-10-05,cup_cold,98.64365011410769,30.30376654221184
ml,2025-09-21,2025-10-05,cup_hot,369.5594702101124,108.49096363400356
ml,2025-09-21,2025-10-05,ice,11265.509381011118,3466.9919557724984
ml,2025-09-21,2025-10-05,milk,60535.0736507453,18786.20496998146
ml,2025-09-21,2025-10-05,sugar,3401.947598227375,1038.7009102273284
ml,2025-09-21,2025-10-05,tea_leaves,277.99358691300574,79.94263836824794
ml,2025-09-21,2025-10-06,bread,83.75486942101968,29.624852064745635
ml,2025-09-21,2025-10-06,chocolate_syrup,1016.6390006029416,489.3719923897784
ml,2025-09-21,2025-10-06,coffee_beans,4701.641043256306,1847.7633750369887
ml,2025-09-21,2025-10-06,croissant_dough,39.7302526857686,13.753266541281564
ml,2025-09-21,2025-10-06,cup_cold,70.45883332805656,30.30376654221184
ml,2025-09-21,2025-10-06,cup_hot,271.768457443698,108.49096363400356
ml,2025-09-21,2025-10-06,ice,8074.611198430545,3466.9919557724984
ml,2025-09-21,2025-10-06,milk,44449.6831736024,18786.20496998146
ml,2025-09-21,2025-10-06,sugar,2453.8883320389973,1038.7009102273284
ml,2025-09-21,2025-10-06,tea_leaves,189.8515589504421,79.94263836824794
ml,2025-09-21,2025-10-07,bread,91.0190482315757,29.624852064745635
ml,2025-09-21,2025-10-07,chocolate_syrup,1072.8345337177816,489.3719923897784
ml,2025-09-21,2025-10-07,coffee_beans,4859.510239251413,1847.7633750369887
ml,2025-09-21,2025-10-07,croissant_dough,43.73880326947421,13.753266541281564
ml,2025-09-21,2025-10-07,cup_cold,76.4275182146497,30.30376654221184
ml,2025-09-21,2025-10-07,cup_hot,277.5566728532564,108.49096363400356
ml,2025-09-21,2025-10-07,ice,8766.473644142123,3466.9919557724984
ml,2025-09-21,2025-10-07,milk,46569.86309503772,18786.20496998146
ml,2025-09-21,2025-10-07,sugar,2570.9094097715315,1038.7009102273284
ml,2025-09-21,2025-10-07,tea_leaves,194.3764243872102,79.94263836824794
manual,2025-09-28,2025-09-28,bread,103.21371428571427,0.0
manual,2025-09-28,2025-09-28,chocolate_syrup,1379.9314285714283,0.0
manual,2025-09-28,2025-09-28,coffee_beans,7406.465142857143,0.0
manual,2025-09-28,2025-09-28,croissant_dough,54.24685714285714,0.0
manual,2025-09-28,2025-09-28,cup_cold,95.05428571428573,0.0
manual,2025-09-28,2025-09-28,cup_hot,452.7291428571429,0.0
manual,2025-09-28,2025-09-28,ice,10779.017142857145,0.0
manual,2025-09-28,2025-09-28,milk,67300.19999999998,0.0
manual,2025-09-28,2025-09-28,sugar,3826.361714285714,0.0
manual,2025-09-28,2025-09-28,tea_leaves,363.03085714285714,0.0
manual,2025-09-28,2025-09-29,bread,103.21371428571427,0.0
manual,2025-09-28,2025-09-29,chocolate_syrup,1379.9314285714283,0.0
manual,2025-09-28,2025-09-29,coffee_beans,7406.465142857143,0.0
manual,2025-09-28,2025-09-29,croissant_dough,54.24685714285714,0.0
manual,2025-09-28,2025-09-29,cup_cold,95.05428571428573,0.0
manual,2025-09-28,2025-09-29,cup_hot,452.7291428571429,0.0
manual,2025-09-28,2025-09-29,ice,10779.017142857145,0.0
manual,2025-09-28,2025-09-29,milk,67300.19999999998,0.0
manual,2025-09-28,2025-09-29,sugar,3826.361714285714,0.0
manual,2025-09-28,2025-09-29,tea_leaves,363.03085714285714,0.0
manual,2025-09-28,2025-09-30,bread,103.21371428571427,0.0
manual,2025-09-28,2025-09-30,chocolate_syrup,1379.9314285714283,0.0
manual,2025-09-28,2025-09-30,coffee_beans,7406.465142857143,0.0
manual,2025-09-28,2025-09-30,croissant_dough,54.24685714285714,0.0
manual,2025-09-28,2025-09-30,cup_cold,95.05428571428573,0.0
manual,2025-09-28,2025-09-30,cup_hot,452.7291428571429,0.0
manual,2025-09-28,2025-09-30,ice,10779.017142857145,0.0
manual,2025-09-28,2025-09-30,milk,67300.19999999998,0.0
manual,2025-09-28,2025-09-30,sugar,3826.361714285714,0.0
manual,2025-09-28,2025-09-30,tea_leaves,363.03085714285714,0.0
manual,2025-09-28,2025-10-01,bread,103.21371428571427,0.0
manual,2025-09-28,2025-10-01,chocolate_syrup,1379.9314285714283,0.0
manual,2025-09-28,2025-10-01,coffee_beans,7406.465142857143,0.0
manual,2025-09-28,2025-10-01,croissant_dough,54.24685714285714,0.0
manual,2025-09-28,2025-10-01,cup_cold,95.05428571428573,0.0
manual,2025-09-28,2025-10-01,cup_hot,452.7291428571429,0.0
manual,2025-09-28,2025-10-01,ice,10779.017142857145,0.0
manual,2025-09-28,2025-10-01,milk,67300.19999999998,0.0
manual,2025-09-28,2025-10-01,sugar,3826.361714285714,0.0
manual,2025-09-28,2025-10-01,tea_leaves,363.03085714285714,0.0
manual,2025-09-28,2025-10-02,bread,103.21371428571427,0.0
manual,2025-09-28,2025-10-02,chocolate_syrup,1379.9314285714283,0.0
manual,2025-09-28,2025-10-02,coffee_beans,7406.465142857143,0.0
manual,2025-09-28,2025-10-02,croissant_dough,54.24685714285714,0.0
manual,2025-09-28,2025-10-02,cup_cold,95.05428571428573,0.0
manual,2025-09-28,2025-10-02,cup_hot,452.7291428571429,0.0
manual,2025-09-28,2025-10-02,ice,10779.017142857145,0.0
manual,2025-09-28,2025-10-02,milk,67300.19999999998,0.0
manual,2025-09-28,2025-10-02,sugar,3826.361714285714,0.0
manual,2025-09-28,2025-10-02,tea_leaves,363.03085714285714,0.0
manual,2025-09-28,2025-10-03,bread,103.21371428571427,0.0
manual,2025-09-28,2025-10-03,chocolate_syrup,1379.9314285714283,0.0
manual,2025-09-28,2025-10-03,coffee_beans,7406.465142857143,0.0
manual,2025-09-28,2025-10-03,croissant_dough,54.24685714285714,0.0
manual,2025-09-28,2025-10-03,cup_cold,95.05428571428573,0.0
manual,2025-09-28,2025-10-03,cup_hot,452.7291428571429,0.0
manual,2025-09-28,2025-10-03,ice,10779.017142857145,0.0
manual,2025-09-28,2025-10-03,milk,67300.19999999998,0.0
manual,2025-09-28,2025-10-03,sugar,3826.361714285714,0.0
manual,2025-09-28,2025-10-03,tea_leaves,363.03085714285714,0.0
manual,2025-09-28,2025-10-04,bread,103.21371428571427,0.0
manual,2025-09-28,2025-10-04,chocolate_syrup,1379.9314285714283,0.0
manual,2025-09-28,2025-10-04,coffee_beans,7406.465142857143,0.0
manual,2025-09-28,2025-10-04,croissant_dough,54.24685714285714,0.0
manual,2025-09-28,2025-10-04,cup_cold,95.05428571428573,0.0
manual,2025-09-28,2025-10-04,cup_hot,452.7291428571429,0.0
manual,2025-09-28,2025-10-04,ice,10779.017142857145,0.0
manual,2025-09-28,2025-10-04,milk,67300.19999999998,0.0
manual,2025-09-28,2025-10-04,sugar,3826.361714285714,0.0
manual,2025-09-28,2025-10-04,tea_leaves,363.03085714285714,0.0
manual,2025-09-28,2025-10-05,bread,103.21371428571427,0.0
manual,2025-09-28,2025-10-05,chocolate_syrup,1379.9314285714283,0.0
manual,2025-09-28,2025-10-05,coffee_beans,7406.465142857143,0.0
manual,2025-09-28,2025-10-05,croissant_dough,54.24685714285714,0.0
manual,2025-09-28,2025-10-05,cup_cold,95.05428571428573,0.0
manual,2025-09-28,2025-10-05,cup_hot,452.7291428571429,0.0
manual,2025-09-28,2025-10-05,ice,10779.017142857145,0.0
manual,2025-09-28,2025-10-05,milk,67300.19999999998,0.0
manual,2025-09-28,2025-10-05,sugar,3826.361714285714,0.0
manual,2025-09-28,2025-10-05,tea_leaves,363.03085714285714,0.0
manual,2025-09-28,2025-10-06,bread,103.21371428571427,0.0
manual,2025-09-28,2025-10-06,chocolate_syrup,1379.9314285714283,0.0
manual,2025-09-28,2025-10-06,coffee_beans,7406.465142857143,0.0
manual,2025-09-28,2025-10-06,croissant_dough,54.24685714285714,0.0
manual,2025-09-28,2025-10-06,cup_cold,95.05428571428573,0.0
manual,2025-09-28,2025-10-06,cup_hot,452.7291428571429,0.0
manual,2025-09-28,2025-10-06,ice,10779.017142857145,0.0
manual,2025-09-28,2025-10-06,milk,67300.19999999998,0.0
manual,2025-09-28,2025-10-06,sugar,3826.361714285714,0.0
manual,2025-09-28,2025-10-06,tea_leaves,363.03085714285714,0.0
manual,2025-09-28,2025-10-07,bread,103.21371428571427,0.0
manual,2025-09-28,2025-10-07,chocolate_syrup,1379.9314285714283,0.0
manual,2025-09-28,2025-10-07,coffee_beans,7406.465142857143,0.0
manual,2025-09-28,2025-10-07,croissant_dough,54.24685714285714,0.0
manual,2025-09-28,2025-10-07,cup_cold,95.05428571428573,0.0
manual,2025-09-28,2025-10-07,cup_hot,452.7291428571429,0.0
manual,2025-09-28,2025-10-07,ice,10779.017142857145,0.0
manual,2025-09-28,2025-10-07,milk,67300.19999999998,0.0
manual,2025-09-28,2025-10-07,sugar,3826.361714285714,0.0
manual,2025-09-28,2025-10-07,tea_leaves,363.03085714285714,0.0
manual,2025-09-28,2025-10-08,bread,103.21371428571427,0.0
manual,2025-09-28,2025-10-08,chocolate_syrup,1379.9314285714283,0.0
manual,2025-09-28,2025-10-08,coffee_beans,7406.465142857143,0.0
manual,2025-09-28,2025-10-08,croissant_dough,54.24685714285714,0.0
manual,2025-09-28,2025-10-08,cup_cold,95.05428571428573,0.0
manual,2025-09-28,2025-10-08,cup_hot,452.7291428571429,0.0
manual,2025-09-28,2025-10-08,ice,10779.017142857145,0.0
manual,2025-09-28,2025-10-08,milk,67300.19999999998,0.0
manual,2025-09-28,2025-10-08,sugar,3826.361714285714,0.0
manual,2025-09-28,2025-10-08,tea_leaves,363.03085714285714,0.0
manual,2025-09-28,2025-10-09,bread,103.21371428571427,0.0
manual,2025-09-28,2025-10-09,chocolate_syrup,1379.9314285714283,0.0
manual,2025-09-28,2025-10-09,coffee_beans,7406.465142857143,0.0
manual,2025-09-28,2025-10-09,croissant_dough,54.24685714285714,0.0
manual,2025-09-28,2025-10-09,cup_cold,95.05428571428573,0.0
manual,2025-09-28,2025-10-09,cup_hot,452.7291428571429,0.0
manual,2025-09-28,2025-10-09,ice,10779.017142857145,0.0
manual,2025-09-28,2025-10-09,milk,67300.19999999998,0.0
manual,2025-09-28,2025-10-09,sugar,3826.361714285714,0.0
manual,2025-09-28,2025-10-09,tea_leaves,363.03085714285714,0.0
manual,2025-09-28,2025-10-10,bread,103.21371428571427,0.0
manual,2025-09-28,2025-10-10,chocolate_syrup,1379.9314285714283,0.0
manual,2025-09-28,2025-10-10,coffee_beans,7406.465142857143,0.0
manual,2025-09-28,2025-10-10,croissant_dough,54.24685714285714,0.0
manual,2025-09-28,2025-10-10,cup_cold,95.05428571428573,0.0
manual,2025-09-28,2025-10-10,cup_hot,452.7291428571429,0.0
manual,2025-09-28,2025-10-10,ice,10779.017142857145,0.0
manual,2025-09-28,2025-10-10,milk,67300.19999999998,0.0
manual,2025-09-28,2025-10-10,sugar,3826.361714285714,0.0
manual,2025-09-28,2025-10-10,tea_leaves,363.03085714285714,0.0
manual,2025-09-28,2025-10-11,bread,103.21371428571427,0.0
manual,2025-09-28,2025-10-11,chocolate_syrup,1379.9314285714283,0.0
manual,2025-09-28,2025-10-11,coffee_beans,7406.465142857143,0.0
manual,2025-09-28,2025-10-11,croissant_dough,54.24685714285714,0.0
manual,2025-09-28,2025-10-11,cup_cold,95.05428571428573,0.0
manual,2025-09-28,2025-10-11,cup_hot,452.7291428571429,0.0
manual,2025-09-28,2025-10-11,ice,10779.017142857145,0.0
manual,2025-09-28,2025-10-11,milk,67300.19999999998,0.0
manual,2025-09-28,2025-10-11,sugar,3826.361714285714,0.0
manual,2025-09-28,2025-10-11,tea_leaves,363.03085714285714,0.0
manual,2025-09-28,2025-10-12,bread,103.21371428571427,0.0
manual,2025-09-28,2025-10-12,chocolate_syrup,1379.9314285714283,0.0
manual,2025-09-28,2025-10-12,coffee_beans,7406.465142857143,0.0
manual,2025-09-28,2025-10-12,croissant_dough,54.24685714285714,0.0
manual,2025-09-28,2025-10-12,cup_cold,95.05428571428573,0.0
manual,2025-09-28,2025-10-12,cup_hot,452.7291428571429,0.0
manual,2025-09-28,2025-10-12,ice,10779.017142857145,0.0
manual,2025-09-28,2025-10-12,milk,67300.19999999998,0.0
manual,2025-09-28,2025-10-12,sugar,3826.361714285714,0.0
manual,2025-09-28,2025-10-12,tea_leaves,363.03085714285714,0.0
manual,2025-09-28,2025-10-13,bread,103.21371428571427,0.0
manual,2025-09-28,2025-10-13,chocolate_syrup,1379.9314285714283,0.0
manual,2025-09-28,2025-10-13,coffee_beans,7406.465142857143,0.0
manual,2025-09-28,2025-10-13,croissant_dough,54.24685714285714,0.0
manual,2025-09-28,2025-10-13,cup_cold,95.05428571428573,0.0
manual,2025-09-28,2025-10-13,cup_hot,452.7291428571429,0.0
manual,2025-09-28,2025-10-13,ice,10779.017142857145,0.0
manual,2025-09-28,2025-10-13,milk,67300.19999999998,0.0
manual,2025-09-28,2025-10-13,sugar,3826.361714285714,0.0
manual,2025-09-28,2025-10-13,tea_leaves,363.03085714285714,0.0
manual,2025-09-28,2025-10-14,bread,103.21371428571427,0.0
manual,2025-09-28,2025-10-14,chocolate_syrup,1379.9314285714283,0.0
manual,2025-09-28,2025-10-14,coffee_beans,7406.465142857141,0.0
manual,2025-09-28,2025-10-14,croissant_dough,54.24685714285714,0.0
manual,2025-09-28,2025-10-14,cup_cold,95.05428571428573,0.0
manual,2025-09-28,2025-10-14,cup_hot,452.7291428571429,0.0
manual,2025-09-28,2025-10-14,ice,10779.017142857145,0.0
manual,2025-09-28,2025-10-14,milk,67300.19999999998,0.0
manual,2025-09-28,2025-10-14,sugar,3826.361714285714,0.0
manual,2025-09-28,2025-10-14,tea_leaves,363.03085714285714,0.0
seasonal_naive,2025-09-28,2025-09-28,bread,63.6,34.278796815394664
seasonal_naive,2025-09-28,2025-09-28,chocolate_syrup,967.2,526.9475875265016
seasonal_naive,2025-09-28,2025-09-28,coffee_beans,8157.599999999999,1668.0362658827294
seasonal_naive,2025-09-28,2025-09-28,croissant_dough,60.48,6.616071341816078
seasonal_naive,2025-09-28,2025-09-28,cup_cold,86.52000000000001,29.04516803379025
seasonal_naive,2025-09-28,2025-09-28,cup_hot,467.62,114.7792911175376
seasonal_naive,2025-09-28,2025-09-28,ice,9871.2,3219.4709627514894
seasonal_naive,2025-09-28,2025-09-28,milk,63556.5,18102.39418557667
seasonal_naive,2025-09-28,2025-09-28,sugar,3552.47,990.4726630895868
seasonal_naive,2025-09-28,2025-09-28,tea_leaves,276.04,109.03955327209378
seasonal_naive,2025-09-28,2025-09-29,bread,76.32000000000001,34.278796815394664
seasonal_naive,2025-09-28,2025-09-29,chocolate_syrup,1248.0,526.9475875265016
seasonal_naive,2025-09-28,2025-09-29,coffee_beans,5049.06,1668.0362658827294
seasonal_naive,2025-09-28,2025-09-29,croissant_dough,44.28,6.616071341816078
seasonal_naive,2025-09-28,2025-09-29,cup_cold,98.19333333333331,29.04516803379025
seasonal_naive,2025-09-28,2025-09-29,cup_hot,311.06,114.7792911175376
seasonal_naive,2025-09-28,2025-09-29,ice,10972.8,3219.4709627514894
seasonal_naive,2025-09-28,2025-09-29,milk,55692.0,18102.39418557667
seasonal_naive,2025-09-28,2025-09-29,sugar,3315.913333333333,990.4726630895868
seasonal_naive,2025-09-28,2025-09-29,tea_leaves,350.2,109.03955327209378
seasonal_naive,2025-09-28,2025-09-30,bread,89.04,34.278796815394664
seasonal_naive,2025-09-28,2025-09-30,chocolate_syrup,1185.6,526.9475875265016
seasonal_naive,2025-09-28,2025-09-30,coffee_beans,5895.719999999999,1668.0362658827294
seasonal_naive,2025-09-28,2025-09-30,croissant_dough,44.28,6.616071341816078
seasonal_naive,2025-09-28,2025-09-30,cup_cold,71.07,29.04516803379025
seasonal_naive,2025-09-28,2025-09-30,cup_hot,397.58,114.7792911175376
seasonal_naive,2025-09-28,2025-09-30,ice,8143.200000000001,3219.4709627514894
seasonal_naive,2025-09-28,2025-09-30,milk,56406.0,18102.39418557667
seasonal_naive,2025-09-28,2025-09-30,sugar,3297.03,990.4726630895868
seasonal_naive,2025-09-28,2025-09-30,tea_leaves,407.88,109.03955327209378
seasonal_naive,2025-09-28,2025-10-01,bread,89.04,34.278796815394664
seasonal_naive,2025-09-28,2025-10-01,chocolate_syrup,2028.0,526.9475875265016
seasonal_naive,2025-09-28,2025-10-01,coffee_beans,6136.74,1668.0362658827294
seasonal_naive,2025-09-28,2025-10-01,croissant_dough,43.2,6.616071341816078
seasonal_naive,2025-09-28,2025-10-01,cup_cold,59.74,29.04516803379025
seasonal_naive,2025-09-28,2025-10-01,cup_hot,416.12,114.7792911175376
seasonal_naive,2025-09-28,2025-10-01,ice,6825.6,3219.4709627514894
seasonal_naive,2025-09-28,2025-10-01,milk,61141.5,18102.39418557667
seasonal_naive,2025-09-28,2025-10-01,sugar,3221.84,990.4726630895868
seasonal_naive,2025-09-28,2025-10-01,tea_leaves,271.92,109.03955327209378
seasonal_naive,2025-09-28,2025-10-02,bread,72.08,34.278796815394664
seasonal_naive,2025-09-28,2025-10-02,chocolate_syrup,967.2,526.9475875265016
seasonal_naive,2025-09-28,2025-10-02,coffee_beans,4709.159999999999,1668.0362658827294
seasonal_naive,2025-09-28,2025-10-02,croissant_dough,32.400000000000006,6.616071341816078
seasonal_naive,2025-09-28,2025-10-02,cup_cold,66.95,29.04516803379025
seasonal_naive,2025-09-28,2025-10-02,cup_hot,277.07,114.7792911175376
seasonal_naive,2025-09-28,2025-10-02,ice,7646.400000000001,3219.4709627514894
seasonal_naive,2025-09-28,2025-10-02,milk,45297.0,18102.39418557667
seasonal_naive,2025-09-28,2025-10-02,sugar,2488.48,990.4726630895868
seasonal_naive,2025-09-28,2025-10-02,tea_leaves,201.88,109.03955327209378
seasonal_naive,2025-09-28,2025-10-03,bread,99.64,34.278796815394664
seasonal_naive,2025-09-28,2025-10-03,chocolate_syrup,592.8000000000001,526.9475875265016
seasonal_naive,2025-09-28,2025-10-03,coffee_beans,6637.319999999999,1668.0362658827294
seasonal_naive,2025-09-28,2025-10-03,croissant_dough,35.64,6.616071341816078
seasonal_naive,2025-09-28,2025-10-03,cup_cold,74.16,29.04516803379025
seasonal_naive,2025-09-28,2025-10-03,cup_hot,386.25000000000006,114.7792911175376
seasonal_naive,2025-09-28,2025-10-03,ice,8553.6,3219.4709627514894
seasonal_naive,2025-09-28,2025-10-03,milk,53560.5,18102.39418557667
seasonal_naive,2025-09-28,2025-10-03,sugar,3065.28,990.4726630895868
seasonal_naive,2025-09-28,2025-10-03,tea_leaves,288.40000000000003,109.03955327209378
seasonal_naive,2025-09-28,2025-10-04,bread,112.36,34.278796815394664
seasonal_naive,2025-09-28,2025-10-04,chocolate_syrup,1060.8000000000002,526.9475875265016
seasonal_naive,2025-09-28,2025-10-04,coffee_beans,6618.78,1668.0362658827294
seasonal_naive,2025-09-28,2025-10-04,croissant_dough,56.16,6.616071341816078
seasonal_naive,2025-09-28,2025-10-04,cup_cold,97.85,29.04516803379025
seasonal_naive,2025-09-28,2025-10-04,cup_hot,385.22,114.7792911175376
seasonal_naive,2025-09-28,2025-10-04,ice,10864.8,3219.4709627514894
seasonal_naive,2025-09-28,2025-10-04,milk,56931.0,18102.39418557667
seasonal_naive,2025-09-28,2025-10-04,sugar,3379.43,990.4726630895868
seasonal_naive,2025-09-28,2025-10-04,tea_leaves,321.36,109.03955327209378
seasonal_naive,2025-09-28,2025-10-05,bread,63.6,34.278796815394664
seasonal_naive,2025-09-28,2025-10-05,chocolate_syrup,967.2,526.9475875265016
seasonal_naive,2025-09-28,2025-10-05,coffee_beans,8157.599999999999,1668.0362658827294
seasonal_naive,2025-09-28,2025-10-05,croissant_dough,60.48,6.616071341816078
seasonal_naive,2025-09-28,2025-10-05,cup_cold,86.52000000000001,29.04516803379025
seasonal_naive,2025-09-28,2025-10-05,cup_hot,467.62,114.7792911175376
seasonal_naive,2025-09-28,2025-10-05,ice,9871.2,3219.4709627514894
seasonal_naive,2025-09-28,2025-10-05,milk,63556.5,18102.39418557667
seasonal_naive,2025-09-28,2025-10-05,sugar,3552.47,990.4726630895868
seasonal_naive,2025-09-28,2025-10-05,tea_leaves,276.04,109.03955327209378
seasonal_naive,2025-09-28,2025-10-06,bread,76.32000000000001,34.278796815394664
seasonal_naive,2025-09-28,2025-10-06,chocolate_syrup,1248.0,526.9475875265016
seasonal_naive,2025-09-28,2025-10-06,coffee_beans,5049.06,1668.0362658827294
seasonal_naive,2025-09-28,2025-10-06,croissant_dough,44.28,6.616071341816078
seasonal_naive,2025-09-28,2025-10-06,cup_cold,98.19333333333331,29.04516803379025
seasonal_naive,2025-09-28,2025-10-06,cup_hot,311.06,114.7792911175376
seasonal_naive,2025-09-28,2025-10-06,ice,10972.8,3219.4709627514894
seasonal_naive,2025-09-28,2025-10-06,milk,55692.0,18102.39418557667
seasonal_naive,2025-09-28,2025-10-06,sugar,3315.913333333333,990.4726630895868
seasonal_naive,2025-09-28,2025-10-06,tea_leaves,350.2,109.03955327209378
seasonal_naive,2025-09-28,2025-10-07,bread,89.04,34.278796815394664
seasonal_naive,2025-09-28,2025-10-07,chocolate_syrup,1185.6,526.9475875265016
seasonal_naive,2025-09-28,2025-10-07,coffee_beans,5895.719999999999,1668.0362658827294
seasonal_naive,2025-09-28,2025-10-07,croissant_dough,44.28,6.616071341816078
seasonal_naive,2025-09-28,2025-10-07,cup_cold,71.07,29.04516803379025
seasonal_naive,2025-09-28,2025-10-07,cup_hot,397.58,114.7792911175376
seasonal_naive,2025-09-28,2025-10-07,ice,8143.200000000001,3219.4709627514894
seasonal_naive,2025-09-28,2025-10-07,milk,56406.0,18102.39418557667
seasonal_naive,2025-09-28,2025-10-07,sugar,3297.03,990.4726630895868
seasonal_naive,2025-09-28,2025-10-07,tea_leaves,407.88,109.03955327209378
seasonal_naive,2025-09-28,2025-10-08,bread,89.04,34.278796815394664
seasonal_naive,2025-09-28,2025-10-08,chocolate_syrup,2028.0,526.9475875265016
seasonal_naive,2025-09-28,2025-10-08,coffee_beans,6136.74,1668.0362658827294
seasonal_naive,2025-09-28,2025-10-08,croissant_dough,43.2,6.616071341816078
seasonal_naive,2025-09-28,2025-10-08,cup_cold,59.74,29.04516803379025
seasonal_naive,2025-09-28,2025-10-08,cup_hot,416.12,114.7792911175376
seasonal_naive,2025-09-28,2025-10-08,ice,6825.6,3219.4709627514894
seasonal_naive,2025-09-28,2025-10-08,milk,61141.5,18102.39418557667
seasonal_naive,2025-09-28,2025-10-08,sugar,3221.84,990.4726630895868
seasonal_naive,2025-09-28,2025-10-08,tea_leaves,271.92,109.03955327209378
seasonal_naive,2025-09-28,2025-10-09,bread,72.08,34.278796815394664
seasonal_naive,2025-09-28,2025-10-09,chocolate_syrup,967.2,526.9475875265016
seasonal_naive,2025-09-28,2025-10-09,coffee_beans,4709.159999999999,1668.0362658827294
seasonal_naive,2025-09-28,2025-10-09,croissant_dough,32.400000000000006,6.616071341816078
seasonal_naive,2025-09-28,2025-10-09,cup_cold,66.95,29.04516803379025
seasonal_naive,2025-09-28,2025-10-09,cup_hot,277.07,114.7792911175376
seasonal_naive,2025-09-28,2025-10-09,ice,7646.400000000001,3219.4709627514894
seasonal_naive,2025-09-28,2025-10-09,milk,45297.0,18102.39418557667
seasonal_naive,2025-09-28,2025-10-09,sugar,2488.48,990.4726630895868
seasonal_naive,2025-09-28,2025-10-09,tea_leaves,201.88,109.03955327209378
seasonal_naive,2025-09-28,2025-10-10,bread,99.64,34.278796815394664
seasonal_naive,2025-09-28,2025-10-10,chocolate_syrup,592.8000000000001,526.9475875265016
seasonal_naive,2025-09-28,2025-10-10,coffee_beans,6637.319999999999,1668.0362658827294
seasonal_naive,2025-09-28,2025-10-10,croissant_dough,35.64,6.616071341816078
seasonal_naive,2025-09-28,2025-10-10,cup_cold,74.16,29.04516803379025
seasonal_naive,2025-09-28,2025-10-10,cup_hot,386.25000000000006,114.7792911175376
seasonal_naive,2025-09-28,2025-10-10,ice,8553.6,3219.4709627514894
seasonal_naive,2025-09-28,2025-10-10,milk,53560.5,18102.39418557667
seasonal_naive,2025-09-28,2025-10-10,sugar,3065.28,990.4726630895868
seasonal_naive,2025-09-28,2025-10-10,tea_leaves,288.40000000000003,109.03955327209378
seasonal_naive,2025-09-28,2025-10-11,bread,112.36,34.278796815394664
seasonal_naive,2025-09-28,2025-10-11,chocolate_syrup,1060.8000000000002,526.9475875265016
seasonal_naive,2025-09-28,2025-10-11,coffee_beans,6618.78,1668.0362658827294
seasonal_naive,2025-09-28,2025-10-11,croissant_dough,56.16,6.616071341816078
seasonal_naive,2025-09-28,2025-10-11,cup_cold,97.85,29.04516803379025
seasonal_naive,2025-09-28,2025-10-11,cup_hot,385.22,114.7792911175376
seasonal_naive,2025-09-28,2025-10-11,ice,10864.8,3219.4709627514894
seasonal_naive,2025-09-28,2025-10-11,milk,56931.0,18102.39418557667
seasonal_naive,2025-09-28,2025-10-11,sugar,3379.43,990.4726630895868
seasonal_naive,2025-09-28,2025-10-11,tea_leaves,321.36,109.03955327209378
seasonal_naive,2025-09-28,2025-10-12,bread,63.6,34.278796815394664
seasonal_naive,2025-09-28,2025-10-12,chocolate_syrup,967.2,526.9475875265016
seasonal_naive,2025-09-28,2025-10-12,coffee_beans,8157.599999999999,1668.0362658827294
seasonal_naive,2025-09-28,2025-10-12,croissant_dough,60.48,6.616071341816078
seasonal_naive,2025-09-28,2025-10-12,cup_cold,86.52000000000001,29.04516803379025
seasonal_naive,2025-09-28,2025-10-12,cup_hot,467.62,114.7792911175376
seasonal_naive,2025-09-28,2025-10-12,ice,9871.2,3219.4709627514894
seasonal_naive,2025-09-28,2025-10-12,milk,63556.5,18102.39418557667
seasonal_naive,2025-09-28,2025-10-12,sugar,3552.47,990.4726630895868
seasonal_naive,2025-09-28,2025-10-12,tea_leaves,276.04,109.03955327209378
seasonal_naive,2025-09-28,2025-10-13,bread,76.32000000000001,34.278796815394664
seasonal_naive,2025-09-28,2025-10-13,chocolate_syrup,1248.0,526.9475875265016
seasonal_naive,2025-09-28,2025-10-13,coffee_beans,5049.06,1668.0362658827294
seasonal_naive,2025-09-28,2025-10-13,croissant_dough,44.28,6.616071341816078
seasonal_naive,2025-09-28,2025-10-13,cup_cold,98.19333333333331,29.04516803379025
seasonal_naive,2025-09-28,2025-10-13,cup_hot,311.06,114.7792911175376
seasonal_naive,2025-09-28,2025-10-13,ice,10972.8,3219.4709627514894
seasonal_naive,2025-09-28,2025-10-13,milk,55692.0,18102.39418557667
seasonal_naive,2025-09-28,2025-10-13,sugar,3315.913333333333,990.4726630895868
seasonal_naive,2025-09-28,2025-10-13,tea_leaves,350.2,109.03955327209378
seasonal_naive,2025-09-28,2025-10-14,bread,89.04,34.278796815394664
seasonal_naive,2025-09-28,2025-10-14,chocolate_syrup,1185.6,526.9475875265016
seasonal_naive,2025-09-28,2025-10-14,coffee_beans,5895.719999999999,1668.0362658827294
seasonal_naive,2025-09-28,2025-10-14,croissant_dough,44.28,6.616071341816078
seasonal_naive,2025-09-28,2025-10-14,cup_cold,71.07,29.04516803379025
seasonal_naive,2025-09-28,2025-10-14,cup_hot,397.58,114.7792911175376
seasonal_naive,2025-09-28,2025-10-14,ice,8143.200000000001,3219.4709627514894
seasonal_naive,2025-09-28,2025-10-14,milk,56406.0,18102.39418557667
seasonal_naive,2025-09-28,2025-10-14,sugar,3297.03,990.4726630895868
seasonal_naive,2025-09-28,2025-10-14,tea_leaves,407.88,109.03955327209378
ml,2025-09-28,2025-09-28,bread,103.8411618593684,30.49381150959101
ml,2025-09-28,2025-09-28,chocolate_syrup,1350.4756863138043,337.4533138847863
ml,2025-09-28,2025-09-28,coffee_beans,7209.474507752564,1728.5236254911742
ml,2025-09-28,2025-09-28,croissant_dough,52.54281813927015,14.644982932499554
ml,2025-09-28,2025-09-28,cup_cold,107.06490069080512,25.0896810189674
ml,2025-09-28,2025-09-28,cup_hot,415.9152044804604,101.8964076434009
ml,2025-09-28,2025-09-28,ice,12138.694413717529,2807.030133577198
ml,2025-09-28,2025-09-28,milk,67743.49288369669,15983.813670511516
ml,2025-09-28,2025-09-28,sugar,3810.2069877644167,914.9913988002965
ml,2025-09-28,2025-09-28,tea_leaves,311.4829287610025,79.26685069827252
ml,2025-09-28,2025-09-29,bread,111.16125920641632,30.49381150959101
ml,2025-09-28,2025-09-29,chocolate_syrup,1165.1831745391005,337.4533138847863
ml,2025-09-28,2025-09-29,coffee_beans,5307.822450748513,1728.5236254911742
ml,2025-09-28,2025-09-29,croissant_dough,41.80308147870077,14.644982932499554
ml,2025-09-28,2025-09-29,cup_cold,78.67438261631663,25.0896810189674
ml,2025-09-28,2025-09-29,cup_hot,317.4200830483952,101.8964076434009
ml,2025-09-28,2025-09-29,ice,8961.461359050361,2807.030133577198
ml,2025-09-28,2025-09-29,milk,50673.69145206278,15983.813670511516
ml,2025-09-28,2025-09-29,sugar,2858.256116437527,914.9913988002965
ml,2025-09-28,2025-09-29,tea_leaves,250.99783047003976,79.26685069827252
ml,2025-09-28,2025-09-30,bread,96.14988752974448,30.49381150959101
ml,2025-09-28,2025-09-30,chocolate_syrup,1200.647427539592,337.4533138847863
ml,2025-09-28,2025-09-30,coffee_beans,5608.575777645595,1728.5236254911742
ml,2025-09-28,2025-09-30,croissant_dough,44.4574292059276,14.644982932499554
ml,2025-09-28,2025-09-30,cup_cold,81.65057623729672,25.0896810189674
ml,2025-09-28,2025-09-30,cup_hot,332.76163635434057,101.8964076434009
ml,2025-09-28,2025-09-30,ice,9310.18298713661,2807.030133577198
ml,2025-09-28,2025-09-30,milk,53666.98576475,15983.813670511516
ml,2025-09-28,2025-09-30,sugar,2999.803098700136,914.9913988002965
ml,2025-09-28,2025-09-30,tea_leaves,252.7516454582398,79.26685069827252
ml,2025-09-28,2025-10-01,bread,94.7328365275168,30.49381150959101
ml,2025-09-28,2025-10-01,chocolate_syrup,1219.0130928436406,337.4533138847863
ml,2025-09-28,2025-10-01,coffee_beans,5889.66960032577,1728.5236254911742
ml,2025-09-28,2025-10-01,croissant_dough,44.59898877911686,14.644982932499554
ml,2025-09-28,2025-10-01,cup_cold,84.24470944752387,25.0896810189674
ml,2025-09-28,2025-10-01,cup_hot,347.334989781716,101.8964076434009
ml,2025-09-28,2025-10-01,ice,9598.567630751037,2807.030133577198
ml,2025-09-28,2025-10-01,milk,54611.138138811344,15983.813670511516
ml,2025-09-28,2025-10-01,sugar,3055.0942311728404,914.9913988002965
ml,2025-09-28,2025-10-01,tea_leaves,256.53108843059823,79.26685069827252
ml,2025-09-28,2025-10-02,bread,87.39782939723766,30.49381150959101
ml,2025-09-28,2025-10-02,chocolate_syrup,1129.83300104432,337.4533138847863
ml,2025-09-28,2025-10-02,coffee_beans,5641.709014890937,1728.5236254911742
ml,2025-09-28,2025-10-02,croissant_dough,54.18828686449789,14.644982932499554
ml,2025-09-28,2025-10-02,cup_cold,77.98881478586924,25.0896810189674
ml,2025-09-28,2025-10-02,cup_hot,332.2887261636334,101.8964076434009
ml,2025-09-28,2025-10-02,ice,8869.066664702106,2807.030133577198
ml,2025-09-28,2025-10-02,milk,51904.26033404028,15983.813670511516
ml,2025-09-28,2025-10-02,sugar,2888.10506733894,914.9913988002965
ml,2025-09-28,2025-10-02,tea_leaves,238.20115308605207,79.26685069827252
ml,2025-09-28,2025-10-03,bread,100.78062973604295,30.49381150959101
ml,2025-09-28,2025-10-03,chocolate_syrup,1215.2753297685645,337.4533138847863
ml,2025-09-28,2025-10-03,coffee_beans,6149.791218676814,1728.5236254911742
ml,2025-09-28,2025-10-03,croissant_dough,46.11698285174512,14.644982932499554
ml,2025-09-28,2025-10-03,cup_cold,90.24268990680574,25.0896810189674
ml,2025-09-28,2025-10-03,cup_hot,360.5917624573652,101.8964076434009
ml,2025-09-28,2025-10-03,ice,10252.792614418146,2807.030133577198
ml,2025-09-28,2025-10-03,milk,58592.07790079587,15983.813670511516
ml,2025-09-28,2025-10-03,sugar,3283.561883267476,914.9913988002965
ml,2025-09-28,2025-10-03,tea_leaves,276.23887329838067,79.26685069827252
ml,2025-09-28,2025-10-04,bread,106.77996923293144,30.49381150959101
ml,2025-09-28,2025-10-04,chocolate_syrup,1335.825880808056,337.4533138847863
ml,2025-09-28,2025-10-04,coffee_beans,6459.360907622553,1728.5236254911742
ml,2025-09-28,2025-10-04,croissant_dough,52.73193951805223,14.644982932499554
ml,2025-09-28,2025-10-04,cup_cold,96.67350083689236,25.0896810189674
ml,2025-09-28,2025-10-04,cup_hot,379.27254797403504,101.8964076434009
ml,2025-09-28,2025-10-04,ice,11000.170220533551,2807.030133577198
ml,2025-09-28,2025-10-04,milk,61521.89998883047,15983.813670511516
ml,2025-09-28,2025-10-04,sugar,3462.957523241024,914.9913988002965
ml,2025-09-28,2025-10-04,tea_leaves,291.97314005848835,79.26685069827252
ml,2025-09-28,2025-10-05,bread,103.3598591645138,30.49381150959101
ml,2025-09-28,2025-10-05,chocolate_syrup,1292.816350841732,337.4533138847863
ml,2025-09-28,2025-10-05,coffee_beans,6281.467657501566,1728.5236254911742
ml,2025-09-28,2025-10-05,croissant_dough,51.06720798361666,14.644982932499554
ml,2025-09-28,2025-10-05,cup_cold,93.3290340996599,25.0896810189674
ml,2025-09-28,2025-10-05,cup_hot,365.6371478478481,101.8964076434009
ml,2025-09-28,2025-10-05,ice,10603.72334647105,2807.030133577198
ml,2025-09-28,2025-10-05,milk,58995.24400740668,15983.813670511516
ml,2025-09-28,2025-10-05,sugar,3312.210972814677,914.9913988002965
ml,2025-09-28,2025-10-05,tea_leaves,269.2649695375064,79.26685069827252
ml,2025-09-28,2025-10-06,bread,81.8202162433998,30.49381150959101
ml,2025-09-28,2025-10-06,chocolate_syrup,1029.022646095311,337.4533138847863
ml,2025-09-28,2025-10-06,coffee_beans,4854.935543506489,1728.5236254911742
ml,2025-09-28,2025-10-06,croissant_dough,40.31339783140958,14.644982932499554
ml,2025-09-28,2025-10-06,cup_cold,73.70679643914285,25.0896810189674
ml,2025-09-28,2025-10-06,cup_hot,281.2967449954364,101.8964076434009
ml,2025-09-28,2025-10-06,ice,8392.26805369471,2807.030133577198
ml,2025-09-28,2025-10-06,milk,46033.76073705872,15983.813670511516
ml,2025-09-28,2025-10-06,sugar,2574.6885936594977,914.9913988002965
ml,2025-09-28,2025-10-06,tea_leaves,205.255840837964,79.26685069827252
ml,2025-09-28,2025-10-07,bread,88.3185124072324,30.49381150959101
ml,2025-09-28,2025-10-07,chocolate_syrup,1081.629117411816,337.4533138847863
ml,2025-09-28,2025-10-07,coffee_beans,5025.440007431236,1728.5236254911742
ml,2025-09-28,2025-10-07,croissant_dough,43.8511410170882,14.644982932499554
ml,2025-09-28,2025-10-07,cup_cold,77.32513107282777,25.0896810189674
ml,2025-09-28,2025-10-07,cup_hot,291.2144265275366,101.8964076434009
ml,2025-09-28,2025-10-07,ice,8801.749238568753,2807.030133577198
ml,2025-09-28,2025-10-07,milk,47958.5616834958,15983.813670511516
ml,2025-09-28,2025-10-07,sugar,2682.5039247504915,914.9913988002965
ml,2025-09-28,2025-10-07,tea_leaves,214.5632726474003,79.26685069827252
ml,2025-09-28,2025-10-08,bread,88.4952593736267,30.49381150959101
ml,2025-09-28,2025-10-08,chocolate_syrup,1142.882457327598,337.4533138847863
ml,2025-09-28,2025-10-08,coffee_beans,5130.690195493153,1728.5236254911742
ml,2025-09-28,2025-10-08,croissant_dough,42.60528220072151,14.644982932499554
ml,2025-09-28,2025-10-08,cup_cold,77.96465761438476,25.0896810189674
ml,2025-09-28,2025-10-08,cup_hot,310.9525115018204,101.8964076434009
ml,2025-09-28,2025-10-08,ice,8868.536315386498,2807.030133577198
ml,2025-09-28,2025-10-08,milk,50169.81002611815,15983.813670511516
ml,2025-09-28,2025-10-08,sugar,2845.2046194106024,914.9913988002965
ml,2025-09-28,2025-10-08,tea_leaves,264.59620596453567,79.26685069827252
ml,2025-09-28,2025-10-09,bread,109.24402979546473,30.49381150959101
ml,2025-09-28,2025-10-09,chocolate_syrup,1111.802500766944,337.4533138847863
ml,2025-09-28,2025-10-09,coffee_beans,5093.719451389884,1728.5236254911742
ml,2025-09-28,2025-10-09,croissant_dough,43.906714601929366,14.644982932499554
ml,2025-09-28,2025-10-09,cup_cold,77.52351521155171,25.0896810189674
ml,2025-09-28,2025-10-09,cup_hot,297.4992622166097,101.8964076434009
ml,2025-09-28,2025-10-09,ice,8821.79516730698,2807.030133577198
ml,2025-09-28,2025-10-09,milk,48539.03497672409,15983.813670511516
ml,2025-09-28,2025-10-09,sugar,2713.68079922715,914.9913988002965
ml,2025-09-28,2025-10-09,tea_leaves,221.3385082341304,79.26685069827252
ml,2025-09-28,2025-10-10,bread,98.87683839365192,30.49381150959101
ml,2025-09-28,2025-10-10,chocolate_syrup,1171.773656041561,337.4533138847863
ml,2025-09-28,2025-10-10,coffee_beans,5583.442535469561,1728.5236254911742
ml,2025-09-28,2025-10-10,croissant_dough,45.193050498313774,14.644982932499554
ml,2025-09-28,2025-10-10,cup_cold,84.08456061338181,25.0896810189674
ml,2025-09-28,2025-10-10,cup_hot,323.98910607782835,101.8964076434009
ml,2025-09-28,2025-10-10,ice,9557.073526095632,2807.030133577198
ml,2025-09-28,2025-10-10,milk,53000.90176611392,15983.813670511516
ml,2025-09-28,2025-10-10,sugar,2966.125531705365,914.9913988002965
ml,2025-09-28,2025-10-10,tea_leaves,236.79544532850977,79.26685069827252
ml,2025-09-28,2025-10-11,bread,110.41404435086156,30.49381150959101
ml,2025-09-28,2025-10-11,chocolate_syrup,1344.1531363605368,337.4533138847863
ml,2025-09-28,2025-10-11,coffee_beans,6389.641987524512,1728.5236254911742
ml,2025-09-28,2025-10-11,croissant_dough,52.0274860997349,14.644982932499554
ml,2025-09-28,2025-10-11,cup_cold,96.5778256677692,25.0896810189674
ml,2025-09-28,2025-10-11,cup_hot,370.8726784431531,101.8964076434009
ml,2025-09-28,2025-10-11,ice,10982.477177567896,2807.030133577198
ml,2025-09-28,2025-10-11,milk,60671.70955867432,15983.813670511516
ml,2025-09-28,2025-10-11,sugar,3391.0368268017846,914.9913988002965
ml,2025-09-28,2025-10-11,tea_leaves,272.3844298419148,79.26685069827252
ml,2025-09-28,2025-10-12,bread,109.866270742774,30.49381150959101
ml,2025-09-28,2025-10-12,chocolate_syrup,1356.360398580577,337.4533138847863
ml,2025-09-28,2025-10-12,coffee_beans,6726.464782350783,1728.5236254911742
ml,2025-09-28,2025-10-12,croissant_dough,52.42495332778845,14.644982932499554
ml,2025-09-28,2025-10-12,cup_cold,100.2829783395137,25.0896810189674
ml,2025-09-28,2025-10-12,cup_hot,386.4526825714687,101.8964076434009
ml,2025-09-28,2025-10-12,ice,11379.792354289144,2807.030133577198
ml,2025-09-28,2025-10-12,milk,61616.89271457546,15983.813670511516
ml,2025-09-28,2025-10-12,sugar,3454.30796612456,914.9913988002965
ml,2025-09-28,2025-10-12,tea_leaves,273.0635624542689,79.26685069827252
ml,2025-09-28,2025-10-13,bread,90.40447632257914,30.49381150959101
ml,2025-09-28,2025-10-13,chocolate_syrup,1098.6650901580697,337.4533138847863
ml,2025-09-28,2025-10-13,coffee_beans,5040.066910752506,1728.5236254911742
ml,2025-09-28,2025-10-13,croissant_dough,42.49677096631234,14.644982932499554
ml,2025-09-28,2025-10-13,cup_cold,77.78063961156259,25.0896810189674
ml,2025-09-28,2025-10-13,cup_hot,292.55137854197363,101.8964076434009
ml,2025-09-28,2025-10-13,ice,8851.383539744196,2807.030133577198
ml,2025-09-28,2025-10-13,milk,48209.249262298974,15983.813670511516
ml,2025-09-28,2025-10-13,sugar,2694.0792988042285,914.9913988002965
ml,2025-09-28,2025-10-13,tea_leaves,216.23306985767184,79.26685069827252
ml,2025-09-28,2025-10-14,bread,96.80367138041062,30.49381150959101
ml,2025-09-28,2025-10-14,chocolate_syrup,1136.469115659194,337.4533138847863
ml,2025-09-28,2025-10-14,coffee_beans,5220.839902185213,1728.5236254911742
ml,2025-09-28,2025-10-14,croissant_dough,46.53008249626787,14.644982932499554
ml,2025-09-28,2025-10-14,cup_cold,82.13164016203916,25.0896810189674
ml,2025-09-28,2025-10-14,cup_hot,299.26982049447565,101.8964076434009
ml,2025-09-28,2025-10-14,ice,9345.988165645158,2807.030133577198
ml,2025-09-28,2025-10-14,milk,49939.52402498729,15983.813670511516
ml,2025-09-28,2025-10-14,sugar,2785.6753708017554,914.9913988002965
ml,2025-09-28,2025-10-14,tea_leaves,215.34699396152865,79.26685069827252
manual,2025-10-05,2025-10-05,bread,106.4845714285714,0.0
manual,2025-10-05,2025-10-05,chocolate_syrup,1203.4285714285718,0.0
manual,2025-10-05,2025-10-05,coffee_beans,8110.985142857142,0.0
manual,2025-10-05,2025-10-05,croissant_dough,48.13714285714286,0.0
manual,2025-10-05,2025-10-05,cup_cold,118.83257142857144,0.0
manual,2025-10-05,2025-10-05,cup_hot,455.34828571428574,0.0
manual,2025-10-05,2025-10-05,ice,13582.08,0.0
manual,2025-10-05,2025-10-05,milk,73408.2,0.0
manual,2025-10-05,2025-10-05,sugar,4136.068,0.0
manual,2025-10-05,2025-10-05,tea_leaves,335.368,0.0
manual,2025-10-05,2025-10-06,bread,106.4845714285714,0.0
manual,2025-10-05,2025-10-06,chocolate_syrup,1203.4285714285718,0.0
manual,2025-10-05,2025-10-06,coffee_beans,8110.985142857142,0.0
manual,2025-10-05,2025-10-06,croissant_dough,48.13714285714286,0.0
manual,2025-10-05,2025-10-06,cup_cold,118.83257142857144,0.0
manual,2025-10-05,2025-10-06,cup_hot,455.34828571428574,0.0
manual,2025-10-05,2025-10-06,ice,13582.08,0.0
manual,2025-10-05,2025-10-06,milk,73408.2,0.0
manual,2025-10-05,2025-10-06,sugar,4136.068,0.0
manual,2025-10-05,2025-10-06,tea_leaves,335.368,0.0
manual,2025-10-05,2025-10-07,bread,106.4845714285714,0.0
manual,2025-10-05,2025-10-07,chocolate_syrup,1203.4285714285718,0.0
manual,2025-10-05,2025-10-07,coffee_beans,8110.985142857142,0.0
manual,2025-10-05,2025-10-07,croissant_dough,48.13714285714286,0.0
manual,2025-10-05,2025-10-07,cup_cold,118.83257142857144,0.0
manual,2025-10-05,2025-10-07,cup_hot,455.34828571428574,0.0
manual,2025-10-05,2025-10-07,ice,13582.08,0.0
manual,2025-10-05,2025-10-07,milk,73408.2,0.0
manual,2025-10-05,2025-10-07,sugar,4136.068,0.0
manual,2025-10-05,2025-10-07,tea_leaves,335.368,0.0
manual,2025-10-05,2025-10-08,bread,106.4845714285714,0.0
manual,2025-10-05,2025-10-08,chocolate_syrup,1203.4285714285718,0.0
manual,2025-10-05,2025-10-08,coffee_beans,8110.985142857142,0.0
manual,2025-10-05,2025-10-08,croissant_dough,48.13714285714286,0.0
manual,2025-10-05,2025-10-08,cup_cold,118.83257142857144,0.0
manual,2025-10-05,2025-10-08,cup_hot,455.34828571428574,0.0
manual,2025-10-05,2025-10-08,ice,13582.08,0.0
manual,2025-10-05,2025-10-08,milk,73408.2,0.0
manual,2025-10-05,2025-10-08,sugar,4136.068,0.0
manual,2025-10-05,2025-10-08,tea_leaves,335.368,0.0
manual,2025-10-05,2025-10-09,bread,106.4845714285714,0.0
manual,2025-10-05,2025-10-09,chocolate_syrup,1203.4285714285718,0.0
manual,2025-10-05,2025-10-09,coffee_beans,8110.985142857142,0.0
manual,2025-10-05,2025-10-09,croissant_dough,48.13714285714286,0.0
manual,2025-10-05,2025-10-09,cup_cold,118.83257142857144,0.0
manual,2025-10-05,2025-10-09,cup_hot,455.34828571428574,0.0
manual,2025-10-05,2025-10-09,ice,13582.08,0.0
manual,2025-10-05,2025-10-09,milk,73408.2,0.0
manual,2025-10-05,2025-10-09,sugar,4136.068,0.0
manual,2025-10-05,2025-10-09,tea_leaves,335.368,0.0
manual,2025-10-05,2025-10-10,bread,106.4845714285714,0.0
manual,2025-10-05,2025-10-10,chocolate_syrup,1203.4285714285718,0.0
manual,2025-10-05,2025-10-10,coffee_beans,8110.985142857142,0.0
manual,2025-10-05,2025-10-10,croissant_dough,48.13714285714286,0.0
manual,2025-10-05,2025-10-10,cup_cold,118.83257142857144,0.0
manual,2025-10-05,2025-10-10,cup_hot,455.34828571428574,0.0
manual,2025-10-05,2025-10-10,ice,13582.08,0.0
manual,2025-10-05,2025-10-10,milk,73408.2,0.0
manual,2025-10-05,2025-10-10,sugar,4136.068,0.0
manual,2025-10-05,2025-10-10,tea_leaves,335.368,0.0
manual,2025-10-05,2025-10-11,bread,106.4845714285714,0.0
manual,2025-10-05,2025-10-11,chocolate_syrup,1203.4285714285718,0.0
manual,2025-10-05,2025-10-11,coffee_beans,8110.985142857142,0.0
manual,2025-10-05,2025-10-11,croissant_dough,48.13714285714286,0.0
manual,2025-10-05,2025-10-11,cup_cold,118.83257142857144,0.0
manual,2025-10-05,2025-10-11,cup_hot,455.34828571428574,0.0
manual,2025-10-05,2025-10-11,ice,13582.08,0.0
manual,2025-10-05,2025-10-11,milk,73408.2,0.0
manual,2025-10-05,2025-10-11,sugar,4136.068,0.0
manual,2025-10-05,2025-10-11,tea_leaves,335.368,0.0
manual,2025-10-05,2025-10-12,bread,106.4845714285714,0.0
manual,2025-10-05,2025-10-12,chocolate_syrup,1203.4285714285718,0.0
manual,2025-10-05,2025-10-12,coffee_beans,8110.985142857142,0.0
manual,2025-10-05,2025-10-12,croissant_dough,48.13714285714286,0.0
manual,2025-10-05,2025-10-12,cup_cold,118.83257142857144,0.0
manual,2025-10-05,2025-10-12,cup_hot,455.34828571428574,0.0
manual,2025-10-05,2025-10-12,ice,13582.08,0.0
manual,2025-10-05,2025-10-12,milk,73408.2,0.0
manual,2025-10-05,2025-10-12,sugar,4136.068,0.0
manual,2025-10-05,2025-10-12,tea_leaves,335.368,0.0
manual,2025-10-05,2025-10-13,bread,106.4845714285714,0.0
manual,2025-10-05,2025-10-13,chocolate_syrup,1203.4285714285718,0.0
manual,2025-10-05,2025-10-13,coffee_beans,8110.985142857142,0.0
manual,2025-10-05,2025-10-13,croissant_dough,48.13714285714286,0.0
manual,2025-10-05,2025-10-13,cup_cold,118.83257142857144,0.0
manual,2025-10-05,2025-10-13,cup_hot,455.34828571428574,0.0
manual,2025-10-05,2025-10-13,ice,13582.08,0.0
manual,2025-10-05,2025-10-13,milk,73408.2,0.0
manual,2025-10-05,2025-10-13,sugar,4136.068,0.0
manual,2025-10-05,2025-10-13,tea_leaves,335.368,0.0
manual,2025-10-05,2025-10-14,bread,106.4845714285714,0.0
manual,2025-10-05,2025-10-14,chocolate_syrup,1203.4285714285718,0.0
manual,2025-10-05,2025-10-14,coffee_beans,8110.985142857142,0.0
manual,2025-10-05,2025-10-14,croissant_dough,48.13714285714286,0.0
manual,2025-10-05,2025-10-14,cup_cold,118.83257142857144,0.0
manual,2025-10-05,2025-10-14,cup_hot,455.34828571428574,0.0
manual,2025-10-05,2025-10-14,ice,13582.08,0.0
manual,2025-10-05,2025-10-14,milk,73408.2,0.0
manual,2025-10-05,2025-10-14,sugar,4136.068,0.0
manual,2025-10-05,2025-10-14,tea_leaves,335.368,0.0
manual,2025-10-05,2025-10-15,bread,106.4845714285714,0.0
manual,2025-10-05,2025-10-15,chocolate_syrup,1203.4285714285718,0.0
manual,2025-10-05,2025-10-15,coffee_beans,8110.985142857142,0.0
manual,2025-10-05,2025-10-15,croissant_dough,48.13714285714286,0.0
manual,2025-10-05,2025-10-15,cup_cold,118.83257142857144,0.0
manual,2025-10-05,2025-10-15,cup_hot,455.34828571428574,0.0
manual,2025-10-05,2025-10-15,ice,13582.08,0.0
manual,2025-10-05,2025-10-15,milk,73408.2,0.0
manual,2025-10-05,2025-10-15,sugar,4136.068,0.0
manual,2025-10-05,2025-10-15,tea_leaves,335.368,0.0
manual,2025-10-05,2025-10-16,bread,106.4845714285714,0.0
manual,2025-10-05,2025-10-16,chocolate_syrup,1203.4285714285718,0.0
manual,2025-10-05,2025-10-16,coffee_beans,8110.985142857142,0.0
manual,2025-10-05,2025-10-16,croissant_dough,48.13714285714286,0.0
manual,2025-10-05,2025-10-16,cup_cold,118.83257142857144,0.0
manual,2025-10-05,2025-10-16,cup_hot,455.34828571428574,0.0
manual,2025-10-05,2025-10-16,ice,13582.08,0.0
manual,2025-10-05,2025-10-16,milk,73408.2,0.0
manual,2025-10-05,2025-10-16,sugar,4136.068,0.0
manual,2025-10-05,2025-10-16,tea_leaves,335.368,0.0
manual,2025-10-05,2025-10-17,bread,106.4845714285714,0.0
manual,2025-10-05,2025-10-17,chocolate_syrup,1203.4285714285718,0.0
manual,2025-10-05,2025-10-17,coffee_beans,8110.985142857142,0.0
manual,2025-10-05,2025-10-17,croissant_dough,48.13714285714286,0.0
manual,2025-10-05,2025-10-17,cup_cold,118.83257142857144,0.0
manual,2025-10-05,2025-10-17,cup_hot,455.34828571428574,0.0
manual,2025-10-05,2025-10-17,ice,13582.08,0.0
manual,2025-10-05,2025-10-17,milk,73408.2,0.0
manual,2025-10-05,2025-10-17,sugar,4136.068,0.0
manual,2025-10-05,2025-10-17,tea_leaves,335.368,0.0
manual,2025-10-05,2025-10-18,bread,106.4845714285714,0.0
manual,2025-10-05,2025-10-18,chocolate_syrup,1203.4285714285718,0.0
manual,2025-10-05,2025-10-18,coffee_beans,8110.985142857142,0.0
manual,2025-10-05,2025-10-18,croissant_dough,48.13714285714286,0.0
manual,2025-10-05,2025-10-18,cup_cold,118.83257142857144,0.0
manual,2025-10-05,2025-10-18,cup_hot,455.34828571428574,0.0
manual,2025-10-05,2025-10-18,ice,13582.08,0.0
manual,2025-10-05,2025-10-18,milk,73408.2,0.0
manual,2025-10-05,2025-10-18,sugar,4136.068,0.0
manual,2025-10-05,2025-10-18,tea_leaves,335.368,0.0
manual,2025-10-05,2025-10-19,bread,106.4845714285714,0.0
manual,2025-10-05,2025-10-19,chocolate_syrup,1203.4285714285718,0.0
manual,2025-10-05,2025-10-19,coffee_beans,8110.985142857142,0.0
manual,2025-10-05,2025-10-19,croissant_dough,48.13714285714286,0.0
manual,2025-10-05,2025-10-19,cup_cold,118.83257142857144,0.0
manual,2025-10-05,2025-10-19,cup_hot,455.34828571428574,0.0
manual,2025-10-05,2025-10-19,ice,13582.08,0.0
manual,2025-10-05,2025-10-19,milk,73408.2,0.0
manual,2025-10-05,2025-10-19,sugar,4136.068,0.0
manual,2025-10-05,2025-10-19,tea_leaves,335.368,0.0
manual,2025-10-05,2025-10-20,bread,106.4845714285714,0.0
manual,2025-10-05,2025-10-20,chocolate_syrup,1203.4285714285718,0.0
manual,2025-10-05,2025-10-20,coffee_beans,8110.985142857142,0.0
manual,2025-10-05,2025-10-20,croissant_dough,48.13714285714286,0.0
manual,2025-10-05,2025-10-20,cup_cold,118.83257142857144,0.0
manual,2025-10-05,2025-10-20,cup_hot,455.34828571428574,0.0
manual,2025-10-05,2025-10-20,ice,13582.08,0.0
manual,2025-10-05,2025-10-20,milk,73408.2,0.0
manual,2025-10-05,2025-10-20,sugar,4136.068,0.0
manual,2025-10-05,2025-10-20,tea_leaves,335.368,0.0
manual,2025-10-05,2025-10-21,bread,106.4845714285714,0.0
manual,2025-10-05,2025-10-21,chocolate_syrup,1203.4285714285718,0.0
manual,2025-10-05,2025-10-21,coffee_beans,8110.985142857142,0.0
manual,2025-10-05,2025-10-21,croissant_dough,48.13714285714286,0.0
manual,2025-10-05,2025-10-21,cup_cold,118.83257142857144,0.0
manual,2025-10-05,2025-10-21,cup_hot,455.34828571428574,0.0
manual,2025-10-05,2025-10-21,ice,13582.080000000002,0.0
manual,2025-10-05,2025-10-21,milk,73408.2,0.0
manual,2025-10-05,2025-10-21,sugar,4136.067999999999,0.0
manual,2025-10-05,2025-10-21,tea_leaves,335.368,0.0
seasonal_naive,2025-10-05,2025-10-05,bread,80.56,27.1301387900842
seasonal_naive,2025-10-05,2025-10-05,chocolate_syrup,1341.6,502.50158208706176
seasonal_naive,2025-10-05,2025-10-05,coffee_beans,8324.46,1120.904605355733
seasonal_naive,2025-10-05,2025-10-05,croissant_dough,59.400000000000006,13.093162043894983
seasonal_naive,2025-10-05,2025-10-05,cup_cold,113.3,21.29220358096676
seasonal_naive,2025-10-05,2025-10-05,cup_hot,463.50000000000006,82.0090259729113
seasonal_naive,2025-10-05,2025-10-05,ice,13068.000000000002,2445.460356849622
seasonal_naive,2025-10-05,2025-10-05,milk,72880.5,12293.47818889224
seasonal_naive,2025-10-05,2025-10-05,sugar,4036.5700000000006,586.3344490343025
seasonal_naive,2025-10-05,2025-10-05,tea_leaves,280.16,66.18850763984443
seasonal_naive,2025-10-05,2025-10-06,bread,63.6,27.1301387900842
seasonal_naive,2025-10-05,2025-10-06,chocolate_syrup,904.8,502.50158208706176
seasonal_naive,2025-10-05,2025-10-06,coffee_beans,5450.76,1120.904605355733
seasonal_naive,2025-10-05,2025-10-06,croissant_dough,24.840000000000003,13.093162043894983
seasonal_naive,2025-10-05,2025-10-06,cup_cold,96.82,21.29220358096676
seasonal_naive,2025-10-05,2025-10-06,cup_hot,305.91,82.0090259729113
seasonal_naive,2025-10-05,2025-10-06,ice,11059.2,2445.460356849622
seasonal_naive,2025-10-05,2025-10-06,milk,56374.5,12293.47818889224
seasonal_naive,2025-10-05,2025-10-06,sugar,3213.6000000000004,586.3344490343025
seasonal_naive,2025-10-05,2025-10-06,tea_leaves,280.16,66.18850763984443
seasonal_naive,2025-10-05,2025-10-07,bread,89.04,27.1301387900842
seasonal_naive,2025-10-05,2025-10-07,chocolate_syrup,686.4000000000001,502.50158208706176
seasonal_naive,2025-10-05,2025-10-07,coffee_beans,5858.64,1120.904605355733
seasonal_naive,2025-10-05,2025-10-07,croissant_dough,31.32,13.093162043894983
seasonal_naive,2025-10-05,2025-10-07,cup_cold,88.58,21.29220358096676
seasonal_naive,2025-10-05,2025-10-07,cup_hot,332.69,82.0090259729113
seasonal_naive,2025-10-05,2025-10-07,ice,10173.6,2445.460356849622
seasonal_naive,2025-10-05,2025-10-07,milk,53256.0,12293.47818889224
seasonal_naive,2025-10-05,2025-10-07,sugar,3068.3700000000003,586.3344490343025
seasonal_naive,2025-10-05,2025-10-07,tea_leaves,292.52,66.18850763984443
seasonal_naive,2025-10-05,2025-10-08,bread,72.08,27.1301387900842
seasonal_naive,2025-10-05,2025-10-08,chocolate_syrup,811.2,502.50158208706176
seasonal_naive,2025-10-05,2025-10-08,coffee_beans,6896.879999999999,1120.904605355733
seasonal_naive,2025-10-05,2025-10-08,croissant_dough,41.040000000000006,13.093162043894983
seasonal_naive,2025-10-05,2025-10-08,cup_cold,106.09,21.29220358096676
seasonal_naive,2025-10-05,2025-10-08,cup_hot,373.7183333333333,82.0090259729113
seasonal_naive,2025-10-05,2025-10-08,ice,11944.8,2445.460356849622
seasonal_naive,2025-10-05,2025-10-08,milk,55905.5,12293.47818889224
seasonal_naive,2025-10-05,2025-10-08,sugar,3297.373333333333,586.3344490343025
seasonal_naive,2025-10-05,2025-10-08,tea_leaves,279.4733333333333,66.18850763984443
seasonal_naive,2025-10-05,2025-10-09,bread,80.56,27.1301387900842
seasonal_naive,2025-10-05,2025-10-09,chocolate_syrup,904.8,502.50158208706176
seasonal_naive,2025-10-05,2025-10-09,coffee_beans,5803.02,1120.904605355733
seasonal_naive,2025-10-05,2025-10-09,croissant_dough,56.16,13.093162043894983
seasonal_naive,2025-10-05,2025-10-09,cup_cold,78.28,21.29220358096676
seasonal_naive,2025-10-05,2025-10-09,cup_hot,328.56999999999994,82.0090259729113
seasonal_naive,2025-10-05,2025-10-09,ice,8791.2,2445.460356849622
seasonal_naive,2025-10-05,2025-10-09,milk,50022.0,12293.47818889224
seasonal_naive,2025-10-05,2025-10-09,sugar,2800.57,586.3344490343025
seasonal_naive,2025-10-05,2025-10-09,tea_leaves,218.36,66.18850763984443
seasonal_naive,2025-10-05,2025-10-10,bread,122.96,27.1301387900842
seasonal_naive,2025-10-05,2025-10-10,chocolate_syrup,1279.2,502.50158208706176
seasonal_naive,2025-10-05,2025-10-10,coffee_beans,7786.799999999999,1120.904605355733
seasonal_naive,2025-10-05,2025-10-10,croissant_dough,39.96,13.093162043894983
seasonal_naive,2025-10-05,2025-10-10,cup_cold,108.15,21.29220358096676
seasonal_naive,2025-10-05,2025-10-10,cup_hot,432.6,82.0090259729113
seasonal_naive,2025-10-05,2025-10-10,ice,12571.2,2445.460356849622
seasonal_naive,2025-10-05,2025-10-10,milk,72061.5,12293.47818889224
seasonal_naive,2025-10-05,2025-10-10,sugar,3883.1,586.3344490343025
seasonal_naive,2025-10-05,2025-10-10,tea_leaves,263.68,66.18850763984443
seasonal_naive,2025-10-05,2025-10-11,bread,112.36,27.1301387900842
seasonal_naive,2025-10-05,2025-10-11,chocolate_syrup,1092.0,502.50158208706176
seasonal_naive,2025-10-05,2025-10-11,coffee_beans,7193.52,1120.904605355733
seasonal_naive,2025-10-05,2025-10-11,croissant_dough,28.08,13.093162043894983
seasonal_naive,2025-10-05,2025-10-11,cup_cold,101.97,21.29220358096676
seasonal_naive,2025-10-05,2025-10-11,cup_hot,419.21,82.0090259729113
seasonal_naive,2025-10-05,2025-10-11,ice,11620.8,2445.460356849622
seasonal_naive,2025-10-05,2025-10-11,milk,67714.5,12293.47818889224
seasonal_naive,2025-10-05,2025-10-11,sugar,3827.480000000001,586.3344490343025
seasonal_naive,2025-10-05,2025-10-11,tea_leaves,341.96000000000004,66.18850763984443
seasonal_naive,2025-10-05,2025-10-12,bread,80.56,27.1301387900842
seasonal_naive,2025-10-05,2025-10-12,chocolate_syrup,1341.6,502.50158208706176
seasonal_naive,2025-10-05,2025-10-12,coffee_beans,8324.46,1120.904605355733
seasonal_naive,2025-10-05,2025-10-12,croissant_dough,59.400000000000006,13.093162043894983
seasonal_naive,2025-10-05,2025-10-12,cup_cold,113.3,21.29220358096676
seasonal_naive,2025-10-05,2025-10-12,cup_hot,463.50000000000006,82.0090259729113
seasonal_naive,2025-10-05,2025-10-12,ice,13068.000000000002,2445.460356849622
seasonal_naive,2025-10-05,2025-10-12,milk,72880.5,12293.47818889224
seasonal_naive,2025-10-05,2025-10-12,sugar,4036.5700000000006,586.3344490343025
seasonal_naive,2025-10-05,2025-10-12,tea_leaves,280.16,66.18850763984443
seasonal_naive,2025-10-05,2025-10-13,bread,63.6,27.1301387900842
seasonal_naive,2025-10-05,2025-10-13,chocolate_syrup,904.8,502.50158208706176
seasonal_naive,2025-10-05,2025-10-13,coffee_beans,5450.76,1120.904605355733
seasonal_naive,2025-10-05,2025-10-13,croissant_dough,24.840000000000003,13.093162043894983
seasonal_naive,2025-10-05,2025-10-13,cup_cold,96.82,21.29220358096676
seasonal_naive,2025-10-05,2025-10-13,cup_hot,305.91,82.0090259729113
seasonal_naive,2025-10-05,2025-10-13,ice,11059.2,2445.460356849622
seasonal_naive,2025-10-05,2025-10-13,milk,56374.5,12293.47818889224
seasonal_naive,2025-10-05,2025-10-13,sugar,3213.6000000000004,586.3344490343025
seasonal_naive,2025-10-05,2025-10-13,tea_leaves,280.16,66.18850763984443
seasonal_naive,2025-10-05,2025-10-14,bread,89.04,27.1301387900842
seasonal_naive,2025-10-05,2025-10-14,chocolate_syrup,686.4000000000001,502.50158208706176
seasonal_naive,2025-10-05,2025-10-14,coffee_beans,5858.64,1120.904605355733
seasonal_naive,2025-10-05,2025-10-14,croissant_dough,31.32,13.093162043894983
seasonal_naive,2025-10-05,2025-10-14,cup_cold,88.58,21.29220358096676
seasonal_naive,2025-10-05,2025-10-14,cup_hot,332.69,82.0090259729113
seasonal_naive,2025-10-05,2025-10-14,ice,10173.6,2445.460356849622
seasonal_naive,2025-10-05,2025-10-14,milk,53256.0,12293.47818889224
seasonal_naive,2025-10-05,2025-10-14,sugar,3068.3700000000003,586.3344490343025
seasonal_naive,2025-10-05,2025-10-14,tea_leaves,292.52,66.18850763984443
seasonal_naive,2025-10-05,2025-10-15,bread,72.08,27.1301387900842
seasonal_naive,2025-10-05,2025-10-15,chocolate_syrup,811.2,502.50158208706176
seasonal_naive,2025-10-05,2025-10-15,coffee_beans,6896.879999999999,1120.904605355733
seasonal_naive,2025-10-05,2025-10-15,croissant_dough,41.040000000000006,13.093162043894983
seasonal_naive,2025-10-05,2025-10-15,cup_cold,106.09,21.29220358096676
seasonal_naive,2025-10-05,2025-10-15,cup_hot,373.7183333333333,82.0090259729113
seasonal_naive,2025-10-05,2025-10-15,ice,11944.8,2445.460356849622
seasonal_naive,2025-10-05,2025-10-15,milk,55905.5,12293.47818889224
seasonal_naive,2025-10-05,2025-10-15,sugar,3297.373333333333,586.3344490343025
seasonal_naive,2025-10-05,2025-10-15,tea_leaves,279.4733333333333,66.18850763984443
seasonal_naive,2025-10-05,2025-10-16,bread,80.56,27.1301387900842
seasonal_naive,2025-10-05,2025-10-16,chocolate_syrup,904.8,502.50158208706176
seasonal_naive,2025-10-05,2025-10-16,coffee_beans,5803.02,1120.904605355733
seasonal_naive,2025-10-05,2025-10-16,croissant_dough,56.16,13.093162043894983
seasonal_naive,2025-10-05,2025-10-16,cup_cold,78.28,21.29220358096676
seasonal_naive,2025-10-05,2025-10-16,cup_hot,328.56999999999994,82.0090259729113
seasonal_naive,2025-10-05,2025-10-16,ice,8791.2,2445.460356849622
seasonal_naive,2025-10-05,2025-10-16,milk,50022.0,12293.47818889224
seasonal_naive,2025-10-05,2025-10-16,sugar,2800.57,586.3344490343025
seasonal_naive,2025-10-05,2025-10-16,tea_leaves,218.36,66.18850763984443
seasonal_naive,2025-10-05,2025-10-17,bread,122.96,27.1301387900842
seasonal_naive,2025-10-05,2025-10-17,chocolate_syrup,1279.2,502.50158208706176
seasonal_naive,2025-10-05,2025-10-17,coffee_beans,7786.799999999999,1120.904605355733
seasonal_naive,2025-10-05,2025-10-17,croissant_dough,39.96,13.093162043894983
seasonal_naive,2025-10-05,2025-10-17,cup_cold,108.15,21.29220358096676
seasonal_naive,2025-10-05,2025-10-17,cup_hot,432.6,82.0090259729113
seasonal_naive,2025-10-05,2025-10-17,ice,12571.2,2445.460356849622
seasonal_naive,2025-10-05,2025-10-17,milk,72061.5,12293.47818889224
seasonal_naive,2025-10-05,2025-10-17,sugar,3883.1,586.3344490343025
seasonal_naive,2025-10-05,2025-10-17,tea_leaves,263.68,66.18850763984443
seasonal_naive,2025-10-05,2025-10-18,bread,112.36,27.1301387900842
seasonal_naive,2025-10-05,2025-10-18,chocolate_syrup,1092.0,502.50158208706176
seasonal_naive,2025-10-05,2025-10-18,coffee_beans,7193.52,1120.904605355733
seasonal_naive,2025-10-05,2025-10-18,croissant_dough,28.08,13.093162043894983
seasonal_naive,2025-10-05,2025-10-18,cup_cold,101.97,21.29220358096676
seasonal_naive,2025-10-05,2025-10-18,cup_hot,419.21,82.0090259729113
seasonal_naive,2025-10-05,2025-10-18,ice,11620.8,2445.460356849622
seasonal_naive,2025-10-05,2025-10-18,milk,67714.5,12293.47818889224
seasonal_naive,2025-10-05,2025-10-18,sugar,3827.480000000001,586.3344490343025
seasonal_naive,2025-10-05,2025-10-18,tea_leaves,341.96000000000004,66.18850763984443
seasonal_naive,2025-10-05,2025-10-19,bread,80.56,27.1301387900842
seasonal_naive,2025-10-05,2025-10-19,chocolate_syrup,1341.6,502.50158208706176
seasonal_naive,2025-10-05,2025-10-19,coffee_beans,8324.46,1120.904605355733
seasonal_naive,2025-10-05,2025-10-19,croissant_dough,59.400000000000006,13.093162043894983
seasonal_naive,2025-10-05,2025-10-19,cup_cold,113.3,21.29220358096676
seasonal_naive,2025-10-05,2025-10-19,cup_hot,463.50000000000006,82.0090259729113
seasonal_naive,2025-10-05,2025-10-19,ice,13068.000000000002,2445.460356849622
seasonal_naive,2025-10-05,2025-10-19,milk,72880.5,12293.47818889224
seasonal_naive,2025-10-05,2025-10-19,sugar,4036.5700000000006,586.3344490343025
seasonal_naive,2025-10-05,2025-10-19,tea_leaves,280.16,66.18850763984443
seasonal_naive,2025-10-05,2025-10-20,bread,63.6,27.1301387900842
seasonal_naive,2025-10-05,2025-10-20,chocolate_syrup,904.8,502.50158208706176
seasonal_naive,2025-10-05,2025-10-20,coffee_beans,5450.76,1120.904605355733
seasonal_naive,2025-10-05,2025-10-20,croissant_dough,24.840000000000003,13.093162043894983
seasonal_naive,2025-10-05,2025-10-20,cup_cold,96.82,21.29220358096676
seasonal_naive,2025-10-05,2025-10-20,cup_hot,305.91,82.0090259729113
seasonal_naive,2025-10-05,2025-10-20,ice,11059.2,2445.460356849622
seasonal_naive,2025-10-05,2025-10-20,milk,56374.5,12293.47818889224
seasonal_naive,2025-10-05,2025-10-20,sugar,3213.6000000000004,586.3344490343025
seasonal_naive,2025-10-05,2025-10-20,tea_leaves,280.16,66.18850763984443
seasonal_naive,2025-10-05,2025-10-21,bread,89.04,27.1301387900842
seasonal_naive,2025-10-05,2025-10-21,chocolate_syrup,686.4000000000001,502.50158208706176
seasonal_naive,2025-10-05,2025-10-21,coffee_beans,5858.639999999999,1120.904605355733
seasonal_naive,2025-10-05,2025-10-21,croissant_dough,31.32,13.093162043894983
seasonal_naive,2025-10-05,2025-10-21,cup_cold,88.58,21.29220358096676
seasonal_naive,2025-10-05,2025-10-21,cup_hot,332.69,82.0090259729113
seasonal_naive,2025-10-05,2025-10-21,ice,10173.600000000002,2445.460356849622
seasonal_naive,2025-10-05,2025-10-21,milk,53256.0,12293.47818889224
seasonal_naive,2025-10-05,2025-10-21,sugar,3068.37,586.3344490343025
seasonal_naive,2025-10-05,2025-10-21,tea_leaves,292.52,66.18850763984443
ml,2025-10-05,2025-10-05,bread,98.64335907026351,33.36019649282954
ml,2025-10-05,2025-10-05,chocolate_syrup,1234.5270454408708,388.8652999722902
ml,2025-10-05,2025-10-05,coffee_beans,6461.222524962332,1890.5866392513192
ml,2025-10-05,2025-10-05,croissant_dough,48.0559033677571,13.759005126887516
ml,2025-10-05,2025-10-05,cup_cold,97.8265718023338,33.44972323972494
ml,2025-10-05,2025-10-05,cup_hot,371.10746662188456,104.71532395982584
ml,2025-10-05,2025-10-05,ice,11166.230650152658,3812.023572841995
ml,2025-10-05,2025-10-05,milk,60035.93902803668,18335.343330081345
ml,2025-10-05,2025-10-05,sugar,3377.687703068754,1042.7234319136717
ml,2025-10-05,2025-10-05,tea_leaves,276.888046850018,81.17966311353499
ml,2025-10-05,2025-10-06,bread,78.97276766948427,33.36019649282954
ml,2025-10-05,2025-10-06,chocolate_syrup,1014.7639870217135,388.8652999722902
ml,2025-10-05,2025-10-06,coffee_beans,4860.719679314876,1890.5866392513192
ml,2025-10-05,2025-10-06,croissant_dough,36.92589365050021,13.759005126887516
ml,2025-10-05,2025-10-06,cup_cold,74.27440284405887,33.44972323972494
ml,2025-10-05,2025-10-06,cup_hot,281.2591902661221,104.71532395982584
ml,2025-10-05,2025-10-06,ice,8490.380741233177,3812.023572841995
ml,2025-10-05,2025-10-06,milk,46536.41542721795,18335.343330081345
ml,2025-10-05,2025-10-06,sugar,2591.910945509783,1042.7234319136717
ml,2025-10-05,2025-10-06,tea_leaves,207.97355823839683,81.17966311353499
ml,2025-10-05,2025-10-07,bread,88.49243797896835,33.36019649282954
ml,2025-10-05,2025-10-07,chocolate_syrup,1023.091903795429,388.8652999722902
ml,2025-10-05,2025-10-07,coffee_beans,4989.903831935373,1890.5866392513192
ml,2025-10-05,2025-10-07,croissant_dough,39.56352227136517,13.759005126887516
ml,2025-10-05,2025-10-07,cup_cold,78.42035401730404,33.44972323972494
ml,2025-10-05,2025-10-07,cup_hot,287.83099344410834,104.71532395982584
ml,2025-10-05,2025-10-07,ice,8964.478208928944,3812.023572841995
ml,2025-10-05,2025-10-07,milk,47437.47265590527,18335.343330081345
ml,2025-10-05,2025-10-07,sugar,2667.451551058356,1042.7234319136717
ml,2025-10-05,2025-10-07,tea_leaves,221.0372740853156,81.17966311353499
ml,2025-10-05,2025-10-08,bread,86.681844920295,33.36019649282954
ml,2025-10-05,2025-10-08,chocolate_syrup,1086.2537304099817,388.8652999722902
ml,2025-10-05,2025-10-08,coffee_beans,5095.851009848803,1890.5866392513192
ml,2025-10-05,2025-10-08,croissant_dough,38.51024963396904,13.759005126887516
ml,2025-10-05,2025-10-08,cup_cold,79.60342849428223,33.44972323972494
ml,2025-10-05,2025-10-08,cup_hot,304.7010701446928,104.71532395982584
ml,2025-10-05,2025-10-08,ice,9097.1179748161,3812.023572841995
ml,2025-10-05,2025-10-08,milk,49650.33088141764,18335.343330081345
ml,2025-10-05,2025-10-08,sugar,2828.519193130835,1042.7234319136717
ml,2025-10-05,2025-10-08,tea_leaves,261.3654613003179,81.17966311353499
ml,2025-10-05,2025-10-09,bread,108.349675348169,33.36019649282954
ml,2025-10-05,2025-10-09,chocolate_syrup,1063.9559345768523,388.8652999722902
ml,2025-10-05,2025-10-09,coffee_beans,5244.876597527139,1890.5866392513192
ml,2025-10-05,2025-10-09,croissant_dough,42.35992311965499,13.759005126887516
ml,2025-10-05,2025-10-09,cup_cold,83.24632695749692,33.44972323972494
ml,2025-10-05,2025-10-09,cup_hot,298.162721995539,104.71532395982584
ml,2025-10-05,2025-10-09,ice,9512.005136203205,3812.023572841995
ml,2025-10-05,2025-10-09,milk,49480.42849694747,18335.343330081345
ml,2025-10-05,2025-10-09,sugar,2778.3255570091283,1042.7234319136717
ml,2025-10-05,2025-10-09,tea_leaves,219.6113178213919,81.17966311353499
ml,2025-10-05,2025-10-10,bread,96.63972991383328,33.36019649282954
ml,2025-10-05,2025-10-10,chocolate_syrup,1123.2880633437069,388.8652999722902
ml,2025-10-05,2025-10-10,coffee_beans,5758.4237488385525,1890.5866392513192
ml,2025-10-05,2025-10-10,croissant_dough,43.95304990083497,13.759005126887516
ml,2025-10-05,2025-10-10,cup_cold,90.30179102857836,33.44972323972494
ml,2025-10-05,2025-10-10,cup_hot,326.1216112676821,104.71532395982584
ml,2025-10-05,2025-10-10,ice,10305.35935454656,3812.023572841995
ml,2025-10-05,2025-10-10,milk,53876.5897709162,18335.343330081345
ml,2025-10-05,2025-10-10,sugar,3032.591255498972,1042.7234319136717
ml,2025-10-05,2025-10-10,tea_leaves,237.7122583434806,81.17966311353499
ml,2025-10-05,2025-10-11,bread,108.7374171395889,33.36019649282954
ml,2025-10-05,2025-10-11,chocolate_syrup,1279.7289963628916,388.8652999722902
ml,2025-10-05,2025-10-11,coffee_beans,6551.242856582207,1890.5866392513192
ml,2025-10-05,2025-10-11,croissant_dough,51.15628993043189,13.759005126887516
ml,2025-10-05,2025-10-11,cup_cold,105.30159899742505,33.44972323972494
ml,2025-10-05,2025-10-11,cup_hot,369.2874640457832,104.71532395982584
ml,2025-10-05,2025-10-11,ice,12005.43186446052,3812.023572841995
ml,2025-10-05,2025-10-11,milk,62185.02577127242,18335.343330081345
ml,2025-10-05,2025-10-11,sugar,3500.630232062301,1042.7234319136717
ml,2025-10-05,2025-10-11,tea_leaves,273.53465161775523,81.17966311353499
ml,2025-10-05,2025-10-12,bread,106.79975372686933,33.36019649282954
ml,2025-10-05,2025-10-12,chocolate_syrup,1297.489924804804,388.8652999722902
ml,2025-10-05,2025-10-12,coffee_beans,6967.039122687483,1890.5866392513192
ml,2025-10-05,2025-10-12,croissant_dough,51.43031069885501,13.759005126887516
ml,2025-10-05,2025-10-12,cup_cold,107.5818634321276,33.44972323972494
ml,2025-10-05,2025-10-12,cup_hot,392.1282452256175,104.71532395982584
ml,2025-10-05,2025-10-12,ice,12267.6268013145,3812.023572841995
ml,2025-10-05,2025-10-12,milk,63886.34795392874,18335.343330081345
ml,2025-10-05,2025-10-12,sugar,3594.1169046019268,1042.7234319136717
ml,2025-10-05,2025-10-12,tea_leaves,279.2743104591104,81.17966311353499
ml,2025-10-05,2025-10-13,bread,87.25818213363301,33.36019649282954
ml,2025-10-05,2025-10-13,chocolate_syrup,1064.2213994678896,388.8652999722902
ml,2025-10-05,2025-10-13,coffee_beans,5258.0029386664055,1890.5866392513192
ml,2025-10-05,2025-10-13,croissant_dough,41.17605387276662,13.759005126887516
ml,2025-10-05,2025-10-13,cup_cold,86.568953606411,33.44972323972494
ml,2025-10-05,2025-10-13,cup_hot,295.64105933634454,104.71532395982584
ml,2025-10-05,2025-10-13,ice,9897.869731021268,3812.023572841995
ml,2025-10-05,2025-10-13,milk,50206.170781046,18335.343330081345
ml,2025-10-05,2025-10-13,sugar,2821.611031462562,1042.7234319136717
ml,2025-10-05,2025-10-13,tea_leaves,219.863154103454,81.17966311353499
ml,2025-10-05,2025-10-14,bread,96.54807323131904,33.36019649282954
ml,2025-10-05,2025-10-14,chocolate_syrup,1092.086402337712,388.8652999722902
ml,2025-10-05,2025-10-14,coffee_beans,5461.835575570987,1890.5866392513192
ml,2025-10-05,2025-10-14,croissant_dough,44.68743943048346,13.759005126887516
ml,2025-10-05,2025-10-14,cup_cold,90.28378580238513,33.44972323972494
ml,2025-10-05,2025-10-14,cup_hot,305.43425429500644,104.71532395982584
ml,2025-10-05,2025-10-14,ice,10321.0077818587,3812.023572841995
ml,2025-10-05,2025-10-14,milk,52046.07078516592,18335.343330081345
ml,2025-10-05,2025-10-14,sugar,2921.1687859797908,1042.7234319136717
ml,2025-10-05,2025-10-14,tea_leaves,224.9195118343241,81.17966311353499
ml,2025-10-05,2025-10-15,bread,96.61706605817815,33.36019649282954
ml,2025-10-05,2025-10-15,chocolate_syrup,1124.4474269674292,388.8652999722902
ml,2025-10-05,2025-10-15,coffee_beans,5715.448296493695,1890.5866392513192
ml,2025-10-05,2025-10-15,croissant_dough,54.49629754155576,13.759005126887516
ml,2025-10-05,2025-10-15,cup_cold,93.27202533737274,33.44972323972494
ml,2025-10-05,2025-10-15,cup_hot,320.0835067212159,104.71532395982584
ml,2025-10-05,2025-10-15,ice,10646.1954574284,3812.023572841995
ml,2025-10-05,2025-10-15,milk,53491.227054369454,18335.343330081345
ml,2025-10-05,2025-10-15,sugar,3015.1966926384093,1042.7234319136717
ml,2025-10-05,2025-10-15,tea_leaves,234.83778246099683,81.17966311353499
ml,2025-10-05,2025-10-16,bread,99.13892513365955,33.36019649282954
ml,2025-10-05,2025-10-16,chocolate_syrup,1133.5688282367594,388.8652999722902
ml,2025-10-05,2025-10-16,coffee_beans,5809.872448945628,1890.5866392513192
ml,2025-10-05,2025-10-16,croissant_dough,48.18886845230573,13.759005126887516
ml,2025-10-05,2025-10-16,cup_cold,94.57321133083582,33.44972323972494
ml,2025-10-05,2025-10-16,cup_hot,323.6645761691779,104.71532395982584
ml,2025-10-05,2025-10-16,ice,10787.341985615984,3812.023572841995
ml,2025-10-05,2025-10-16,milk,54827.53967576126,18335.343330081345
ml,2025-10-05,2025-10-16,sugar,3073.9213042909705,1042.7234319136717
ml,2025-10-05,2025-10-16,tea_leaves,232.1791665056592,81.17966311353499
ml,2025-10-05,2025-10-17,bread,107.37434157803456,33.36019649282954
ml,2025-10-05,2025-10-17,chocolate_syrup,1190.953642170991,388.8652999722902
ml,2025-10-05,2025-10-17,coffee_beans,6903.702153911757,1890.5866392513192
ml,2025-10-05,2025-10-17,croissant_dough,49.86751542172217,13.759005126887516
ml,2025-10-05,2025-10-17,cup_cold,104.92039053421692,33.44972323972494
ml,2025-10-05,2025-10-17,cup_hot,383.200812021405,104.71532395982584
ml,2025-10-05,2025-10-17,ice,11973.467479530573,3812.023572841995
ml,2025-10-05,2025-10-17,milk,61165.12471700399,18335.343330081345
ml,2025-10-05,2025-10-17,sugar,3431.136513249726,1042.7234319136717
ml,2025-10-05,2025-10-17,tea_leaves,261.06182070755165,81.17966311353499
ml,2025-10-05,2025-10-18,bread,149.4443501963274,33.36019649282954
ml,2025-10-05,2025-10-18,chocolate_syrup,1464.7820339069858,388.8652999722902
ml,2025-10-05,2025-10-18,coffee_beans,8240.215991834895,1890.5866392513192
ml,2025-10-05,2025-10-18,croissant_dough,64.26144288878922,13.759005126887516
ml,2025-10-05,2025-10-18,cup_cold,143.19260089776768,33.44972323972494
ml,2025-10-05,2025-10-18,cup_hot,446.3968441970631,104.71532395982584
ml,2025-10-05,2025-10-18,ice,16350.939396790023,3812.023572841995
ml,2025-10-05,2025-10-18,milk,77164.98236512895,18335.343330081345
ml,2025-10-05,2025-10-18,sugar,4389.058759942204,1042.7234319136717
ml,2025-10-05,2025-10-18,tea_leaves,333.77232557957785,81.17966311353499
ml,2025-10-05,2025-10-19,bread,145.65535192160627,33.36019649282954
ml,2025-10-05,2025-10-19,chocolate_syrup,1399.022176586615,388.8652999722902
ml,2025-10-05,2025-10-19,coffee_beans,8528.380277555676,1890.5866392513192
ml,2025-10-05,2025-10-19,croissant_dough,69.82051709275841,13.759005126887516
ml,2025-10-05,2025-10-19,cup_cold,144.86882120933572,33.44972323972494
ml,2025-10-05,2025-10-19,cup_hot,457.5554764640304,104.71532395982584
ml,2025-10-05,2025-10-19,ice,16530.02671739714,3812.023572841995
ml,2025-10-05,2025-10-19,milk,76987.68035541751,18335.343330081345
ml,2025-10-05,2025-10-19,sugar,4395.817179847297,1042.7234319136717
ml,2025-10-05,2025-10-19,tea_leaves,329.75890142243185,81.17966311353499
ml,2025-10-05,2025-10-20,bread,84.12183528831619,33.36019649282954
ml,2025-10-05,2025-10-20,chocolate_syrup,944.2832812380152,388.8652999722902
ml,2025-10-05,2025-10-20,coffee_beans,4968.74199861666,1890.5866392513192
ml,2025-10-05,2025-10-20,croissant_dough,39.450745345915685,13.759005126887516
ml,2025-10-05,2025-10-20,cup_cold,80.17734400538048,33.44972323972494
ml,2025-10-05,2025-10-20,cup_hot,277.85379230851413,104.71532395982584
ml,2025-10-05,2025-10-20,ice,9156.044735934442,3812.023572841995
ml,2025-10-05,2025-10-20,milk,45303.45587511458,18335.343330081345
ml,2025-10-05,2025-10-20,sugar,2564.890998971015,1042.7234319136717
ml,2025-10-05,2025-10-20,tea_leaves,203.26583876702696,81.17966311353499
ml,2025-10-05,2025-10-21,bread,101.00091354485572,33.36019649282954
ml,2025-10-05,2025-10-21,chocolate_syrup,973.9026172163052,388.8652999722902
ml,2025-10-05,2025-10-21,coffee_beans,5383.151936538643,1890.5866392513192
ml,2025-10-05,2025-10-21,croissant_dough,46.74712609501327,13.759005126887516
ml,2025-10-05,2025-10-21,cup_cold,91.65019496944709,33.44972323972494
ml,2025-10-05,2025-10-21,cup_hot,295.880743994347,104.71532395982584
ml,2025-10-05,2025-10-21,ice,10479.638120533327,3812.023572841995
ml,2025-10-05,2025-10-21,milk,50433.70384520391,18335.343330081345
ml,2025-10-05,2025-10-21,sugar,2867.893747922643,1042.7234319136717
ml,2025-10-05,2025-10-21,tea_leaves,225.26268076118768,81.17966311353499
manual,2025-10-12,2025-10-12,bread,106.12114285714286,0.0
manual,2025-10-12,2025-10-12,chocolate_syrup,1048.3200000000002,0.0
manual,2025-10-12,2025-10-12,coffee_beans,7496.51657142857,0.0
manual,2025-10-12,2025-10-12,croissant_dough,45.91542857142857,0.0
manual,2025-10-12,2025-10-12,cup_cold,109.12114285714286,0.0
manual,2025-10-12,2025-10-12,cup_hot,418.2388571428571,0.0
manual,2025-10-12,2025-10-12,ice,12437.897142857144,0.0
manual,2025-10-12,2025-10-12,milk,68074.19999999998,0.0
manual,2025-10-12,2025-10-12,sugar,3851.5525714285714,0.0
manual,2025-10-12,2025-10-12,tea_leaves,305.11542857142854,0.0
manual,2025-10-12,2025-10-13,bread,106.12114285714286,0.0
manual,2025-10-12,2025-10-13,chocolate_syrup,1048.3200000000002,0.0
manual,2025-10-12,2025-10-13,coffee_beans,7496.51657142857,0.0
manual,2025-10-12,2025-10-13,croissant_dough,45.91542857142857,0.0
manual,2025-10-12,2025-10-13,cup_cold,109.12114285714286,0.0
manual,2025-10-12,2025-10-13,cup_hot,418.2388571428571,0.0
manual,2025-10-12,2025-10-13,ice,12437.897142857144,0.0
manual,2025-10-12,2025-10-13,milk,68074.19999999998,0.0
manual,2025-10-12,2025-10-13,sugar,3851.5525714285714,0.0
manual,2025-10-12,2025-10-13,tea_leaves,305.11542857142854,0.0
manual,2025-10-12,2025-10-14,bread,106.12114285714286,0.0
manual,2025-10-12,2025-10-14,chocolate_syrup,1048.3200000000002,0.0
manual,2025-10-12,2025-10-14,coffee_beans,7496.51657142857,0.0
manual,2025-10-12,2025-10-14,croissant_dough,45.91542857142857,0.0
manual,2025-10-12,2025-10-14,cup_cold,109.12114285714286,0.0
manual,2025-10-12,2025-10-14,cup_hot,418.2388571428571,0.0
manual,2025-10-12,2025-10-14,ice,12437.897142857144,0.0
manual,2025-10-12,2025-10-14,milk,68074.19999999998,0.0
manual,2025-10-12,2025-10-14,sugar,3851.5525714285714,0.0
manual,2025-10-12,2025-10-14,tea_leaves,305.11542857142854,0.0
manual,2025-10-12,2025-10-15,bread,106.12114285714286,0.0
manual,2025-10-12,2025-10-15,chocolate_syrup,1048.3200000000002,0.0
manual,2025-10-12,2025-10-15,coffee_beans,7496.51657142857,0.0
manual,2025-10-12,2025-10-15,croissant_dough,45.91542857142857,0.0
manual,2025-10-12,2025-10-15,cup_cold,109.12114285714286,0.0
manual,2025-10-12,2025-10-15,cup_hot,418.2388571428571,0.0
manual,2025-10-12,2025-10-15,ice,12437.897142857144,0.0
manual,2025-10-12,2025-10-15,milk,68074.19999999998,0.0
manual,2025-10-12,2025-10-15,sugar,3851.5525714285714,0.0
manual,2025-10-12,2025-10-15,tea_leaves,305.11542857142854,0.0
manual,2025-10-12,2025-10-16,bread,106.12114285714286,0.0
manual,2025-10-12,2025-10-16,chocolate_syrup,1048.3200000000002,0.0
manual,2025-10-12,2025-10-16,coffee_beans,7496.51657142857,0.0
manual,2025-10-12,2025-10-16,croissant_dough,45.91542857142857,0.0
manual,2025-10-12,2025-10-16,cup_cold,109.12114285714286,0.0
manual,2025-10-12,2025-10-16,cup_hot,418.2388571428571,0.0
manual,2025-10-12,2025-10-16,ice,12437.897142857144,0.0
manual,2025-10-12,2025-10-16,milk,68074.19999999998,0.0
manual,2025-10-12,2025-10-16,sugar,3851.5525714285714,0.0
manual,2025-10-12,2025-10-16,tea_leaves,305.11542857142854,0.0
manual,2025-10-12,2025-10-17,bread,106.12114285714286,0.0
manual,2025-10-12,2025-10-17,chocolate_syrup,1048.3200000000002,0.0
manual,2025-10-12,2025-10-17,coffee_beans,7496.51657142857,0.0
manual,2025-10-12,2025-10-17,croissant_dough,45.91542857142857,0.0
manual,2025-10-12,2025-10-17,cup_cold,109.12114285714286,0.0
manual,2025-10-12,2025-10-17,cup_hot,418.2388571428571,0.0
manual,2025-10-12,2025-10-17,ice,12437.897142857144,0.0
manual,2025-10-12,2025-10-17,milk,68074.19999999998,0.0
manual,2025-10-12,2025-10-17,sugar,3851.5525714285714,0.0
manual,2025-10-12,2025-10-17,tea_leaves,305.11542857142854,0.0
manual,2025-10-12,2025-10-18,bread,106.12114285714286,0.0
manual,2025-10-12,2025-10-18,chocolate_syrup,1048.3200000000002,0.0
manual,2025-10-12,2025-10-18,coffee_beans,7496.51657142857,0.0
manual,2025-10-12,2025-10-18,croissant_dough,45.91542857142857,0.0
manual,2025-10-12,2025-10-18,cup_cold,109.12114285714286,0.0
manual,2025-10-12,2025-10-18,cup_hot,418.2388571428571,0.0
manual,2025-10-12,2025-10-18,ice,12437.897142857144,0.0
manual,2025-10-12,2025-10-18,milk,68074.19999999998,0.0
manual,2025-10-12,2025-10-18,sugar,3851.5525714285714,0.0
manual,2025-10-12,2025-10-18,tea_leaves,305.11542857142854,0.0
manual,2025-10-12,2025-10-19,bread,106.12114285714286,0.0
manual,2025-10-12,2025-10-19,chocolate_syrup,1048.3200000000002,0.0
manual,2025-10-12,2025-10-19,coffee_beans,7496.51657142857,0.0
manual,2025-10-12,2025-10-19,croissant_dough,45.91542857142857,0.0
manual,2025-10-12,2025-10-19,cup_cold,109.12114285714286,0.0
manual,2025-10-12,2025-10-19,cup_hot,418.2388571428571,0.0
manual,2025-10-12,2025-10-19,ice,12437.897142857144,0.0
manual,2025-10-12,2025-10-19,milk,68074.19999999998,0.0
manual,2025-10-12,2025-10-19,sugar,3851.5525714285714,0.0
manual,2025-10-12,2025-10-19,tea_leaves,305.11542857142854,0.0
manual,2025-10-12,2025-10-20,bread,106.12114285714286,0.0
manual,2025-10-12,2025-10-20,chocolate_syrup,1048.3200000000002,0.0
manual,2025-10-12,2025-10-20,coffee_beans,7496.51657142857,0.0
manual,2025-10-12,2025-10-20,croissant_dough,45.91542857142857,0.0
manual,2025-10-12,2025-10-20,cup_cold,109.12114285714286,0.0
manual,2025-10-12,2025-10-20,cup_hot,418.2388571428571,0.0
manual,2025-10-12,2025-10-20,ice,12437.897142857144,0.0
manual,2025-10-12,2025-10-20,milk,68074.19999999998,0.0
manual,2025-10-12,2025-10-20,sugar,3851.5525714285714,0.0
manual,2025-10-12,2025-10-20,tea_leaves,305.11542857142854,0.0
manual,2025-10-12,2025-10-21,bread,106.12114285714286,0.0
manual,2025-10-12,2025-10-21,chocolate_syrup,1048.3200000000002,0.0
manual,2025-10-12,2025-10-21,coffee_beans,7496.51657142857,0.0
manual,2025-10-12,2025-10-21,croissant_dough,45.91542857142857,0.0
manual,2025-10-12,2025-10-21,cup_cold,109.12114285714286,0.0
manual,2025-10-12,2025-10-21,cup_hot,418.2388571428571,0.0
manual,2025-10-12,2025-10-21,ice,12437.897142857144,0.0
manual,2025-10-12,2025-10-21,milk,68074.19999999998,0.0
manual,2025-10-12,2025-10-21,sugar,3851.5525714285714,0.0
manual,2025-10-12,2025-10-21,tea_leaves,305.11542857142854,0.0
manual,2025-10-12,2025-10-22,bread,106.12114285714286,0.0
manual,2025-10-12,2025-10-22,chocolate_syrup,1048.3200000000002,0.0
manual,2025-10-12,2025-10-22,coffee_beans,7496.51657142857,0.0
manual,2025-10-12,2025-10-22,croissant_dough,45.91542857142857,0.0
manual,2025-10-12,2025-10-22,cup_cold,109.12114285714286,0.0
manual,2025-10-12,2025-10-22,cup_hot,418.2388571428571,0.0
manual,2025-10-12,2025-10-22,ice,12437.897142857144,0.0
manual,2025-10-12,2025-10-22,milk,68074.19999999998,0.0
manual,2025-10-12,2025-10-22,sugar,3851.5525714285714,0.0
manual,2025-10-12,2025-10-22,tea_leaves,305.11542857142854,0.0
manual,2025-10-12,2025-10-23,bread,106.12114285714286,0.0
manual,2025-10-12,2025-10-23,chocolate_syrup,1048.3200000000002,0.0
manual,2025-10-12,2025-10-23,coffee_beans,7496.51657142857,0.0
manual,2025-10-12,2025-10-23,croissant_dough,45.91542857142857,0.0
manual,2025-10-12,2025-10-23,cup_cold,109.12114285714286,0.0
manual,2025-10-12,2025-10-23,cup_hot,418.2388571428571,0.0
manual,2025-10-12,2025-10-23,ice,12437.897142857144,0.0
manual,2025-10-12,2025-10-23,milk,68074.19999999998,0.0
manual,2025-10-12,2025-10-23,sugar,3851.5525714285714,0.0
manual,2025-10-12,2025-10-23,tea_leaves,305.11542857142854,0.0
manual,2025-10-12,2025-10-24,bread,106.12114285714286,0.0
manual,2025-10-12,2025-10-24,chocolate_syrup,1048.3200000000002,0.0
manual,2025-10-12,2025-10-24,coffee_beans,7496.51657142857,0.0
manual,2025-10-12,2025-10-24,croissant_dough,45.91542857142857,0.0
manual,2025-10-12,2025-10-24,cup_cold,109.12114285714286,0.0
manual,2025-10-12,2025-10-24,cup_hot,418.2388571428571,0.0
manual,2025-10-12,2025-10-24,ice,12437.897142857144,0.0
manual,2025-10-12,2025-10-24,milk,68074.19999999998,0.0
manual,2025-10-12,2025-10-24,sugar,3851.5525714285714,0.0
manual,2025-10-12,2025-10-24,tea_leaves,305.11542857142854,0.0
manual,2025-10-12,2025-10-25,bread,106.12114285714286,0.0
manual,2025-10-12,2025-10-25,chocolate_syrup,1048.3200000000002,0.0
manual,2025-10-12,2025-10-25,coffee_beans,7496.51657142857,0.0
manual,2025-10-12,2025-10-25,croissant_dough,45.91542857142857,0.0
manual,2025-10-12,2025-10-25,cup_cold,109.12114285714286,0.0
manual,2025-10-12,2025-10-25,cup_hot,418.2388571428571,0.0
manual,2025-10-12,2025-10-25,ice,12437.897142857144,0.0
manual,2025-10-12,2025-10-25,milk,68074.19999999998,0.0
manual,2025-10-12,2025-10-25,sugar,3851.5525714285714,0.0
manual,2025-10-12,2025-10-25,tea_leaves,305.11542857142854,0.0
manual,2025-10-12,2025-10-26,bread,106.12114285714286,0.0
manual,2025-10-12,2025-10-26,chocolate_syrup,1048.3200000000002,0.0
manual,2025-10-12,2025-10-26,coffee_beans,7496.51657142857,0.0
manual,2025-10-12,2025-10-26,croissant_dough,45.91542857142857,0.0
manual,2025-10-12,2025-10-26,cup_cold,109.12114285714286,0.0
manual,2025-10-12,2025-10-26,cup_hot,418.2388571428571,0.0
manual,2025-10-12,2025-10-26,ice,12437.897142857144,0.0
manual,2025-10-12,2025-10-26,milk,68074.19999999998,0.0
manual,2025-10-12,2025-10-26,sugar,3851.5525714285714,0.0
manual,2025-10-12,2025-10-26,tea_leaves,305.11542857142854,0.0
manual,2025-10-12,2025-10-27,bread,106.12114285714286,0.0
manual,2025-10-12,2025-10-27,chocolate_syrup,1048.3200000000002,0.0
manual,2025-10-12,2025-10-27,coffee_beans,7496.51657142857,0.0
manual,2025-10-12,2025-10-27,croissant_dough,45.91542857142857,0.0
manual,2025-10-12,2025-10-27,cup_cold,109.12114285714286,0.0
manual,2025-10-12,2025-10-27,cup_hot,418.2388571428571,0.0
manual,2025-10-12,2025-10-27,ice,12437.897142857144,0.0
manual,2025-10-12,2025-10-27,milk,68074.19999999998,0.0
manual,2025-10-12,2025-10-27,sugar,3851.5525714285714,0.0
manual,2025-10-12,2025-10-27,tea_leaves,305.11542857142854,0.0
manual,2025-10-12,2025-10-28,bread,106.12114285714286,0.0
manual,2025-10-12,2025-10-28,chocolate_syrup,1048.3200000000002,0.0
manual,2025-10-12,2025-10-28,coffee_beans,7496.51657142857,0.0
manual,2025-10-12,2025-10-28,croissant_dough,45.91542857142857,0.0
manual,2025-10-12,2025-10-28,cup_cold,109.12114285714286,0.0
manual,2025-10-12,2025-10-28,cup_hot,418.2388571428571,0.0
manual,2025-10-12,2025-10-28,ice,12437.897142857142,0.0
manual,2025-10-12,2025-10-28,milk,68074.19999999998,0.0
manual,2025-10-12,2025-10-28,sugar,3851.5525714285714,0.0
manual,2025-10-12,2025-10-28,tea_leaves,305.11542857142854,0.0
seasonal_naive,2025-10-12,2025-10-12,bread,86.92,27.04108269528669
seasonal_naive,2025-10-12,2025-10-12,chocolate_syrup,1216.8000000000002,428.5080816040696
seasonal_naive,2025-10-12,2025-10-12,coffee_beans,7360.38,929.021745332153
seasonal_naive,2025-10-12,2025-10-12,croissant_dough,45.36,15.03231718664824
seasonal_naive,2025-10-12,2025-10-12,cup_cold,124.63,20.79477915246997
seasonal_naive,2025-10-12,2025-10-12,cup_hot,387.28,57.35194245112076
seasonal_naive,2025-10-12,2025-10-12,ice,14191.2,2412.1081319045384
seasonal_naive,2025-10-12,2025-10-12,milk,69079.5,9868.55297903396
seasonal_naive,2025-10-12,2025-10-12,sugar,3894.43,447.54825013948687
seasonal_naive,2025-10-12,2025-10-12,tea_leaves,251.32,56.66810013873179
seasonal_naive,2025-10-12,2025-10-13,bread,101.76,27.04108269528669
seasonal_naive,2025-10-12,2025-10-13,chocolate_syrup,343.20000000000005,428.5080816040696
seasonal_naive,2025-10-12,2025-10-13,coffee_beans,6526.08,929.021745332153
seasonal_naive,2025-10-12,2025-10-13,croissant_dough,35.64,15.03231718664824
seasonal_naive,2025-10-12,2025-10-13,cup_cold,65.92,20.79477915246997
seasonal_naive,2025-10-12,2025-10-13,cup_hot,348.14000000000004,57.35194245112076
seasonal_naive,2025-10-12,2025-10-13,ice,7344.0,2412.1081319045384
seasonal_naive,2025-10-12,2025-10-13,milk,52468.5,9868.55297903396
seasonal_naive,2025-10-12,2025-10-13,sugar,2861.34,447.54825013948687
seasonal_naive,2025-10-12,2025-10-13,tea_leaves,160.68,56.66810013873179
seasonal_naive,2025-10-12,2025-10-14,bread,106.0,27.04108269528669
seasonal_naive,2025-10-12,2025-10-14,chocolate_syrup,967.2,428.5080816040696
seasonal_naive,2025-10-12,2025-10-14,coffee_beans,6118.2,929.021745332153
seasonal_naive,2025-10-12,2025-10-14,croissant_dough,49.68000000000001,15.03231718664824
seasonal_naive,2025-10-12,2025-10-14,cup_cold,78.28,20.79477915246997
seasonal_naive,2025-10-12,2025-10-14,cup_hot,388.31,57.35194245112076
seasonal_naive,2025-10-12,2025-10-14,ice,8964.0,2412.1081319045384
seasonal_naive,2025-10-12,2025-10-14,milk,56826.0,9868.55297903396
seasonal_naive,2025-10-12,2025-10-14,sugar,3292.9100000000003,447.54825013948687
seasonal_naive,2025-10-12,2025-10-14,tea_leaves,379.04,56.66810013873179
seasonal_naive,2025-10-12,2025-10-15,bread,57.24,27.04108269528669
seasonal_naive,2025-10-12,2025-10-15,chocolate_syrup,873.6000000000001,428.5080816040696
seasonal_naive,2025-10-12,2025-10-15,coffee_beans,4968.72,929.021745332153
seasonal_naive,2025-10-12,2025-10-15,croissant_dough,37.8,15.03231718664824
seasonal_naive,2025-10-12,2025-10-15,cup_cold,99.91,20.79477915246997
seasonal_naive,2025-10-12,2025-10-15,cup_hot,283.25000000000006,57.35194245112076
seasonal_naive,2025-10-12,2025-10-15,ice,11664.000000000002,2412.1081319045384
seasonal_naive,2025-10-12,2025-10-15,milk,51933.0,9868.55297903396
seasonal_naive,2025-10-12,2025-10-15,sugar,3019.96,447.54825013948687
seasonal_naive,2025-10-12,2025-10-15,tea_leaves,313.12,56.66810013873179
seasonal_naive,2025-10-12,2025-10-16,bread,103.88,27.04108269528669
seasonal_naive,2025-10-12,2025-10-16,chocolate_syrup,842.4000000000001,428.5080816040696
seasonal_naive,2025-10-12,2025-10-16,coffee_beans,5821.56,929.021745332153
seasonal_naive,2025-10-12,2025-10-16,croissant_dough,30.24,15.03231718664824
seasonal_naive,2025-10-12,2025-10-16,cup_cold,78.28,20.79477915246997
seasonal_naive,2025-10-12,2025-10-16,cup_hot,306.94,57.35194245112076
seasonal_naive,2025-10-12,2025-10-16,ice,9093.6,2412.1081319045384
seasonal_naive,2025-10-12,2025-10-16,milk,52993.5,9868.55297903396
seasonal_naive,2025-10-12,2025-10-16,sugar,2802.63,447.54825013948687
seasonal_naive,2025-10-12,2025-10-16,tea_leaves,135.96,56.66810013873179
seasonal_naive,2025-10-12,2025-10-17,bread,78.44,27.04108269528669
seasonal_naive,2025-10-12,2025-10-17,chocolate_syrup,1216.8000000000002,428.5080816040696
seasonal_naive,2025-10-12,2025-10-17,coffee_beans,5803.02,929.021745332153
seasonal_naive,2025-10-12,2025-10-17,croissant_dough,34.56,15.03231718664824
seasonal_naive,2025-10-12,2025-10-17,cup_cold,76.22,20.79477915246997
seasonal_naive,2025-10-12,2025-10-17,cup_hot,361.53,57.35194245112076
seasonal_naive,2025-10-12,2025-10-17,ice,8704.800000000001,2412.1081319045384
seasonal_naive,2025-10-12,2025-10-17,milk,54411.0,9868.55297903396
seasonal_naive,2025-10-12,2025-10-17,sugar,3093.09,447.54825013948687
seasonal_naive,2025-10-12,2025-10-17,tea_leaves,300.76,56.66810013873179
seasonal_naive,2025-10-12,2025-10-18,bread,84.80000000000001,27.04108269528669
seasonal_naive,2025-10-12,2025-10-18,chocolate_syrup,655.2,428.5080816040696
seasonal_naive,2025-10-12,2025-10-18,coffee_beans,7131.719999999999,929.021745332153
seasonal_naive,2025-10-12,2025-10-18,croissant_dough,34.56,15.03231718664824
seasonal_naive,2025-10-12,2025-10-18,cup_cold,113.3,20.79477915246997
seasonal_naive,2025-10-12,2025-10-18,cup_hot,364.2766666666667,57.35194245112076
seasonal_naive,2025-10-12,2025-10-18,ice,12592.8,2412.1081319045384
seasonal_naive,2025-10-12,2025-10-18,milk,59388.0,9868.55297903396
seasonal_naive,2025-10-12,2025-10-18,sugar,3503.03,447.54825013948687
seasonal_naive,2025-10-12,2025-10-18,tea_leaves,238.96,56.66810013873179
seasonal_naive,2025-10-12,2025-10-19,bread,86.92,27.04108269528669
seasonal_naive,2025-10-12,2025-10-19,chocolate_syrup,1216.8000000000002,428.5080816040696
seasonal_naive,2025-10-12,2025-10-19,coffee_beans,7360.38,929.021745332153
seasonal_naive,2025-10-12,2025-10-19,croissant_dough,45.36,15.03231718664824
seasonal_naive,2025-10-12,2025-10-19,cup_cold,124.63,20.79477915246997
seasonal_naive,2025-10-12,2025-10-19,cup_hot,387.28,57.35194245112076
seasonal_naive,2025-10-12,2025-10-19,ice,14191.2,2412.1081319045384
seasonal_naive,2025-10-12,2025-10-19,milk,69079.5,9868.55297903396
seasonal_naive,2025-10-12,2025-10-19,sugar,3894.43,447.54825013948687
seasonal_naive,2025-10-12,2025-10-19,tea_leaves,251.32,56.66810013873179
seasonal_naive,2025-10-12,2025-10-20,bread,101.76,27.04108269528669
seasonal_naive,2025-10-12,2025-10-20,chocolate_syrup,343.20000000000005,428.5080816040696
seasonal_naive,2025-10-12,2025-10-20,coffee_beans,6526.08,929.021745332153
seasonal_naive,2025-10-12,2025-10-20,croissant_dough,35.64,15.03231718664824
seasonal_naive,2025-10-12,2025-10-20,cup_cold,65.92,20.79477915246997
seasonal_naive,2025-10-12,2025-10-20,cup_hot,348.14000000000004,57.35194245112076
seasonal_naive,2025-10-12,2025-10-20,ice,7344.0,2412.1081319045384
seasonal_naive,2025-10-12,2025-10-20,milk,52468.5,9868.55297903396
seasonal_naive,2025-10-12,2025-10-20,sugar,2861.34,447.54825013948687
seasonal_naive,2025-10-12,2025-10-20,tea_leaves,160.68,56.66810013873179
seasonal_naive,2025-10-12,2025-10-21,bread,106.0,27.04108269528669
seasonal_naive,2025-10-12,2025-10-21,chocolate_syrup,967.2,428.5080816040696
seasonal_naive,2025-10-12,2025-10-21,coffee_beans,6118.2,929.021745332153
seasonal_naive,2025-10-12,2025-10-21,croissant_dough,49.68000000000001,15.03231718664824
seasonal_naive,2025-10-12,2025-10-21,cup_cold,78.28,20.79477915246997
seasonal_naive,2025-10-12,2025-10-21,cup_hot,388.31,57.35194245112076
seasonal_naive,2025-10-12,2025-10-21,ice,8964.0,2412.1081319045384
seasonal_naive,2025-10-12,2025-10-21,milk,56826.0,9868.55297903396
seasonal_naive,2025-10-12,2025-10-21,sugar,3292.9100000000003,447.54825013948687
seasonal_naive,2025-10-12,2025-10-21,tea_leaves,379.04,56.66810013873179
seasonal_naive,2025-10-12,2025-10-22,bread,57.24,27.04108269528669
seasonal_naive,2025-10-12,2025-10-22,chocolate_syrup,873.6000000000001,428.5080816040696
seasonal_naive,2025-10-12,2025-10-22,coffee_beans,4968.72,929.021745332153
seasonal_naive,2025-10-12,2025-10-22,croissant_dough,37.8,15.03231718664824
seasonal_naive,2025-10-12,2025-10-22,cup_cold,99.91,20.79477915246997
seasonal_naive,2025-10-12,2025-10-22,cup_hot,283.25000000000006,57.35194245112076
seasonal_naive,2025-10-12,2025-10-22,ice,11664.000000000002,2412.1081319045384
seasonal_naive,2025-10-12,2025-10-22,milk,51933.0,9868.55297903396
seasonal_naive,2025-10-12,2025-10-22,sugar,3019.96,447.54825013948687
seasonal_naive,2025-10-12,2025-10-22,tea_leaves,313.12,56.66810013873179
seasonal_naive,2025-10-12,2025-10-23,bread,103.88,27.04108269528669
seasonal_naive,2025-10-12,2025-10-23,chocolate_syrup,842.4000000000001,428.5080816040696
seasonal_naive,2025-10-12,2025-10-23,coffee_beans,5821.56,929.021745332153
seasonal_naive,2025-10-12,2025-10-23,croissant_dough,30.24,15.03231718664824
seasonal_naive,2025-10-12,2025-10-23,cup_cold,78.28,20.79477915246997
seasonal_naive,2025-10-12,2025-10-23,cup_hot,306.94,57.35194245112076
seasonal_naive,2025-10-12,2025-10-23,ice,9093.6,2412.1081319045384
seasonal_naive,2025-10-12,2025-10-23,milk,52993.5,9868.55297903396
seasonal_naive,2025-10-12,2025-10-23,sugar,2802.63,447.54825013948687
seasonal_naive,2025-10-12,2025-10-23,tea_leaves,135.96,56.66810013873179
seasonal_naive,2025-10-12,2025-10-24,bread,78.44,27.04108269528669
seasonal_naive,2025-10-12,2025-10-24,chocolate_syrup,1216.8000000000002,428.5080816040696
seasonal_naive,2025-10-12,2025-10-24,coffee_beans,5803.02,929.021745332153
seasonal_naive,2025-10-12,2025-10-24,croissant_dough,34.56,15.03231718664824
seasonal_naive,2025-10-12,2025-10-24,cup_cold,76.22,20.79477915246997
seasonal_naive,2025-10-12,2025-10-24,cup_hot,361.53,57.35194245112076
seasonal_naive,2025-10-12,2025-10-24,ice,8704.800000000001,2412.1081319045384
seasonal_naive,2025-10-12,2025-10-24,milk,54411.0,9868.55297903396
seasonal_naive,2025-10-12,2025-10-24,sugar,3093.09,447.54825013948687
seasonal_naive,2025-10-12,2025-10-24,tea_leaves,300.76,56.66810013873179
seasonal_naive,2025-10-12,2025-10-25,bread,84.80000000000001,27.04108269528669
seasonal_naive,2025-10-12,2025-10-25,chocolate_syrup,655.2,428.5080816040696
seasonal_naive,2025-10-12,2025-10-25,coffee_beans,7131.719999999999,929.021745332153
seasonal_naive,2025-10-12,2025-10-25,croissant_dough,34.56,15.03231718664824
seasonal_naive,2025-10-12,2025-10-25,cup_cold,113.3,20.79477915246997
seasonal_naive,2025-10-12,2025-10-25,cup_hot,364.2766666666667,57.35194245112076
seasonal_naive,2025-10-12,2025-10-25,ice,12592.8,2412.1081319045384
seasonal_naive,2025-10-12,2025-10-25,milk,59388.0,9868.55297903396
seasonal_naive,2025-10-12,2025-10-25,sugar,3503.03,447.54825013948687
seasonal_naive,2025-10-12,2025-10-25,tea_leaves,238.96,56.66810013873179
seasonal_naive,2025-10-12,2025-10-26,bread,86.92,27.04108269528669
seasonal_naive,2025-10-12,2025-10-26,chocolate_syrup,1216.8000000000002,428.5080816040696
seasonal_naive,2025-10-12,2025-10-26,coffee_beans,7360.38,929.021745332153
seasonal_naive,2025-10-12,2025-10-26,croissant_dough,45.36,15.03231718664824
seasonal_naive,2025-10-12,2025-10-26,cup_cold,124.63,20.79477915246997
seasonal_naive,2025-10-12,2025-10-26,cup_hot,387.28,57.35194245112076
seasonal_naive,2025-10-12,2025-10-26,ice,14191.2,2412.1081319045384
seasonal_naive,2025-10-12,2025-10-26,milk,69079.5,9868.55297903396
seasonal_naive,2025-10-12,2025-10-26,sugar,3894.43,447.54825013948687
seasonal_naive,2025-10-12,2025-10-26,tea_leaves,251.32,56.66810013873179
seasonal_naive,2025-10-12,2025-10-27,bread,101.76,27.04108269528669
seasonal_naive,2025-10-12,2025-10-27,chocolate_syrup,343.20000000000005,428.5080816040696
seasonal_naive,2025-10-12,2025-10-27,coffee_beans,6526.08,929.021745332153
seasonal_naive,2025-10-12,2025-10-27,croissant_dough,35.64,15.03231718664824
seasonal_naive,2025-10-12,2025-10-27,cup_cold,65.92,20.79477915246997
seasonal_naive,2025-10-12,2025-10-27,cup_hot,348.14000000000004,57.35194245112076
seasonal_naive,2025-10-12,2025-10-27,ice,7344.0,2412.1081319045384
seasonal_naive,2025-10-12,2025-10-27,milk,52468.5,9868.55297903396
seasonal_naive,2025-10-12,2025-10-27,sugar,2861.34,447.54825013948687
seasonal_naive,2025-10-12,2025-10-27,tea_leaves,160.68,56.66810013873179
seasonal_naive,2025-10-12,2025-10-28,bread,106.0,27.04108269528669
seasonal_naive,2025-10-12,2025-10-28,chocolate_syrup,967.2,428.5080816040696
seasonal_naive,2025-10-12,2025-10-28,coffee_beans,6118.199999999999,929.021745332153
seasonal_naive,2025-10-12,2025-10-28,croissant_dough,49.68000000000001,15.03231718664824
seasonal_naive,2025-10-12,2025-10-28,cup_cold,78.28,20.79477915246997
seasonal_naive,2025-10-12,2025-10-28,cup_hot,388.31,57.35194245112076
seasonal_naive,2025-10-12,2025-10-28,ice,8964.0,2412.1081319045384
seasonal_naive,2025-10-12,2025-10-28,milk,56826.0,9868.55297903396
seasonal_naive,2025-10-12,2025-10-28,sugar,3292.91,447.54825013948687
seasonal_naive,2025-10-12,2025-10-28,tea_leaves,379.04,56.66810013873179
ml,2025-10-12,2025-10-12,bread,101.7721585784382,26.414263055887453
ml,2025-10-12,2025-10-12,chocolate_syrup,1153.4703280323934,265.42732975064143
ml,2025-10-12,2025-10-12,coffee_beans,7024.899263784866,1780.167282373545
ml,2025-10-12,2025-10-12,croissant_dough,49.07735462913319,12.685076970203443
ml,2025-10-12,2025-10-12,cup_cold,104.12654083276576,27.79992381671781
ml,2025-10-12,2025-10-12,cup_hot,392.4436960241511,100.23072675554197
ml,2025-10-12,2025-10-12,ice,11860.01969011804,3167.7005689872944
ml,2025-10-12,2025-10-12,milk,61711.52839786869,16159.740055000972
ml,2025-10-12,2025-10-12,sugar,3492.889499894307,928.4859362787048
ml,2025-10-12,2025-10-12,tea_leaves,272.87498651735103,81.4798536876751
ml,2025-10-12,2025-10-13,bread,85.27030205965156,26.414263055887453
ml,2025-10-12,2025-10-13,chocolate_syrup,931.4951689427644,265.42732975064143
ml,2025-10-12,2025-10-13,coffee_beans,5064.208598419414,1780.167282373545
ml,2025-10-12,2025-10-13,croissant_dough,39.94307461888756,12.685076970203443
ml,2025-10-12,2025-10-13,cup_cold,79.9588272511255,27.79992381671781
ml,2025-10-12,2025-10-13,cup_hot,285.12151546463093,100.23072675554197
ml,2025-10-12,2025-10-13,ice,9145.642727650536,3167.7005689872944
ml,2025-10-12,2025-10-13,milk,46910.007814088,16159.740055000972
ml,2025-10-12,2025-10-13,sugar,2646.8974827186203,928.4859362787048
ml,2025-10-12,2025-10-13,tea_leaves,211.9365510419105,81.4798536876751
ml,2025-10-12,2025-10-14,bread,90.47767245409572,26.414263055887453
ml,2025-10-12,2025-10-14,chocolate_syrup,984.794419337928,265.42732975064143
ml,2025-10-12,2025-10-14,coffee_beans,5215.260214304744,1780.167282373545
ml,2025-10-12,2025-10-14,croissant_dough,42.7253173974779,12.685076970203443
ml,2025-10-12,2025-10-14,cup_cold,83.3961539550492,27.79992381671781
ml,2025-10-12,2025-10-14,cup_hot,292.94315207523573,100.23072675554197
ml,2025-10-12,2025-10-14,ice,9540.032118157214,3167.7005689872944
ml,2025-10-12,2025-10-14,milk,48783.85755484956,16159.740055000972
ml,2025-10-12,2025-10-14,sugar,2741.365143988381,928.4859362787048
ml,2025-10-12,2025-10-14,tea_leaves,216.36714420067528,81.4798536876751
ml,2025-10-12,2025-10-15,bread,88.88284021492392,26.414263055887453
ml,2025-10-12,2025-10-15,chocolate_syrup,1005.0148043828408,265.42732975064143
ml,2025-10-12,2025-10-15,coffee_beans,5632.243807656385,1780.167282373545
ml,2025-10-12,2025-10-15,croissant_dough,53.34774170668029,12.685076970203443
ml,2025-10-12,2025-10-15,cup_cold,94.88745098277556,27.79992381671781
ml,2025-10-12,2025-10-15,cup_hot,307.3283877393313,100.23072675554197
ml,2025-10-12,2025-10-15,ice,10828.098163881292,3167.7005689872944
ml,2025-10-12,2025-10-15,milk,52007.40137565455,16159.740055000972
ml,2025-10-12,2025-10-15,sugar,2949.1155848950966,928.4859362787048
ml,2025-10-12,2025-10-15,tea_leaves,224.54012645440235,81.4798536876751
ml,2025-10-12,2025-10-16,bread,93.06050221312736,26.414263055887453
ml,2025-10-12,2025-10-16,chocolate_syrup,1003.9017741396832,265.42732975064143
ml,2025-10-12,2025-10-16,coffee_beans,5667.560528084099,1780.167282373545
ml,2025-10-12,2025-10-16,croissant_dough,45.11607080624336,12.685076970203443
ml,2025-10-12,2025-10-16,cup_cold,93.34890991800025,27.79992381671781
ml,2025-10-12,2025-10-16,cup_hot,311.0736921185935,100.23072675554197
ml,2025-10-12,2025-10-16,ice,10666.075179810368,3167.7005689872944
ml,2025-10-12,2025-10-16,milk,52817.56643205824,16159.740055000972
ml,2025-10-12,2025-10-16,sugar,2973.8093795762134,928.4859362787048
ml,2025-10-12,2025-10-16,tea_leaves,225.6659966878734,81.4798536876751
ml,2025-10-12,2025-10-17,bread,97.91024192310962,26.414263055887453
ml,2025-10-12,2025-10-17,chocolate_syrup,1064.9037561119385,265.42732975064143
ml,2025-10-12,2025-10-17,coffee_beans,6792.4129719109,1780.167282373545
ml,2025-10-12,2025-10-17,croissant_dough,46.51645989756715,12.685076970203443
ml,2025-10-12,2025-10-17,cup_cold,103.14590427950483,27.79992381671781
ml,2025-10-12,2025-10-17,cup_hot,373.5339875358711,100.23072675554197
ml,2025-10-12,2025-10-17,ice,11768.528080343503,3167.7005689872944
ml,2025-10-12,2025-10-17,milk,59015.83745344689,16159.740055000972
ml,2025-10-12,2025-10-17,sugar,3330.067785690312,928.4859362787048
ml,2025-10-12,2025-10-17,tea_leaves,256.67255613660774,81.4798536876751
ml,2025-10-12,2025-10-18,bread,135.052557315388,26.414263055887453
ml,2025-10-12,2025-10-18,chocolate_syrup,1291.314781601924,265.42732975064143
ml,2025-10-12,2025-10-18,coffee_beans,8146.099323263813,1780.167282373545
ml,2025-10-12,2025-10-18,croissant_dough,58.47416606812452,12.685076970203443
ml,2025-10-12,2025-10-18,cup_cold,141.81354772369644,27.79992381671781
ml,2025-10-12,2025-10-18,cup_hot,434.0222426799874,100.23072675554197
ml,2025-10-12,2025-10-18,ice,16123.94899260364,3167.7005689872944
ml,2025-10-12,2025-10-18,milk,74783.89283706753,16159.740055000972
ml,2025-10-12,2025-10-18,sugar,4284.359769855559,928.4859362787048
ml,2025-10-12,2025-10-18,tea_leaves,322.5790951138052,81.4798536876751
ml,2025-10-12,2025-10-19,bread,135.44965746223937,26.414263055887453
ml,2025-10-12,2025-10-19,chocolate_syrup,1322.471385248586,265.42732975064143
ml,2025-10-12,2025-10-19,coffee_beans,8472.334750266511,1780.167282373545
ml,2025-10-12,2025-10-19,croissant_dough,68.52894975859967,12.685076970203443
ml,2025-10-12,2025-10-19,cup_cold,142.702872961225,27.79992381671781
ml,2025-10-12,2025-10-19,cup_hot,451.0096367695661,100.23072675554197
ml,2025-10-12,2025-10-19,ice,16269.307215070645,3167.7005689872944
ml,2025-10-12,2025-10-19,milk,74918.359916654,16159.740055000972
ml,2025-10-12,2025-10-19,sugar,4287.140698674287,928.4859362787048
ml,2025-10-12,2025-10-19,tea_leaves,317.47494141017324,81.4798536876751
ml,2025-10-12,2025-10-20,bread,78.01494375543014,26.414263055887453
ml,2025-10-12,2025-10-20,chocolate_syrup,835.4729257371146,265.42732975064143
ml,2025-10-12,2025-10-20,coffee_beans,4888.994477371979,1780.167282373545
ml,2025-10-12,2025-10-20,croissant_dough,37.99187013996218,12.685076970203443
ml,2025-10-12,2025-10-20,cup_cold,76.66080892581321,27.79992381671781
ml,2025-10-12,2025-10-20,cup_hot,271.04727288320606,100.23072675554197
ml,2025-10-12,2025-10-20,ice,8745.678283096826,3167.7005689872944
ml,2025-10-12,2025-10-20,milk,43345.90120727229,16159.740055000972
ml,2025-10-12,2025-10-20,sugar,2461.349791565047,928.4859362787048
ml,2025-10-12,2025-10-20,tea_leaves,194.0638390795821,81.4798536876751
ml,2025-10-12,2025-10-21,bread,97.21006534149105,26.414263055887453
ml,2025-10-12,2025-10-21,chocolate_syrup,940.0520245747962,265.42732975064143
ml,2025-10-12,2025-10-21,coffee_beans,5446.273816142103,1780.167282373545
ml,2025-10-12,2025-10-21,croissant_dough,46.93057164374828,12.685076970203443
ml,2025-10-12,2025-10-21,cup_cold,90.11448147779764,27.79992381671781
ml,2025-10-12,2025-10-21,cup_hot,300.4757788077371,100.23072675554197
ml,2025-10-12,2025-10-21,ice,10307.901733985507,3167.7005689872944
ml,2025-10-12,2025-10-21,milk,49855.59802743276,16159.740055000972
ml,2025-10-12,2025-10-21,sugar,2839.717158214271,928.4859362787048
ml,2025-10-12,2025-10-21,tea_leaves,227.94289584833305,81.4798536876751
ml,2025-10-12,2025-10-22,bread,98.71013671318218,26.414263055887453
ml,2025-10-12,2025-10-22,chocolate_syrup,965.1954622677514,265.42732975064143
ml,2025-10-12,2025-10-22,coffee_beans,5665.677638617071,1780.167282373545
ml,2025-10-12,2025-10-22,croissant_dough,47.69475894630791,12.685076970203443
ml,2025-10-12,2025-10-22,cup_cold,93.36811856889705,27.79992381671781
ml,2025-10-12,2025-10-22,cup_hot,306.74918499060146,100.23072675554197
ml,2025-10-12,2025-10-22,ice,10682.275170452534,3167.7005689872944
ml,2025-10-12,2025-10-22,milk,51435.62348526023,16159.740055000972
ml,2025-10-12,2025-10-22,sugar,2900.8778914052164,928.4859362787048
ml,2025-10-12,2025-10-22,tea_leaves,213.97444076721948,81.4798536876751
ml,2025-10-12,2025-10-23,bread,99.06270516094102,26.414263055887453
ml,2025-10-12,2025-10-23,chocolate_syrup,965.1730336883372,265.42732975064143
ml,2025-10-12,2025-10-23,coffee_beans,5664.118144193934,1780.167282373545
ml,2025-10-12,2025-10-23,croissant_dough,58.55615178797185,12.685076970203443
ml,2025-10-12,2025-10-23,cup_cold,92.59175594737589,27.79992381671781
ml,2025-10-12,2025-10-23,cup_hot,305.7065185249314,100.23072675554197
ml,2025-10-12,2025-10-23,ice,10595.018677917074,3167.7005689872944
ml,2025-10-12,2025-10-23,milk,51109.01557671579,16159.740055000972
ml,2025-10-12,2025-10-23,sugar,2875.656291119107,928.4859362787048
ml,2025-10-12,2025-10-23,tea_leaves,207.04784045737347,81.4798536876751
ml,2025-10-12,2025-10-24,bread,111.71895348691284,26.414263055887453
ml,2025-10-12,2025-10-24,chocolate_syrup,1020.079606166924,265.42732975064143
ml,2025-10-12,2025-10-24,coffee_beans,6238.192493657489,1780.167282373545
ml,2025-10-12,2025-10-24,croissant_dough,50.18178796021904,12.685076970203443
ml,2025-10-12,2025-10-24,cup_cold,99.28256978714634,27.79992381671781
ml,2025-10-12,2025-10-24,cup_hot,341.2207097944092,100.23072675554197
ml,2025-10-12,2025-10-24,ice,11337.90521927976,3167.7005689872944
ml,2025-10-12,2025-10-24,milk,56234.43566622233,16159.740055000972
ml,2025-10-12,2025-10-24,sugar,3178.371997825818,928.4859362787048
ml,2025-10-12,2025-10-24,tea_leaves,241.0452999469597,81.4798536876751
ml,2025-10-12,2025-10-25,bread,119.89096125206584,26.414263055887453
ml,2025-10-12,2025-10-25,chocolate_syrup,1124.873153721507,265.42732975064143
ml,2025-10-12,2025-10-25,coffee_beans,7019.847467933099,1780.167282373545
ml,2025-10-12,2025-10-25,croissant_dough,56.361966008520135,12.685076970203443
ml,2025-10-12,2025-10-25,cup_cold,114.642902290652,27.79992381671781
ml,2025-10-12,2025-10-25,cup_hot,382.46896257615794,100.23072675554197
ml,2025-10-12,2025-10-25,ice,13065.242100814012,3167.7005689872944
ml,2025-10-12,2025-10-25,milk,63620.81908251589,16159.740055000972
ml,2025-10-12,2025-10-25,sugar,3620.609427309405,928.4859362787048
ml,2025-10-12,2025-10-25,tea_leaves,279.94041338811263,81.4798536876751
ml,2025-10-12,2025-10-26,bread,119.2028498910645,26.414263055887453
ml,2025-10-12,2025-10-26,chocolate_syrup,1090.999433051894,265.42732975064143
ml,2025-10-12,2025-10-26,coffee_beans,7054.162017009932,1780.167282373545
ml,2025-10-12,2025-10-26,croissant_dough,55.4398075230541,12.685076970203443
ml,2025-10-12,2025-10-26,cup_cold,112.26802765542796,27.79992381671781
ml,2025-10-12,2025-10-26,cup_hot,384.0049711801444,100.23072675554197
ml,2025-10-12,2025-10-26,ice,12788.65711599314,3167.7005689872944
ml,2025-10-12,2025-10-26,milk,63542.41785786281,16159.740055000972
ml,2025-10-12,2025-10-26,sugar,3603.2923708017047,928.4859362787048
ml,2025-10-12,2025-10-26,tea_leaves,273.4325621550244,81.4798536876751
ml,2025-10-12,2025-10-27,bread,95.4692814659846,26.414263055887453
ml,2025-10-12,2025-10-27,chocolate_syrup,891.8054138822025,265.42732975064143
ml,2025-10-12,2025-10-27,coffee_beans,5297.05808303173,1780.167282373545
ml,2025-10-12,2025-10-27,croissant_dough,42.823242709078286,12.685076970203443
ml,2025-10-12,2025-10-27,cup_cold,83.95262368039127,27.79992381671781
ml,2025-10-12,2025-10-27,cup_hot,309.1697996167451,100.23072675554197
ml,2025-10-12,2025-10-27,ice,9590.408193791787,3167.7005689872944
ml,2025-10-12,2025-10-27,milk,50378.31409797807,16159.740055000972
ml,2025-10-12,2025-10-27,sugar,2908.2720262468706,928.4859362787048
ml,2025-10-12,2025-10-27,tea_leaves,277.60162649363065,81.4798536876751
ml,2025-10-12,2025-10-28,bread,119.16544273213448,26.414263055887453
ml,2025-10-12,2025-10-28,chocolate_syrup,940.8316798466612,265.42732975064143
ml,2025-10-12,2025-10-28,coffee_beans,5705.841452761305,1780.167282373545
ml,2025-10-12,2025-10-28,croissant_dough,47.548659101975545,12.685076970203443
ml,2025-10-12,2025-10-28,cup_cold,88.28578316903386,27.79992381671781
ml,2025-10-12,2025-10-28,cup_hot,312.62047697846475,100.23072675554197
ml,2025-10-12,2025-10-28,ice,10092.69380827012,3167.7005689872944
ml,2025-10-12,2025-10-28,milk,50196.17273072369,16159.740055000972
ml,2025-10-12,2025-10-28,sugar,2822.622816201804,928.4859362787048
ml,2025-10-12,2025-10-28,tea_leaves,211.4222437914914,81.4798536876751
manual,2025-10-19,2025-10-19,bread,114.11657142857142,0.0
manual,2025-10-19,2025-10-19,chocolate_syrup,1219.4742857142858,0.0
manual,2025-10-19,2025-10-19,coffee_beans,8499.265714285713,0.0
manual,2025-10-19,2025-10-19,croissant_dough,61.46742857142858,0.0
manual,2025-10-19,2025-10-19,cup_cold,111.41657142857144,0.0
manual,2025-10-19,2025-10-19,cup_hot,495.7007428571428,0.0
manual,2025-10-19,2025-10-19,ice,12730.422857142858,0.0
manual,2025-10-19,2025-10-19,milk,76341.6,0.0
manual,2025-10-19,2025-10-19,sugar,4299.161142857143,0.0
manual,2025-10-19,2025-10-19,tea_leaves,378.7104,0.0
manual,2025-10-19,2025-10-20,bread,114.11657142857142,0.0
manual,2025-10-19,2025-10-20,chocolate_syrup,1219.4742857142858,0.0
manual,2025-10-19,2025-10-20,coffee_beans,8499.265714285713,0.0
manual,2025-10-19,2025-10-20,croissant_dough,61.46742857142858,0.0
manual,2025-10-19,2025-10-20,cup_cold,111.41657142857144,0.0
manual,2025-10-19,2025-10-20,cup_hot,495.7007428571428,0.0
manual,2025-10-19,2025-10-20,ice,12730.422857142858,0.0
manual,2025-10-19,2025-10-20,milk,76341.6,0.0
manual,2025-10-19,2025-10-20,sugar,4299.161142857143,0.0
manual,2025-10-19,2025-10-20,tea_leaves,378.7104,0.0
manual,2025-10-19,2025-10-21,bread,114.11657142857142,0.0
manual,2025-10-19,2025-10-21,chocolate_syrup,1219.4742857142858,0.0
manual,2025-10-19,2025-10-21,coffee_beans,8499.265714285713,0.0
manual,2025-10-19,2025-10-21,croissant_dough,61.46742857142858,0.0
manual,2025-10-19,2025-10-21,cup_cold,111.41657142857144,0.0
manual,2025-10-19,2025-10-21,cup_hot,495.7007428571428,0.0
manual,2025-10-19,2025-10-21,ice,12730.422857142858,0.0
manual,2025-10-19,2025-10-21,milk,76341.6,0.0
manual,2025-10-19,2025-10-21,sugar,4299.161142857143,0.0
manual,2025-10-19,2025-10-21,tea_leaves,378.7104,0.0
manual,2025-10-19,2025-10-22,bread,114.11657142857142,0.0
manual,2025-10-19,2025-10-22,chocolate_syrup,1219.4742857142858,0.0
manual,2025-10-19,2025-10-22,coffee_beans,8499.265714285713,0.0
manual,2025-10-19,2025-10-22,croissant_dough,61.46742857142858,0.0
manual,2025-10-19,2025-10-22,cup_cold,111.41657142857144,0.0
manual,2025-10-19,2025-10-22,cup_hot,495.7007428571428,0.0
manual,2025-10-19,2025-10-22,ice,12730.422857142858,0.0
manual,2025-10-19,2025-10-22,milk,76341.6,0.0
manual,2025-10-19,2025-10-22,sugar,4299.161142857143,0.0
manual,2025-10-19,2025-10-22,tea_leaves,378.7104,0.0
manual,2025-10-19,2025-10-23,bread,114.11657142857142,0.0
manual,2025-10-19,2025-10-23,chocolate_syrup,1219.4742857142858,0.0
manual,2025-10-19,2025-10-23,coffee_beans,8499.265714285713,0.0
manual,2025-10-19,2025-10-23,croissant_dough,61.46742857142858,0.0
manual,2025-10-19,2025-10-23,cup_cold,111.41657142857144,0.0
manual,2025-10-19,2025-10-23,cup_hot,495.7007428571428,0.0
manual,2025-10-19,2025-10-23,ice,12730.422857142858,0.0
manual,2025-10-19,2025-10-23,milk,76341.6,0.0
manual,2025-10-19,2025-10-23,sugar,4299.161142857143,0.0
manual,2025-10-19,2025-10-23,tea_leaves,378.7104,0.0
manual,2025-10-19,2025-10-24,bread,114.11657142857142,0.0
manual,2025-10-19,2025-10-24,chocolate_syrup,1219.4742857142858,0.0
manual,2025-10-19,2025-10-24,coffee_beans,8499.265714285713,0.0
manual,2025-10-19,2025-10-24,croissant_dough,61.46742857142858,0.0
manual,2025-10-19,2025-10-24,cup_cold,111.41657142857144,0.0
manual,2025-10-19,2025-10-24,cup_hot,495.7007428571428,0.0
manual,2025-10-19,2025-10-24,ice,12730.422857142858,0.0
manual,2025-10-19,2025-10-24,milk,76341.6,0.0
manual,2025-10-19,2025-10-24,sugar,4299.161142857143,0.0
manual,2025-10-19,2025-10-24,tea_leaves,378.7104,0.0
manual,2025-10-19,2025-10-25,bread,114.11657142857142,0.0
manual,2025-10-19,2025-10-25,chocolate_syrup,1219.4742857142858,0.0
manual,2025-10-19,2025-10-25,coffee_beans,8499.265714285713,0.0
manual,2025-10-19,2025-10-25,croissant_dough,61.46742857142858,0.0
manual,2025-10-19,2025-10-25,cup_cold,111.41657142857144,0.0
manual,2025-10-19,2025-10-25,cup_hot,495.7007428571428,0.0
manual,2025-10-19,2025-10-25,ice,12730.422857142858,0.0
manual,2025-10-19,2025-10-25,milk,76341.6,0.0
manual,2025-10-19,2025-10-25,sugar,4299.161142857143,0.0
manual,2025-10-19,2025-10-25,tea_leaves,378.7104,0.0
manual,2025-10-19,2025-10-26,bread,114.11657142857142,0.0
manual,2025-10-19,2025-10-26,chocolate_syrup,1219.4742857142858,0.0
manual,2025-10-19,2025-10-26,coffee_beans,8499.265714285713,0.0
manual,2025-10-19,2025-10-26,croissant_dough,61.46742857142858,0.0
manual,2025-10-19,2025-10-26,cup_cold,111.41657142857144,0.0
manual,2025-10-19,2025-10-26,cup_hot,495.7007428571428,0.0
manual,2025-10-19,2025-10-26,ice,12730.422857142858,0.0
manual,2025-10-19,2025-10-26,milk,76341.6,0.0
manual,2025-10-19,2025-10-26,sugar,4299.161142857143,0.0
manual,2025-10-19,2025-10-26,tea_leaves,378.7104,0.0
manual,2025-10-19,2025-10-27,bread,114.11657142857142,0.0
manual,2025-10-19,2025-10-27,chocolate_syrup,1219.4742857142858,0.0
manual,2025-10-19,2025-10-27,coffee_beans,8499.265714285713,0.0
manual,2025-10-19,2025-10-27,croissant_dough,61.46742857142858,0.0
manual,2025-10-19,2025-10-27,cup_cold,111.41657142857144,0.0
manual,2025-10-19,2025-10-27,cup_hot,495.7007428571428,0.0
manual,2025-10-19,2025-10-27,ice,12730.422857142858,0.0
manual,2025-10-19,2025-10-27,milk,76341.6,0.0
manual,2025-10-19,2025-10-27,sugar,4299.161142857143,0.0
manual,2025-10-19,2025-10-27,tea_leaves,378.7104,0.0
manual,2025-10-19,2025-10-28,bread,114.11657142857142,0.0
manual,2025-10-19,2025-10-28,chocolate_syrup,1219.4742857142858,0.0
manual,2025-10-19,2025-10-28,coffee_beans,8499.265714285713,0.0
manual,2025-10-19,2025-10-28,croissant_dough,61.46742857142858,0.0
manual,2025-10-19,2025-10-28,cup_cold,111.41657142857144,0.0
manual,2025-10-19,2025-10-28,cup_hot,495.7007428571428,0.0
manual,2025-10-19,2025-10-28,ice,12730.422857142858,0.0
manual,2025-10-19,2025-10-28,milk,76341.6,0.0
manual,2025-10-19,2025-10-28,sugar,4299.161142857143,0.0
manual,2025-10-19,2025-10-28,tea_leaves,378.7104,0.0
manual,2025-10-19,2025-10-29,bread,114.11657142857142,0.0
manual,2025-10-19,2025-10-29,chocolate_syrup,1219.4742857142858,0.0
manual,2025-10-19,2025-10-29,coffee_beans,8499.265714285713,0.0
manual,2025-10-19,2025-10-29,croissant_dough,61.46742857142858,0.0
manual,2025-10-19,2025-10-29,cup_cold,111.41657142857144,0.0
manual,2025-10-19,2025-10-29,cup_hot,495.7007428571428,0.0
manual,2025-10-19,2025-10-29,ice,12730.422857142858,0.0
manual,2025-10-19,2025-10-29,milk,76341.6,0.0
manual,2025-10-19,2025-10-29,sugar,4299.161142857143,0.0
manual,2025-10-19,2025-10-29,tea_leaves,378.7104,0.0
manual,2025-10-19,2025-10-30,bread,114.11657142857142,0.0
manual,2025-10-19,2025-10-30,chocolate_syrup,1219.4742857142858,0.0
manual,2025-10-19,2025-10-30,coffee_beans,8499.265714285713,0.0
manual,2025-10-19,2025-10-30,croissant_dough,61.46742857142858,0.0
manual,2025-10-19,2025-10-30,cup_cold,111.41657142857144,0.0
manual,2025-10-19,2025-10-30,cup_hot,495.7007428571428,0.0
manual,2025-10-19,2025-10-30,ice,12730.422857142858,0.0
manual,2025-10-19,2025-10-30,milk,76341.6,0.0
manual,2025-10-19,2025-10-30,sugar,4299.161142857143,0.0
manual,2025-10-19,2025-10-30,tea_leaves,378.7104,0.0
manual,2025-10-19,2025-10-31,bread,114.11657142857142,0.0
manual,2025-10-19,2025-10-31,chocolate_syrup,1219.4742857142858,0.0
manual,2025-10-19,2025-10-31,coffee_beans,8499.265714285713,0.0
manual,2025-10-19,2025-10-31,croissant_dough,61.46742857142858,0.0
manual,2025-10-19,2025-10-31,cup_cold,111.41657142857144,0.0
manual,2025-10-19,2025-10-31,cup_hot,495.7007428571428,0.0
manual,2025-10-19,2025-10-31,ice,12730.422857142858,0.0
manual,2025-10-19,2025-10-31,milk,76341.6,0.0
manual,2025-10-19,2025-10-31,sugar,4299.161142857143,0.0
manual,2025-10-19,2025-10-31,tea_leaves,378.7104,0.0
manual,2025-10-19,2025-11-01,bread,114.11657142857142,0.0
manual,2025-10-19,2025-11-01,chocolate_syrup,1219.4742857142858,0.0
manual,2025-10-19,2025-11-01,coffee_beans,8499.265714285713,0.0
manual,2025-10-19,2025-11-01,croissant_dough,61.46742857142858,0.0
manual,2025-10-19,2025-11-01,cup_cold,111.41657142857144,0.0
manual,2025-10-19,2025-11-01,cup_hot,495.7007428571428,0.0
manual,2025-10-19,2025-11-01,ice,12730.422857142858,0.0
manual,2025-10-19,2025-11-01,milk,76341.6,0.0
manual,2025-10-19,2025-11-01,sugar,4299.161142857143,0.0
manual,2025-10-19,2025-11-01,tea_leaves,378.7104,0.0
manual,2025-10-19,2025-11-02,bread,114.11657142857142,0.0
manual,2025-10-19,2025-11-02,chocolate_syrup,1219.4742857142858,0.0
manual,2025-10-19,2025-11-02,coffee_beans,8499.265714285713,0.0
manual,2025-10-19,2025-11-02,croissant_dough,61.46742857142858,0.0
manual,2025-10-19,2025-11-02,cup_cold,111.41657142857144,0.0
manual,2025-10-19,2025-11-02,cup_hot,495.7007428571428,0.0
manual,2025-10-19,2025-11-02,ice,12730.422857142858,0.0
manual,2025-10-19,2025-11-02,milk,76341.6,0.0
manual,2025-10-19,2025-11-02,sugar,4299.161142857143,0.0
manual,2025-10-19,2025-11-02,tea_leaves,378.7104,0.0
manual,2025-10-19,2025-11-03,bread,114.11657142857142,0.0
manual,2025-10-19,2025-11-03,chocolate_syrup,1219.4742857142858,0.0
manual,2025-10-19,2025-11-03,coffee_beans,8499.265714285713,0.0
manual,2025-10-19,2025-11-03,croissant_dough,61.46742857142858,0.0
manual,2025-10-19,2025-11-03,cup_cold,111.41657142857144,0.0
manual,2025-10-19,2025-11-03,cup_hot,495.7007428571428,0.0
manual,2025-10-19,2025-11-03,ice,12730.422857142858,0.0
manual,2025-10-19,2025-11-03,milk,76341.6,0.0
manual,2025-10-19,2025-11-03,sugar,4299.161142857143,0.0
manual,2025-10-19,2025-11-03,tea_leaves,378.7104,0.0
manual,2025-10-19,2025-11-04,bread,114.11657142857142,0.0
manual,2025-10-19,2025-11-04,chocolate_syrup,1219.4742857142858,0.0
manual,2025-10-19,2025-11-04,coffee_beans,8499.265714285713,0.0
manual,2025-10-19,2025-11-04,croissant_dough,61.46742857142858,0.0
manual,2025-10-19,2025-11-04,cup_cold,111.41657142857144,0.0
manual,2025-10-19,2025-11-04,cup_hot,495.7007428571428,0.0
manual,2025-10-19,2025-11-04,ice,12730.422857142858,0.0
manual,2025-10-19,2025-11-04,milk,76341.59999999999,0.0
manual,2025-10-19,2025-11-04,sugar,4299.161142857143,0.0
manual,2025-10-19,2025-11-04,tea_leaves,378.7104,0.0
seasonal_naive,2025-10-19,2025-10-19,bread,127.2,26.343465296151223
seasonal_naive,2025-10-19,2025-10-19,chocolate_syrup,1092.0,379.6498597392076
seasonal_naive,2025-10-19,2025-10-19,coffee_beans,7935.12,1145.2187235583303
seasonal_naive,2025-10-19,2025-10-19,croissant_dough,63.720000000000006,15.951232822933422
seasonal_naive,2025-10-19,2025-10-19,cup_cold,131.84,21.770381189654376
seasonal_naive,2025-10-19,2025-10-19,cup_hot,426.42,65.55689056079459
seasonal_naive,2025-10-19,2025-10-19,ice,15033.600000000002,2499.7364889695305
seasonal_naive,2025-10-19,2025-10-19,milk,70854.0,10247.277792174857
seasonal_naive,2025-10-19,2025-10-19,sugar,4052.02,493.3062237335809
seasonal_naive,2025-10-19,2025-10-19,tea_leaves,325.48,62.07015238536842
seasonal_naive,2025-10-19,2025-10-20,bread,59.36,26.343465296151223
seasonal_naive,2025-10-19,2025-10-20,chocolate_syrup,592.8000000000001,379.6498597392076
seasonal_naive,2025-10-19,2025-10-20,coffee_beans,5710.32,1145.2187235583303
seasonal_naive,2025-10-19,2025-10-20,croissant_dough,46.440000000000005,15.951232822933422
seasonal_naive,2025-10-19,2025-10-20,cup_cold,70.04,21.770381189654376
seasonal_naive,2025-10-19,2025-10-20,cup_hot,309.00000000000006,65.55689056079459
seasonal_naive,2025-10-19,2025-10-20,ice,8186.400000000001,2499.7364889695305
seasonal_naive,2025-10-19,2025-10-20,milk,49455.0,10247.277792174857
seasonal_naive,2025-10-19,2025-10-20,sugar,2664.61,493.3062237335809
seasonal_naive,2025-10-19,2025-10-20,tea_leaves,168.92000000000002,62.07015238536842
seasonal_naive,2025-10-19,2025-10-21,bread,101.76,26.343465296151223
seasonal_naive,2025-10-19,2025-10-21,chocolate_syrup,967.2,379.6498597392076
seasonal_naive,2025-10-19,2025-10-21,coffee_beans,8750.88,1145.2187235583303
seasonal_naive,2025-10-19,2025-10-21,croissant_dough,52.92,15.951232822933422
seasonal_naive,2025-10-19,2025-10-21,cup_cold,97.85,21.770381189654376
seasonal_naive,2025-10-19,2025-10-21,cup_hot,521.1800000000001,65.55689056079459
seasonal_naive,2025-10-19,2025-10-21,ice,11124.0,2499.7364889695305
seasonal_naive,2025-10-19,2025-10-21,milk,72103.5,10247.277792174857
seasonal_naive,2025-10-19,2025-10-21,sugar,4149.87,493.3062237335809
seasonal_naive,2025-10-19,2025-10-21,tea_leaves,403.76,62.07015238536842
seasonal_naive,2025-10-19,2025-10-22,bread,84.80000000000001,26.343465296151223
seasonal_naive,2025-10-19,2025-10-22,chocolate_syrup,936.0,379.6498597392076
seasonal_naive,2025-10-19,2025-10-22,coffee_beans,6510.63,1145.2187235583303
seasonal_naive,2025-10-19,2025-10-22,croissant_dough,54.0,15.951232822933422
seasonal_naive,2025-10-19,2025-10-22,cup_cold,71.07000000000001,21.770381189654376
seasonal_naive,2025-10-19,2025-10-22,cup_hot,387.45166666666665,65.55689056079459
seasonal_naive,2025-10-19,2025-10-22,ice,8100.000000000001,2499.7364889695305
seasonal_naive,2025-10-19,2025-10-22,milk,57540.0,10247.277792174857
seasonal_naive,2025-10-19,2025-10-22,sugar,3177.55,493.3062237335809
seasonal_naive,2025-10-19,2025-10-22,tea_leaves,263.68,62.07015238536842
seasonal_naive,2025-10-19,2025-10-23,bread,86.92,26.343465296151223
seasonal_naive,2025-10-19,2025-10-23,chocolate_syrup,936.0,379.6498597392076
seasonal_naive,2025-10-19,2025-10-23,coffee_beans,5024.339999999999,1145.2187235583303
seasonal_naive,2025-10-19,2025-10-23,croissant_dough,23.76,15.951232822933422
seasonal_naive,2025-10-19,2025-10-23,cup_cold,81.37,21.770381189654376
seasonal_naive,2025-10-19,2025-10-23,cup_hot,307.55800000000005,65.55689056079459
seasonal_naive,2025-10-19,2025-10-23,ice,9244.8,2499.7364889695305
seasonal_naive,2025-10-19,2025-10-23,milk,50557.5,10247.277792174857
seasonal_naive,2025-10-19,2025-10-23,sugar,2984.94,493.3062237335809
seasonal_naive,2025-10-19,2025-10-23,tea_leaves,315.592,62.07015238536842
seasonal_naive,2025-10-19,2025-10-24,bread,89.04,26.343465296151223
seasonal_naive,2025-10-19,2025-10-24,chocolate_syrup,904.8,379.6498597392076
seasonal_naive,2025-10-19,2025-10-24,coffee_beans,7082.279999999999,1145.2187235583303
seasonal_naive,2025-10-19,2025-10-24,croissant_dough,38.88,15.951232822933422
seasonal_naive,2025-10-19,2025-10-24,cup_cold,70.03999999999999,21.770381189654376
seasonal_naive,2025-10-19,2025-10-24,cup_hot,432.1880000000001,65.55689056079459
seasonal_naive,2025-10-19,2025-10-24,ice,8035.200000000001,2499.7364889695305
seasonal_naive,2025-10-19,2025-10-24,milk,57277.5,10247.277792174857
seasonal_naive,2025-10-19,2025-10-24,sugar,3199.1800000000003,493.3062237335809
seasonal_naive,2025-10-19,2025-10-24,tea_leaves,315.59200000000004,62.07015238536842
seasonal_naive,2025-10-19,2025-10-25,bread,116.6,26.343465296151223
seasonal_naive,2025-10-19,2025-10-25,chocolate_syrup,1684.8000000000002,379.6498597392076
seasonal_naive,2025-10-19,2025-10-25,coffee_beans,8565.48,1145.2187235583303
seasonal_naive,2025-10-19,2025-10-25,croissant_dough,78.84,15.951232822933422
seasonal_naive,2025-10-19,2025-10-25,cup_cold,127.72,21.770381189654376
seasonal_naive,2025-10-19,2025-10-25,cup_hot,507.7900000000001,65.55689056079459
seasonal_naive,2025-10-19,2025-10-25,ice,14536.8,2499.7364889695305
seasonal_naive,2025-10-19,2025-10-25,milk,87538.5,10247.277792174857
seasonal_naive,2025-10-19,2025-10-25,sugar,4850.27,493.3062237335809
seasonal_naive,2025-10-19,2025-10-25,tea_leaves,416.12,62.07015238536842
seasonal_naive,2025-10-19,2025-10-26,bread,127.2,26.343465296151223
seasonal_naive,2025-10-19,2025-10-26,chocolate_syrup,1092.0,379.6498597392076
seasonal_naive,2025-10-19,2025-10-26,coffee_beans,7935.12,1145.2187235583303
seasonal_naive,2025-10-19,2025-10-26,croissant_dough,63.720000000000006,15.951232822933422
seasonal_naive,2025-10-19,2025-10-26,cup_cold,131.84,21.770381189654376
seasonal_naive,2025-10-19,2025-10-26,cup_hot,426.42,65.55689056079459
seasonal_naive,2025-10-19,2025-10-26,ice,15033.600000000002,2499.7364889695305
seasonal_naive,2025-10-19,2025-10-26,milk,70854.0,10247.277792174857
seasonal_naive,2025-10-19,2025-10-26,sugar,4052.02,493.3062237335809
seasonal_naive,2025-10-19,2025-10-26,tea_leaves,325.48,62.07015238536842
seasonal_naive,2025-10-19,2025-10-27,bread,59.36,26.343465296151223
seasonal_naive,2025-10-19,2025-10-27,chocolate_syrup,592.8000000000001,379.6498597392076
seasonal_naive,2025-10-19,2025-10-27,coffee_beans,5710.32,1145.2187235583303
seasonal_naive,2025-10-19,2025-10-27,croissant_dough,46.440000000000005,15.951232822933422
seasonal_naive,2025-10-19,2025-10-27,cup_cold,70.04,21.770381189654376
seasonal_naive,2025-10-19,2025-10-27,cup_hot,309.00000000000006,65.55689056079459
seasonal_naive,2025-10-19,2025-10-27,ice,8186.400000000001,2499.7364889695305
seasonal_naive,2025-10-19,2025-10-27,milk,49455.0,10247.277792174857
seasonal_naive,2025-10-19,2025-10-27,sugar,2664.61,493.3062237335809
seasonal_naive,2025-10-19,2025-10-27,tea_leaves,168.92000000000002,62.07015238536842
seasonal_naive,2025-10-19,2025-10-28,bread,101.76,26.343465296151223
seasonal_naive,2025-10-19,2025-10-28,chocolate_syrup,967.2,379.6498597392076
seasonal_naive,2025-10-19,2025-10-28,coffee_beans,8750.88,1145.2187235583303
seasonal_naive,2025-10-19,2025-10-28,croissant_dough,52.92,15.951232822933422
seasonal_naive,2025-10-19,2025-10-28,cup_cold,97.85,21.770381189654376
seasonal_naive,2025-10-19,2025-10-28,cup_hot,521.1800000000001,65.55689056079459
seasonal_naive,2025-10-19,2025-10-28,ice,11124.0,2499.7364889695305
seasonal_naive,2025-10-19,2025-10-28,milk,72103.5,10247.277792174857
seasonal_naive,2025-10-19,2025-10-28,sugar,4149.87,493.3062237335809
seasonal_naive,2025-10-19,2025-10-28,tea_leaves,403.76,62.07015238536842
seasonal_naive,2025-10-19,2025-10-29,bread,84.80000000000001,26.343465296151223
seasonal_naive,2025-10-19,2025-10-29,chocolate_syrup,936.0,379.6498597392076
seasonal_naive,2025-10-19,2025-10-29,coffee_beans,6510.63,1145.2187235583303
seasonal_naive,2025-10-19,2025-10-29,croissant_dough,54.0,15.951232822933422
seasonal_naive,2025-10-19,2025-10-29,cup_cold,71.07000000000001,21.770381189654376
seasonal_naive,2025-10-19,2025-10-29,cup_hot,387.45166666666665,65.55689056079459
seasonal_naive,2025-10-19,2025-10-29,ice,8100.000000000001,2499.7364889695305
seasonal_naive,2025-10-19,2025-10-29,milk,57540.0,10247.277792174857
seasonal_naive,2025-10-19,2025-10-29,sugar,3177.55,493.3062237335809
seasonal_naive,2025-10-19,2025-10-29,tea_leaves,263.68,62.07015238536842
seasonal_naive,2025-10-19,2025-10-30,bread,86.92,26.343465296151223
seasonal_naive,2025-10-19,2025-10-30,chocolate_syrup,936.0,379.6498597392076
seasonal_naive,2025-10-19,2025-10-30,coffee_beans,5024.339999999999,1145.2187235583303
seasonal_naive,2025-10-19,2025-10-30,croissant_dough,23.76,15.951232822933422
seasonal_naive,2025-10-19,2025-10-30,cup_cold,81.37,21.770381189654376
seasonal_naive,2025-10-19,2025-10-30,cup_hot,307.55800000000005,65.55689056079459
seasonal_naive,2025-10-19,2025-10-30,ice,9244.8,2499.7364889695305
seasonal_naive,2025-10-19,2025-10-30,milk,50557.5,10247.277792174857
seasonal_naive,2025-10-19,2025-10-30,sugar,2984.94,493.3062237335809
seasonal_naive,2025-10-19,2025-10-30,tea_leaves,315.592,62.07015238536842
seasonal_naive,2025-10-19,2025-10-31,bread,89.04,26.343465296151223
seasonal_naive,2025-10-19,2025-10-31,chocolate_syrup,904.8,379.6498597392076
seasonal_naive,2025-10-19,2025-10-31,coffee_beans,7082.279999999999,1145.2187235583303
seasonal_naive,2025-10-19,2025-10-31,croissant_dough,38.88,15.951232822933422
seasonal_naive,2025-10-19,2025-10-31,cup_cold,70.03999999999999,21.770381189654376
seasonal_naive,2025-10-19,2025-10-31,cup_hot,432.1880000000001,65.55689056079459
seasonal_naive,2025-10-19,2025-10-31,ice,8035.200000000001,2499.7364889695305
seasonal_naive,2025-10-19,2025-10-31,milk,57277.5,10247.277792174857
seasonal_naive,2025-10-19,2025-10-31,sugar,3199.1800000000003,493.3062237335809
seasonal_naive,2025-10-19,2025-10-31,tea_leaves,315.59200000000004,62.07015238536842
seasonal_naive,2025-10-19,2025-11-01,bread,116.6,26.343465296151223
seasonal_naive,2025-10-19,2025-11-01,chocolate_syrup,1684.8000000000002,379.6498597392076
seasonal_naive,2025-10-19,2025-11-01,coffee_beans,8565.48,1145.2187235583303
seasonal_naive,2025-10-19,2025-11-01,croissant_dough,78.84,15.951232822933422
seasonal_naive,2025-10-19,2025-11-01,cup_cold,127.72,21.770381189654376
seasonal_naive,2025-10-19,2025-11-01,cup_hot,507.7900000000001,65.55689056079459
seasonal_naive,2025-10-19,2025-11-01,ice,14536.8,2499.7364889695305
seasonal_naive,2025-10-19,2025-11-01,milk,87538.5,10247.277792174857
seasonal_naive,2025-10-19,2025-11-01,sugar,4850.27,493.3062237335809
seasonal_naive,2025-10-19,2025-11-01,tea_leaves,416.12,62.07015238536842
seasonal_naive,2025-10-19,2025-11-02,bread,127.2,26.343465296151223
seasonal_naive,2025-10-19,2025-11-02,chocolate_syrup,1092.0,379.6498597392076
seasonal_naive,2025-10-19,2025-11-02,coffee_beans,7935.12,1145.2187235583303
seasonal_naive,2025-10-19,2025-11-02,croissant_dough,63.720000000000006,15.951232822933422
seasonal_naive,2025-10-19,2025-11-02,cup_cold,131.84,21.770381189654376
seasonal_naive,2025-10-19,2025-11-02,cup_hot,426.42,65.55689056079459
seasonal_naive,2025-10-19,2025-11-02,ice,15033.600000000002,2499.7364889695305
seasonal_naive,2025-10-19,2025-11-02,milk,70854.0,10247.277792174857
seasonal_naive,2025-10-19,2025-11-02,sugar,4052.02,493.3062237335809
seasonal_naive,2025-10-19,2025-11-02,tea_leaves,325.48,62.07015238536842
seasonal_naive,2025-10-19,2025-11-03,bread,59.36,26.343465296151223
seasonal_naive,2025-10-19,2025-11-03,chocolate_syrup,592.8000000000001,379.6498597392076
seasonal_naive,2025-10-19,2025-11-03,coffee_beans,5710.32,1145.2187235583303
seasonal_naive,2025-10-19,2025-11-03,croissant_dough,46.440000000000005,15.951232822933422
seasonal_naive,2025-10-19,2025-11-03,cup_cold,70.04,21.770381189654376
seasonal_naive,2025-10-19,2025-11-03,cup_hot,309.00000000000006,65.55689056079459
seasonal_naive,2025-10-19,2025-11-03,ice,8186.400000000001,2499.7364889695305
seasonal_naive,2025-10-19,2025-11-03,milk,49455.0,10247.277792174857
seasonal_naive,2025-10-19,2025-11-03,sugar,2664.61,493.3062237335809
seasonal_naive,2025-10-19,2025-11-03,tea_leaves,168.92000000000002,62.07015238536842
seasonal_naive,2025-10-19,2025-11-04,bread,101.76,26.343465296151223
seasonal_naive,2025-10-19,2025-11-04,chocolate_syrup,967.2,379.6498597392076
seasonal_naive,2025-10-19,2025-11-04,coffee_beans,8750.880000000001,1145.2187235583303
seasonal_naive,2025-10-19,2025-11-04,croissant_dough,52.92,15.951232822933422
seasonal_naive,2025-10-19,2025-11-04,cup_cold,97.85,21.770381189654376
seasonal_naive,2025-10-19,2025-11-04,cup_hot,521.1800000000001,65.55689056079459
seasonal_naive,2025-10-19,2025-11-04,ice,11124.0,2499.7364889695305
seasonal_naive,2025-10-19,2025-11-04,milk,72103.5,10247.277792174857
seasonal_naive,2025-10-19,2025-11-04,sugar,4149.87,493.3062237335809
seasonal_naive,2025-10-19,2025-11-04,tea_leaves,403.76,62.07015238536842
ml,2025-10-19,2025-10-19,bread,131.9538791887129,34.87312349562046
ml,2025-10-19,2025-10-19,chocolate_syrup,1285.3085701020127,304.63700186625084
ml,2025-10-19,2025-10-19,coffee_beans,8642.129127299864,1933.0510463378653
ml,2025-10-19,2025-10-19,croissant_dough,70.75520642010635,17.086392957505684
ml,2025-10-19,2025-10-19,cup_cold,136.57553262315017,32.6304095028584
ml,2025-10-19,2025-10-19,cup_hot,468.0450966758192,104.4528860226658
ml,2025-10-19,2025-10-19,ice,15568.522286139729,3736.519187950596
ml,2025-10-19,2025-10-19,milk,76711.43281794265,17491.54886269522
ml,2025-10-19,2025-10-19,sugar,4355.542281476264,1000.5100307639706
ml,2025-10-19,2025-10-19,tea_leaves,328.2827332824365,78.53857625920716
ml,2025-10-19,2025-10-20,bread,76.62663637814772,34.87312349562046
ml,2025-10-19,2025-10-20,chocolate_syrup,854.7982654120832,304.63700186625084
ml,2025-10-19,2025-10-20,coffee_beans,5322.222520156507,1933.0510463378653
ml,2025-10-19,2025-10-20,croissant_dough,38.76235719038079,17.086392957505684
ml,2025-10-19,2025-10-20,cup_cold,76.00339358818587,32.6304095028584
ml,2025-10-19,2025-10-20,cup_hot,302.36519260027114,104.4528860226658
ml,2025-10-19,2025-10-20,ice,8694.678714228667,3736.519187950596
ml,2025-10-19,2025-10-20,milk,46026.64413550017,17491.54886269522
ml,2025-10-19,2025-10-20,sugar,2603.834042457042,1000.5100307639706
ml,2025-10-19,2025-10-20,tea_leaves,217.8810223206154,78.53857625920716
ml,2025-10-19,2025-10-21,bread,96.32876545509,34.87312349562046
ml,2025-10-19,2025-10-21,chocolate_syrup,902.3469194782206,304.63700186625084
ml,2025-10-19,2025-10-21,coffee_beans,5517.318387797234,1933.0510463378653
ml,2025-10-19,2025-10-21,croissant_dough,46.717283407034536,17.086392957505684
ml,2025-10-19,2025-10-21,cup_cold,87.72091794893991,32.6304095028584
ml,2025-10-19,2025-10-21,cup_hot,309.6921487151313,104.4528860226658
ml,2025-10-19,2025-10-21,ice,10029.585429618784,3736.519187950596
ml,2025-10-19,2025-10-21,milk,50848.31232268555,17491.54886269522
ml,2025-10-19,2025-10-21,sugar,2898.973597470706,1000.5100307639706
ml,2025-10-19,2025-10-21,tea_leaves,244.4254462403307,78.53857625920716
ml,2025-10-19,2025-10-22,bread,96.95177924902735,34.87312349562046
ml,2025-10-19,2025-10-22,chocolate_syrup,954.805161016266,304.63700186625084
ml,2025-10-19,2025-10-22,coffee_beans,5772.191415886527,1933.0510463378653
ml,2025-10-19,2025-10-22,croissant_dough,47.55461432074768,17.086392957505684
ml,2025-10-19,2025-10-22,cup_cold,90.83107983581723,32.6304095028584
ml,2025-10-19,2025-10-22,cup_hot,319.7835291917418,104.4528860226658
ml,2025-10-19,2025-10-22,ice,10387.767175260127,3736.519187950596
ml,2025-10-19,2025-10-22,milk,52796.1838922468,17491.54886269522
ml,2025-10-19,2025-10-22,sugar,2974.6402673396674,1000.5100307639706
ml,2025-10-19,2025-10-22,tea_leaves,233.6659869585182,78.53857625920716
ml,2025-10-19,2025-10-23,bread,98.71212492240798,34.87312349562046
ml,2025-10-19,2025-10-23,chocolate_syrup,953.9517912105676,304.63700186625084
ml,2025-10-19,2025-10-23,coffee_beans,5720.512078009628,1933.0510463378653
ml,2025-10-19,2025-10-23,croissant_dough,58.017246063625855,17.086392957505684
ml,2025-10-19,2025-10-23,cup_cold,89.91821337979553,32.6304095028584
ml,2025-10-19,2025-10-23,cup_hot,316.2277983599057,104.4528860226658
ml,2025-10-19,2025-10-23,ice,10282.908938568258,3736.519187950596
ml,2025-10-19,2025-10-23,milk,51882.67302363568,17491.54886269522
ml,2025-10-19,2025-10-23,sugar,2926.5208269881555,1000.5100307639706
ml,2025-10-19,2025-10-23,tea_leaves,227.3885836899708,78.53857625920716
ml,2025-10-19,2025-10-24,bread,105.08891840433382,34.87312349562046
ml,2025-10-19,2025-10-24,chocolate_syrup,1008.858363689154,304.63700186625084
ml,2025-10-19,2025-10-24,coffee_beans,6332.968791985004,1933.0510463378653
ml,2025-10-19,2025-10-24,croissant_dough,49.30309409572149,17.086392957505684
ml,2025-10-19,2025-10-24,cup_cold,98.22097465657194,32.6304095028584
ml,2025-10-19,2025-10-24,cup_hot,350.4038913651509,104.4528860226658
ml,2025-10-19,2025-10-24,ice,11193.473055186838,3736.519187950596
ml,2025-10-19,2025-10-24,milk,57288.41849791383,17491.54886269522
ml,2025-10-19,2025-10-24,sugar,3241.6123998943194,1000.5100307639706
ml,2025-10-19,2025-10-24,tea_leaves,253.9520255346899,78.53857625920716
ml,2025-10-19,2025-10-25,bread,113.80161754140596,34.87312349562046
ml,2025-10-19,2025-10-25,chocolate_syrup,1104.3502206056537,304.63700186625084
ml,2025-10-19,2025-10-25,coffee_beans,6900.511013039088,1933.0510463378653
ml,2025-10-19,2025-10-25,croissant_dough,57.54791867435578,17.086392957505684
ml,2025-10-19,2025-10-25,cup_cold,112.74502646133442,32.6304095028584
ml,2025-10-19,2025-10-25,cup_hot,377.2122067660617,104.4528860226658
ml,2025-10-19,2025-10-25,ice,12832.1855049175,3736.519187950596
ml,2025-10-19,2025-10-25,milk,62550.727938252254,17491.54886269522
ml,2025-10-19,2025-10-25,sugar,3572.7536995212986,1000.5100307639706
ml,2025-10-19,2025-10-25,tea_leaves,280.55117865852765,78.53857625920716
ml,2025-10-19,2025-10-26,bread,111.79962566727416,34.87312349562046
ml,2025-10-19,2025-10-26,chocolate_syrup,1073.9975754638494,304.63700186625084
ml,2025-10-19,2025-10-26,coffee_beans,7045.965949095545,1933.0510463378653
ml,2025-10-19,2025-10-26,croissant_dough,56.34769252898575,17.086392957505684
ml,2025-10-19,2025-10-26,cup_cold,113.1511423769782,32.6304095028584
ml,2025-10-19,2025-10-26,cup_hot,384.57845783636094,104.4528860226658
ml,2025-10-19,2025-10-26,ice,12879.729505393789,3736.519187950596
ml,2025-10-19,2025-10-26,milk,63334.30597935931,17491.54886269522
ml,2025-10-19,2025-10-26,sugar,3616.079144549465,1000.5100307639706
ml,2025-10-19,2025-10-26,tea_leaves,283.32543318326555,78.53857625920716
ml,2025-10-19,2025-10-27,bread,94.09203047864936,34.87312349562046
ml,2025-10-19,2025-10-27,chocolate_syrup,888.571589171936,304.63700186625084
ml,2025-10-19,2025-10-27,coffee_beans,5286.650716431557,1933.0510463378653
ml,2025-10-19,2025-10-27,croissant_dough,44.72598590907046,17.086392957505684
ml,2025-10-19,2025-10-27,cup_cold,82.76611279563011,32.6304095028584
ml,2025-10-19,2025-10-27,cup_hot,308.74203577055096,104.4528860226658
ml,2025-10-19,2025-10-27,ice,9453.173383862366,3736.519187950596
ml,2025-10-19,2025-10-27,milk,49314.40034197768,17491.54886269522
ml,2025-10-19,2025-10-27,sugar,2853.241164811,1000.5100307639706
ml,2025-10-19,2025-10-27,tea_leaves,273.88430640210123,78.53857625920716
ml,2025-10-19,2025-10-28,bread,119.34253609520906,34.87312349562046
ml,2025-10-19,2025-10-28,chocolate_syrup,940.8316798466612,304.63700186625084
ml,2025-10-19,2025-10-28,coffee_beans,5841.696232168901,1933.0510463378653
ml,2025-10-19,2025-10-28,croissant_dough,48.38060630198039,17.086392957505684
ml,2025-10-19,2025-10-28,cup_cold,88.63530211462341,32.6304095028584
ml,2025-10-19,2025-10-28,cup_hot,326.43248222331255,104.4528860226658
ml,2025-10-19,2025-10-28,ice,10130.705712451983,3736.519187950596
ml,2025-10-19,2025-10-28,milk,51050.57703796384,17491.54886269522
ml,2025-10-19,2025-10-28,sugar,2905.4593638817355,1000.5100307639706
ml,2025-10-19,2025-10-28,tea_leaves,237.8783895737749,78.53857625920716
ml,2025-10-19,2025-10-29,bread,105.30019773917653,34.87312349562046
ml,2025-10-19,2025-10-29,chocolate_syrup,992.3717028636416,304.63700186625084
ml,2025-10-19,2025-10-29,coffee_beans,6404.459484537818,1933.0510463378653
ml,2025-10-19,2025-10-29,croissant_dough,52.08525220907864,17.086392957505684
ml,2025-10-19,2025-10-29,cup_cold,96.08809388740065,32.6304095028584
ml,2025-10-19,2025-10-29,cup_hot,354.49352528994467,104.4528860226658
ml,2025-10-19,2025-10-29,ice,10977.843275349356,3736.519187950596
ml,2025-10-19,2025-10-29,milk,55069.65994043496,17491.54886269522
ml,2025-10-19,2025-10-29,sugar,3126.363880282649,1000.5100307639706
ml,2025-10-19,2025-10-29,tea_leaves,248.06930228864172,78.53857625920716
ml,2025-10-19,2025-10-30,bread,105.43732558464256,34.87312349562046
ml,2025-10-19,2025-10-30,chocolate_syrup,990.3089270992292,304.63700186625084
ml,2025-10-19,2025-10-30,coffee_beans,6126.809061762016,1933.0510463378653
ml,2025-10-19,2025-10-30,croissant_dough,62.57693282014883,17.086392957505684
ml,2025-10-19,2025-10-30,cup_cold,97.28992778554128,32.6304095028584
ml,2025-10-19,2025-10-30,cup_hot,338.84809864033065,104.4528860226658
ml,2025-10-19,2025-10-30,ice,11115.494427277514,3736.519187950596
ml,2025-10-19,2025-10-30,milk,55605.897542240185,17491.54886269522
ml,2025-10-19,2025-10-30,sugar,3158.328779457053,1000.5100307639706
ml,2025-10-19,2025-10-30,tea_leaves,252.2674174172012,78.53857625920716
ml,2025-10-19,2025-10-31,bread,121.8247425002642,34.87312349562046
ml,2025-10-19,2025-10-31,chocolate_syrup,1409.684485509173,304.63700186625084
ml,2025-10-19,2025-10-31,coffee_beans,7005.132152856586,1933.0510463378653
ml,2025-10-19,2025-10-31,croissant_dough,56.78184062159331,17.086392957505684
ml,2025-10-19,2025-10-31,cup_cold,109.62438221564167,32.6304095028584
ml,2025-10-19,2025-10-31,cup_hot,393.1973031295551,104.4528860226658
ml,2025-10-19,2025-10-31,ice,12488.777252007028,3736.519187950596
ml,2025-10-19,2025-10-31,milk,65264.31874268287,17491.54886269522
ml,2025-10-19,2025-10-31,sugar,3642.6643701321777,1000.5100307639706
ml,2025-10-19,2025-10-31,tea_leaves,268.4400638133686,78.53857625920716
ml,2025-10-19,2025-11-01,bread,126.6568773307088,34.87312349562046
ml,2025-10-19,2025-11-01,chocolate_syrup,1111.6834741597788,304.63700186625084
ml,2025-10-19,2025-11-01,coffee_beans,7304.869890032352,1933.0510463378653
ml,2025-10-19,2025-11-01,croissant_dough,58.085097404559775,17.086392957505684
ml,2025-10-19,2025-11-01,cup_cold,113.90825232065528,32.6304095028584
ml,2025-10-19,2025-11-01,cup_hot,409.85984476802287,104.4528860226658
ml,2025-10-19,2025-11-01,ice,12956.502484930825,3736.519187950596
ml,2025-10-19,2025-11-01,milk,66326.88606046811,17491.54886269522
ml,2025-10-19,2025-11-01,sugar,3802.181135000178,1000.5100307639706
ml,2025-10-19,2025-11-01,tea_leaves,324.9687403495011,78.53857625920716
ml,2025-10-19,2025-11-02,bread,129.66260936767915,34.87312349562046
ml,2025-10-19,2025-11-02,chocolate_syrup,1121.9387594069906,304.63700186625084
ml,2025-10-19,2025-11-02,coffee_beans,7623.991790665611,1933.0510463378653
ml,2025-10-19,2025-11-02,croissant_dough,63.834004836611975,17.086392957505684
ml,2025-10-19,2025-11-02,cup_cold,119.8743130068978,32.6304095028584
ml,2025-10-19,2025-11-02,cup_hot,415.3710100496892,104.4528860226658
ml,2025-10-19,2025-11-02,ice,13645.94723084346,3736.519187950596
ml,2025-10-19,2025-11-02,milk,66500.96874491242,17491.54886269522
ml,2025-10-19,2025-11-02,sugar,3805.783080242049,1000.5100307639706
ml,2025-10-19,2025-11-02,tea_leaves,298.60744273793864,78.53857625920716
ml,2025-10-19,2025-11-03,bread,107.14733218610506,34.87312349562046
ml,2025-10-19,2025-11-03,chocolate_syrup,929.4106385766931,304.63700186625084
ml,2025-10-19,2025-11-03,coffee_beans,5961.52036667964,1933.0510463378653
ml,2025-10-19,2025-11-03,croissant_dough,50.19122480447079,17.086392957505684
ml,2025-10-19,2025-11-03,cup_cold,89.14009364760008,32.6304095028584
ml,2025-10-19,2025-11-03,cup_hot,326.9237109215631,104.4528860226658
ml,2025-10-19,2025-11-03,ice,10177.139651103173,3736.519187950596
ml,2025-10-19,2025-11-03,milk,50886.63355844216,17491.54886269522
ml,2025-10-19,2025-11-03,sugar,2871.214610395168,1000.5100307639706
ml,2025-10-19,2025-11-03,tea_leaves,216.74304819391293,78.53857625920716
ml,2025-10-19,2025-11-04,bread,103.17869493450333,34.87312349562046
ml,2025-10-19,2025-11-04,chocolate_syrup,915.9167588006188,304.63700186625084
ml,2025-10-19,2025-11-04,coffee_beans,5274.534216606683,1933.0510463378653
ml,2025-10-19,2025-11-04,croissant_dough,50.24770054278145,17.086392957505684
ml,2025-10-19,2025-11-04,cup_cold,85.29721300575538,32.6304095028584
ml,2025-10-19,2025-11-04,cup_hot,291.82856208733506,104.4528860226658
ml,2025-10-19,2025-11-04,ice,9751.04094178287,3736.519187950596
ml,2025-10-19,2025-11-04,milk,48203.93157748946,17491.54886269522
ml,2025-10-19,2025-11-04,sugar,2731.3072308189003,1000.5100307639706
ml,2025-10-19,2025-11-04,tea_leaves,215.436403319,78.53857625920716
manual,2025-10-26,2025-10-26,bread,91.22057142857145,0.0
manual,2025-10-26,2025-10-26,chocolate_syrup,1310.4,0.0
manual,2025-10-26,2025-10-26,coffee_beans,7535.715428571429,0.0
manual,2025-10-26,2025-10-26,croissant_dough,57.94971428571429,0.0
manual,2025-10-26,2025-10-26,cup_cold,96.76114285714286,0.0
manual,2025-10-26,2025-10-26,cup_hot,453.9651428571429,0.0
manual,2025-10-26,2025-10-26,ice,11019.702857142858,0.0
manual,2025-10-26,2025-10-26,milk,69953.4,0.0
manual,2025-10-26,2025-10-26,sugar,3920.945142857143,0.0
manual,2025-10-26,2025-10-26,tea_leaves,355.2617142857143,0.0
manual,2025-10-26,2025-10-27,bread,91.22057142857145,0.0
manual,2025-10-26,2025-10-27,chocolate_syrup,1310.4,0.0
manual,2025-10-26,2025-10-27,coffee_beans,7535.715428571429,0.0
manual,2025-10-26,2025-10-27,croissant_dough,57.94971428571429,0.0
manual,2025-10-26,2025-10-27,cup_cold,96.76114285714286,0.0
manual,2025-10-26,2025-10-27,cup_hot,453.9651428571429,0.0
manual,2025-10-26,2025-10-27,ice,11019.702857142858,0.0
manual,2025-10-26,2025-10-27,milk,69953.4,0.0
manual,2025-10-26,2025-10-27,sugar,3920.945142857143,0.0
manual,2025-10-26,2025-10-27,tea_leaves,355.2617142857143,0.0
manual,2025-10-26,2025-10-28,bread,91.22057142857145,0.0
manual,2025-10-26,2025-10-28,chocolate_syrup,1310.4,0.0
manual,2025-10-26,2025-10-28,coffee_beans,7535.715428571429,0.0
manual,2025-10-26,2025-10-28,croissant_dough,57.94971428571429,0.0
manual,2025-10-26,2025-10-28,cup_cold,96.76114285714286,0.0
manual,2025-10-26,2025-10-28,cup_hot,453.9651428571429,0.0
manual,2025-10-26,2025-10-28,ice,11019.702857142858,0.0
manual,2025-10-26,2025-10-28,milk,69953.4,0.0
manual,2025-10-26,2025-10-28,sugar,3920.945142857143,0.0
manual,2025-10-26,2025-10-28,tea_leaves,355.2617142857143,0.0
manual,2025-10-26,2025-10-29,bread,91.22057142857145,0.0
manual,2025-10-26,2025-10-29,chocolate_syrup,1310.4,0.0
manual,2025-10-26,2025-10-29,coffee_beans,7535.715428571429,0.0
manual,2025-10-26,2025-10-29,croissant_dough,57.94971428571429,0.0
manual,2025-10-26,2025-10-29,cup_cold,96.76114285714286,0.0
manual,2025-10-26,2025-10-29,cup_hot,453.9651428571429,0.0
manual,2025-10-26,2025-10-29,ice,11019.702857142858,0.0
manual,2025-10-26,2025-10-29,milk,69953.4,0.0
manual,2025-10-26,2025-10-29,sugar,3920.945142857143,0.0
manual,2025-10-26,2025-10-29,tea_leaves,355.2617142857143,0.0
manual,2025-10-26,2025-10-30,bread,91.22057142857145,0.0
manual,2025-10-26,2025-10-30,chocolate_syrup,1310.4,0.0
manual,2025-10-26,2025-10-30,coffee_beans,7535.715428571429,0.0
manual,2025-10-26,2025-10-30,croissant_dough,57.94971428571429,0.0
manual,2025-10-26,2025-10-30,cup_cold,96.76114285714286,0.0
manual,2025-10-26,2025-10-30,cup_hot,453.9651428571429,0.0
manual,2025-10-26,2025-10-30,ice,11019.702857142858,0.0
manual,2025-10-26,2025-10-30,milk,69953.4,0.0
manual,2025-10-26,2025-10-30,sugar,3920.945142857143,0.0
manual,2025-10-26,2025-10-30,tea_leaves,355.2617142857143,0.0
manual,2025-10-26,2025-10-31,bread,91.22057142857145,0.0
manual,2025-10-26,2025-10-31,chocolate_syrup,1310.4,0.0
manual,2025-10-26,2025-10-31,coffee_beans,7535.715428571429,0.0
manual,2025-10-26,2025-10-31,croissant_dough,57.94971428571429,0.0
manual,2025-10-26,2025-10-31,cup_cold,96.76114285714286,0.0
manual,2025-10-26,2025-10-31,cup_hot,453.9651428571429,0.0
manual,2025-10-26,2025-10-31,ice,11019.702857142858,0.0
manual,2025-10-26,2025-10-31,milk,69953.4,0.0
manual,2025-10-26,2025-10-31,sugar,3920.945142857143,0.0
manual,2025-10-26,2025-10-31,tea_leaves,355.2617142857143,0.0
manual,2025-10-26,2025-11-01,bread,91.22057142857145,0.0
manual,2025-10-26,2025-11-01,chocolate_syrup,1310.4,0.0
manual,2025-10-26,2025-11-01,coffee_beans,7535.715428571429,0.0
manual,2025-10-26,2025-11-01,croissant_dough,57.94971428571429,0.0
manual,2025-10-26,2025-11-01,cup_cold,96.76114285714286,0.0
manual,2025-10-26,2025-11-01,cup_hot,453.9651428571429,0.0
manual,2025-10-26,2025-11-01,ice,11019.702857142858,0.0
manual,2025-10-26,2025-11-01,milk,69953.4,0.0
manual,2025-10-26,2025-11-01,sugar,3920.945142857143,0.0
manual,2025-10-26,2025-11-01,tea_leaves,355.2617142857143,0.0
manual,2025-10-26,2025-11-02,bread,91.22057142857145,0.0
manual,2025-10-26,2025-11-02,chocolate_syrup,1310.4,0.0
manual,2025-10-26,2025-11-02,coffee_beans,7535.715428571429,0.0
manual,2025-10-26,2025-11-02,croissant_dough,57.94971428571429,0.0
manual,2025-10-26,2025-11-02,cup_cold,96.76114285714286,0.0
manual,2025-10-26,2025-11-02,cup_hot,453.9651428571429,0.0
manual,2025-10-26,2025-11-02,ice,11019.702857142858,0.0
manual,2025-10-26,2025-11-02,milk,69953.4,0.0
manual,2025-10-26,2025-11-02,sugar,3920.945142857143,0.0
manual,2025-10-26,2025-11-02,tea_leaves,355.2617142857143,0.0
manual,2025-10-26,2025-11-03,bread,91.22057142857145,0.0
manual,2025-10-26,2025-11-03,chocolate_syrup,1310.4,0.0
manual,2025-10-26,2025-11-03,coffee_beans,7535.715428571429,0.0
manual,2025-10-26,2025-11-03,croissant_dough,57.94971428571429,0.0
manual,2025-10-26,2025-11-03,cup_cold,96.76114285714286,0.0
manual,2025-10-26,2025-11-03,cup_hot,453.9651428571429,0.0
manual,2025-10-26,2025-11-03,ice,11019.702857142858,0.0
manual,2025-10-26,2025-11-03,milk,69953.4,0.0
manual,2025-10-26,2025-11-03,sugar,3920.945142857143,0.0
manual,2025-10-26,2025-11-03,tea_leaves,355.2617142857143,0.0
manual,2025-10-26,2025-11-04,bread,91.22057142857145,0.0
manual,2025-10-26,2025-11-04,chocolate_syrup,1310.4,0.0
manual,2025-10-26,2025-11-04,coffee_beans,7535.715428571429,0.0
manual,2025-10-26,2025-11-04,croissant_dough,57.94971428571429,0.0
manual,2025-10-26,2025-11-04,cup_cold,96.76114285714286,0.0
manual,2025-10-26,2025-11-04,cup_hot,453.9651428571429,0.0
manual,2025-10-26,2025-11-04,ice,11019.702857142858,0.0
manual,2025-10-26,2025-11-04,milk,69953.4,0.0
manual,2025-10-26,2025-11-04,sugar,3920.945142857143,0.0
manual,2025-10-26,2025-11-04,tea_leaves,355.2617142857143,0.0
manual,2025-10-26,2025-11-05,bread,91.22057142857145,0.0
manual,2025-10-26,2025-11-05,chocolate_syrup,1310.4,0.0
manual,2025-10-26,2025-11-05,coffee_beans,7535.715428571429,0.0
manual,2025-10-26,2025-11-05,croissant_dough,57.94971428571429,0.0
manual,2025-10-26,2025-11-05,cup_cold,96.76114285714286,0.0
manual,2025-10-26,2025-11-05,cup_hot,453.9651428571429,0.0
manual,2025-10-26,2025-11-05,ice,11019.702857142858,0.0
manual,2025-10-26,2025-11-05,milk,69953.4,0.0
manual,2025-10-26,2025-11-05,sugar,3920.945142857143,0.0
manual,2025-10-26,2025-11-05,tea_leaves,355.2617142857143,0.0
manual,2025-10-26,2025-11-06,bread,91.22057142857145,0.0
manual,2025-10-26,2025-11-06,chocolate_syrup,1310.4,0.0
manual,2025-10-26,2025-11-06,coffee_beans,7535.715428571429,0.0
manual,2025-10-26,2025-11-06,croissant_dough,57.94971428571429,0.0
manual,2025-10-26,2025-11-06,cup_cold,96.76114285714286,0.0
manual,2025-10-26,2025-11-06,cup_hot,453.9651428571429,0.0
manual,2025-10-26,2025-11-06,ice,11019.702857142858,0.0
manual,2025-10-26,2025-11-06,milk,69953.4,0.0
manual,2025-10-26,2025-11-06,sugar,3920.945142857143,0.0
manual,2025-10-26,2025-11-06,tea_leaves,355.2617142857143,0.0
manual,2025-10-26,2025-11-07,bread,91.22057142857145,0.0
manual,2025-10-26,2025-11-07,chocolate_syrup,1310.4,0.0
manual,2025-10-26,2025-11-07,coffee_beans,7535.715428571429,0.0
manual,2025-10-26,2025-11-07,croissant_dough,57.94971428571429,0.0
manual,2025-10-26,2025-11-07,cup_cold,96.76114285714286,0.0
manual,2025-10-26,2025-11-07,cup_hot,453.9651428571429,0.0
manual,2025-10-26,2025-11-07,ice,11019.702857142858,0.0
manual,2025-10-26,2025-11-07,milk,69953.4,0.0
manual,2025-10-26,2025-11-07,sugar,3920.945142857143,0.0
manual,2025-10-26,2025-11-07,tea_leaves,355.2617142857143,0.0
manual,2025-10-26,2025-11-08,bread,91.22057142857145,0.0
manual,2025-10-26,2025-11-08,chocolate_syrup,1310.4,0.0
manual,2025-10-26,2025-11-08,coffee_beans,7535.715428571429,0.0
manual,2025-10-26,2025-11-08,croissant_dough,57.94971428571429,0.0
manual,2025-10-26,2025-11-08,cup_cold,96.76114285714286,0.0
manual,2025-10-26,2025-11-08,cup_hot,453.9651428571429,0.0
manual,2025-10-26,2025-11-08,ice,11019.702857142858,0.0
manual,2025-10-26,2025-11-08,milk,69953.4,0.0
manual,2025-10-26,2025-11-08,sugar,3920.945142857143,0.0
manual,2025-10-26,2025-11-08,tea_leaves,355.2617142857143,0.0
manual,2025-10-26,2025-11-09,bread,91.22057142857145,0.0
manual,2025-10-26,2025-11-09,chocolate_syrup,1310.4,0.0
manual,2025-10-26,2025-11-09,coffee_beans,7535.715428571429,0.0
manual,2025-10-26,2025-11-09,croissant_dough,57.94971428571429,0.0
manual,2025-10-26,2025-11-09,cup_cold,96.76114285714286,0.0
manual,2025-10-26,2025-11-09,cup_hot,453.9651428571429,0.0
manual,2025-10-26,2025-11-09,ice,11019.702857142858,0.0
manual,2025-10-26,2025-11-09,milk,69953.4,0.0
manual,2025-10-26,2025-11-09,sugar,3920.945142857143,0.0
manual,2025-10-26,2025-11-09,tea_leaves,355.2617142857143,0.0
manual,2025-10-26,2025-11-10,bread,91.22057142857145,0.0
manual,2025-10-26,2025-11-10,chocolate_syrup,1310.4,0.0
manual,2025-10-26,2025-11-10,coffee_beans,7535.715428571429,0.0
manual,2025-10-26,2025-11-10,croissant_dough,57.94971428571429,0.0
manual,2025-10-26,2025-11-10,cup_cold,96.76114285714286,0.0
manual,2025-10-26,2025-11-10,cup_hot,453.9651428571429,0.0
manual,2025-10-26,2025-11-10,ice,11019.702857142858,0.0
manual,2025-10-26,2025-11-10,milk,69953.4,0.0
manual,2025-10-26,2025-11-10,sugar,3920.945142857143,0.0
manual,2025-10-26,2025-11-10,tea_leaves,355.2617142857143,0.0
manual,2025-10-26,2025-11-11,bread,91.22057142857145,0.0
manual,2025-10-26,2025-11-11,chocolate_syrup,1310.4,0.0
manual,2025-10-26,2025-11-11,coffee_beans,7535.715428571428,0.0
manual,2025-10-26,2025-11-11,croissant_dough,57.94971428571429,0.0
manual,2025-10-26,2025-11-11,cup_cold,96.76114285714286,0.0
manual,2025-10-26,2025-11-11,cup_hot,453.9651428571429,0.0
manual,2025-10-26,2025-11-11,ice,11019.702857142856,0.0
manual,2025-10-26,2025-11-11,milk,69953.4,0.0
manual,2025-10-26,2025-11-11,sugar,3920.945142857143,0.0
manual,2025-10-26,2025-11-11,tea_leaves,355.2617142857143,0.0
seasonal_naive,2025-10-26,2025-10-26,bread,139.92000000000002,28.72207898033116
seasonal_naive,2025-10-26,2025-10-26,chocolate_syrup,1029.6,388.9496713678299
seasonal_naive,2025-10-26,2025-10-26,coffee_beans,8157.599999999999,1350.4500995953692
seasonal_naive,2025-10-26,2025-10-26,croissant_dough,61.56,16.09612411198955
seasonal_naive,2025-10-26,2025-10-26,cup_cold,116.39,23.0737954233389
seasonal_naive,2025-10-26,2025-10-26,cup_hot,464.5300000000001,76.59772492580653
seasonal_naive,2025-10-26,2025-10-26,ice,13219.2,2698.3933048072463
seasonal_naive,2025-10-26,2025-10-26,milk,65016.0,12133.471387035122
seasonal_naive,2025-10-26,2025-10-26,sugar,3850.14,648.9390267175669
seasonal_naive,2025-10-26,2025-10-26,tea_leaves,374.92,80.12415204513793
seasonal_naive,2025-10-26,2025-10-27,bread,63.6,28.72207898033116
seasonal_naive,2025-10-26,2025-10-27,chocolate_syrup,1466.4,388.9496713678299
seasonal_naive,2025-10-26,2025-10-27,coffee_beans,5154.12,1350.4500995953692
seasonal_naive,2025-10-26,2025-10-27,croissant_dough,23.76,16.09612411198955
seasonal_naive,2025-10-26,2025-10-27,cup_cold,75.19,23.0737954233389
seasonal_naive,2025-10-26,2025-10-27,cup_hot,336.81,76.59772492580653
seasonal_naive,2025-10-26,2025-10-27,ice,8575.2,2698.3933048072463
seasonal_naive,2025-10-26,2025-10-27,milk,53445.0,12133.471387035122
seasonal_naive,2025-10-26,2025-10-27,sugar,3020.99,648.9390267175669
seasonal_naive,2025-10-26,2025-10-27,tea_leaves,309.0,80.12415204513793
seasonal_naive,2025-10-26,2025-10-28,bread,76.32000000000001,28.72207898033116
seasonal_naive,2025-10-26,2025-10-28,chocolate_syrup,1185.6,388.9496713678299
seasonal_naive,2025-10-26,2025-10-28,coffee_beans,6266.52,1350.4500995953692
seasonal_naive,2025-10-26,2025-10-28,croissant_dough,59.400000000000006,16.09612411198955
seasonal_naive,2025-10-26,2025-10-28,cup_cold,59.74,23.0737954233389
seasonal_naive,2025-10-26,2025-10-28,cup_hot,394.49,76.59772492580653
seasonal_naive,2025-10-26,2025-10-28,ice,6652.8,2698.3933048072463
seasonal_naive,2025-10-26,2025-10-28,milk,55230.0,12133.471387035122
seasonal_naive,2025-10-26,2025-10-28,sugar,3013.78,648.9390267175669
seasonal_naive,2025-10-26,2025-10-28,tea_leaves,267.8,80.12415204513793
seasonal_naive,2025-10-26,2025-10-29,bread,48.760000000000005,28.72207898033116
seasonal_naive,2025-10-26,2025-10-29,chocolate_syrup,1185.6,388.9496713678299
seasonal_naive,2025-10-26,2025-10-29,coffee_beans,5969.879999999999,1350.4500995953692
seasonal_naive,2025-10-26,2025-10-29,croissant_dough,46.440000000000005,16.09612411198955
seasonal_naive,2025-10-26,2025-10-29,cup_cold,61.8,23.0737954233389
seasonal_naive,2025-10-26,2025-10-29,cup_hot,400.67,76.59772492580653
seasonal_naive,2025-10-26,2025-10-29,ice,7084.800000000001,2698.3933048072463
seasonal_naive,2025-10-26,2025-10-29,milk,60375.0,12133.471387035122
seasonal_naive,2025-10-26,2025-10-29,sugar,3372.2200000000003,648.9390267175669
seasonal_naive,2025-10-26,2025-10-29,tea_leaves,366.68,80.12415204513793
seasonal_naive,2025-10-26,2025-10-30,bread,53.0,28.72207898033116
seasonal_naive,2025-10-26,2025-10-30,chocolate_syrup,1310.4,388.9496713678299
seasonal_naive,2025-10-26,2025-10-30,coffee_beans,5339.52,1350.4500995953692
seasonal_naive,2025-10-26,2025-10-30,croissant_dough,48.6,16.09612411198955
seasonal_naive,2025-10-26,2025-10-30,cup_cold,65.92,23.0737954233389
seasonal_naive,2025-10-26,2025-10-30,cup_hot,341.96000000000004,76.59772492580653
seasonal_naive,2025-10-26,2025-10-30,ice,7430.400000000001,2698.3933048072463
seasonal_naive,2025-10-26,2025-10-30,milk,55660.5,12133.471387035122
seasonal_naive,2025-10-26,2025-10-30,sugar,3044.6800000000003,648.9390267175669
seasonal_naive,2025-10-26,2025-10-30,tea_leaves,271.92,80.12415204513793
seasonal_naive,2025-10-26,2025-10-31,bread,97.52,28.72207898033116
seasonal_naive,2025-10-26,2025-10-31,chocolate_syrup,686.4000000000001,388.9496713678299
seasonal_naive,2025-10-26,2025-10-31,coffee_beans,6266.52,1350.4500995953692
seasonal_naive,2025-10-26,2025-10-31,croissant_dough,38.88,16.09612411198955
seasonal_naive,2025-10-26,2025-10-31,cup_cold,86.52,23.0737954233389
seasonal_naive,2025-10-26,2025-10-31,cup_hot,340.93,76.59772492580653
seasonal_naive,2025-10-26,2025-10-31,ice,9914.4,2698.3933048072463
seasonal_naive,2025-10-26,2025-10-31,milk,54663.0,12133.471387035122
seasonal_naive,2025-10-26,2025-10-31,sugar,3056.01,648.9390267175669
seasonal_naive,2025-10-26,2025-10-31,tea_leaves,226.6,80.12415204513793
seasonal_naive,2025-10-26,2025-11-01,bread,53.0,28.72207898033116
seasonal_naive,2025-10-26,2025-11-01,chocolate_syrup,780.0000000000001,388.9496713678299
seasonal_naive,2025-10-26,2025-11-01,coffee_beans,6804.18,1350.4500995953692
seasonal_naive,2025-10-26,2025-11-01,croissant_dough,59.400000000000006,16.09612411198955
seasonal_naive,2025-10-26,2025-11-01,cup_cold,98.88,23.0737954233389
seasonal_naive,2025-10-26,2025-11-01,cup_hot,368.74,76.59772492580653
seasonal_naive,2025-10-26,2025-11-01,ice,11404.8,2698.3933048072463
seasonal_naive,2025-10-26,2025-11-01,milk,63672.0,12133.471387035122
seasonal_naive,2025-10-26,2025-11-01,sugar,3514.36,648.9390267175669
seasonal_naive,2025-10-26,2025-11-01,tea_leaves,255.44,80.12415204513793
seasonal_naive,2025-10-26,2025-11-02,bread,139.92000000000002,28.72207898033116
seasonal_naive,2025-10-26,2025-11-02,chocolate_syrup,1029.6,388.9496713678299
seasonal_naive,2025-10-26,2025-11-02,coffee_beans,8157.599999999999,1350.4500995953692
seasonal_naive,2025-10-26,2025-11-02,croissant_dough,61.56,16.09612411198955
seasonal_naive,2025-10-26,2025-11-02,cup_cold,116.39,23.0737954233389
seasonal_naive,2025-10-26,2025-11-02,cup_hot,464.5300000000001,76.59772492580653
seasonal_naive,2025-10-26,2025-11-02,ice,13219.2,2698.3933048072463
seasonal_naive,2025-10-26,2025-11-02,milk,65016.0,12133.471387035122
seasonal_naive,2025-10-26,2025-11-02,sugar,3850.14,648.9390267175669
seasonal_naive,2025-10-26,2025-11-02,tea_leaves,374.92,80.12415204513793
seasonal_naive,2025-10-26,2025-11-03,bread,63.6,28.72207898033116
seasonal_naive,2025-10-26,2025-11-03,chocolate_syrup,1466.4,388.9496713678299
seasonal_naive,2025-10-26,2025-11-03,coffee_beans,5154.12,1350.4500995953692
seasonal_naive,2025-10-26,2025-11-03,croissant_dough,23.76,16.09612411198955
seasonal_naive,2025-10-26,2025-11-03,cup_cold,75.19,23.0737954233389
seasonal_naive,2025-10-26,2025-11-03,cup_hot,336.81,76.59772492580653
seasonal_naive,2025-10-26,2025-11-03,ice,8575.2,2698.3933048072463
seasonal_naive,2025-10-26,2025-11-03,milk,53445.0,12133.471387035122
seasonal_naive,2025-10-26,2025-11-03,sugar,3020.99,648.9390267175669
seasonal_naive,2025-10-26,2025-11-03,tea_leaves,309.0,80.12415204513793
seasonal_naive,2025-10-26,2025-11-04,bread,76.32000000000001,28.72207898033116
seasonal_naive,2025-10-26,2025-11-04,chocolate_syrup,1185.6,388.9496713678299
seasonal_naive,2025-10-26,2025-11-04,coffee_beans,6266.52,1350.4500995953692
seasonal_naive,2025-10-26,2025-11-04,croissant_dough,59.400000000000006,16.09612411198955
seasonal_naive,2025-10-26,2025-11-04,cup_cold,59.74,23.0737954233389
seasonal_naive,2025-10-26,2025-11-04,cup_hot,394.49,76.59772492580653
seasonal_naive,2025-10-26,2025-11-04,ice,6652.8,2698.3933048072463
seasonal_naive,2025-10-26,2025-11-04,milk,55230.0,12133.471387035122
seasonal_naive,2025-10-26,2025-11-04,sugar,3013.78,648.9390267175669
seasonal_naive,2025-10-26,2025-11-04,tea_leaves,267.8,80.12415204513793
seasonal_naive,2025-10-26,2025-11-05,bread,48.760000000000005,28.72207898033116
seasonal_naive,2025-10-26,2025-11-05,chocolate_syrup,1185.6,388.9496713678299
seasonal_naive,2025-10-26,2025-11-05,coffee_beans,5969.879999999999,1350.4500995953692
seasonal_naive,2025-10-26,2025-11-05,croissant_dough,46.440000000000005,16.09612411198955
seasonal_naive,2025-10-26,2025-11-05,cup_cold,61.8,23.0737954233389
seasonal_naive,2025-10-26,2025-11-05,cup_hot,400.67,76.59772492580653
seasonal_naive,2025-10-26,2025-11-05,ice,7084.800000000001,2698.3933048072463
seasonal_naive,2025-10-26,2025-11-05,milk,60375.0,12133.471387035122
seasonal_naive,2025-10-26,2025-11-05,sugar,3372.2200000000003,648.9390267175669
seasonal_naive,2025-10-26,2025-11-05,tea_leaves,366.68,80.12415204513793
seasonal_naive,2025-10-26,2025-11-06,bread,53.0,28.72207898033116
seasonal_naive,2025-10-26,2025-11-06,chocolate_syrup,1310.4,388.9496713678299
seasonal_naive,2025-10-26,2025-11-06,coffee_beans,5339.52,1350.4500995953692
seasonal_naive,2025-10-26,2025-11-06,croissant_dough,48.6,16.09612411198955
seasonal_naive,2025-10-26,2025-11-06,cup_cold,65.92,23.0737954233389
seasonal_naive,2025-10-26,2025-11-06,cup_hot,341.96000000000004,76.59772492580653
seasonal_naive,2025-10-26,2025-11-06,ice,7430.400000000001,2698.3933048072463
seasonal_naive,2025-10-26,2025-11-06,milk,55660.5,12133.471387035122
seasonal_naive,2025-10-26,2025-11-06,sugar,3044.6800000000003,648.9390267175669
seasonal_naive,2025-10-26,2025-11-06,tea_leaves,271.92,80.12415204513793
seasonal_naive,2025-10-26,2025-11-07,bread,97.52,28.72207898033116
seasonal_naive,2025-10-26,2025-11-07,chocolate_syrup,686.4000000000001,388.9496713678299
seasonal_naive,2025-10-26,2025-11-07,coffee_beans,6266.52,1350.4500995953692
seasonal_naive,2025-10-26,2025-11-07,croissant_dough,38.88,16.09612411198955
seasonal_naive,2025-10-26,2025-11-07,cup_cold,86.52,23.0737954233389
seasonal_naive,2025-10-26,2025-11-07,cup_hot,340.93,76.59772492580653
seasonal_naive,2025-10-26,2025-11-07,ice,9914.4,2698.3933048072463
seasonal_naive,2025-10-26,2025-11-07,milk,54663.0,12133.471387035122
seasonal_naive,2025-10-26,2025-11-07,sugar,3056.01,648.9390267175669
seasonal_naive,2025-10-26,2025-11-07,tea_leaves,226.6,80.12415204513793
seasonal_naive,2025-10-26,2025-11-08,bread,53.0,28.72207898033116
seasonal_naive,2025-10-26,2025-11-08,chocolate_syrup,780.0000000000001,388.9496713678299
seasonal_naive,2025-10-26,2025-11-08,coffee_beans,6804.18,1350.4500995953692
seasonal_naive,2025-10-26,2025-11-08,croissant_dough,59.400000000000006,16.09612411198955
seasonal_naive,2025-10-26,2025-11-08,cup_cold,98.88,23.0737954233389
seasonal_naive,2025-10-26,2025-11-08,cup_hot,368.74,76.59772492580653
seasonal_naive,2025-10-26,2025-11-08,ice,11404.8,2698.3933048072463
seasonal_naive,2025-10-26,2025-11-08,milk,63672.0,12133.471387035122
seasonal_naive,2025-10-26,2025-11-08,sugar,3514.36,648.9390267175669
seasonal_naive,2025-10-26,2025-11-08,tea_leaves,255.44,80.12415204513793
seasonal_naive,2025-10-26,2025-11-09,bread,139.92000000000002,28.72207898033116
seasonal_naive,2025-10-26,2025-11-09,chocolate_syrup,1029.6,388.9496713678299
seasonal_naive,2025-10-26,2025-11-09,coffee_beans,8157.599999999999,1350.4500995953692
seasonal_naive,2025-10-26,2025-11-09,croissant_dough,61.56,16.09612411198955
seasonal_naive,2025-10-26,2025-11-09,cup_cold,116.39,23.0737954233389
seasonal_naive,2025-10-26,2025-11-09,cup_hot,464.5300000000001,76.59772492580653
seasonal_naive,2025-10-26,2025-11-09,ice,13219.2,2698.3933048072463
seasonal_naive,2025-10-26,2025-11-09,milk,65016.0,12133.471387035122
seasonal_naive,2025-10-26,2025-11-09,sugar,3850.14,648.9390267175669
seasonal_naive,2025-10-26,2025-11-09,tea_leaves,374.92,80.12415204513793
seasonal_naive,2025-10-26,2025-11-10,bread,63.6,28.72207898033116
seasonal_naive,2025-10-26,2025-11-10,chocolate_syrup,1466.4,388.9496713678299
seasonal_naive,2025-10-26,2025-11-10,coffee_beans,5154.12,1350.4500995953692
seasonal_naive,2025-10-26,2025-11-10,croissant_dough,23.76,16.09612411198955
seasonal_naive,2025-10-26,2025-11-10,cup_cold,75.19,23.0737954233389
seasonal_naive,2025-10-26,2025-11-10,cup_hot,336.81,76.59772492580653
seasonal_naive,2025-10-26,2025-11-10,ice,8575.2,2698.3933048072463
seasonal_naive,2025-10-26,2025-11-10,milk,53445.0,12133.471387035122
seasonal_naive,2025-10-26,2025-11-10,sugar,3020.99,648.9390267175669
seasonal_naive,2025-10-26,2025-11-10,tea_leaves,309.0,80.12415204513793
seasonal_naive,2025-10-26,2025-11-11,bread,76.32000000000001,28.72207898033116
seasonal_naive,2025-10-26,2025-11-11,chocolate_syrup,1185.6,388.9496713678299
seasonal_naive,2025-10-26,2025-11-11,coffee_beans,6266.52,1350.4500995953692
seasonal_naive,2025-10-26,2025-11-11,croissant_dough,59.400000000000006,16.09612411198955
seasonal_naive,2025-10-26,2025-11-11,cup_cold,59.74,23.0737954233389
seasonal_naive,2025-10-26,2025-11-11,cup_hot,394.49,76.59772492580653
seasonal_naive,2025-10-26,2025-11-11,ice,6652.8,2698.3933048072463
seasonal_naive,2025-10-26,2025-11-11,milk,55230.0,12133.471387035122
seasonal_naive,2025-10-26,2025-11-11,sugar,3013.78,648.9390267175669
seasonal_naive,2025-10-26,2025-11-11,tea_leaves,267.8,80.12415204513793
ml,2025-10-26,2025-10-26,bread,97.72189532682845,24.0534208111526
ml,2025-10-26,2025-10-26,chocolate_syrup,1060.9501011502398,245.3832897892216
ml,2025-10-26,2025-10-26,coffee_beans,6684.469869251384,1717.5260668785795
ml,2025-10-26,2025-10-26,croissant_dough,50.523941530667294,15.64354060806166
ml,2025-10-26,2025-10-26,cup_cold,105.55920879184848,26.67830015043048
ml,2025-10-26,2025-10-26,cup_hot,368.458748244398,96.73837734349868
ml,2025-10-26,2025-10-26,ice,12050.441536428603,3034.451557960884
ml,2025-10-26,2025-10-26,milk,60735.99546271498,15524.79815897545
ml,2025-10-26,2025-10-26,sugar,3449.7585442854515,897.0292337511984
ml,2025-10-26,2025-10-26,tea_leaves,270.5342583731297,79.59107265873743
ml,2025-10-26,2025-10-27,bread,79.89649544401162,24.0534208111526
ml,2025-10-26,2025-10-27,chocolate_syrup,875.6720840610798,245.3832897892216
ml,2025-10-26,2025-10-27,coffee_beans,5459.435218554536,1717.5260668785795
ml,2025-10-26,2025-10-27,croissant_dough,40.77714305706779,15.64354060806166
ml,2025-10-26,2025-10-27,cup_cold,84.7992578490694,26.67830015043048
ml,2025-10-26,2025-10-27,cup_hot,314.53528060603975,96.73837734349868
ml,2025-10-26,2025-10-27,ice,9691.88874130482,3034.451557960884
ml,2025-10-26,2025-10-27,milk,51235.73023993937,15524.79815897545
ml,2025-10-26,2025-10-27,sugar,2934.861604615598,897.0292337511984
ml,2025-10-26,2025-10-27,tea_leaves,268.4967061182005,79.59107265873743
ml,2025-10-26,2025-10-28,bread,104.63568943924588,24.0534208111526
ml,2025-10-26,2025-10-28,chocolate_syrup,902.4399428096324,245.3832897892216
ml,2025-10-26,2025-10-28,coffee_beans,5826.584416360906,1717.5260668785795
ml,2025-10-26,2025-10-28,croissant_dough,44.41436941629895,15.64354060806166
ml,2025-10-26,2025-10-28,cup_cold,89.02877230886679,26.67830015043048
ml,2025-10-26,2025-10-28,cup_hot,324.57455779342195,96.73837734349868
ml,2025-10-26,2025-10-28,ice,10160.862634551047,3034.451557960884
ml,2025-10-26,2025-10-28,milk,51618.91778250728,15524.79815897545
ml,2025-10-26,2025-10-28,sugar,2937.1990158077056,897.0292337511984
ml,2025-10-26,2025-10-28,tea_leaves,240.44843201776683,79.59107265873743
ml,2025-10-26,2025-10-29,bread,88.63191871868796,24.0534208111526
ml,2025-10-26,2025-10-29,chocolate_syrup,948.671471101839,245.3832897892216
ml,2025-10-26,2025-10-29,coffee_beans,6136.062348432214,1717.5260668785795
ml,2025-10-26,2025-10-29,croissant_dough,47.53702005749805,15.64354060806166
ml,2025-10-26,2025-10-29,cup_cold,92.5512201343728,26.67830015043048
ml,2025-10-26,2025-10-29,cup_hot,339.84274490959933,96.73837734349868
ml,2025-10-26,2025-10-29,ice,10569.94292205756,3034.451557960884
ml,2025-10-26,2025-10-29,milk,53023.63078883805,15524.79815897545
ml,2025-10-26,2025-10-29,sugar,3011.9196535781184,897.0292337511984
ml,2025-10-26,2025-10-29,tea_leaves,240.7331654087003,79.59107265873743
ml,2025-10-26,2025-10-30,bread,90.38515626923686,24.0534208111526
ml,2025-10-26,2025-10-30,chocolate_syrup,975.8397191090984,245.3832897892216
ml,2025-10-26,2025-10-30,coffee_beans,6083.964922406473,1717.5260668785795
ml,2025-10-26,2025-10-30,croissant_dough,58.91421671762578,15.64354060806166
ml,2025-10-26,2025-10-30,cup_cold,95.39380629577616,26.67830015043048
ml,2025-10-26,2025-10-30,cup_hot,339.4319034261177,96.73837734349868
ml,2025-10-26,2025-10-30,ice,10883.445742808832,3034.451557960884
ml,2025-10-26,2025-10-30,milk,55460.59494092307,15524.79815897545
ml,2025-10-26,2025-10-30,sugar,3154.906592724475,897.0292337511984
ml,2025-10-26,2025-10-30,tea_leaves,258.4497479234396,79.59107265873743
ml,2025-10-26,2025-10-31,bread,99.07457814312735,24.0534208111526
ml,2025-10-26,2025-10-31,chocolate_syrup,1319.1313024902877,245.3832897892216
ml,2025-10-26,2025-10-31,coffee_beans,6806.794683759998,1717.5260668785795
ml,2025-10-26,2025-10-31,croissant_dough,50.38786122084989,15.64354060806166
ml,2025-10-26,2025-10-31,cup_cold,105.56724961768214,26.67830015043048
ml,2025-10-26,2025-10-31,cup_hot,385.5835644115311,96.73837734349868
ml,2025-10-26,2025-10-31,ice,12048.595041786066,3034.451557960884
ml,2025-10-26,2025-10-31,milk,64054.127782394455,15524.79815897545
ml,2025-10-26,2025-10-31,sugar,3587.034983251749,897.0292337511984
ml,2025-10-26,2025-10-31,tea_leaves,277.7892355934775,79.59107265873743
ml,2025-10-26,2025-11-01,bread,100.065068397446,24.0534208111526
ml,2025-10-26,2025-11-01,chocolate_syrup,1050.0808228511237,245.3832897892216
ml,2025-10-26,2025-11-01,coffee_beans,6910.809198381515,1717.5260668785795
ml,2025-10-26,2025-11-01,croissant_dough,52.98136890720679,15.64354060806166
ml,2025-10-26,2025-11-01,cup_cold,104.91709182345213,26.67830015043048
ml,2025-10-26,2025-11-01,cup_hot,393.2232607054784,96.73837734349868
ml,2025-10-26,2025-11-01,ice,11978.835680529026,3034.451557960884
ml,2025-10-26,2025-11-01,milk,62351.62017591801,15524.79815897545
ml,2025-10-26,2025-11-01,sugar,3571.552962885125,897.0292337511984
ml,2025-10-26,2025-11-01,tea_leaves,318.16151378265147,79.59107265873743
ml,2025-10-26,2025-11-02,bread,106.78295855384977,24.0534208111526
ml,2025-10-26,2025-11-02,chocolate_syrup,1041.446431547727,245.3832897892216
ml,2025-10-26,2025-11-02,coffee_beans,7309.960711724531,1717.5260668785795
ml,2025-10-26,2025-11-02,croissant_dough,56.17163672331819,15.64354060806166
ml,2025-10-26,2025-11-02,cup_cold,110.87267132992652,26.67830015043048
ml,2025-10-26,2025-11-02,cup_hot,402.38276903764046,96.73837734349868
ml,2025-10-26,2025-11-02,ice,12668.28872643066,3034.451557960884
ml,2025-10-26,2025-11-02,milk,63857.78738991504,15524.79815897545
ml,2025-10-26,2025-11-02,sugar,3639.391406293843,897.0292337511984
ml,2025-10-26,2025-11-02,tea_leaves,291.0617112800955,79.59107265873743
ml,2025-10-26,2025-11-03,bread,89.9504459899662,24.0534208111526
ml,2025-10-26,2025-11-03,chocolate_syrup,888.048169199207,245.3832897892216
ml,2025-10-26,2025-11-03,coffee_beans,6009.780516034926,1717.5260668785795
ml,2025-10-26,2025-11-03,croissant_dough,45.83453895992944,15.64354060806166
ml,2025-10-26,2025-11-03,cup_cold,88.12133441255618,26.67830015043048
ml,2025-10-26,2025-11-03,cup_hot,330.99043244760105,96.73837734349868
ml,2025-10-26,2025-11-03,ice,10078.376183604863,3034.451557960884
ml,2025-10-26,2025-11-03,milk,52021.05598946212,15524.79815897545
ml,2025-10-26,2025-11-03,sugar,2926.4357081833195,897.0292337511984
ml,2025-10-26,2025-11-03,tea_leaves,223.6723868334849,79.59107265873743
ml,2025-10-26,2025-11-04,bread,85.4031621631032,24.0534208111526
ml,2025-10-26,2025-11-04,chocolate_syrup,911.1655537882305,245.3832897892216
ml,2025-10-26,2025-11-04,coffee_beans,5362.861423252064,1717.5260668785795
ml,2025-10-26,2025-11-04,croissant_dough,43.74887387300655,15.64354060806166
ml,2025-10-26,2025-11-04,cup_cold,87.07256037277041,26.67830015043048
ml,2025-10-26,2025-11-04,cup_hot,299.05283283524534,96.73837734349868
ml,2025-10-26,2025-11-04,ice,9966.337014398194,3034.451557960884
ml,2025-10-26,2025-11-04,milk,49465.59790464572,15524.79815897545
ml,2025-10-26,2025-11-04,sugar,2817.001041221052,897.0292337511984
ml,2025-10-26,2025-11-04,tea_leaves,232.43401034845752,79.59107265873743
ml,2025-10-26,2025-11-05,bread,76.16823669817731,24.0534208111526
ml,2025-10-26,2025-11-05,chocolate_syrup,851.0429897166032,245.3832897892216
ml,2025-10-26,2025-11-05,coffee_beans,5247.612387067651,1717.5260668785795
ml,2025-10-26,2025-11-05,croissant_dough,39.47841394247687,15.64354060806166
ml,2025-10-26,2025-11-05,cup_cold,92.16648870989025,26.67830015043048
ml,2025-10-26,2025-11-05,cup_hot,280.01963512319486,96.73837734349868
ml,2025-10-26,2025-11-05,ice,10696.265934720732,3034.451557960884
ml,2025-10-26,2025-11-05,milk,47999.19011455809,15524.79815897545
ml,2025-10-26,2025-11-05,sugar,2718.7783351399303,897.0292337511984
ml,2025-10-26,2025-11-05,tea_leaves,210.22709144447327,79.59107265873743
ml,2025-10-26,2025-11-06,bread,82.83276592902497,24.0534208111526
ml,2025-10-26,2025-11-06,chocolate_syrup,1253.7801195274512,245.3832897892216
ml,2025-10-26,2025-11-06,coffee_beans,5427.571276766313,1717.5260668785795
ml,2025-10-26,2025-11-06,croissant_dough,43.21513390026071,15.64354060806166
ml,2025-10-26,2025-11-06,cup_cold,84.75479129410206,26.67830015043048
ml,2025-10-26,2025-11-06,cup_hot,324.5259203657197,96.73837734349868
ml,2025-10-26,2025-11-06,ice,9704.085667035706,3034.451557960884
ml,2025-10-26,2025-11-06,milk,53216.62276513143,15524.79815897545
ml,2025-10-26,2025-11-06,sugar,3001.268527328461,897.0292337511984
ml,2025-10-26,2025-11-06,tea_leaves,265.4326240527636,79.59107265873743
ml,2025-10-26,2025-11-07,bread,86.88570124606741,24.0534208111526
ml,2025-10-26,2025-11-07,chocolate_syrup,956.4270282851382,245.3832897892216
ml,2025-10-26,2025-11-07,coffee_beans,5862.298763468549,1717.5260668785795
ml,2025-10-26,2025-11-07,croissant_dough,45.91034725394435,15.64354060806166
ml,2025-10-26,2025-11-07,cup_cold,92.6519659911877,26.67830015043048
ml,2025-10-26,2025-11-07,cup_hot,327.70546499762446,96.73837734349868
ml,2025-10-26,2025-11-07,ice,10578.916342370654,3034.451557960884
ml,2025-10-26,2025-11-07,milk,53612.57634114571,15524.79815897545
ml,2025-10-26,2025-11-07,sugar,3056.9065405859183,897.0292337511984
ml,2025-10-26,2025-11-07,tea_leaves,252.3992501331317,79.59107265873743
ml,2025-10-26,2025-11-08,bread,94.2152361372287,24.0534208111526
ml,2025-10-26,2025-11-08,chocolate_syrup,1340.34198174885,245.3832897892216
ml,2025-10-26,2025-11-08,coffee_beans,6751.748703853238,1717.5260668785795
ml,2025-10-26,2025-11-08,croissant_dough,53.31922186367765,15.64354060806166
ml,2025-10-26,2025-11-08,cup_cold,114.09353806451988,26.67830015043048
ml,2025-10-26,2025-11-08,cup_hot,372.9427447592707,96.73837734349868
ml,2025-10-26,2025-11-08,ice,13171.866579817131,3034.451557960884
ml,2025-10-26,2025-11-08,milk,63504.6815825305,15524.79815897545
ml,2025-10-26,2025-11-08,sugar,3558.102984246404,897.0292337511984
ml,2025-10-26,2025-11-08,tea_leaves,270.76265336179574,79.59107265873743
ml,2025-10-26,2025-11-09,bread,95.84888918440484,24.0534208111526
ml,2025-10-26,2025-11-09,chocolate_syrup,1022.557848768918,245.3832897892216
ml,2025-10-26,2025-11-09,coffee_beans,6586.012742013834,1717.5260668785795
ml,2025-10-26,2025-11-09,croissant_dough,52.99085897478496,15.64354060806166
ml,2025-10-26,2025-11-09,cup_cold,102.68437368027033,26.67830015043048
ml,2025-10-26,2025-11-09,cup_hot,367.0736458483785,96.73837734349868
ml,2025-10-26,2025-11-09,ice,11754.029109084971,3034.451557960884
ml,2025-10-26,2025-11-09,milk,59891.4022963594,15524.79815897545
ml,2025-10-26,2025-11-09,sugar,3398.418544503025,897.0292337511984
ml,2025-10-26,2025-11-09,tea_leaves,280.4436160988729,79.59107265873743
ml,2025-10-26,2025-11-10,bread,78.8691393425196,24.0534208111526
ml,2025-10-26,2025-11-10,chocolate_syrup,874.6900475242281,245.3832897892216
ml,2025-10-26,2025-11-10,coffee_beans,5590.647979347997,1717.5260668785795
ml,2025-10-26,2025-11-10,croissant_dough,43.15447483306691,15.64354060806166
ml,2025-10-26,2025-11-10,cup_cold,82.73216168864795,26.67830015043048
ml,2025-10-26,2025-11-10,cup_hot,311.93484898625354,96.73837734349868
ml,2025-10-26,2025-11-10,ice,9495.253195102108,3034.451557960884
ml,2025-10-26,2025-11-10,milk,48496.60664253494,15524.79815897545
ml,2025-10-26,2025-11-10,sugar,2735.990517236001,897.0292337511984
ml,2025-10-26,2025-11-10,tea_leaves,220.79788289364672,79.59107265873743
ml,2025-10-26,2025-11-11,bread,84.23530578198087,24.0534208111526
ml,2025-10-26,2025-11-11,chocolate_syrup,936.8130425996028,245.3832897892216
ml,2025-10-26,2025-11-11,coffee_beans,5808.736913196017,1717.5260668785795
ml,2025-10-26,2025-11-11,croissant_dough,46.35538866970143,15.64354060806166
ml,2025-10-26,2025-11-11,cup_cold,89.70169973316817,26.67830015043048
ml,2025-10-26,2025-11-11,cup_hot,324.0437503087716,96.73837734349868
ml,2025-10-26,2025-11-11,ice,10271.692534998134,3034.451557960884
ml,2025-10-26,2025-11-11,milk,52647.25727950777,15524.79815897545
ml,2025-10-26,2025-11-11,sugar,2978.333962793795,897.0292337511984
ml,2025-10-26,2025-11-11,tea_leaves,240.44401169544852,79.59107265873743
manual,2025-11-02,2025-11-02,bread,116.66057142857144,0.0
manual,2025-11-02,2025-11-02,chocolate_syrup,1138.176,0.0
manual,2025-11-02,2025-11-02,coffee_beans,7785.740571428571,0.0
manual,2025-11-02,2025-11-02,croissant_dough,55.357714285714295,0.0
manual,2025-11-02,2025-11-02,cup_cold,108.70914285714284,0.0
manual,2025-11-02,2025-11-02,cup_hot,437.8618285714286,0.0
manual,2025-11-02,2025-11-02,ice,12426.788571428571,0.0
manual,2025-11-02,2025-11-02,milk,69893.28,0.0
manual,2025-11-02,2025-11-02,sugar,3902.7700571428577,0.0
manual,2025-11-02,2025-11-02,tea_leaves,305.8217142857143,0.0
manual,2025-11-02,2025-11-03,bread,116.66057142857144,0.0
manual,2025-11-02,2025-11-03,chocolate_syrup,1138.176,0.0
manual,2025-11-02,2025-11-03,coffee_beans,7785.740571428571,0.0
manual,2025-11-02,2025-11-03,croissant_dough,55.357714285714295,0.0
manual,2025-11-02,2025-11-03,cup_cold,108.70914285714284,0.0
manual,2025-11-02,2025-11-03,cup_hot,437.8618285714286,0.0
manual,2025-11-02,2025-11-03,ice,12426.788571428571,0.0
manual,2025-11-02,2025-11-03,milk,69893.28,0.0
manual,2025-11-02,2025-11-03,sugar,3902.7700571428577,0.0
manual,2025-11-02,2025-11-03,tea_leaves,305.8217142857143,0.0
manual,2025-11-02,2025-11-04,bread,116.66057142857144,0.0
manual,2025-11-02,2025-11-04,chocolate_syrup,1138.176,0.0
manual,2025-11-02,2025-11-04,coffee_beans,7785.740571428571,0.0
manual,2025-11-02,2025-11-04,croissant_dough,55.357714285714295,0.0
manual,2025-11-02,2025-11-04,cup_cold,108.70914285714284,0.0
manual,2025-11-02,2025-11-04,cup_hot,437.8618285714286,0.0
manual,2025-11-02,2025-11-04,ice,12426.788571428571,0.0
manual,2025-11-02,2025-11-04,milk,69893.28,0.0
manual,2025-11-02,2025-11-04,sugar,3902.7700571428577,0.0
manual,2025-11-02,2025-11-04,tea_leaves,305.8217142857143,0.0
manual,2025-11-02,2025-11-05,bread,116.66057142857144,0.0
manual,2025-11-02,2025-11-05,chocolate_syrup,1138.176,0.0
manual,2025-11-02,2025-11-05,coffee_beans,7785.740571428571,0.0
manual,2025-11-02,2025-11-05,croissant_dough,55.357714285714295,0.0
manual,2025-11-02,2025-11-05,cup_cold,108.70914285714284,0.0
manual,2025-11-02,2025-11-05,cup_hot,437.8618285714286,0.0
manual,2025-11-02,2025-11-05,ice,12426.788571428571,0.0
manual,2025-11-02,2025-11-05,milk,69893.28,0.0
manual,2025-11-02,2025-11-05,sugar,3902.7700571428577,0.0
manual,2025-11-02,2025-11-05,tea_leaves,305.8217142857143,0.0
manual,2025-11-02,2025-11-06,bread,116.66057142857144,0.0
manual,2025-11-02,2025-11-06,chocolate_syrup,1138.176,0.0
manual,2025-11-02,2025-11-06,coffee_beans,7785.740571428571,0.0
manual,2025-11-02,2025-11-06,croissant_dough,55.357714285714295,0.0
manual,2025-11-02,2025-11-06,cup_cold,108.70914285714284,0.0
manual,2025-11-02,2025-11-06,cup_hot,437.8618285714286,0.0
manual,2025-11-02,2025-11-06,ice,12426.788571428571,0.0
manual,2025-11-02,2025-11-06,milk,69893.28,0.0
manual,2025-11-02,2025-11-06,sugar,3902.7700571428577,0.0
manual,2025-11-02,2025-11-06,tea_leaves,305.8217142857143,0.0
manual,2025-11-02,2025-11-07,bread,116.66057142857144,0.0
manual,2025-11-02,2025-11-07,chocolate_syrup,1138.176,0.0
manual,2025-11-02,2025-11-07,coffee_beans,7785.740571428571,0.0
manual,2025-11-02,2025-11-07,croissant_dough,55.357714285714295,0.0
manual,2025-11-02,2025-11-07,cup_cold,108.70914285714284,0.0
manual,2025-11-02,2025-11-07,cup_hot,437.8618285714286,0.0
manual,2025-11-02,2025-11-07,ice,12426.788571428571,0.0
manual,2025-11-02,2025-11-07,milk,69893.28,0.0
manual,2025-11-02,2025-11-07,sugar,3902.7700571428577,0.0
manual,2025-11-02,2025-11-07,tea_leaves,305.8217142857143,0.0
manual,2025-11-02,2025-11-08,bread,116.66057142857144,0.0
manual,2025-11-02,2025-11-08,chocolate_syrup,1138.176,0.0
manual,2025-11-02,2025-11-08,coffee_beans,7785.740571428571,0.0
manual,2025-11-02,2025-11-08,croissant_dough,55.357714285714295,0.0
manual,2025-11-02,2025-11-08,cup_cold,108.70914285714284,0.0
manual,2025-11-02,2025-11-08,cup_hot,437.8618285714286,0.0
manual,2025-11-02,2025-11-08,ice,12426.788571428571,0.0
manual,2025-11-02,2025-11-08,milk,69893.28,0.0
manual,2025-11-02,2025-11-08,sugar,3902.7700571428577,0.0
manual,2025-11-02,2025-11-08,tea_leaves,305.8217142857143,0.0
manual,2025-11-02,2025-11-09,bread,116.66057142857144,0.0
manual,2025-11-02,2025-11-09,chocolate_syrup,1138.176,0.0
manual,2025-11-02,2025-11-09,coffee_beans,7785.740571428571,0.0
manual,2025-11-02,2025-11-09,croissant_dough,55.357714285714295,0.0
manual,2025-11-02,2025-11-09,cup_cold,108.70914285714284,0.0
manual,2025-11-02,2025-11-09,cup_hot,437.8618285714286,0.0
manual,2025-11-02,2025-11-09,ice,12426.788571428571,0.0
manual,2025-11-02,2025-11-09,milk,69893.28,0.0
manual,2025-11-02,2025-11-09,sugar,3902.7700571428577,0.0
manual,2025-11-02,2025-11-09,tea_leaves,305.8217142857143,0.0
manual,2025-11-02,2025-11-10,bread,116.66057142857144,0.0
manual,2025-11-02,2025-11-10,chocolate_syrup,1138.176,0.0
manual,2025-11-02,2025-11-10,coffee_beans,7785.740571428571,0.0
manual,2025-11-02,2025-11-10,croissant_dough,55.357714285714295,0.0
manual,2025-11-02,2025-11-10,cup_cold,108.70914285714284,0.0
manual,2025-11-02,2025-11-10,cup_hot,437.8618285714286,0.0
manual,2025-11-02,2025-11-10,ice,12426.788571428571,0.0
manual,2025-11-02,2025-11-10,milk,69893.28,0.0
manual,2025-11-02,2025-11-10,sugar,3902.7700571428577,0.0
manual,2025-11-02,2025-11-10,tea_leaves,305.8217142857143,0.0
manual,2025-11-02,2025-11-11,bread,116.66057142857144,0.0
manual,2025-11-02,2025-11-11,chocolate_syrup,1138.176,0.0
manual,2025-11-02,2025-11-11,coffee_beans,7785.740571428571,0.0
manual,2025-11-02,2025-11-11,croissant_dough,55.357714285714295,0.0
manual,2025-11-02,2025-11-11,cup_cold,108.70914285714284,0.0
manual,2025-11-02,2025-11-11,cup_hot,437.8618285714286,0.0
manual,2025-11-02,2025-11-11,ice,12426.788571428571,0.0
manual,2025-11-02,2025-11-11,milk,69893.28,0.0
manual,2025-11-02,2025-11-11,sugar,3902.7700571428577,0.0
manual,2025-11-02,2025-11-11,tea_leaves,305.8217142857143,0.0
manual,2025-11-02,2025-11-12,bread,116.66057142857144,0.0
manual,2025-11-02,2025-11-12,chocolate_syrup,1138.176,0.0
manual,2025-11-02,2025-11-12,coffee_beans,7785.740571428571,0.0
manual,2025-11-02,2025-11-12,croissant_dough,55.357714285714295,0.0
manual,2025-11-02,2025-11-12,cup_cold,108.70914285714284,0.0
manual,2025-11-02,2025-11-12,cup_hot,437.8618285714286,0.0
manual,2025-11-02,2025-11-12,ice,12426.788571428571,0.0
manual,2025-11-02,2025-11-12,milk,69893.28,0.0
manual,2025-11-02,2025-11-12,sugar,3902.7700571428577,0.0
manual,2025-11-02,2025-11-12,tea_leaves,305.8217142857143,0.0
manual,2025-11-02,2025-11-13,bread,116.66057142857144,0.0
manual,2025-11-02,2025-11-13,chocolate_syrup,1138.176,0.0
manual,2025-11-02,2025-11-13,coffee_beans,7785.740571428571,0.0
manual,2025-11-02,2025-11-13,croissant_dough,55.357714285714295,0.0
manual,2025-11-02,2025-11-13,cup_cold,108.70914285714284,0.0
manual,2025-11-02,2025-11-13,cup_hot,437.8618285714286,0.0
manual,2025-11-02,2025-11-13,ice,12426.788571428571,0.0
manual,2025-11-02,2025-11-13,milk,69893.28,0.0
manual,2025-11-02,2025-11-13,sugar,3902.7700571428577,0.0
manual,2025-11-02,2025-11-13,tea_leaves,305.8217142857143,0.0
manual,2025-11-02,2025-11-14,bread,116.66057142857144,0.0
manual,2025-11-02,2025-11-14,chocolate_syrup,1138.176,0.0
manual,2025-11-02,2025-11-14,coffee_beans,7785.740571428571,0.0
manual,2025-11-02,2025-11-14,croissant_dough,55.357714285714295,0.0
manual,2025-11-02,2025-11-14,cup_cold,108.70914285714284,0.0
manual,2025-11-02,2025-11-14,cup_hot,437.8618285714286,0.0
manual,2025-11-02,2025-11-14,ice,12426.788571428571,0.0
manual,2025-11-02,2025-11-14,milk,69893.28,0.0
manual,2025-11-02,2025-11-14,sugar,3902.7700571428577,0.0
manual,2025-11-02,2025-11-14,tea_leaves,305.8217142857143,0.0
manual,2025-11-02,2025-11-15,bread,116.66057142857144,0.0
manual,2025-11-02,2025-11-15,chocolate_syrup,1138.176,0.0
manual,2025-11-02,2025-11-15,coffee_beans,7785.740571428571,0.0
manual,2025-11-02,2025-11-15,croissant_dough,55.357714285714295,0.0
manual,2025-11-02,2025-11-15,cup_cold,108.70914285714284,0.0
manual,2025-11-02,2025-11-15,cup_hot,437.8618285714286,0.0
manual,2025-11-02,2025-11-15,ice,12426.788571428571,0.0
manual,2025-11-02,2025-11-15,milk,69893.28,0.0
manual,2025-11-02,2025-11-15,sugar,3902.7700571428577,0.0
manual,2025-11-02,2025-11-15,tea_leaves,305.8217142857143,0.0
manual,2025-11-02,2025-11-16,bread,116.66057142857144,0.0
manual,2025-11-02,2025-11-16,chocolate_syrup,1138.176,0.0
manual,2025-11-02,2025-11-16,coffee_beans,7785.740571428571,0.0
manual,2025-11-02,2025-11-16,croissant_dough,55.357714285714295,0.0
manual,2025-11-02,2025-11-16,cup_cold,108.70914285714284,0.0
manual,2025-11-02,2025-11-16,cup_hot,437.8618285714286,0.0
manual,2025-11-02,2025-11-16,ice,12426.788571428571,0.0
manual,2025-11-02,2025-11-16,milk,69893.28,0.0
manual,2025-11-02,2025-11-16,sugar,3902.7700571428577,0.0
manual,2025-11-02,2025-11-16,tea_leaves,305.8217142857143,0.0
manual,2025-11-02,2025-11-17,bread,116.66057142857144,0.0
manual,2025-11-02,2025-11-17,chocolate_syrup,1138.176,0.0
manual,2025-11-02,2025-11-17,coffee_beans,7785.740571428571,0.0
manual,2025-11-02,2025-11-17,croissant_dough,55.357714285714295,0.0
manual,2025-11-02,2025-11-17,cup_cold,108.70914285714284,0.0
manual,2025-11-02,2025-11-17,cup_hot,437.8618285714286,0.0
manual,2025-11-02,2025-11-17,ice,12426.788571428571,0.0
manual,2025-11-02,2025-11-17,milk,69893.28,0.0
manual,2025-11-02,2025-11-17,sugar,3902.7700571428577,0.0
manual,2025-11-02,2025-11-17,tea_leaves,305.8217142857143,0.0
manual,2025-11-02,2025-11-18,bread,116.66057142857144,0.0
manual,2025-11-02,2025-11-18,chocolate_syrup,1138.176,0.0
manual,2025-11-02,2025-11-18,coffee_beans,7785.740571428571,0.0
manual,2025-11-02,2025-11-18,croissant_dough,55.357714285714295,0.0
manual,2025-11-02,2025-11-18,cup_cold,108.70914285714284,0.0
manual,2025-11-02,2025-11-18,cup_hot,437.8618285714286,0.0
manual,2025-11-02,2025-11-18,ice,12426.78857142857,0.0
manual,2025-11-02,2025-11-18,milk,69893.28,0.0
manual,2025-11-02,2025-11-18,sugar,3902.770057142857,0.0
manual,2025-11-02,2025-11-18,tea_leaves,305.8217142857143,0.0
seasonal_naive,2025-11-02,2025-11-02,bread,103.88,37.545783333869146
seasonal_naive,2025-11-02,2025-11-02,chocolate_syrup,904.8,371.33747454303614
seasonal_naive,2025-11-02,2025-11-02,coffee_beans,6878.34,1438.2449163033837
seasonal_naive,2025-11-02,2025-11-02,croissant_dough,49.68000000000001,14.907637396557938
seasonal_naive,2025-11-02,2025-11-02,cup_cold,120.51,19.302782353676545
seasonal_naive,2025-11-02,2025-11-02,cup_hot,348.14,89.37678538292042
seasonal_naive,2025-11-02,2025-11-02,ice,13694.4,2234.3121947785776
seasonal_naive,2025-11-02,2025-11-02,milk,62002.5,11573.079039803471
seasonal_naive,2025-11-02,2025-11-02,sugar,3522.6,655.132409092968
seasonal_naive,2025-11-02,2025-11-02,tea_leaves,226.6,103.61525692740364
seasonal_naive,2025-11-02,2025-11-03,bread,106.0,37.545783333869146
seasonal_naive,2025-11-02,2025-11-03,chocolate_syrup,967.2,371.33747454303614
seasonal_naive,2025-11-02,2025-11-03,coffee_beans,5228.279999999999,1438.2449163033837
seasonal_naive,2025-11-02,2025-11-03,croissant_dough,46.440000000000005,14.907637396557938
seasonal_naive,2025-11-02,2025-11-03,cup_cold,62.83,19.302782353676545
seasonal_naive,2025-11-02,2025-11-03,cup_hot,335.78000000000003,89.37678538292042
seasonal_naive,2025-11-02,2025-11-03,ice,7236.000000000001,2234.3121947785776
seasonal_naive,2025-11-02,2025-11-03,milk,49213.5,11573.079039803471
seasonal_naive,2025-11-02,2025-11-03,sugar,2827.3500000000004,655.132409092968
seasonal_naive,2025-11-02,2025-11-03,tea_leaves,304.88,103.61525692740364
seasonal_naive,2025-11-02,2025-11-04,bread,97.52,37.545783333869146
seasonal_naive,2025-11-02,2025-11-04,chocolate_syrup,948.48,371.33747454303614
seasonal_naive,2025-11-02,2025-11-04,coffee_beans,4783.32,1438.2449163033837
seasonal_naive,2025-11-02,2025-11-04,croissant_dough,43.2,14.907637396557938
seasonal_naive,2025-11-02,2025-11-04,cup_cold,53.56,19.302782353676545
seasonal_naive,2025-11-02,2025-11-04,cup_hot,314.562,89.37678538292042
seasonal_naive,2025-11-02,2025-11-04,ice,5918.400000000001,2234.3121947785776
seasonal_naive,2025-11-02,2025-11-04,milk,41115.9,11573.079039803471
seasonal_naive,2025-11-02,2025-11-04,sugar,2442.336,655.132409092968
seasonal_naive,2025-11-02,2025-11-04,tea_leaves,284.28000000000003,103.61525692740364
seasonal_naive,2025-11-02,2025-11-05,bread,82.68,37.545783333869146
seasonal_naive,2025-11-02,2025-11-05,chocolate_syrup,717.6,371.33747454303614
seasonal_naive,2025-11-02,2025-11-05,coffee_beans,6118.2,1438.2449163033837
seasonal_naive,2025-11-02,2025-11-05,croissant_dough,36.72,14.907637396557938
seasonal_naive,2025-11-02,2025-11-05,cup_cold,75.19,19.302782353676545
seasonal_naive,2025-11-02,2025-11-05,cup_hot,326.51,89.37678538292042
seasonal_naive,2025-11-02,2025-11-05,ice,8769.6,2234.3121947785776
seasonal_naive,2025-11-02,2025-11-05,milk,49864.5,11573.079039803471
seasonal_naive,2025-11-02,2025-11-05,sugar,2624.44,655.132409092968
seasonal_naive,2025-11-02,2025-11-05,tea_leaves,152.44,103.61525692740364
seasonal_naive,2025-11-02,2025-11-06,bread,86.92,37.545783333869146
seasonal_naive,2025-11-02,2025-11-06,chocolate_syrup,842.4000000000001,371.33747454303614
seasonal_naive,2025-11-02,2025-11-06,coffee_beans,6556.9800000000005,1438.2449163033837
seasonal_naive,2025-11-02,2025-11-06,croissant_dough,46.440000000000005,14.907637396557938
seasonal_naive,2025-11-02,2025-11-06,cup_cold,83.08666666666667,19.302782353676545
seasonal_naive,2025-11-02,2025-11-06,cup_hot,375.95,89.37678538292042
seasonal_naive,2025-11-02,2025-11-06,ice,9568.8,2234.3121947785776
seasonal_naive,2025-11-02,2025-11-06,milk,56416.5,11573.079039803471
seasonal_naive,2025-11-02,2025-11-06,sugar,3137.036666666667,655.132409092968
seasonal_naive,2025-11-02,2025-11-06,tea_leaves,267.8,103.61525692740364
seasonal_naive,2025-11-02,2025-11-07,bread,86.92,37.545783333869146
seasonal_naive,2025-11-02,2025-11-07,chocolate_syrup,948.48,371.33747454303614
seasonal_naive,2025-11-02,2025-11-07,coffee_beans,7378.919999999999,1438.2449163033837
seasonal_naive,2025-11-02,2025-11-07,croissant_dough,46.440000000000005,14.907637396557938
seasonal_naive,2025-11-02,2025-11-07,cup_cold,130.81,19.302782353676545
seasonal_naive,2025-11-02,2025-11-07,cup_hot,360.912,89.37678538292042
seasonal_naive,2025-11-02,2025-11-07,ice,15120.000000000002,2234.3121947785776
seasonal_naive,2025-11-02,2025-11-07,milk,68447.4,11573.079039803471
seasonal_naive,2025-11-02,2025-11-07,sugar,3775.156,655.132409092968
seasonal_naive,2025-11-02,2025-11-07,tea_leaves,201.88,103.61525692740364
seasonal_naive,2025-11-02,2025-11-08,bread,116.6,37.545783333869146
seasonal_naive,2025-11-02,2025-11-08,chocolate_syrup,1310.4,371.33747454303614
seasonal_naive,2025-11-02,2025-11-08,coffee_beans,8472.78,1438.2449163033837
seasonal_naive,2025-11-02,2025-11-08,croissant_dough,54.0,14.907637396557938
seasonal_naive,2025-11-02,2025-11-08,cup_cold,108.15,19.302782353676545
seasonal_naive,2025-11-02,2025-11-08,cup_hot,492.34,89.37678538292042
seasonal_naive,2025-11-02,2025-11-08,ice,12182.4,2234.3121947785776
seasonal_naive,2025-11-02,2025-11-08,milk,80650.5,11573.079039803471
seasonal_naive,2025-11-02,2025-11-08,sugar,4437.24,655.132409092968
seasonal_naive,2025-11-02,2025-11-08,tea_leaves,346.08,103.61525692740364
seasonal_naive,2025-11-02,2025-11-09,bread,103.88,37.545783333869146
seasonal_naive,2025-11-02,2025-11-09,chocolate_syrup,904.8,371.33747454303614
seasonal_naive,2025-11-02,2025-11-09,coffee_beans,6878.34,1438.2449163033837
seasonal_naive,2025-11-02,2025-11-09,croissant_dough,49.68000000000001,14.907637396557938
seasonal_naive,2025-11-02,2025-11-09,cup_cold,120.51,19.302782353676545
seasonal_naive,2025-11-02,2025-11-09,cup_hot,348.14,89.37678538292042
seasonal_naive,2025-11-02,2025-11-09,ice,13694.4,2234.3121947785776
seasonal_naive,2025-11-02,2025-11-09,milk,62002.5,11573.079039803471
seasonal_naive,2025-11-02,2025-11-09,sugar,3522.6,655.132409092968
seasonal_naive,2025-11-02,2025-11-09,tea_leaves,226.6,103.61525692740364
seasonal_naive,2025-11-02,2025-11-10,bread,106.0,37.545783333869146
seasonal_naive,2025-11-02,2025-11-10,chocolate_syrup,967.2,371.33747454303614
seasonal_naive,2025-11-02,2025-11-10,coffee_beans,5228.279999999999,1438.2449163033837
seasonal_naive,2025-11-02,2025-11-10,croissant_dough,46.440000000000005,14.907637396557938
seasonal_naive,2025-11-02,2025-11-10,cup_cold,62.83,19.302782353676545
seasonal_naive,2025-11-02,2025-11-10,cup_hot,335.78000000000003,89.37678538292042
seasonal_naive,2025-11-02,2025-11-10,ice,7236.000000000001,2234.3121947785776
seasonal_naive,2025-11-02,2025-11-10,milk,49213.5,11573.079039803471
seasonal_naive,2025-11-02,2025-11-10,sugar,2827.3500000000004,655.132409092968
seasonal_naive,2025-11-02,2025-11-10,tea_leaves,304.88,103.61525692740364
seasonal_naive,2025-11-02,2025-11-11,bread,97.52,37.545783333869146
seasonal_naive,2025-11-02,2025-11-11,chocolate_syrup,948.48,371.33747454303614
seasonal_naive,2025-11-02,2025-11-11,coffee_beans,4783.32,1438.2449163033837
seasonal_naive,2025-11-02,2025-11-11,croissant_dough,43.2,14.907637396557938
seasonal_naive,2025-11-02,2025-11-11,cup_cold,53.56,19.302782353676545
seasonal_naive,2025-11-02,2025-11-11,cup_hot,314.562,89.37678538292042
seasonal_naive,2025-11-02,2025-11-11,ice,5918.400000000001,2234.3121947785776
seasonal_naive,2025-11-02,2025-11-11,milk,41115.9,11573.079039803471
seasonal_naive,2025-11-02,2025-11-11,sugar,2442.336,655.132409092968
seasonal_naive,2025-11-02,2025-11-11,tea_leaves,284.28000000000003,103.61525692740364
seasonal_naive,2025-11-02,2025-11-12,bread,82.68,37.545783333869146
seasonal_naive,2025-11-02,2025-11-12,chocolate_syrup,717.6,371.33747454303614
seasonal_naive,2025-11-02,2025-11-12,coffee_beans,6118.2,1438.2449163033837
seasonal_naive,2025-11-02,2025-11-12,croissant_dough,36.72,14.907637396557938
seasonal_naive,2025-11-02,2025-11-12,cup_cold,75.19,19.302782353676545
seasonal_naive,2025-11-02,2025-11-12,cup_hot,326.51,89.37678538292042
seasonal_naive,2025-11-02,2025-11-12,ice,8769.6,2234.3121947785776
seasonal_naive,2025-11-02,2025-11-12,milk,49864.5,11573.079039803471
seasonal_naive,2025-11-02,2025-11-12,sugar,2624.44,655.132409092968
seasonal_naive,2025-11-02,2025-11-12,tea_leaves,152.44,103.61525692740364
seasonal_naive,2025-11-02,2025-11-13,bread,86.92,37.545783333869146
seasonal_naive,2025-11-02,2025-11-13,chocolate_syrup,842.4000000000001,371.33747454303614
seasonal_naive,2025-11-02,2025-11-13,coffee_beans,6556.9800000000005,1438.2449163033837
seasonal_naive,2025-11-02,2025-11-13,croissant_dough,46.440000000000005,14.907637396557938
seasonal_naive,2025-11-02,2025-11-13,cup_cold,83.08666666666667,19.302782353676545
seasonal_naive,2025-11-02,2025-11-13,cup_hot,375.95,89.37678538292042
seasonal_naive,2025-11-02,2025-11-13,ice,9568.8,2234.3121947785776
seasonal_naive,2025-11-02,2025-11-13,milk,56416.5,11573.079039803471
seasonal_naive,2025-11-02,2025-11-13,sugar,3137.036666666667,655.132409092968
seasonal_naive,2025-11-02,2025-11-13,tea_leaves,267.8,103.61525692740364
seasonal_naive,2025-11-02,2025-11-14,bread,86.92,37.545783333869146
seasonal_naive,2025-11-02,2025-11-14,chocolate_syrup,948.48,371.33747454303614
seasonal_naive,2025-11-02,2025-11-14,coffee_beans,7378.919999999999,1438.2449163033837
seasonal_naive,2025-11-02,2025-11-14,croissant_dough,46.440000000000005,14.907637396557938
seasonal_naive,2025-11-02,2025-11-14,cup_cold,130.81,19.302782353676545
seasonal_naive,2025-11-02,2025-11-14,cup_hot,360.912,89.37678538292042
seasonal_naive,2025-11-02,2025-11-14,ice,15120.000000000002,2234.3121947785776
seasonal_naive,2025-11-02,2025-11-14,milk,68447.4,11573.079039803471
seasonal_naive,2025-11-02,2025-11-14,sugar,3775.156,655.132409092968
seasonal_naive,2025-11-02,2025-11-14,tea_leaves,201.88,103.61525692740364
seasonal_naive,2025-11-02,2025-11-15,bread,116.6,37.545783333869146
seasonal_naive,2025-11-02,2025-11-15,chocolate_syrup,1310.4,371.33747454303614
seasonal_naive,2025-11-02,2025-11-15,coffee_beans,8472.78,1438.2449163033837
seasonal_naive,2025-11-02,2025-11-15,croissant_dough,54.0,14.907637396557938
seasonal_naive,2025-11-02,2025-11-15,cup_cold,108.15,19.302782353676545
seasonal_naive,2025-11-02,2025-11-15,cup_hot,492.34,89.37678538292042
seasonal_naive,2025-11-02,2025-11-15,ice,12182.4,2234.3121947785776
seasonal_naive,2025-11-02,2025-11-15,milk,80650.5,11573.079039803471
seasonal_naive,2025-11-02,2025-11-15,sugar,4437.24,655.132409092968
seasonal_naive,2025-11-02,2025-11-15,tea_leaves,346.08,103.61525692740364
seasonal_naive,2025-11-02,2025-11-16,bread,103.88,37.545783333869146
seasonal_naive,2025-11-02,2025-11-16,chocolate_syrup,904.8,371.33747454303614
seasonal_naive,2025-11-02,2025-11-16,coffee_beans,6878.34,1438.2449163033837
seasonal_naive,2025-11-02,2025-11-16,croissant_dough,49.68000000000001,14.907637396557938
seasonal_naive,2025-11-02,2025-11-16,cup_cold,120.51,19.302782353676545
seasonal_naive,2025-11-02,2025-11-16,cup_hot,348.14,89.37678538292042
seasonal_naive,2025-11-02,2025-11-16,ice,13694.4,2234.3121947785776
seasonal_naive,2025-11-02,2025-11-16,milk,62002.5,11573.079039803471
seasonal_naive,2025-11-02,2025-11-16,sugar,3522.6,655.132409092968
seasonal_naive,2025-11-02,2025-11-16,tea_leaves,226.6,103.61525692740364
seasonal_naive,2025-11-02,2025-11-17,bread,106.0,37.545783333869146
seasonal_naive,2025-11-02,2025-11-17,chocolate_syrup,967.2,371.33747454303614
seasonal_naive,2025-11-02,2025-11-17,coffee_beans,5228.279999999999,1438.2449163033837
seasonal_naive,2025-11-02,2025-11-17,croissant_dough,46.440000000000005,14.907637396557938
seasonal_naive,2025-11-02,2025-11-17,cup_cold,62.83,19.302782353676545
seasonal_naive,2025-11-02,2025-11-17,cup_hot,335.78000000000003,89.37678538292042
seasonal_naive,2025-11-02,2025-11-17,ice,7236.000000000001,2234.3121947785776
seasonal_naive,2025-11-02,2025-11-17,milk,49213.5,11573.079039803471
seasonal_naive,2025-11-02,2025-11-17,sugar,2827.3500000000004,655.132409092968
seasonal_naive,2025-11-02,2025-11-17,tea_leaves,304.88,103.61525692740364
seasonal_naive,2025-11-02,2025-11-18,bread,97.52,37.545783333869146
seasonal_naive,2025-11-02,2025-11-18,chocolate_syrup,948.48,371.33747454303614
seasonal_naive,2025-11-02,2025-11-18,coffee_beans,4783.32,1438.2449163033837
seasonal_naive,2025-11-02,2025-11-18,croissant_dough,43.2,14.907637396557938
seasonal_naive,2025-11-02,2025-11-18,cup_cold,53.56,19.302782353676545
seasonal_naive,2025-11-02,2025-11-18,cup_hot,314.562,89.37678538292042
seasonal_naive,2025-11-02,2025-11-18,ice,5918.400000000001,2234.3121947785776
seasonal_naive,2025-11-02,2025-11-18,milk,41115.9,11573.079039803471
seasonal_naive,2025-11-02,2025-11-18,sugar,2442.336,655.132409092968
seasonal_naive,2025-11-02,2025-11-18,tea_leaves,284.28000000000003,103.61525692740364
ml,2025-11-02,2025-11-02,bread,107.62412393735649,29.80472790116404
ml,2025-11-02,2025-11-02,chocolate_syrup,1039.763821349703,246.02570054740616
ml,2025-11-02,2025-11-02,coffee_beans,7294.726568412202,1714.3706581902304
ml,2025-11-02,2025-11-02,croissant_dough,52.64683197056609,12.962805370364094
ml,2025-11-02,2025-11-02,cup_cold,108.80775891347064,28.028947677406823
ml,2025-11-02,2025-11-02,cup_hot,404.1392011717357,94.05081929522082
ml,2025-11-02,2025-11-02,ice,12416.93683611021,3192.066797754177
ml,2025-11-02,2025-11-02,milk,63312.12321759623,15496.04681241453
ml,2025-11-02,2025-11-02,sugar,3608.5820591680113,894.7569849182188
ml,2025-11-02,2025-11-02,tea_leaves,293.4353461650119,74.85980134005408
ml,2025-11-02,2025-11-03,bread,91.5485899976434,29.80472790116404
ml,2025-11-02,2025-11-03,chocolate_syrup,885.5551549515303,246.02570054740616
ml,2025-11-02,2025-11-03,coffee_beans,5996.42197451135,1714.3706581902304
ml,2025-11-02,2025-11-03,croissant_dough,45.84733968091895,12.962805370364094
ml,2025-11-02,2025-11-03,cup_cold,83.91212746322431,28.028947677406823
ml,2025-11-02,2025-11-03,cup_hot,333.96984958216615,94.05081929522082
ml,2025-11-02,2025-11-03,ice,9601.771463878851,3192.066797754177
ml,2025-11-02,2025-11-03,milk,51626.9638943398,15496.04681241453
ml,2025-11-02,2025-11-03,sugar,2886.3786148155727,894.7569849182188
ml,2025-11-02,2025-11-03,tea_leaves,222.0509980850126,74.85980134005408
ml,2025-11-02,2025-11-04,bread,86.5261439152537,29.80472790116404
ml,2025-11-02,2025-11-04,chocolate_syrup,885.1926372486788,246.02570054740616
ml,2025-11-02,2025-11-04,coffee_beans,5423.071833766939,1714.3706581902304
ml,2025-11-02,2025-11-04,croissant_dough,43.49580816759052,12.962805370364094
ml,2025-11-02,2025-11-04,cup_cold,84.13398888153336,28.028947677406823
ml,2025-11-02,2025-11-04,cup_hot,305.17181962344955,94.05081929522082
ml,2025-11-02,2025-11-04,ice,9644.410278971414,3192.066797754177
ml,2025-11-02,2025-11-04,milk,49884.84192942231,15496.04681241453
ml,2025-11-02,2025-11-04,sugar,2821.3415423190604,894.7569849182188
ml,2025-11-02,2025-11-04,tea_leaves,235.2053372384572,74.85980134005408
ml,2025-11-02,2025-11-05,bread,77.88071391495363,29.80472790116404
ml,2025-11-02,2025-11-05,chocolate_syrup,831.4695384137863,246.02570054740616
ml,2025-11-02,2025-11-05,coffee_beans,5328.134060371248,1714.3706581902304
ml,2025-11-02,2025-11-05,croissant_dough,39.411416435136864,12.962805370364094
ml,2025-11-02,2025-11-05,cup_cold,92.27520124552444,28.028947677406823
ml,2025-11-02,2025-11-05,cup_hot,285.92217492003783,94.05081929522082
ml,2025-11-02,2025-11-05,ice,10753.909783501356,3192.066797754177
ml,2025-11-02,2025-11-05,milk,49097.597888743934,15496.04681241453
ml,2025-11-02,2025-11-05,sugar,2768.339704568816,894.7569849182188
ml,2025-11-02,2025-11-05,tea_leaves,218.9630949345101,74.85980134005408
ml,2025-11-02,2025-11-06,bread,83.85757579700842,29.80472790116404
ml,2025-11-02,2025-11-06,chocolate_syrup,1182.3943557594434,246.02570054740616
ml,2025-11-02,2025-11-06,coffee_beans,5474.851508904935,1714.3706581902304
ml,2025-11-02,2025-11-06,croissant_dough,42.9924258257578,12.962805370364094
ml,2025-11-02,2025-11-06,cup_cold,83.97507426304982,28.028947677406823
ml,2025-11-02,2025-11-06,cup_hot,325.9909790430658,94.05081929522082
ml,2025-11-02,2025-11-06,ice,9651.685788506762,3192.066797754177
ml,2025-11-02,2025-11-06,milk,53210.55317230874,15496.04681241453
ml,2025-11-02,2025-11-06,sugar,2993.975175251926,894.7569849182188
ml,2025-11-02,2025-11-06,tea_leaves,267.0938540106869,74.85980134005408
ml,2025-11-02,2025-11-07,bread,88.18016060396307,29.80472790116404
ml,2025-11-02,2025-11-07,chocolate_syrup,922.3393821444804,246.02570054740616
ml,2025-11-02,2025-11-07,coffee_beans,5796.681006140424,1714.3706581902304
ml,2025-11-02,2025-11-07,croissant_dough,46.2539959325774,12.962805370364094
ml,2025-11-02,2025-11-07,cup_cold,91.5931814513361,28.028947677406823
ml,2025-11-02,2025-11-07,cup_hot,323.6656857816229,94.05081929522082
ml,2025-11-02,2025-11-07,ice,10507.920225697411,3192.066797754177
ml,2025-11-02,2025-11-07,milk,52572.49468849944,15496.04681241453
ml,2025-11-02,2025-11-07,sugar,2997.2559925728865,894.7569849182188
ml,2025-11-02,2025-11-07,tea_leaves,251.0880363353982,74.85980134005408
ml,2025-11-02,2025-11-08,bread,96.3961806865218,29.80472790116404
ml,2025-11-02,2025-11-08,chocolate_syrup,1283.8227619290662,246.02570054740616
ml,2025-11-02,2025-11-08,coffee_beans,6562.52984292151,1714.3706581902304
ml,2025-11-02,2025-11-08,croissant_dough,50.65607764947861,12.962805370364094
ml,2025-11-02,2025-11-08,cup_cold,112.57617683097912,28.028947677406823
ml,2025-11-02,2025-11-08,cup_hot,361.1233121950645,94.05081929522082
ml,2025-11-02,2025-11-08,ice,13030.075366799783,3192.066797754177
ml,2025-11-02,2025-11-08,milk,61277.99487184736,15496.04681241453
ml,2025-11-02,2025-11-08,sugar,3448.611918154982,894.7569849182188
ml,2025-11-02,2025-11-08,tea_leaves,266.9275493711541,74.85980134005408
ml,2025-11-02,2025-11-09,bread,96.95340116934452,29.80472790116404
ml,2025-11-02,2025-11-09,chocolate_syrup,1018.884773315482,246.02570054740616
ml,2025-11-02,2025-11-09,coffee_beans,6539.469282204248,1714.3706581902304
ml,2025-11-02,2025-11-09,croissant_dough,50.32771476058591,12.962805370364094
ml,2025-11-02,2025-11-09,cup_cold,103.5262998243789,28.028947677406823
ml,2025-11-02,2025-11-09,cup_hot,363.2153482153904,94.05081929522082
ml,2025-11-02,2025-11-09,ice,11889.688483110773,3192.066797754177
ml,2025-11-02,2025-11-09,milk,59736.640309243216,15496.04681241453
ml,2025-11-02,2025-11-09,sugar,3387.564391326523,894.7569849182188
ml,2025-11-02,2025-11-09,tea_leaves,279.20615553484896,74.85980134005408
ml,2025-11-02,2025-11-10,bread,84.10620234599901,29.80472790116404
ml,2025-11-02,2025-11-10,chocolate_syrup,860.9126959409068,246.02570054740616
ml,2025-11-02,2025-11-10,coffee_beans,5587.453185724906,1714.3706581902304
ml,2025-11-02,2025-11-10,croissant_dough,42.255126230097446,12.962805370364094
ml,2025-11-02,2025-11-10,cup_cold,82.83499056605508,28.028947677406823
ml,2025-11-02,2025-11-10,cup_hot,311.1438850948148,94.05081929522082
ml,2025-11-02,2025-11-10,ice,9528.193393944064,3192.066797754177
ml,2025-11-02,2025-11-10,milk,48317.15423975117,15496.04681241453
ml,2025-11-02,2025-11-10,sugar,2724.4439493161426,894.7569849182188
ml,2025-11-02,2025-11-10,tea_leaves,220.5746139158336,74.85980134005408
ml,2025-11-02,2025-11-11,bread,86.23193253391132,29.80472790116404
ml,2025-11-02,2025-11-11,chocolate_syrup,933.2541323669408,246.02570054740616
ml,2025-11-02,2025-11-11,coffee_beans,5806.860983110899,1714.3706581902304
ml,2025-11-02,2025-11-11,croissant_dough,44.64609298542331,12.962805370364094
ml,2025-11-02,2025-11-11,cup_cold,88.65422932020704,28.028947677406823
ml,2025-11-02,2025-11-11,cup_hot,325.0635390826389,94.05081929522082
ml,2025-11-02,2025-11-11,ice,10193.37303298413,3192.066797754177
ml,2025-11-02,2025-11-11,milk,52468.45465130579,15496.04681241453
ml,2025-11-02,2025-11-11,sugar,2960.039630582061,894.7569849182188
ml,2025-11-02,2025-11-11,tea_leaves,241.2201171502504,74.85980134005408
ml,2025-11-02,2025-11-12,bread,85.83824751916792,29.80472790116404
ml,2025-11-02,2025-11-12,chocolate_syrup,961.1256345662111,246.02570054740616
ml,2025-11-02,2025-11-12,coffee_beans,5679.563363148242,1714.3706581902304
ml,2025-11-02,2025-11-12,croissant_dough,44.60375296209678,12.962805370364094
ml,2025-11-02,2025-11-12,cup_cold,89.57986268823386,28.028947677406823
ml,2025-11-02,2025-11-12,cup_hot,315.7467202367976,94.05081929522082
ml,2025-11-02,2025-11-12,ice,10308.699529656871,3192.066797754177
ml,2025-11-02,2025-11-12,milk,52389.00443131089,15496.04681241453
ml,2025-11-02,2025-11-12,sugar,2946.5348613371743,894.7569849182188
ml,2025-11-02,2025-11-12,tea_leaves,232.2632676325848,74.85980134005408
ml,2025-11-02,2025-11-13,bread,91.3329401581467,29.80472790116404
ml,2025-11-02,2025-11-13,chocolate_syrup,981.8076004431666,246.02570054740616
ml,2025-11-02,2025-11-13,coffee_beans,5907.6888574917375,1714.3706581902304
ml,2025-11-02,2025-11-13,croissant_dough,46.99563873625723,12.962805370364094
ml,2025-11-02,2025-11-13,cup_cold,93.88867866756247,28.028947677406823
ml,2025-11-02,2025-11-13,cup_hot,339.97484939398635,94.05081929522082
ml,2025-11-02,2025-11-13,ice,10795.134859331343,3192.066797754177
ml,2025-11-02,2025-11-13,milk,55230.34381341352,15496.04681241453
ml,2025-11-02,2025-11-13,sugar,3168.4834880724866,894.7569849182188
ml,2025-11-02,2025-11-13,tea_leaves,292.9854137707075,74.85980134005408
ml,2025-11-02,2025-11-14,bread,94.00331987607422,29.80472790116404
ml,2025-11-02,2025-11-14,chocolate_syrup,1006.5566491767812,246.02570054740616
ml,2025-11-02,2025-11-14,coffee_beans,6564.0983689333225,1714.3706581902304
ml,2025-11-02,2025-11-14,croissant_dough,49.63201102192057,12.962805370364094
ml,2025-11-02,2025-11-14,cup_cold,111.0868095961066,28.028947677406823
ml,2025-11-02,2025-11-14,cup_hot,351.3934824098783,94.05081929522082
ml,2025-11-02,2025-11-14,ice,12654.728124684088,3192.066797754177
ml,2025-11-02,2025-11-14,milk,59604.8088083968,15496.04681241453
ml,2025-11-02,2025-11-14,sugar,3405.125314913496,894.7569849182188
ml,2025-11-02,2025-11-14,tea_leaves,258.3155456132757,74.85980134005408
ml,2025-11-02,2025-11-15,bread,103.69965343635732,29.80472790116404
ml,2025-11-02,2025-11-15,chocolate_syrup,1108.0627912718935,246.02570054740616
ml,2025-11-02,2025-11-15,coffee_beans,6976.809695118611,1714.3706581902304
ml,2025-11-02,2025-11-15,croissant_dough,54.22573427825089,12.962805370364094
ml,2025-11-02,2025-11-15,cup_cold,110.69473293174332,28.028947677406823
ml,2025-11-02,2025-11-15,cup_hot,388.50410092189634,94.05081929522082
ml,2025-11-02,2025-11-15,ice,12698.314253693045,3192.066797754177
ml,2025-11-02,2025-11-15,milk,64572.85413868765,15496.04681241453
ml,2025-11-02,2025-11-15,sugar,3654.3997106867946,894.7569849182188
ml,2025-11-02,2025-11-15,tea_leaves,300.0720687629806,74.85980134005408
ml,2025-11-02,2025-11-16,bread,102.2791564260294,29.80472790116404
ml,2025-11-02,2025-11-16,chocolate_syrup,1071.0215085959703,246.02570054740616
ml,2025-11-02,2025-11-16,coffee_beans,6953.942650805078,1714.3706581902304
ml,2025-11-02,2025-11-16,croissant_dough,52.99163177571857,12.962805370364094
ml,2025-11-02,2025-11-16,cup_cold,108.85967842479594,28.028947677406823
ml,2025-11-02,2025-11-16,cup_hot,386.9084510747831,94.05081929522082
ml,2025-11-02,2025-11-16,ice,12509.545256788975,3192.066797754177
ml,2025-11-02,2025-11-16,milk,61412.13733424988,15496.04681241453
ml,2025-11-02,2025-11-16,sugar,3511.562920998594,894.7569849182188
ml,2025-11-02,2025-11-16,tea_leaves,296.32216561592514,74.85980134005408
ml,2025-11-02,2025-11-17,bread,85.69308006962477,29.80472790116404
ml,2025-11-02,2025-11-17,chocolate_syrup,888.9547387372614,246.02570054740616
ml,2025-11-02,2025-11-17,coffee_beans,5308.369385826625,1714.3706581902304
ml,2025-11-02,2025-11-17,croissant_dough,44.33647218394359,12.962805370364094
ml,2025-11-02,2025-11-17,cup_cold,86.57861033510414,28.028947677406823
ml,2025-11-02,2025-11-17,cup_hot,292.8806586966573,94.05081929522082
ml,2025-11-02,2025-11-17,ice,9947.398182343251,3192.066797754177
ml,2025-11-02,2025-11-17,milk,48963.64739317951,15496.04681241453
ml,2025-11-02,2025-11-17,sugar,2774.099313299532,894.7569849182188
ml,2025-11-02,2025-11-17,tea_leaves,220.81182189642243,74.85980134005408
ml,2025-11-02,2025-11-18,bread,88.21821420866632,29.80472790116404
ml,2025-11-02,2025-11-18,chocolate_syrup,888.8754877262439,246.02570054740616
ml,2025-11-02,2025-11-18,coffee_beans,5817.19198291565,1714.3706581902304
ml,2025-11-02,2025-11-18,croissant_dough,45.5848555571033,12.962805370364094
ml,2025-11-02,2025-11-18,cup_cold,101.52773507986124,28.028947677406823
ml,2025-11-02,2025-11-18,cup_hot,304.53059599178147,94.05081929522082
ml,2025-11-02,2025-11-18,ice,11778.271662161264,3192.066797754177
ml,2025-11-02,2025-11-18,milk,53085.82297638233,15496.04681241453
ml,2025-11-02,2025-11-18,sugar,2980.9045011945145,894.7569849182188
ml,2025-11-02,2025-11-18,tea_leaves,214.1468470115504,74.85980134005408
manual,2025-11-09,2025-11-09,bread,89.40342857142858,0.0
manual,2025-11-09,2025-11-09,chocolate_syrup,1417.3714285714286,0.0
manual,2025-11-09,2025-11-09,coffee_beans,7713.169714285714,0.0
manual,2025-11-09,2025-11-09,croissant_dough,52.21028571428572,0.0
manual,2025-11-09,2025-11-09,cup_cold,115.83085714285714,0.0
manual,2025-11-09,2025-11-09,cup_hot,445.2837142857143,0.0
manual,2025-11-09,2025-11-09,ice,13163.657142857144,0.0
manual,2025-11-09,2025-11-09,milk,72828.0,0.0
manual,2025-11-09,2025-11-09,sugar,4100.165142857143,0.0
manual,2025-11-09,2025-11-09,tea_leaves,343.25485714285713,0.0
manual,2025-11-09,2025-11-10,bread,89.40342857142858,0.0
manual,2025-11-09,2025-11-10,chocolate_syrup,1417.3714285714286,0.0
manual,2025-11-09,2025-11-10,coffee_beans,7713.169714285714,0.0
manual,2025-11-09,2025-11-10,croissant_dough,52.21028571428572,0.0
manual,2025-11-09,2025-11-10,cup_cold,115.83085714285714,0.0
manual,2025-11-09,2025-11-10,cup_hot,445.2837142857143,0.0
manual,2025-11-09,2025-11-10,ice,13163.657142857144,0.0
manual,2025-11-09,2025-11-10,milk,72828.0,0.0
manual,2025-11-09,2025-11-10,sugar,4100.165142857143,0.0
manual,2025-11-09,2025-11-10,tea_leaves,343.25485714285713,0.0
manual,2025-11-09,2025-11-11,bread,89.40342857142858,0.0
manual,2025-11-09,2025-11-11,chocolate_syrup,1417.3714285714286,0.0
manual,2025-11-09,2025-11-11,coffee_beans,7713.169714285714,0.0
manual,2025-11-09,2025-11-11,croissant_dough,52.21028571428572,0.0
manual,2025-11-09,2025-11-11,cup_cold,115.83085714285714,0.0
manual,2025-11-09,2025-11-11,cup_hot,445.2837142857143,0.0
manual,2025-11-09,2025-11-11,ice,13163.657142857144,0.0
manual,2025-11-09,2025-11-11,milk,72828.0,0.0
manual,2025-11-09,2025-11-11,sugar,4100.165142857143,0.0
manual,2025-11-09,2025-11-11,tea_leaves,343.25485714285713,0.0
manual,2025-11-09,2025-11-12,bread,89.40342857142858,0.0
manual,2025-11-09,2025-11-12,chocolate_syrup,1417.3714285714286,0.0
manual,2025-11-09,2025-11-12,coffee_beans,7713.169714285714,0.0
manual,2025-11-09,2025-11-12,croissant_dough,52.21028571428572,0.0
manual,2025-11-09,2025-11-12,cup_cold,115.83085714285714,0.0
manual,2025-11-09,2025-11-12,cup_hot,445.2837142857143,0.0
manual,2025-11-09,2025-11-12,ice,13163.657142857144,0.0
manual,2025-11-09,2025-11-12,milk,72828.0,0.0
manual,2025-11-09,2025-11-12,sugar,4100.165142857143,0.0
manual,2025-11-09,2025-11-12,tea_leaves,343.25485714285713,0.0
manual,2025-11-09,2025-11-13,bread,89.40342857142858,0.0
manual,2025-11-09,2025-11-13,chocolate_syrup,1417.3714285714286,0.0
manual,2025-11-09,2025-11-13,coffee_beans,7713.169714285714,0.0
manual,2025-11-09,2025-11-13,croissant_dough,52.21028571428572,0.0
manual,2025-11-09,2025-11-13,cup_cold,115.83085714285714,0.0
manual,2025-11-09,2025-11-13,cup_hot,445.2837142857143,0.0
manual,2025-11-09,2025-11-13,ice,13163.657142857144,0.0
manual,2025-11-09,2025-11-13,milk,72828.0,0.0
manual,2025-11-09,2025-11-13,sugar,4100.165142857143,0.0
manual,2025-11-09,2025-11-13,tea_leaves,343.25485714285713,0.0
manual,2025-11-09,2025-11-14,bread,89.40342857142858,0.0
manual,2025-11-09,2025-11-14,chocolate_syrup,1417.3714285714286,0.0
manual,2025-11-09,2025-11-14,coffee_beans,7713.169714285714,0.0
manual,2025-11-09,2025-11-14,croissant_dough,52.21028571428572,0.0
manual,2025-11-09,2025-11-14,cup_cold,115.83085714285714,0.0
manual,2025-11-09,2025-11-14,cup_hot,445.2837142857143,0.0
manual,2025-11-09,2025-11-14,ice,13163.657142857144,0.0
manual,2025-11-09,2025-11-14,milk,72828.0,0.0
manual,2025-11-09,2025-11-14,sugar,4100.165142857143,0.0
manual,2025-11-09,2025-11-14,tea_leaves,343.25485714285713,0.0
manual,2025-11-09,2025-11-15,bread,89.40342857142858,0.0
manual,2025-11-09,2025-11-15,chocolate_syrup,1417.3714285714286,0.0
manual,2025-11-09,2025-11-15,coffee_beans,7713.169714285714,0.0
manual,2025-11-09,2025-11-15,croissant_dough,52.21028571428572,0.0
manual,2025-11-09,2025-11-15,cup_cold,115.83085714285714,0.0
manual,2025-11-09,2025-11-15,cup_hot,445.2837142857143,0.0
manual,2025-11-09,2025-11-15,ice,13163.657142857144,0.0
manual,2025-11-09,2025-11-15,milk,72828.0,0.0
manual,2025-11-09,2025-11-15,sugar,4100.165142857143,0.0
manual,2025-11-09,2025-11-15,tea_leaves,343.25485714285713,0.0
manual,2025-11-09,2025-11-16,bread,89.40342857142858,0.0
manual,2025-11-09,2025-11-16,chocolate_syrup,1417.3714285714286,0.0
manual,2025-11-09,2025-11-16,coffee_beans,7713.169714285714,0.0
manual,2025-11-09,2025-11-16,croissant_dough,52.21028571428572,0.0
manual,2025-11-09,2025-11-16,cup_cold,115.83085714285714,0.0
manual,2025-11-09,2025-11-16,cup_hot,445.2837142857143,0.0
manual,2025-11-09,2025-11-16,ice,13163.657142857144,0.0
manual,2025-11-09,2025-11-16,milk,72828.0,0.0
manual,2025-11-09,2025-11-16,sugar,4100.165142857143,0.0
manual,2025-11-09,2025-11-16,tea_leaves,343.25485714285713,0.0
manual,2025-11-09,2025-11-17,bread,89.40342857142858,0.0
manual,2025-11-09,2025-11-17,chocolate_syrup,1417.3714285714286,0.0
manual,2025-11-09,2025-11-17,coffee_beans,7713.169714285714,0.0
manual,2025-11-09,2025-11-17,croissant_dough,52.21028571428572,0.0
manual,2025-11-09,2025-11-17,cup_cold,115.83085714285714,0.0
manual,2025-11-09,2025-11-17,cup_hot,445.2837142857143,0.0
manual,2025-11-09,2025-11-17,ice,13163.657142857144,0.0
manual,2025-11-09,2025-11-17,milk,72828.0,0.0
manual,2025-11-09,2025-11-17,sugar,4100.165142857143,0.0
manual,2025-11-09,2025-11-17,tea_leaves,343.25485714285713,0.0
manual,2025-11-09,2025-11-18,bread,89.40342857142858,0.0
manual,2025-11-09,2025-11-18,chocolate_syrup,1417.3714285714286,0.0
manual,2025-11-09,2025-11-18,coffee_beans,7713.169714285714,0.0
manual,2025-11-09,2025-11-18,croissant_dough,52.21028571428572,0.0
manual,2025-11-09,2025-11-18,cup_cold,115.83085714285714,0.0
manual,2025-11-09,2025-11-18,cup_hot,445.2837142857143,0.0
manual,2025-11-09,2025-11-18,ice,13163.657142857144,0.0
manual,2025-11-09,2025-11-18,milk,72828.0,0.0
manual,2025-11-09,2025-11-18,sugar,4100.165142857143,0.0
manual,2025-11-09,2025-11-18,tea_leaves,343.25485714285713,0.0
manual,2025-11-09,2025-11-19,bread,89.40342857142858,0.0
manual,2025-11-09,2025-11-19,chocolate_syrup,1417.3714285714286,0.0
manual,2025-11-09,2025-11-19,coffee_beans,7713.169714285714,0.0
manual,2025-11-09,2025-11-19,croissant_dough,52.21028571428572,0.0
manual,2025-11-09,2025-11-19,cup_cold,115.83085714285714,0.0
manual,2025-11-09,2025-11-19,cup_hot,445.2837142857143,0.0
manual,2025-11-09,2025-11-19,ice,13163.657142857144,0.0
manual,2025-11-09,2025-11-19,milk,72828.0,0.0
manual,2025-11-09,2025-11-19,sugar,4100.165142857143,0.0
manual,2025-11-09,2025-11-19,tea_leaves,343.25485714285713,0.0
manual,2025-11-09,2025-11-20,bread,89.40342857142858,0.0
manual,2025-11-09,2025-11-20,chocolate_syrup,1417.3714285714286,0.0
manual,2025-11-09,2025-11-20,coffee_beans,7713.169714285714,0.0
manual,2025-11-09,2025-11-20,croissant_dough,52.21028571428572,0.0
manual,2025-11-09,2025-11-20,cup_cold,115.83085714285714,0.0
manual,2025-11-09,2025-11-20,cup_hot,445.2837142857143,0.0
manual,2025-11-09,2025-11-20,ice,13163.657142857144,0.0
manual,2025-11-09,2025-11-20,milk,72828.0,0.0
manual,2025-11-09,2025-11-20,sugar,4100.165142857143,0.0
manual,2025-11-09,2025-11-20,tea_leaves,343.25485714285713,0.0
manual,2025-11-09,2025-11-21,bread,89.40342857142858,0.0
manual,2025-11-09,2025-11-21,chocolate_syrup,1417.3714285714286,0.0
manual,2025-11-09,2025-11-21,coffee_beans,7713.169714285714,0.0
manual,2025-11-09,2025-11-21,croissant_dough,52.21028571428572,0.0
manual,2025-11-09,2025-11-21,cup_cold,115.83085714285714,0.0
manual,2025-11-09,2025-11-21,cup_hot,445.2837142857143,0.0
manual,2025-11-09,2025-11-21,ice,13163.657142857144,0.0
manual,2025-11-09,2025-11-21,milk,72828.0,0.0
manual,2025-11-09,2025-11-21,sugar,4100.165142857143,0.0
manual,2025-11-09,2025-11-21,tea_leaves,343.25485714285713,0.0
manual,2025-11-09,2025-11-22,bread,89.40342857142858,0.0
manual,2025-11-09,2025-11-22,chocolate_syrup,1417.3714285714286,0.0
manual,2025-11-09,2025-11-22,coffee_beans,7713.169714285714,0.0
manual,2025-11-09,2025-11-22,croissant_dough,52.21028571428572,0.0
manual,2025-11-09,2025-11-22,cup_cold,115.83085714285714,0.0
manual,2025-11-09,2025-11-22,cup_hot,445.2837142857143,0.0
manual,2025-11-09,2025-11-22,ice,13163.657142857144,0.0
manual,2025-11-09,2025-11-22,milk,72828.0,0.0
manual,2025-11-09,2025-11-22,sugar,4100.165142857143,0.0
manual,2025-11-09,2025-11-22,tea_leaves,343.25485714285713,0.0
manual,2025-11-09,2025-11-23,bread,89.40342857142858,0.0
manual,2025-11-09,2025-11-23,chocolate_syrup,1417.3714285714286,0.0
manual,2025-11-09,2025-11-23,coffee_beans,7713.169714285714,0.0
manual,2025-11-09,2025-11-23,croissant_dough,52.21028571428572,0.0
manual,2025-11-09,2025-11-23,cup_cold,115.83085714285714,0.0
manual,2025-11-09,2025-11-23,cup_hot,445.2837142857143,0.0
manual,2025-11-09,2025-11-23,ice,13163.657142857144,0.0
manual,2025-11-09,2025-11-23,milk,72828.0,0.0
manual,2025-11-09,2025-11-23,sugar,4100.165142857143,0.0
manual,2025-11-09,2025-11-23,tea_leaves,343.25485714285713,0.0
manual,2025-11-09,2025-11-24,bread,89.40342857142858,0.0
manual,2025-11-09,2025-11-24,chocolate_syrup,1417.3714285714286,0.0
manual,2025-11-09,2025-11-24,coffee_beans,7713.169714285714,0.0
manual,2025-11-09,2025-11-24,croissant_dough,52.21028571428572,0.0
manual,2025-11-09,2025-11-24,cup_cold,115.83085714285714,0.0
manual,2025-11-09,2025-11-24,cup_hot,445.2837142857143,0.0
manual,2025-11-09,2025-11-24,ice,13163.657142857144,0.0
manual,2025-11-09,2025-11-24,milk,72828.0,0.0
manual,2025-11-09,2025-11-24,sugar,4100.165142857143,0.0
manual,2025-11-09,2025-11-24,tea_leaves,343.25485714285713,0.0
manual,2025-11-09,2025-11-25,bread,89.40342857142858,0.0
manual,2025-11-09,2025-11-25,chocolate_syrup,1417.3714285714286,0.0
manual,2025-11-09,2025-11-25,coffee_beans,7713.169714285714,0.0
manual,2025-11-09,2025-11-25,croissant_dough,52.21028571428572,0.0
manual,2025-11-09,2025-11-25,cup_cold,115.83085714285714,0.0
manual,2025-11-09,2025-11-25,cup_hot,445.2837142857143,0.0
manual,2025-11-09,2025-11-25,ice,13163.657142857144,0.0
manual,2025-11-09,2025-11-25,milk,72828.0,0.0
manual,2025-11-09,2025-11-25,sugar,4100.165142857143,0.0
manual,2025-11-09,2025-11-25,tea_leaves,343.25485714285713,0.0
seasonal_naive,2025-11-09,2025-11-09,bread,106.0,39.922601562968765
seasonal_naive,2025-11-09,2025-11-09,chocolate_syrup,936.0,439.9581070965736
seasonal_naive,2025-11-09,2025-11-09,coffee_beans,8287.38,1531.7289267882877
seasonal_naive,2025-11-09,2025-11-09,croissant_dough,56.16,13.148627304779763
seasonal_naive,2025-11-09,2025-11-09,cup_cold,131.84,21.31544291509484
seasonal_naive,2025-11-09,2025-11-09,cup_hot,422.3,100.43799887382151
seasonal_naive,2025-11-09,2025-11-09,ice,14709.6,2408.484482823172
seasonal_naive,2025-11-09,2025-11-09,milk,71904.0,13446.463647554328
seasonal_naive,2025-11-09,2025-11-09,sugar,4050.99,837.0161139488296
seasonal_naive,2025-11-09,2025-11-09,tea_leaves,251.32,147.5480342728353
seasonal_naive,2025-11-09,2025-11-10,bread,48.760000000000005,39.922601562968765
seasonal_naive,2025-11-09,2025-11-10,chocolate_syrup,842.4000000000001,439.9581070965736
seasonal_naive,2025-11-09,2025-11-10,coffee_beans,5595.99,1531.7289267882877
seasonal_naive,2025-11-09,2025-11-10,croissant_dough,24.840000000000003,13.148627304779763
seasonal_naive,2025-11-09,2025-11-10,cup_cold,84.46000000000001,21.31544291509484
seasonal_naive,2025-11-09,2025-11-10,cup_hot,300.58833333333337,100.43799887382151
seasonal_naive,2025-11-09,2025-11-10,ice,9201.6,2408.484482823172
seasonal_naive,2025-11-09,2025-11-10,milk,49108.5,13446.463647554328
seasonal_naive,2025-11-09,2025-11-10,sugar,2875.76,837.0161139488296
seasonal_naive,2025-11-09,2025-11-10,tea_leaves,185.4,147.5480342728353
seasonal_naive,2025-11-09,2025-11-11,bread,78.44,39.922601562968765
seasonal_naive,2025-11-09,2025-11-11,chocolate_syrup,468.00000000000006,439.9581070965736
seasonal_naive,2025-11-09,2025-11-11,coffee_beans,6247.98,1531.7289267882877
seasonal_naive,2025-11-09,2025-11-11,croissant_dough,28.08,13.148627304779763
seasonal_naive,2025-11-09,2025-11-11,cup_cold,81.37,21.31544291509484
seasonal_naive,2025-11-09,2025-11-11,cup_hot,347.11,100.43799887382151
seasonal_naive,2025-11-09,2025-11-11,ice,9244.8,2408.484482823172
seasonal_naive,2025-11-09,2025-11-11,milk,53224.5,13446.463647554328
seasonal_naive,2025-11-09,2025-11-11,sugar,3019.96,837.0161139488296
seasonal_naive,2025-11-09,2025-11-11,tea_leaves,263.68,147.5480342728353
seasonal_naive,2025-11-09,2025-11-12,bread,86.92,39.922601562968765
seasonal_naive,2025-11-09,2025-11-12,chocolate_syrup,1154.4,439.9581070965736
seasonal_naive,2025-11-09,2025-11-12,coffee_beans,5784.4800000000005,1531.7289267882877
seasonal_naive,2025-11-09,2025-11-12,croissant_dough,34.56,13.148627304779763
seasonal_naive,2025-11-09,2025-11-12,cup_cold,101.97,21.31544291509484
seasonal_naive,2025-11-09,2025-11-12,cup_hot,361.53,100.43799887382151
seasonal_naive,2025-11-09,2025-11-12,ice,11707.2,2408.484482823172
seasonal_naive,2025-11-09,2025-11-12,milk,60585.0,13446.463647554328
seasonal_naive,2025-11-09,2025-11-12,sugar,3613.24,837.0161139488296
seasonal_naive,2025-11-09,2025-11-12,tea_leaves,416.12,147.5480342728353
seasonal_naive,2025-11-09,2025-11-13,bread,61.48,39.922601562968765
seasonal_naive,2025-11-09,2025-11-13,chocolate_syrup,1809.6,439.9581070965736
seasonal_naive,2025-11-09,2025-11-13,coffee_beans,4264.2,1531.7289267882877
seasonal_naive,2025-11-09,2025-11-13,croissant_dough,43.2,13.148627304779763
seasonal_naive,2025-11-09,2025-11-13,cup_cold,58.71,21.31544291509484
seasonal_naive,2025-11-09,2025-11-13,cup_hot,321.36,100.43799887382151
seasonal_naive,2025-11-09,2025-11-13,ice,6609.6,2408.484482823172
seasonal_naive,2025-11-09,2025-11-13,milk,49182.0,13446.463647554328
seasonal_naive,2025-11-09,2025-11-13,sugar,2776.88,837.0161139488296
seasonal_naive,2025-11-09,2025-11-13,tea_leaves,333.72,147.5480342728353
seasonal_naive,2025-11-09,2025-11-14,bread,84.80000000000001,39.922601562968765
seasonal_naive,2025-11-09,2025-11-14,chocolate_syrup,1622.4,439.9581070965736
seasonal_naive,2025-11-09,2025-11-14,coffee_beans,7582.86,1531.7289267882877
seasonal_naive,2025-11-09,2025-11-14,croissant_dough,54.0,13.148627304779763
seasonal_naive,2025-11-09,2025-11-14,cup_cold,104.03,21.31544291509484
seasonal_naive,2025-11-09,2025-11-14,cup_hot,454.23,100.43799887382151
seasonal_naive,2025-11-09,2025-11-14,ice,12009.6,2408.484482823172
seasonal_naive,2025-11-09,2025-11-14,milk,73101.0,13446.463647554328
seasonal_naive,2025-11-09,2025-11-14,sugar,3994.3400000000006,837.0161139488296
seasonal_naive,2025-11-09,2025-11-14,tea_leaves,333.72,147.5480342728353
seasonal_naive,2025-11-09,2025-11-15,bread,55.120000000000005,39.922601562968765
seasonal_naive,2025-11-09,2025-11-15,chocolate_syrup,1435.2,439.9581070965736
seasonal_naive,2025-11-09,2025-11-15,coffee_beans,7230.599999999999,1531.7289267882877
seasonal_naive,2025-11-09,2025-11-15,croissant_dough,63.720000000000006,13.148627304779763
seasonal_naive,2025-11-09,2025-11-15,cup_cold,113.3,21.31544291509484
seasonal_naive,2025-11-09,2025-11-15,cup_hot,390.37,100.43799887382151
seasonal_naive,2025-11-09,2025-11-15,ice,13305.600000000002,2408.484482823172
seasonal_naive,2025-11-09,2025-11-15,milk,67725.0,13446.463647554328
seasonal_naive,2025-11-09,2025-11-15,sugar,3586.46,837.0161139488296
seasonal_naive,2025-11-09,2025-11-15,tea_leaves,218.36,147.5480342728353
seasonal_naive,2025-11-09,2025-11-16,bread,106.0,39.922601562968765
seasonal_naive,2025-11-09,2025-11-16,chocolate_syrup,936.0,439.9581070965736
seasonal_naive,2025-11-09,2025-11-16,coffee_beans,8287.38,1531.7289267882877
seasonal_naive,2025-11-09,2025-11-16,croissant_dough,56.16,13.148627304779763
seasonal_naive,2025-11-09,2025-11-16,cup_cold,131.84,21.31544291509484
seasonal_naive,2025-11-09,2025-11-16,cup_hot,422.3,100.43799887382151
seasonal_naive,2025-11-09,2025-11-16,ice,14709.6,2408.484482823172
seasonal_naive,2025-11-09,2025-11-16,milk,71904.0,13446.463647554328
seasonal_naive,2025-11-09,2025-11-16,sugar,4050.99,837.0161139488296
seasonal_naive,2025-11-09,2025-11-16,tea_leaves,251.32,147.5480342728353
seasonal_naive,2025-11-09,2025-11-17,bread,48.760000000000005,39.922601562968765
seasonal_naive,2025-11-09,2025-11-17,chocolate_syrup,842.4000000000001,439.9581070965736
seasonal_naive,2025-11-09,2025-11-17,coffee_beans,5595.99,1531.7289267882877
seasonal_naive,2025-11-09,2025-11-17,croissant_dough,24.840000000000003,13.148627304779763
seasonal_naive,2025-11-09,2025-11-17,cup_cold,84.46000000000001,21.31544291509484
seasonal_naive,2025-11-09,2025-11-17,cup_hot,300.58833333333337,100.43799887382151
seasonal_naive,2025-11-09,2025-11-17,ice,9201.6,2408.484482823172
seasonal_naive,2025-11-09,2025-11-17,milk,49108.5,13446.463647554328
seasonal_naive,2025-11-09,2025-11-17,sugar,2875.76,837.0161139488296
seasonal_naive,2025-11-09,2025-11-17,tea_leaves,185.4,147.5480342728353
seasonal_naive,2025-11-09,2025-11-18,bread,78.44,39.922601562968765
seasonal_naive,2025-11-09,2025-11-18,chocolate_syrup,468.00000000000006,439.9581070965736
seasonal_naive,2025-11-09,2025-11-18,coffee_beans,6247.98,1531.7289267882877
seasonal_naive,2025-11-09,2025-11-18,croissant_dough,28.08,13.148627304779763
seasonal_naive,2025-11-09,2025-11-18,cup_cold,81.37,21.31544291509484
seasonal_naive,2025-11-09,2025-11-18,cup_hot,347.11,100.43799887382151
seasonal_naive,2025-11-09,2025-11-18,ice,9244.8,2408.484482823172
seasonal_naive,2025-11-09,2025-11-18,milk,53224.5,13446.463647554328
seasonal_naive,2025-11-09,2025-11-18,sugar,3019.96,837.0161139488296
seasonal_naive,2025-11-09,2025-11-18,tea_leaves,263.68,147.5480342728353
seasonal_naive,2025-11-09,2025-11-19,bread,86.92,39.922601562968765
seasonal_naive,2025-11-09,2025-11-19,chocolate_syrup,1154.4,439.9581070965736
seasonal_naive,2025-11-09,2025-11-19,coffee_beans,5784.4800000000005,1531.7289267882877
seasonal_naive,2025-11-09,2025-11-19,croissant_dough,34.56,13.148627304779763
seasonal_naive,2025-11-09,2025-11-19,cup_cold,101.97,21.31544291509484
seasonal_naive,2025-11-09,2025-11-19,cup_hot,361.53,100.43799887382151
seasonal_naive,2025-11-09,2025-11-19,ice,11707.2,2408.484482823172
seasonal_naive,2025-11-09,2025-11-19,milk,60585.0,13446.463647554328
seasonal_naive,2025-11-09,2025-11-19,sugar,3613.24,837.0161139488296
seasonal_naive,2025-11-09,2025-11-19,tea_leaves,416.12,147.5480342728353
seasonal_naive,2025-11-09,2025-11-20,bread,61.48,39.922601562968765
seasonal_naive,2025-11-09,2025-11-20,chocolate_syrup,1809.6,439.9581070965736
seasonal_naive,2025-11-09,2025-11-20,coffee_beans,4264.2,1531.7289267882877
seasonal_naive,2025-11-09,2025-11-20,croissant_dough,43.2,13.148627304779763
seasonal_naive,2025-11-09,2025-11-20,cup_cold,58.71,21.31544291509484
seasonal_naive,2025-11-09,2025-11-20,cup_hot,321.36,100.43799887382151
seasonal_naive,2025-11-09,2025-11-20,ice,6609.6,2408.484482823172
seasonal_naive,2025-11-09,2025-11-20,milk,49182.0,13446.463647554328
seasonal_naive,2025-11-09,2025-11-20,sugar,2776.88,837.0161139488296
seasonal_naive,2025-11-09,2025-11-20,tea_leaves,333.72,147.5480342728353
seasonal_naive,2025-11-09,2025-11-21,bread,84.80000000000001,39.922601562968765
seasonal_naive,2025-11-09,2025-11-21,chocolate_syrup,1622.4,439.9581070965736
seasonal_naive,2025-11-09,2025-11-21,coffee_beans,7582.86,1531.7289267882877
seasonal_naive,2025-11-09,2025-11-21,croissant_dough,54.0,13.148627304779763
seasonal_naive,2025-11-09,2025-11-21,cup_cold,104.03,21.31544291509484
seasonal_naive,2025-11-09,2025-11-21,cup_hot,454.23,100.43799887382151
seasonal_naive,2025-11-09,2025-11-21,ice,12009.6,2408.484482823172
seasonal_naive,2025-11-09,2025-11-21,milk,73101.0,13446.463647554328
seasonal_naive,2025-11-09,2025-11-21,sugar,3994.3400000000006,837.0161139488296
seasonal_naive,2025-11-09,2025-11-21,tea_leaves,333.72,147.5480342728353
seasonal_naive,2025-11-09,2025-11-22,bread,55.120000000000005,39.922601562968765
seasonal_naive,2025-11-09,2025-11-22,chocolate_syrup,1435.2,439.9581070965736
seasonal_naive,2025-11-09,2025-11-22,coffee_beans,7230.599999999999,1531.7289267882877
seasonal_naive,2025-11-09,2025-11-22,croissant_dough,63.720000000000006,13.148627304779763
seasonal_naive,2025-11-09,2025-11-22,cup_cold,113.3,21.31544291509484
seasonal_naive,2025-11-09,2025-11-22,cup_hot,390.37,100.43799887382151
seasonal_naive,2025-11-09,2025-11-22,ice,13305.600000000002,2408.484482823172
seasonal_naive,2025-11-09,2025-11-22,milk,67725.0,13446.463647554328
seasonal_naive,2025-11-09,2025-11-22,sugar,3586.46,837.0161139488296
seasonal_naive,2025-11-09,2025-11-22,tea_leaves,218.36,147.5480342728353
seasonal_naive,2025-11-09,2025-11-23,bread,106.0,39.922601562968765
seasonal_naive,2025-11-09,2025-11-23,chocolate_syrup,936.0,439.9581070965736
seasonal_naive,2025-11-09,2025-11-23,coffee_beans,8287.38,1531.7289267882877
seasonal_naive,2025-11-09,2025-11-23,croissant_dough,56.16,13.148627304779763
seasonal_naive,2025-11-09,2025-11-23,cup_cold,131.84,21.31544291509484
seasonal_naive,2025-11-09,2025-11-23,cup_hot,422.3,100.43799887382151
seasonal_naive,2025-11-09,2025-11-23,ice,14709.6,2408.484482823172
seasonal_naive,2025-11-09,2025-11-23,milk,71904.0,13446.463647554328
seasonal_naive,2025-11-09,2025-11-23,sugar,4050.99,837.0161139488296
seasonal_naive,2025-11-09,2025-11-23,tea_leaves,251.32,147.5480342728353
seasonal_naive,2025-11-09,2025-11-24,bread,48.760000000000005,39.922601562968765
seasonal_naive,2025-11-09,2025-11-24,chocolate_syrup,842.4000000000001,439.9581070965736
seasonal_naive,2025-11-09,2025-11-24,coffee_beans,5595.99,1531.7289267882877
seasonal_naive,2025-11-09,2025-11-24,croissant_dough,24.840000000000003,13.148627304779763
seasonal_naive,2025-11-09,2025-11-24,cup_cold,84.46000000000001,21.31544291509484
seasonal_naive,2025-11-09,2025-11-24,cup_hot,300.58833333333337,100.43799887382151
seasonal_naive,2025-11-09,2025-11-24,ice,9201.6,2408.484482823172
seasonal_naive,2025-11-09,2025-11-24,milk,49108.5,13446.463647554328
seasonal_naive,2025-11-09,2025-11-24,sugar,2875.76,837.0161139488296
seasonal_naive,2025-11-09,2025-11-24,tea_leaves,185.4,147.5480342728353
seasonal_naive,2025-11-09,2025-11-25,bread,78.44,39.922601562968765
seasonal_naive,2025-11-09,2025-11-25,chocolate_syrup,468.00000000000006,439.9581070965736
seasonal_naive,2025-11-09,2025-11-25,coffee_beans,6247.98,1531.7289267882877
seasonal_naive,2025-11-09,2025-11-25,croissant_dough,28.08,13.148627304779763
seasonal_naive,2025-11-09,2025-11-25,cup_cold,81.37,21.31544291509484
seasonal_naive,2025-11-09,2025-11-25,cup_hot,347.11,100.43799887382151
seasonal_naive,2025-11-09,2025-11-25,ice,9244.8,2408.484482823172
seasonal_naive,2025-11-09,2025-11-25,milk,53224.5,13446.463647554328
seasonal_naive,2025-11-09,2025-11-25,sugar,3019.96,837.0161139488296
seasonal_naive,2025-11-09,2025-11-25,tea_leaves,263.68,147.5480342728353
ml,2025-11-09,2025-11-09,bread,96.54373014588096,23.349415229826167
ml,2025-11-09,2025-11-09,chocolate_syrup,1034.2389739835123,252.32342934567572
ml,2025-11-09,2025-11-09,coffee_beans,6494.191665934715,1761.338428276896
ml,2025-11-09,2025-11-09,croissant_dough,50.12246033858924,13.631843247155375
ml,2025-11-09,2025-11-09,cup_cold,103.99903778500048,29.76968182364088
ml,2025-11-09,2025-11-09,cup_hot,360.9882885146191,96.34151016489876
ml,2025-11-09,2025-11-09,ice,11846.58325965952,3392.9219340814548
ml,2025-11-09,2025-11-09,milk,60257.8984716324,16057.780004386992
ml,2025-11-09,2025-11-09,sugar,3429.3484616044234,936.7268477313654
ml,2025-11-09,2025-11-09,tea_leaves,280.2230191955051,79.7165960003979
ml,2025-11-09,2025-11-10,bread,80.05483072470989,23.349415229826167
ml,2025-11-09,2025-11-10,chocolate_syrup,883.4301750163071,252.32342934567572
ml,2025-11-09,2025-11-10,coffee_beans,5429.006488406276,1761.338428276896
ml,2025-11-09,2025-11-10,croissant_dough,41.5387579210155,13.631843247155375
ml,2025-11-09,2025-11-10,cup_cold,81.40669118139256,29.76968182364088
ml,2025-11-09,2025-11-10,cup_hot,303.67581795174107,96.34151016489876
ml,2025-11-09,2025-11-10,ice,9291.879464788391,3392.9219340814548
ml,2025-11-09,2025-11-10,milk,47782.477749726735,16057.780004386992
ml,2025-11-09,2025-11-10,sugar,2701.350573328498,936.7268477313654
ml,2025-11-09,2025-11-10,tea_leaves,217.22606300633703,79.7165960003979
ml,2025-11-09,2025-11-11,bread,85.66520307652492,23.349415229826167
ml,2025-11-09,2025-11-11,chocolate_syrup,955.8491608310004,252.32342934567572
ml,2025-11-09,2025-11-11,coffee_beans,5679.567344588465,1761.338428276896
ml,2025-11-09,2025-11-11,croissant_dough,44.3741334099629,13.631843247155375
ml,2025-11-09,2025-11-11,cup_cold,87.41934264072133,29.76968182364088
ml,2025-11-09,2025-11-11,cup_hot,320.12825822497894,96.34151016489876
ml,2025-11-09,2025-11-11,ice,9983.45080441659,3392.9219340814548
ml,2025-11-09,2025-11-11,milk,51897.894977460215,16057.780004386992
ml,2025-11-09,2025-11-11,sugar,2945.7038173661613,936.7268477313654
ml,2025-11-09,2025-11-11,tea_leaves,241.84321975221064,79.7165960003979
ml,2025-11-09,2025-11-12,bread,85.36289223993077,23.349415229826167
ml,2025-11-09,2025-11-12,chocolate_syrup,971.8263886615352,252.32342934567572
ml,2025-11-09,2025-11-12,coffee_beans,5580.996317811935,1761.338428276896
ml,2025-11-09,2025-11-12,croissant_dough,44.81207406931455,13.631843247155375
ml,2025-11-09,2025-11-12,cup_cold,89.3219344592252,29.76968182364088
ml,2025-11-09,2025-11-12,cup_hot,310.5667673316136,96.34151016489876
ml,2025-11-09,2025-11-12,ice,10218.600285282888,3392.9219340814548
ml,2025-11-09,2025-11-12,milk,51950.60229185081,16057.780004386992
ml,2025-11-09,2025-11-12,sugar,2938.320473491629,936.7268477313654
ml,2025-11-09,2025-11-12,tea_leaves,231.00248265112413,79.7165960003979
ml,2025-11-09,2025-11-13,bread,88.81938547588796,23.349415229826167
ml,2025-11-09,2025-11-13,chocolate_syrup,1002.70204253583,252.32342934567572
ml,2025-11-09,2025-11-13,coffee_beans,5816.4885155021375,1761.338428276896
ml,2025-11-09,2025-11-13,croissant_dough,46.711159662454165,13.631843247155375
ml,2025-11-09,2025-11-13,cup_cold,92.84766970361422,29.76968182364088
ml,2025-11-09,2025-11-13,cup_hot,334.9836307634968,96.34151016489876
ml,2025-11-09,2025-11-13,ice,10628.22153322344,3392.9219340814548
ml,2025-11-09,2025-11-13,milk,54498.054447107526,16057.780004386992
ml,2025-11-09,2025-11-13,sugar,3133.1277949979312,936.7268477313654
ml,2025-11-09,2025-11-13,tea_leaves,286.3641081912288,79.7165960003979
ml,2025-11-09,2025-11-14,bread,92.47377683874382,23.349415229826167
ml,2025-11-09,2025-11-14,chocolate_syrup,1026.710414065445,252.32342934567572
ml,2025-11-09,2025-11-14,coffee_beans,6493.189324445679,1761.338428276896
ml,2025-11-09,2025-11-14,croissant_dough,51.01009741987053,13.631843247155375
ml,2025-11-09,2025-11-14,cup_cold,112.56816376094736,29.76968182364088
ml,2025-11-09,2025-11-14,cup_hot,346.23134146204103,96.34151016489876
ml,2025-11-09,2025-11-14,ice,12782.273889000686,3392.9219340814548
ml,2025-11-09,2025-11-14,milk,59558.11657628442,16057.780004386992
ml,2025-11-09,2025-11-14,sugar,3416.766097091402,936.7268477313654
ml,2025-11-09,2025-11-14,tea_leaves,256.68863343128,79.7165960003979
ml,2025-11-09,2025-11-15,bread,102.4192722444112,23.349415229826167
ml,2025-11-09,2025-11-15,chocolate_syrup,1130.3089109654777,252.32342934567572
ml,2025-11-09,2025-11-15,coffee_beans,6949.388796024008,1761.338428276896
ml,2025-11-09,2025-11-15,croissant_dough,55.72583674490189,13.631843247155375
ml,2025-11-09,2025-11-15,cup_cold,113.21688007537188,29.76968182364088
ml,2025-11-09,2025-11-15,cup_hot,385.76823459585904,96.34151016489876
ml,2025-11-09,2025-11-15,ice,12950.997395046146,3392.9219340814548
ml,2025-11-09,2025-11-15,milk,64723.01103632333,16057.780004386992
ml,2025-11-09,2025-11-15,sugar,3684.301813686816,936.7268477313654
ml,2025-11-09,2025-11-15,tea_leaves,302.3730965392753,79.7165960003979
ml,2025-11-09,2025-11-16,bread,101.67592952603378,23.349415229826167
ml,2025-11-09,2025-11-16,chocolate_syrup,1078.1128281881056,252.32342934567572
ml,2025-11-09,2025-11-16,coffee_beans,6963.340397595124,1761.338428276896
ml,2025-11-09,2025-11-16,croissant_dough,54.68384295682824,13.631843247155375
ml,2025-11-09,2025-11-16,cup_cold,109.50001697721648,29.76968182364088
ml,2025-11-09,2025-11-16,cup_hot,386.5539132844412,96.34151016489876
ml,2025-11-09,2025-11-16,ice,12505.522044902147,3392.9219340814548
ml,2025-11-09,2025-11-16,milk,62443.44144865047,16057.780004386992
ml,2025-11-09,2025-11-16,sugar,3565.991724712212,936.7268477313654
ml,2025-11-09,2025-11-16,tea_leaves,294.44056264509675,79.7165960003979
ml,2025-11-09,2025-11-17,bread,83.15209745359854,23.349415229826167
ml,2025-11-09,2025-11-17,chocolate_syrup,912.7706034731784,252.32342934567572
ml,2025-11-09,2025-11-17,coffee_beans,5361.589819555933,1761.338428276896
ml,2025-11-09,2025-11-17,croissant_dough,42.26132398646807,13.631843247155375
ml,2025-11-09,2025-11-17,cup_cold,87.73937411039367,29.76968182364088
ml,2025-11-09,2025-11-17,cup_hot,298.76654922800486,96.34151016489876
ml,2025-11-09,2025-11-17,ice,10019.951407365685,3392.9219340814548
ml,2025-11-09,2025-11-17,milk,50011.55057375376,16057.780004386992
ml,2025-11-09,2025-11-17,sugar,2851.756739418528,936.7268477313654
ml,2025-11-09,2025-11-17,tea_leaves,234.0267606004757,79.7165960003979
ml,2025-11-09,2025-11-18,bread,87.66692834345574,23.349415229826167
ml,2025-11-09,2025-11-18,chocolate_syrup,934.874986092238,252.32342934567572
ml,2025-11-09,2025-11-18,coffee_beans,5926.164830820898,1761.338428276896
ml,2025-11-09,2025-11-18,croissant_dough,46.3256976891353,13.631843247155375
ml,2025-11-09,2025-11-18,cup_cold,105.83077170703774,29.76968182364088
ml,2025-11-09,2025-11-18,cup_hot,311.01373531747674,96.34151016489876
ml,2025-11-09,2025-11-18,ice,12203.929689332392,3392.9219340814548
ml,2025-11-09,2025-11-18,milk,54490.37351611294,16057.780004386992
ml,2025-11-09,2025-11-18,sugar,3089.850460417703,936.7268477313654
ml,2025-11-09,2025-11-18,tea_leaves,227.00106966670376,79.7165960003979
ml,2025-11-09,2025-11-19,bread,88.38821720308472,23.349415229826167
ml,2025-11-09,2025-11-19,chocolate_syrup,970.2257710811806,252.32342934567572
ml,2025-11-09,2025-11-19,coffee_beans,6103.696704502995,1761.338428276896
ml,2025-11-09,2025-11-19,croissant_dough,46.64341408625828,13.631843247155375
ml,2025-11-09,2025-11-19,cup_cold,98.48642619355256,29.76968182364088
ml,2025-11-09,2025-11-19,cup_hot,336.4053319605072,96.34151016489876
ml,2025-11-09,2025-11-19,ice,11261.90327571868,3392.9219340814548
ml,2025-11-09,2025-11-19,milk,55456.93651770197,16057.780004386992
ml,2025-11-09,2025-11-19,sugar,3159.8793577724778,936.7268477313654
ml,2025-11-09,2025-11-19,tea_leaves,255.07043022066537,79.7165960003979
ml,2025-11-09,2025-11-20,bread,89.35718665948566,23.349415229826167
ml,2025-11-09,2025-11-20,chocolate_syrup,987.8466827986152,252.32342934567572
ml,2025-11-09,2025-11-20,coffee_beans,5862.137701075384,1761.338428276896
ml,2025-11-09,2025-11-20,croissant_dough,46.81986379450328,13.631843247155375
ml,2025-11-09,2025-11-20,cup_cold,97.65258905486117,29.76968182364088
ml,2025-11-09,2025-11-20,cup_hot,318.942093181186,96.34151016489876
ml,2025-11-09,2025-11-20,ice,11171.395618982631,3392.9219340814548
ml,2025-11-09,2025-11-20,milk,54346.92522403443,16057.780004386992
ml,2025-11-09,2025-11-20,sugar,3072.2359306673065,936.7268477313654
ml,2025-11-09,2025-11-20,tea_leaves,233.23504110488463,79.7165960003979
ml,2025-11-09,2025-11-21,bread,93.71608063154277,23.349415229826167
ml,2025-11-09,2025-11-21,chocolate_syrup,1025.1461921494258,252.32342934567572
ml,2025-11-09,2025-11-21,coffee_beans,6331.637813065153,1761.338428276896
ml,2025-11-09,2025-11-21,croissant_dough,51.46063320791008,13.631843247155375
ml,2025-11-09,2025-11-21,cup_cold,105.44133176177694,29.76968182364088
ml,2025-11-09,2025-11-21,cup_hot,342.430114783383,96.34151016489876
ml,2025-11-09,2025-11-21,ice,12054.556762629736,3392.9219340814548
ml,2025-11-09,2025-11-21,milk,57555.67284406976,16057.780004386992
ml,2025-11-09,2025-11-21,sugar,3274.574537807472,936.7268477313654
ml,2025-11-09,2025-11-21,tea_leaves,249.08329209172845,79.7165960003979
ml,2025-11-09,2025-11-22,bread,102.24599001291784,23.349415229826167
ml,2025-11-09,2025-11-22,chocolate_syrup,1124.9820971671452,252.32342934567572
ml,2025-11-09,2025-11-22,coffee_beans,7212.558649618661,1761.338428276896
ml,2025-11-09,2025-11-22,croissant_dough,55.70902418072828,13.631843247155375
ml,2025-11-09,2025-11-22,cup_cold,116.8703150707274,29.76968182364088
ml,2025-11-09,2025-11-22,cup_hot,391.4672033074957,96.34151016489876
ml,2025-11-09,2025-11-22,ice,13375.120657042871,3392.9219340814548
ml,2025-11-09,2025-11-22,milk,66082.20359437495,16057.780004386992
ml,2025-11-09,2025-11-22,sugar,3749.209485019721,936.7268477313654
ml,2025-11-09,2025-11-22,tea_leaves,282.0039342708616,79.7165960003979
ml,2025-11-09,2025-11-23,bread,104.44501090486833,23.349415229826167
ml,2025-11-09,2025-11-23,chocolate_syrup,1096.0419149066893,252.32342934567572
ml,2025-11-09,2025-11-23,coffee_beans,6978.795237339989,1761.338428276896
ml,2025-11-09,2025-11-23,croissant_dough,55.69052105296333,13.631843247155375
ml,2025-11-09,2025-11-23,cup_cold,115.28947106981312,29.76968182364088
ml,2025-11-09,2025-11-23,cup_hot,380.4418321129354,96.34151016489876
ml,2025-11-09,2025-11-23,ice,13178.049486482269,3392.9219340814548
ml,2025-11-09,2025-11-23,milk,63664.73731604434,16057.780004386992
ml,2025-11-09,2025-11-23,sugar,3633.036972900341,936.7268477313654
ml,2025-11-09,2025-11-23,tea_leaves,287.3480866100705,79.7165960003979
ml,2025-11-09,2025-11-24,bread,85.73243245029241,23.349415229826167
ml,2025-11-09,2025-11-24,chocolate_syrup,939.7627652831972,252.32342934567572
ml,2025-11-09,2025-11-24,coffee_beans,5589.587769608845,1761.338428276896
ml,2025-11-09,2025-11-24,croissant_dough,44.07076426240367,13.631843247155375
ml,2025-11-09,2025-11-24,cup_cold,91.52497999224832,29.76968182364088
ml,2025-11-09,2025-11-24,cup_hot,308.0390191916056,96.34151016489876
ml,2025-11-09,2025-11-24,ice,10461.622579800614,3392.9219340814548
ml,2025-11-09,2025-11-24,milk,51540.30032802638,16057.780004386992
ml,2025-11-09,2025-11-24,sugar,2929.9326134506937,936.7268477313654
ml,2025-11-09,2025-11-24,tea_leaves,232.0285032870793,79.7165960003979
ml,2025-11-09,2025-11-25,bread,89.37731800748993,23.349415229826167
ml,2025-11-09,2025-11-25,chocolate_syrup,944.00738929583,252.32342934567572
ml,2025-11-09,2025-11-25,coffee_beans,5760.18999434741,1761.338428276896
ml,2025-11-09,2025-11-25,croissant_dough,47.142485780128666,13.631843247155375
ml,2025-11-09,2025-11-25,cup_cold,96.13434896531372,29.76968182364088
ml,2025-11-09,2025-11-25,cup_hot,313.27682557499526,96.34151016489876
ml,2025-11-09,2025-11-25,ice,10990.966224224863,3392.9219340814548
ml,2025-11-09,2025-11-25,milk,52957.08532392702,16057.780004386992
ml,2025-11-09,2025-11-25,sugar,3009.2379789900533,936.7268477313654
ml,2025-11-09,2025-11-25,tea_leaves,232.9450911727468,79.7165960003979
manual,2025-11-16,2025-11-16,bread,96.30857142857144,0.0
manual,2025-11-16,2025-11-16,chocolate_syrup,1310.4,0.0
manual,2025-11-16,2025-11-16,coffee_beans,7923.466285714286,0.0
manual,2025-11-16,2025-11-16,croissant_dough,55.357714285714295,0.0
manual,2025-11-16,2025-11-16,cup_cold,128.72057142857142,0.0
manual,2025-11-16,2025-11-16,cup_hot,439.48628571428566,0.0
manual,2025-11-16,2025-11-16,ice,14552.228571428572,0.0
manual,2025-11-16,2025-11-16,milk,72324.0,0.0
manual,2025-11-16,2025-11-16,sugar,4158.257142857143,0.0
manual,2025-11-16,2025-11-16,tea_leaves,339.01714285714286,0.0
manual,2025-11-16,2025-11-17,bread,96.30857142857144,0.0
manual,2025-11-16,2025-11-17,chocolate_syrup,1310.4,0.0
manual,2025-11-16,2025-11-17,coffee_beans,7923.466285714286,0.0
manual,2025-11-16,2025-11-17,croissant_dough,55.357714285714295,0.0
manual,2025-11-16,2025-11-17,cup_cold,128.72057142857142,0.0
manual,2025-11-16,2025-11-17,cup_hot,439.48628571428566,0.0
manual,2025-11-16,2025-11-17,ice,14552.228571428572,0.0
manual,2025-11-16,2025-11-17,milk,72324.0,0.0
manual,2025-11-16,2025-11-17,sugar,4158.257142857143,0.0
manual,2025-11-16,2025-11-17,tea_leaves,339.01714285714286,0.0
manual,2025-11-16,2025-11-18,bread,96.30857142857144,0.0
manual,2025-11-16,2025-11-18,chocolate_syrup,1310.4,0.0
manual,2025-11-16,2025-11-18,coffee_beans,7923.466285714286,0.0
manual,2025-11-16,2025-11-18,croissant_dough,55.357714285714295,0.0
manual,2025-11-16,2025-11-18,cup_cold,128.72057142857142,0.0
manual,2025-11-16,2025-11-18,cup_hot,439.48628571428566,0.0
manual,2025-11-16,2025-11-18,ice,14552.228571428572,0.0
manual,2025-11-16,2025-11-18,milk,72324.0,0.0
manual,2025-11-16,2025-11-18,sugar,4158.257142857143,0.0
manual,2025-11-16,2025-11-18,tea_leaves,339.01714285714286,0.0
manual,2025-11-16,2025-11-19,bread,96.30857142857144,0.0
manual,2025-11-16,2025-11-19,chocolate_syrup,1310.4,0.0
manual,2025-11-16,2025-11-19,coffee_beans,7923.466285714286,0.0
manual,2025-11-16,2025-11-19,croissant_dough,55.357714285714295,0.0
manual,2025-11-16,2025-11-19,cup_cold,128.72057142857142,0.0
manual,2025-11-16,2025-11-19,cup_hot,439.48628571428566,0.0
manual,2025-11-16,2025-11-19,ice,14552.228571428572,0.0
manual,2025-11-16,2025-11-19,milk,72324.0,0.0
manual,2025-11-16,2025-11-19,sugar,4158.257142857143,0.0
manual,2025-11-16,2025-11-19,tea_leaves,339.01714285714286,0.0
manual,2025-11-16,2025-11-20,bread,96.30857142857144,0.0
manual,2025-11-16,2025-11-20,chocolate_syrup,1310.4,0.0
manual,2025-11-16,2025-11-20,coffee_beans,7923.466285714286,0.0
manual,2025-11-16,2025-11-20,croissant_dough,55.357714285714295,0.0
manual,2025-11-16,2025-11-20,cup_cold,128.72057142857142,0.0
manual,2025-11-16,2025-11-20,cup_hot,439.48628571428566,0.0
manual,2025-11-16,2025-11-20,ice,14552.228571428572,0.0
manual,2025-11-16,2025-11-20,milk,72324.0,0.0
manual,2025-11-16,2025-11-20,sugar,4158.257142857143,0.0
manual,2025-11-16,2025-11-20,tea_leaves,339.01714285714286,0.0
manual,2025-11-16,2025-11-21,bread,96.30857142857144,0.0
manual,2025-11-16,2025-11-21,chocolate_syrup,1310.4,0.0
manual,2025-11-16,2025-11-21,coffee_beans,7923.466285714286,0.0
manual,2025-11-16,2025-11-21,croissant_dough,55.357714285714295,0.0
manual,2025-11-16,2025-11-21,cup_cold,128.72057142857142,0.0
manual,2025-11-16,2025-11-21,cup_hot,439.48628571428566,0.0
manual,2025-11-16,2025-11-21,ice,14552.228571428572,0.0
manual,2025-11-16,2025-11-21,milk,72324.0,0.0
manual,2025-11-16,2025-11-21,sugar,4158.257142857143,0.0
manual,2025-11-16,2025-11-21,tea_leaves,339.01714285714286,0.0
manual,2025-11-16,2025-11-22,bread,96.30857142857144,0.0
manual,2025-11-16,2025-11-22,chocolate_syrup,1310.4,0.0
manual,2025-11-16,2025-11-22,coffee_beans,7923.466285714286,0.0
manual,2025-11-16,2025-11-22,croissant_dough,55.357714285714295,0.0
manual,2025-11-16,2025-11-22,cup_cold,128.72057142857142,0.0
manual,2025-11-16,2025-11-22,cup_hot,439.48628571428566,0.0
manual,2025-11-16,2025-11-22,ice,14552.228571428572,0.0
manual,2025-11-16,2025-11-22,milk,72324.0,0.0
manual,2025-11-16,2025-11-22,sugar,4158.257142857143,0.0
manual,2025-11-16,2025-11-22,tea_leaves,339.01714285714286,0.0
manual,2025-11-16,2025-11-23,bread,96.30857142857144,0.0
manual,2025-11-16,2025-11-23,chocolate_syrup,1310.4,0.0
manual,2025-11-16,2025-11-23,coffee_beans,7923.466285714286,0.0
manual,2025-11-16,2025-11-23,croissant_dough,55.357714285714295,0.0
manual,2025-11-16,2025-11-23,cup_cold,128.72057142857142,0.0
manual,2025-11-16,2025-11-23,cup_hot,439.48628571428566,0.0
manual,2025-11-16,2025-11-23,ice,14552.228571428572,0.0
manual,2025-11-16,2025-11-23,milk,72324.0,0.0
manual,2025-11-16,2025-11-23,sugar,4158.257142857143,0.0
manual,2025-11-16,2025-11-23,tea_leaves,339.01714285714286,0.0
manual,2025-11-16,2025-11-24,bread,96.30857142857144,0.0
manual,2025-11-16,2025-11-24,chocolate_syrup,1310.4,0.0
manual,2025-11-16,2025-11-24,coffee_beans,7923.466285714286,0.0
manual,2025-11-16,2025-11-24,croissant_dough,55.357714285714295,0.0
manual,2025-11-16,2025-11-24,cup_cold,128.72057142857142,0.0
manual,2025-11-16,2025-11-24,cup_hot,439.48628571428566,0.0
manual,2025-11-16,2025-11-24,ice,14552.228571428572,0.0
manual,2025-11-16,2025-11-24,milk,72324.0,0.0
manual,2025-11-16,2025-11-24,sugar,4158.257142857143,0.0
manual,2025-11-16,2025-11-24,tea_leaves,339.01714285714286,0.0
manual,2025-11-16,2025-11-25,bread,96.30857142857144,0.0
manual,2025-11-16,2025-11-25,chocolate_syrup,1310.4,0.0
manual,2025-11-16,2025-11-25,coffee_beans,7923.466285714286,0.0
manual,2025-11-16,2025-11-25,croissant_dough,55.357714285714295,0.0
manual,2025-11-16,2025-11-25,cup_cold,128.72057142857142,0.0
manual,2025-11-16,2025-11-25,cup_hot,439.48628571428566,0.0
manual,2025-11-16,2025-11-25,ice,14552.228571428572,0.0
manual,2025-11-16,2025-11-25,milk,72324.0,0.0
manual,2025-11-16,2025-11-25,sugar,4158.257142857143,0.0
manual,2025-11-16,2025-11-25,tea_leaves,339.01714285714286,0.0
manual,2025-11-16,2025-11-26,bread,96.30857142857144,0.0
manual,2025-11-16,2025-11-26,chocolate_syrup,1310.4,0.0
manual,2025-11-16,2025-11-26,coffee_beans,7923.466285714286,0.0
manual,2025-11-16,2025-11-26,croissant_dough,55.357714285714295,0.0
manual,2025-11-16,2025-11-26,cup_cold,128.72057142857142,0.0
manual,2025-11-16,2025-11-26,cup_hot,439.48628571428566,0.0
manual,2025-11-16,2025-11-26,ice,14552.228571428572,0.0
manual,2025-11-16,2025-11-26,milk,72324.0,0.0
manual,2025-11-16,2025-11-26,sugar,4158.257142857143,0.0
manual,2025-11-16,2025-11-26,tea_leaves,339.01714285714286,0.0
manual,2025-11-16,2025-11-27,bread,96.30857142857144,0.0
manual,2025-11-16,2025-11-27,chocolate_syrup,1310.4,0.0
manual,2025-11-16,2025-11-27,coffee_beans,7923.466285714286,0.0
manual,2025-11-16,2025-11-27,croissant_dough,55.357714285714295,0.0
manual,2025-11-16,2025-11-27,cup_cold,128.72057142857142,0.0
manual,2025-11-16,2025-11-27,cup_hot,439.48628571428566,0.0
manual,2025-11-16,2025-11-27,ice,14552.228571428572,0.0
manual,2025-11-16,2025-11-27,milk,72324.0,0.0
manual,2025-11-16,2025-11-27,sugar,4158.257142857143,0.0
manual,2025-11-16,2025-11-27,tea_leaves,339.01714285714286,0.0
manual,2025-11-16,2025-11-28,bread,96.30857142857144,0.0
manual,2025-11-16,2025-11-28,chocolate_syrup,1310.4,0.0
manual,2025-11-16,2025-11-28,coffee_beans,7923.466285714286,0.0
manual,2025-11-16,2025-11-28,croissant_dough,55.357714285714295,0.0
manual,2025-11-16,2025-11-28,cup_cold,128.72057142857142,0.0
manual,2025-11-16,2025-11-28,cup_hot,439.48628571428566,0.0
manual,2025-11-16,2025-11-28,ice,14552.228571428572,0.0
manual,2025-11-16,2025-11-28,milk,72324.0,0.0
manual,2025-11-16,2025-11-28,sugar,4158.257142857143,0.0
manual,2025-11-16,2025-11-28,tea_leaves,339.01714285714286,0.0
manual,2025-11-16,2025-11-29,bread,96.30857142857144,0.0
manual,2025-11-16,2025-11-29,chocolate_syrup,1310.4,0.0
manual,2025-11-16,2025-11-29,coffee_beans,7923.466285714286,0.0
manual,2025-11-16,2025-11-29,croissant_dough,55.357714285714295,0.0
manual,2025-11-16,2025-11-29,cup_cold,128.72057142857142,0.0
manual,2025-11-16,2025-11-29,cup_hot,439.48628571428566,0.0
manual,2025-11-16,2025-11-29,ice,14552.228571428572,0.0
manual,2025-11-16,2025-11-29,milk,72324.0,0.0
manual,2025-11-16,2025-11-29,sugar,4158.257142857143,0.0
manual,2025-11-16,2025-11-29,tea_leaves,339.01714285714286,0.0
manual,2025-11-16,2025-11-30,bread,96.30857142857144,0.0
manual,2025-11-16,2025-11-30,chocolate_syrup,1310.4,0.0
manual,2025-11-16,2025-11-30,coffee_beans,7923.466285714286,0.0
manual,2025-11-16,2025-11-30,croissant_dough,55.357714285714295,0.0
manual,2025-11-16,2025-11-30,cup_cold,128.72057142857142,0.0
manual,2025-11-16,2025-11-30,cup_hot,439.48628571428566,0.0
manual,2025-11-16,2025-11-30,ice,14552.228571428572,0.0
manual,2025-11-16,2025-11-30,milk,72324.0,0.0
manual,2025-11-16,2025-11-30,sugar,4158.257142857143,0.0
manual,2025-11-16,2025-11-30,tea_leaves,339.01714285714286,0.0
manual,2025-11-16,2025-12-01,bread,96.30857142857144,0.0
manual,2025-11-16,2025-12-01,chocolate_syrup,1310.4,0.0
manual,2025-11-16,2025-12-01,coffee_beans,7923.466285714286,0.0
manual,2025-11-16,2025-12-01,croissant_dough,55.357714285714295,0.0
manual,2025-11-16,2025-12-01,cup_cold,128.72057142857142,0.0
manual,2025-11-16,2025-12-01,cup_hot,439.48628571428566,0.0
manual,2025-11-16,2025-12-01,ice,14552.228571428572,0.0
manual,2025-11-16,2025-12-01,milk,72324.0,0.0
manual,2025-11-16,2025-12-01,sugar,4158.257142857143,0.0
manual,2025-11-16,2025-12-01,tea_leaves,339.01714285714286,0.0
manual,2025-11-16,2025-12-02,bread,96.30857142857144,0.0
manual,2025-11-16,2025-12-02,chocolate_syrup,1310.4,0.0
manual,2025-11-16,2025-12-02,coffee_beans,7923.466285714285,0.0
manual,2025-11-16,2025-12-02,croissant_dough,55.357714285714295,0.0
manual,2025-11-16,2025-12-02,cup_cold,128.72057142857142,0.0
manual,2025-11-16,2025-12-02,cup_hot,439.48628571428566,0.0
manual,2025-11-16,2025-12-02,ice,14552.228571428572,0.0
manual,2025-11-16,2025-12-02,milk,72324.0,0.0
manual,2025-11-16,2025-12-02,sugar,4158.257142857143,0.0
manual,2025-11-16,2025-12-02,tea_leaves,339.01714285714286,0.0
seasonal_naive,2025-11-16,2025-11-16,bread,78.44,36.252882852974814
seasonal_naive,2025-11-16,2025-11-16,chocolate_syrup,1653.6,523.6766386026609
seasonal_naive,2025-11-16,2025-11-16,coffee_beans,7860.96,1231.4253569672092
seasonal_naive,2025-11-16,2025-11-16,croissant_dough,50.760000000000005,16.747124583586935
seasonal_naive,2025-11-16,2025-11-16,cup_cold,113.3,22.24819507490235
seasonal_naive,2025-11-16,2025-11-16,cup_hot,450.11,78.77536247668641
seasonal_naive,2025-11-16,2025-11-16,ice,12765.6,2521.058271296546
seasonal_naive,2025-11-16,2025-11-16,milk,68659.5,11304.163682828634
seasonal_naive,2025-11-16,2025-11-16,sugar,3865.59,734.4803257385248
seasonal_naive,2025-11-16,2025-11-16,tea_leaves,288.40000000000003,139.35473566232025
seasonal_naive,2025-11-16,2025-11-17,bread,103.88,36.252882852974814
seasonal_naive,2025-11-16,2025-11-17,chocolate_syrup,1092.0,523.6766386026609
seasonal_naive,2025-11-16,2025-11-17,coffee_beans,5932.799999999999,1231.4253569672092
seasonal_naive,2025-11-16,2025-11-17,croissant_dough,35.64,16.747124583586935
seasonal_naive,2025-11-16,2025-11-17,cup_cold,103.0,22.24819507490235
seasonal_naive,2025-11-16,2025-11-17,cup_hot,331.66,78.77536247668641
seasonal_naive,2025-11-16,2025-11-17,ice,11491.2,2521.058271296546
seasonal_naive,2025-11-16,2025-11-17,milk,55713.0,11304.163682828634
seasonal_naive,2025-11-16,2025-11-17,sugar,3256.86,734.4803257385248
seasonal_naive,2025-11-16,2025-11-17,tea_leaves,276.04,139.35473566232025
seasonal_naive,2025-11-16,2025-11-18,bread,93.28,36.252882852974814
seasonal_naive,2025-11-16,2025-11-18,chocolate_syrup,811.2,523.6766386026609
seasonal_naive,2025-11-16,2025-11-18,coffee_beans,5840.099999999999,1231.4253569672092
seasonal_naive,2025-11-16,2025-11-18,croissant_dough,62.64,16.747124583586935
seasonal_naive,2025-11-16,2025-11-18,cup_cold,92.7,22.24819507490235
seasonal_naive,2025-11-16,2025-11-18,cup_hot,311.06000000000006,78.77536247668641
seasonal_naive,2025-11-16,2025-11-18,ice,10519.2,2521.058271296546
seasonal_naive,2025-11-16,2025-11-18,milk,53056.5,11304.163682828634
seasonal_naive,2025-11-16,2025-11-18,sugar,2994.21,734.4803257385248
seasonal_naive,2025-11-16,2025-11-18,tea_leaves,210.12,139.35473566232025
seasonal_naive,2025-11-16,2025-11-19,bread,61.48,36.252882852974814
seasonal_naive,2025-11-16,2025-11-19,chocolate_syrup,1092.0,523.6766386026609
seasonal_naive,2025-11-16,2025-11-19,coffee_beans,6118.199999999999,1231.4253569672092
seasonal_naive,2025-11-16,2025-11-19,croissant_dough,38.88,16.747124583586935
seasonal_naive,2025-11-16,2025-11-19,cup_cold,88.58000000000001,22.24819507490235
seasonal_naive,2025-11-16,2025-11-19,cup_hot,340.93,78.77536247668641
seasonal_naive,2025-11-16,2025-11-19,ice,9979.2,2521.058271296546
seasonal_naive,2025-11-16,2025-11-19,milk,51618.0,11304.163682828634
seasonal_naive,2025-11-16,2025-11-19,sugar,2927.26,734.4803257385248
seasonal_naive,2025-11-16,2025-11-19,tea_leaves,214.24,139.35473566232025
seasonal_naive,2025-11-16,2025-11-20,bread,53.0,36.252882852974814
seasonal_naive,2025-11-16,2025-11-20,chocolate_syrup,655.2,523.6766386026609
seasonal_naive,2025-11-16,2025-11-20,coffee_beans,5951.34,1231.4253569672092
seasonal_naive,2025-11-16,2025-11-20,croissant_dough,28.08,16.747124583586935
seasonal_naive,2025-11-16,2025-11-20,cup_cold,91.67,22.24819507490235
seasonal_naive,2025-11-16,2025-11-20,cup_hot,347.11,78.77536247668641
seasonal_naive,2025-11-16,2025-11-20,ice,10519.2,2521.058271296546
seasonal_naive,2025-11-16,2025-11-20,milk,55314.0,11304.163682828634
seasonal_naive,2025-11-16,2025-11-20,sugar,3276.4300000000003,734.4803257385248
seasonal_naive,2025-11-16,2025-11-20,tea_leaves,346.08,139.35473566232025
seasonal_naive,2025-11-16,2025-11-21,bread,106.0,36.252882852974814
seasonal_naive,2025-11-16,2025-11-21,chocolate_syrup,1341.6,523.6766386026609
seasonal_naive,2025-11-16,2025-11-21,coffee_beans,7082.279999999999,1231.4253569672092
seasonal_naive,2025-11-16,2025-11-21,croissant_dough,32.400000000000006,16.747124583586935
seasonal_naive,2025-11-16,2025-11-21,cup_cold,123.6,22.24819507490235
seasonal_naive,2025-11-16,2025-11-21,cup_hot,391.4,78.77536247668641
seasonal_naive,2025-11-16,2025-11-21,ice,13694.4,2521.058271296546
seasonal_naive,2025-11-16,2025-11-21,milk,68281.5,11304.163682828634
seasonal_naive,2025-11-16,2025-11-21,sugar,3942.84,734.4803257385248
seasonal_naive,2025-11-16,2025-11-21,tea_leaves,309.0,139.35473566232025
seasonal_naive,2025-11-16,2025-11-22,bread,65.72,36.252882852974814
seasonal_naive,2025-11-16,2025-11-22,chocolate_syrup,998.4,523.6766386026609
seasonal_naive,2025-11-16,2025-11-22,coffee_beans,7434.54,1231.4253569672092
seasonal_naive,2025-11-16,2025-11-22,croissant_dough,74.52000000000001,16.747124583586935
seasonal_naive,2025-11-16,2025-11-22,cup_cold,138.02,22.24819507490235
seasonal_naive,2025-11-16,2025-11-22,cup_hot,391.4,78.77536247668641
seasonal_naive,2025-11-16,2025-11-22,ice,15919.2,2521.058271296546
seasonal_naive,2025-11-16,2025-11-22,milk,69247.5,11304.163682828634
seasonal_naive,2025-11-16,2025-11-22,sugar,3993.31,734.4803257385248
seasonal_naive,2025-11-16,2025-11-22,tea_leaves,333.72,139.35473566232025
seasonal_naive,2025-11-16,2025-11-23,bread,78.44,36.252882852974814
seasonal_naive,2025-11-16,2025-11-23,chocolate_syrup,1653.6,523.6766386026609
seasonal_naive,2025-11-16,2025-11-23,coffee_beans,7860.96,1231.4253569672092
seasonal_naive,2025-11-16,2025-11-23,croissant_dough,50.760000000000005,16.747124583586935
seasonal_naive,2025-11-16,2025-11-23,cup_cold,113.3,22.24819507490235
seasonal_naive,2025-11-16,2025-11-23,cup_hot,450.11,78.77536247668641
seasonal_naive,2025-11-16,2025-11-23,ice,12765.6,2521.058271296546
seasonal_naive,2025-11-16,2025-11-23,milk,68659.5,11304.163682828634
seasonal_naive,2025-11-16,2025-11-23,sugar,3865.59,734.4803257385248
seasonal_naive,2025-11-16,2025-11-23,tea_leaves,288.40000000000003,139.35473566232025
seasonal_naive,2025-11-16,2025-11-24,bread,103.88,36.252882852974814
seasonal_naive,2025-11-16,2025-11-24,chocolate_syrup,1092.0,523.6766386026609
seasonal_naive,2025-11-16,2025-11-24,coffee_beans,5932.799999999999,1231.4253569672092
seasonal_naive,2025-11-16,2025-11-24,croissant_dough,35.64,16.747124583586935
seasonal_naive,2025-11-16,2025-11-24,cup_cold,103.0,22.24819507490235
seasonal_naive,2025-11-16,2025-11-24,cup_hot,331.66,78.77536247668641
seasonal_naive,2025-11-16,2025-11-24,ice,11491.2,2521.058271296546
seasonal_naive,2025-11-16,2025-11-24,milk,55713.0,11304.163682828634
seasonal_naive,2025-11-16,2025-11-24,sugar,3256.86,734.4803257385248
seasonal_naive,2025-11-16,2025-11-24,tea_leaves,276.04,139.35473566232025
seasonal_naive,2025-11-16,2025-11-25,bread,93.28,36.252882852974814
seasonal_naive,2025-11-16,2025-11-25,chocolate_syrup,811.2,523.6766386026609
seasonal_naive,2025-11-16,2025-11-25,coffee_beans,5840.099999999999,1231.4253569672092
seasonal_naive,2025-11-16,2025-11-25,croissant_dough,62.64,16.747124583586935
seasonal_naive,2025-11-16,2025-11-25,cup_cold,92.7,22.24819507490235
seasonal_naive,2025-11-16,2025-11-25,cup_hot,311.06000000000006,78.77536247668641
seasonal_naive,2025-11-16,2025-11-25,ice,10519.2,2521.058271296546
seasonal_naive,2025-11-16,2025-11-25,milk,53056.5,11304.163682828634
seasonal_naive,2025-11-16,2025-11-25,sugar,2994.21,734.4803257385248
seasonal_naive,2025-11-16,2025-11-25,tea_leaves,210.12,139.35473566232025
seasonal_naive,2025-11-16,2025-11-26,bread,61.48,36.252882852974814
seasonal_naive,2025-11-16,2025-11-26,chocolate_syrup,1092.0,523.6766386026609
seasonal_naive,2025-11-16,2025-11-26,coffee_beans,6118.199999999999,1231.4253569672092
seasonal_naive,2025-11-16,2025-11-26,croissant_dough,38.88,16.747124583586935
seasonal_naive,2025-11-16,2025-11-26,cup_cold,88.58000000000001,22.24819507490235
seasonal_naive,2025-11-16,2025-11-26,cup_hot,340.93,78.77536247668641
seasonal_naive,2025-11-16,2025-11-26,ice,9979.2,2521.058271296546
seasonal_naive,2025-11-16,2025-11-26,milk,51618.0,11304.163682828634
seasonal_naive,2025-11-16,2025-11-26,sugar,2927.26,734.4803257385248
seasonal_naive,2025-11-16,2025-11-26,tea_leaves,214.24,139.35473566232025
seasonal_naive,2025-11-16,2025-11-27,bread,53.0,36.252882852974814
seasonal_naive,2025-11-16,2025-11-27,chocolate_syrup,655.2,523.6766386026609
seasonal_naive,2025-11-16,2025-11-27,coffee_beans,5951.34,1231.4253569672092
seasonal_naive,2025-11-16,2025-11-27,croissant_dough,28.08,16.747124583586935
seasonal_naive,2025-11-16,2025-11-27,cup_cold,91.67,22.24819507490235
seasonal_naive,2025-11-16,2025-11-27,cup_hot,347.11,78.77536247668641
seasonal_naive,2025-11-16,2025-11-27,ice,10519.2,2521.058271296546
seasonal_naive,2025-11-16,2025-11-27,milk,55314.0,11304.163682828634
seasonal_naive,2025-11-16,2025-11-27,sugar,3276.4300000000003,734.4803257385248
seasonal_naive,2025-11-16,2025-11-27,tea_leaves,346.08,139.35473566232025
seasonal_naive,2025-11-16,2025-11-28,bread,106.0,36.252882852974814
seasonal_naive,2025-11-16,2025-11-28,chocolate_syrup,1341.6,523.6766386026609
seasonal_naive,2025-11-16,2025-11-28,coffee_beans,7082.279999999999,1231.4253569672092
seasonal_naive,2025-11-16,2025-11-28,croissant_dough,32.400000000000006,16.747124583586935
seasonal_naive,2025-11-16,2025-11-28,cup_cold,123.6,22.24819507490235
seasonal_naive,2025-11-16,2025-11-28,cup_hot,391.4,78.77536247668641
seasonal_naive,2025-11-16,2025-11-28,ice,13694.4,2521.058271296546
seasonal_naive,2025-11-16,2025-11-28,milk,68281.5,11304.163682828634
seasonal_naive,2025-11-16,2025-11-28,sugar,3942.84,734.4803257385248
seasonal_naive,2025-11-16,2025-11-28,tea_leaves,309.0,139.35473566232025
seasonal_naive,2025-11-16,2025-11-29,bread,65.72,36.252882852974814
seasonal_naive,2025-11-16,2025-11-29,chocolate_syrup,998.4,523.6766386026609
seasonal_naive,2025-11-16,2025-11-29,coffee_beans,7434.54,1231.4253569672092
seasonal_naive,2025-11-16,2025-11-29,croissant_dough,74.52000000000001,16.747124583586935
seasonal_naive,2025-11-16,2025-11-29,cup_cold,138.02,22.24819507490235
seasonal_naive,2025-11-16,2025-11-29,cup_hot,391.4,78.77536247668641
seasonal_naive,2025-11-16,2025-11-29,ice,15919.2,2521.058271296546
seasonal_naive,2025-11-16,2025-11-29,milk,69247.5,11304.163682828634
seasonal_naive,2025-11-16,2025-11-29,sugar,3993.31,734.4803257385248
seasonal_naive,2025-11-16,2025-11-29,tea_leaves,333.72,139.35473566232025
seasonal_naive,2025-11-16,2025-11-30,bread,78.44,36.252882852974814
seasonal_naive,2025-11-16,2025-11-30,chocolate_syrup,1653.6,523.6766386026609
seasonal_naive,2025-11-16,2025-11-30,coffee_beans,7860.96,1231.4253569672092
seasonal_naive,2025-11-16,2025-11-30,croissant_dough,50.760000000000005,16.747124583586935
seasonal_naive,2025-11-16,2025-11-30,cup_cold,113.3,22.24819507490235
seasonal_naive,2025-11-16,2025-11-30,cup_hot,450.11,78.77536247668641
seasonal_naive,2025-11-16,2025-11-30,ice,12765.6,2521.058271296546
seasonal_naive,2025-11-16,2025-11-30,milk,68659.5,11304.163682828634
seasonal_naive,2025-11-16,2025-11-30,sugar,3865.59,734.4803257385248
seasonal_naive,2025-11-16,2025-11-30,tea_leaves,288.40000000000003,139.35473566232025
seasonal_naive,2025-11-16,2025-12-01,bread,103.88,36.252882852974814
seasonal_naive,2025-11-16,2025-12-01,chocolate_syrup,1092.0,523.6766386026609
seasonal_naive,2025-11-16,2025-12-01,coffee_beans,5932.799999999999,1231.4253569672092
seasonal_naive,2025-11-16,2025-12-01,croissant_dough,35.64,16.747124583586935
seasonal_naive,2025-11-16,2025-12-01,cup_cold,103.0,22.24819507490235
seasonal_naive,2025-11-16,2025-12-01,cup_hot,331.66,78.77536247668641
seasonal_naive,2025-11-16,2025-12-01,ice,11491.2,2521.058271296546
seasonal_naive,2025-11-16,2025-12-01,milk,55713.0,11304.163682828634
seasonal_naive,2025-11-16,2025-12-01,sugar,3256.86,734.4803257385248
seasonal_naive,2025-11-16,2025-12-01,tea_leaves,276.04,139.35473566232025
seasonal_naive,2025-11-16,2025-12-02,bread,93.28,36.252882852974814
seasonal_naive,2025-11-16,2025-12-02,chocolate_syrup,811.2,523.6766386026609
seasonal_naive,2025-11-16,2025-12-02,coffee_beans,5840.1,1231.4253569672092
seasonal_naive,2025-11-16,2025-12-02,croissant_dough,62.64,16.747124583586935
seasonal_naive,2025-11-16,2025-12-02,cup_cold,92.7,22.24819507490235
seasonal_naive,2025-11-16,2025-12-02,cup_hot,311.06000000000006,78.77536247668641
seasonal_naive,2025-11-16,2025-12-02,ice,10519.2,2521.058271296546
seasonal_naive,2025-11-16,2025-12-02,milk,53056.5,11304.163682828634
seasonal_naive,2025-11-16,2025-12-02,sugar,2994.21,734.4803257385248
seasonal_naive,2025-11-16,2025-12-02,tea_leaves,210.12,139.35473566232025
ml,2025-11-16,2025-11-16,bread,98.05564642493896,23.979096758762527
ml,2025-11-16,2025-11-16,chocolate_syrup,1099.685093090298,248.7072957744872
ml,2025-11-16,2025-11-16,coffee_beans,7003.890385783735,1829.3892890157947
ml,2025-11-16,2025-11-16,croissant_dough,51.38488905350685,13.83295539906935
ml,2025-11-16,2025-11-16,cup_cold,111.2062554538314,31.30694748174762
ml,2025-11-16,2025-11-16,cup_hot,388.24307178298335,96.52573215807186
ml,2025-11-16,2025-11-16,ice,12645.543854385276,3558.145124256907
ml,2025-11-16,2025-11-16,milk,62491.185425022224,16080.497542333307
ml,2025-11-16,2025-11-16,sugar,3587.357673024056,934.817169954418
ml,2025-11-16,2025-11-16,tea_leaves,296.1623968222826,71.95764818212838
ml,2025-11-16,2025-11-17,bread,79.55153912851027,23.979096758762527
ml,2025-11-16,2025-11-17,chocolate_syrup,951.8555485983378,248.7072957744872
ml,2025-11-16,2025-11-17,coffee_beans,5358.53567047246,1829.3892890157947
ml,2025-11-16,2025-11-17,croissant_dough,41.7346524203998,13.83295539906935
ml,2025-11-16,2025-11-17,cup_cold,88.25059511430126,31.30694748174762
ml,2025-11-16,2025-11-17,cup_hot,299.4190344893645,96.52573215807186
ml,2025-11-16,2025-11-17,ice,10043.15804175134,3558.145124256907
ml,2025-11-16,2025-11-17,milk,50173.23224641223,16080.497542333307
ml,2025-11-16,2025-11-17,sugar,2866.439283847852,934.817169954418
ml,2025-11-16,2025-11-17,tea_leaves,234.19906834519057,71.95764818212838
ml,2025-11-16,2025-11-18,bread,82.85902322719991,23.979096758762527
ml,2025-11-16,2025-11-18,chocolate_syrup,920.8726221865552,248.7072957744872
ml,2025-11-16,2025-11-18,coffee_beans,5835.663093103965,1829.3892890157947
ml,2025-11-16,2025-11-18,croissant_dough,45.46442894796169,13.83295539906935
ml,2025-11-16,2025-11-18,cup_cold,102.58173466474588,31.30694748174762
ml,2025-11-16,2025-11-18,cup_hot,309.2902214807385,96.52573215807186
ml,2025-11-16,2025-11-18,ice,11823.86620390654,3558.145124256907
ml,2025-11-16,2025-11-18,milk,53468.77989602363,16080.497542333307
ml,2025-11-16,2025-11-18,sugar,3038.213173572024,934.817169954418
ml,2025-11-16,2025-11-18,tea_leaves,229.07139352650705,71.95764818212838
ml,2025-11-16,2025-11-19,bread,82.81994321237045,23.979096758762527
ml,2025-11-16,2025-11-19,chocolate_syrup,971.0348505481164,248.7072957744872
ml,2025-11-16,2025-11-19,coffee_beans,6046.397131330172,1829.3892890157947
ml,2025-11-16,2025-11-19,croissant_dough,43.32122889977831,13.83295539906935
ml,2025-11-16,2025-11-19,cup_cold,95.79299422778558,31.30694748174762
ml,2025-11-16,2025-11-19,cup_hot,335.72391549191906,96.52573215807186
ml,2025-11-16,2025-11-19,ice,10943.84202433786,3558.145124256907
ml,2025-11-16,2025-11-19,milk,54865.99183269886,16080.497542333307
ml,2025-11-16,2025-11-19,sugar,3123.7050890037985,934.817169954418
ml,2025-11-16,2025-11-19,tea_leaves,254.1974349852043,71.95764818212838
ml,2025-11-16,2025-11-20,bread,85.36854772472115,23.979096758762527
ml,2025-11-16,2025-11-20,chocolate_syrup,993.816105935536,248.7072957744872
ml,2025-11-16,2025-11-20,coffee_beans,5864.622695022217,1829.3892890157947
ml,2025-11-16,2025-11-20,croissant_dough,44.39857725542822,13.83295539906935
ml,2025-11-16,2025-11-20,cup_cold,95.97026625471854,31.30694748174762
ml,2025-11-16,2025-11-20,cup_hot,321.8268684512331,96.52573215807186
ml,2025-11-16,2025-11-20,ice,10972.640181253835,3558.145124256907
ml,2025-11-16,2025-11-20,milk,54173.84186907938,16080.497542333307
ml,2025-11-16,2025-11-20,sugar,3064.2079105444977,934.817169954418
ml,2025-11-16,2025-11-20,tea_leaves,236.70436012909136,71.95764818212838
ml,2025-11-16,2025-11-21,bread,91.67449307467034,23.979096758762527
ml,2025-11-16,2025-11-21,chocolate_syrup,1046.864743172694,248.7072957744872
ml,2025-11-16,2025-11-21,coffee_beans,6307.8118786950345,1829.3892890157947
ml,2025-11-16,2025-11-21,croissant_dough,48.40826150391931,13.83295539906935
ml,2025-11-16,2025-11-21,cup_cold,103.03291811938772,31.30694748174762
ml,2025-11-16,2025-11-21,cup_hot,345.40664837292826,96.52573215807186
ml,2025-11-16,2025-11-21,ice,11778.261454175452,3558.145124256907
ml,2025-11-16,2025-11-21,milk,57388.0258375525,16080.497542333307
ml,2025-11-16,2025-11-21,sugar,3261.4420909364108,934.817169954418
ml,2025-11-16,2025-11-21,tea_leaves,253.7824614556825,71.95764818212838
ml,2025-11-16,2025-11-22,bread,100.05770076586346,23.979096758762527
ml,2025-11-16,2025-11-22,chocolate_syrup,1125.4115689107048,248.7072957744872
ml,2025-11-16,2025-11-22,coffee_beans,7208.487013887187,1829.3892890157947
ml,2025-11-16,2025-11-22,croissant_dough,54.34615522495642,13.83295539906935
ml,2025-11-16,2025-11-22,cup_cold,117.94377357534908,31.30694748174762
ml,2025-11-16,2025-11-22,cup_hot,389.2001022253256,96.52573215807186
ml,2025-11-16,2025-11-22,ice,13513.04307968775,3558.145124256907
ml,2025-11-16,2025-11-22,milk,65431.2461783472,16080.497542333307
ml,2025-11-16,2025-11-22,sugar,3719.937886691977,934.817169954418
ml,2025-11-16,2025-11-22,tea_leaves,278.07745960665346,71.95764818212838
ml,2025-11-16,2025-11-23,bread,100.5805361024158,23.979096758762527
ml,2025-11-16,2025-11-23,chocolate_syrup,1112.0896487241416,248.7072957744872
ml,2025-11-16,2025-11-23,coffee_beans,6982.687482922685,1829.3892890157947
ml,2025-11-16,2025-11-23,croissant_dough,52.04722822961492,13.83295539906935
ml,2025-11-16,2025-11-23,cup_cold,113.35638696730898,31.30694748174762
ml,2025-11-16,2025-11-23,cup_hot,381.6996914149881,96.52573215807186
ml,2025-11-16,2025-11-23,ice,12949.857482636064,3558.145124256907
ml,2025-11-16,2025-11-23,milk,63411.0411908605,16080.497542333307
ml,2025-11-16,2025-11-23,sugar,3601.8586737834235,934.817169954418
ml,2025-11-16,2025-11-23,tea_leaves,281.66312012083097,71.95764818212838
ml,2025-11-16,2025-11-24,bread,85.92291909485297,23.979096758762527
ml,2025-11-16,2025-11-24,chocolate_syrup,955.8686227610234,248.7072957744872
ml,2025-11-16,2025-11-24,coffee_beans,5669.510818394031,1829.3892890157947
ml,2025-11-16,2025-11-24,croissant_dough,42.914780021003,13.83295539906935
ml,2025-11-16,2025-11-24,cup_cold,92.23115141775678,31.30694748174762
ml,2025-11-16,2025-11-24,cup_hot,312.5980944393556,96.52573215807186
ml,2025-11-16,2025-11-24,ice,10527.090453129847,3558.145124256907
ml,2025-11-16,2025-11-24,milk,52129.0891877453,16080.497542333307
ml,2025-11-16,2025-11-24,sugar,2960.3163905428064,934.817169954418
ml,2025-11-16,2025-11-24,tea_leaves,233.2020133438116,71.95764818212838
ml,2025-11-16,2025-11-25,bread,90.02109070708872,23.979096758762527
ml,2025-11-16,2025-11-25,chocolate_syrup,960.315526032968,248.7072957744872
ml,2025-11-16,2025-11-25,coffee_beans,5800.915641241015,1829.3892890157947
ml,2025-11-16,2025-11-25,croissant_dough,45.70510596481061,13.83295539906935
ml,2025-11-16,2025-11-25,cup_cold,95.83842326919871,31.30694748174762
ml,2025-11-16,2025-11-25,cup_hot,317.8714517925694,96.52573215807186
ml,2025-11-16,2025-11-25,ice,10938.88261528299,3558.145124256907
ml,2025-11-16,2025-11-25,milk,53127.22021885079,16080.497542333307
ml,2025-11-16,2025-11-25,sugar,3028.078124149947,934.817169954418
ml,2025-11-16,2025-11-25,tea_leaves,238.93623914044204,71.95764818212838
ml,2025-11-16,2025-11-26,bread,87.35432897425189,23.979096758762527
ml,2025-11-16,2025-11-26,chocolate_syrup,951.3047427754504,248.7072957744872
ml,2025-11-16,2025-11-26,coffee_beans,6022.822710762871,1829.3892890157947
ml,2025-11-16,2025-11-26,croissant_dough,44.38898578955423,13.83295539906935
ml,2025-11-16,2025-11-26,cup_cold,97.43337310825832,31.30694748174762
ml,2025-11-16,2025-11-26,cup_hot,329.4008138554252,96.52573215807186
ml,2025-11-16,2025-11-26,ice,11119.699151724566,3558.145124256907
ml,2025-11-16,2025-11-26,milk,54930.924507430944,16080.497542333307
ml,2025-11-16,2025-11-26,sugar,3117.6196020486773,934.817169954418
ml,2025-11-16,2025-11-26,tea_leaves,243.31069011357727,71.95764818212838
ml,2025-11-16,2025-11-27,bread,86.88011245114565,23.979096758762527
ml,2025-11-16,2025-11-27,chocolate_syrup,985.3906351801236,248.7072957744872
ml,2025-11-16,2025-11-27,coffee_beans,6033.838566506406,1829.3892890157947
ml,2025-11-16,2025-11-27,croissant_dough,44.22878864173487,13.83295539906935
ml,2025-11-16,2025-11-27,cup_cold,98.03211356996444,31.30694748174762
ml,2025-11-16,2025-11-27,cup_hot,330.6860075335104,96.52573215807186
ml,2025-11-16,2025-11-27,ice,11195.035815644096,3558.145124256907
ml,2025-11-16,2025-11-27,milk,55453.21065308571,16080.497542333307
ml,2025-11-16,2025-11-27,sugar,3141.817924357576,934.817169954418
ml,2025-11-16,2025-11-27,tea_leaves,243.8973729378353,71.95764818212838
ml,2025-11-16,2025-11-28,bread,94.67831928429246,23.979096758762527
ml,2025-11-16,2025-11-28,chocolate_syrup,1008.8060204435028,248.7072957744872
ml,2025-11-16,2025-11-28,coffee_beans,6837.123747751351,1829.3892890157947
ml,2025-11-16,2025-11-28,croissant_dough,48.16882504421064,13.83295539906935
ml,2025-11-16,2025-11-28,cup_cold,109.97021006177756,31.30694748174762
ml,2025-11-16,2025-11-28,cup_hot,373.3213230220615,96.52573215807186
ml,2025-11-16,2025-11-28,ice,12530.914561967087,3558.145124256907
ml,2025-11-16,2025-11-28,milk,61738.05555816694,16080.497542333307
ml,2025-11-16,2025-11-28,sugar,3531.472514838669,934.817169954418
ml,2025-11-16,2025-11-28,tea_leaves,280.5911711611064,71.95764818212838
ml,2025-11-16,2025-11-29,bread,104.0428060428769,23.979096758762527
ml,2025-11-16,2025-11-29,chocolate_syrup,1088.0590120056045,248.7072957744872
ml,2025-11-16,2025-11-29,coffee_beans,7666.436481155689,1829.3892890157947
ml,2025-11-16,2025-11-29,croissant_dough,55.88552489885431,13.83295539906935
ml,2025-11-16,2025-11-29,cup_cold,126.84906404951955,31.30694748174762
ml,2025-11-16,2025-11-29,cup_hot,415.7540323751456,96.52573215807186
ml,2025-11-16,2025-11-29,ice,14454.163770065614,3558.145124256907
ml,2025-11-16,2025-11-29,milk,69223.33088047917,16080.497542333307
ml,2025-11-16,2025-11-29,sugar,3982.348595524577,934.817169954418
ml,2025-11-16,2025-11-29,tea_leaves,323.0802468479383,71.95764818212838
ml,2025-11-16,2025-11-30,bread,106.60840502778376,23.979096758762527
ml,2025-11-16,2025-11-30,chocolate_syrup,1095.8624513916573,248.7072957744872
ml,2025-11-16,2025-11-30,coffee_beans,7515.975627318544,1829.3892890157947
ml,2025-11-16,2025-11-30,croissant_dough,72.37601085960513,13.83295539906935
ml,2025-11-16,2025-11-30,cup_cold,129.17679575023172,31.30694748174762
ml,2025-11-16,2025-11-30,cup_hot,395.6817762314656,96.52573215807186
ml,2025-11-16,2025-11-30,ice,14657.446298790706,3558.145124256907
ml,2025-11-16,2025-11-30,milk,67685.30583662025,16080.497542333307
ml,2025-11-16,2025-11-30,sugar,3880.5641515096218,934.817169954418
ml,2025-11-16,2025-11-30,tea_leaves,284.5074401978726,71.95764818212838
ml,2025-11-16,2025-12-01,bread,88.2956044729912,23.979096758762527
ml,2025-11-16,2025-12-01,chocolate_syrup,1425.5891923415113,248.7072957744872
ml,2025-11-16,2025-12-01,coffee_beans,5896.810410660645,1829.3892890157947
ml,2025-11-16,2025-12-01,croissant_dough,47.06750953398793,13.83295539906935
ml,2025-11-16,2025-12-01,cup_cold,98.37150985776503,31.30694748174762
ml,2025-11-16,2025-12-01,cup_hot,336.19082676847563,96.52573215807186
ml,2025-11-16,2025-12-01,ice,11211.7223780701,3558.145124256907
ml,2025-11-16,2025-12-01,milk,57388.82587150661,16080.497542333307
ml,2025-11-16,2025-12-01,sugar,3203.607407424606,934.817169954418
ml,2025-11-16,2025-12-01,tea_leaves,239.596152497671,71.95764818212838
ml,2025-11-16,2025-12-02,bread,91.95670590967372,23.979096758762527
ml,2025-11-16,2025-12-02,chocolate_syrup,986.571947415574,248.7072957744872
ml,2025-11-16,2025-12-02,coffee_beans,6093.734170758912,1829.3892890157947
ml,2025-11-16,2025-12-02,croissant_dough,49.74814139679679,13.83295539906935
ml,2025-11-16,2025-12-02,cup_cold,101.63071803344656,31.30694748174762
ml,2025-11-16,2025-12-02,cup_hot,329.665813202991,96.52573215807186
ml,2025-11-16,2025-12-02,ice,11617.70822581648,3558.145124256907
ml,2025-11-16,2025-12-02,milk,55777.21045246801,16080.497542333307
ml,2025-11-16,2025-12-02,sugar,3156.5158377553207,934.817169954418
ml,2025-11-16,2025-12-02,tea_leaves,240.74488539615763,71.95764818212838
manual,2025-11-23,2025-11-23,bread,93.03771428571427,0.0
manual,2025-11-23,2025-11-23,chocolate_syrup,1353.1885714285715,0.0
manual,2025-11-23,2025-11-23,coffee_beans,7711.050857142855,0.0
manual,2025-11-23,2025-11-23,croissant_dough,50.35885714285715,0.0
manual,2025-11-23,2025-11-23,cup_cold,108.09114285714286,0.0
manual,2025-11-23,2025-11-23,cup_hot,442.8411428571428,0.0
manual,2025-11-23,2025-11-23,ice,12352.114285714286,0.0
manual,2025-11-23,2025-11-23,milk,70144.8,0.0
manual,2025-11-23,2025-11-23,sugar,3890.486571428571,0.0
manual,2025-11-23,2025-11-23,tea_leaves,311.472,0.0
manual,2025-11-23,2025-11-24,bread,93.03771428571427,0.0
manual,2025-11-23,2025-11-24,chocolate_syrup,1353.1885714285715,0.0
manual,2025-11-23,2025-11-24,coffee_beans,7711.050857142855,0.0
manual,2025-11-23,2025-11-24,croissant_dough,50.35885714285715,0.0
manual,2025-11-23,2025-11-24,cup_cold,108.09114285714286,0.0
manual,2025-11-23,2025-11-24,cup_hot,442.8411428571428,0.0
manual,2025-11-23,2025-11-24,ice,12352.114285714286,0.0
manual,2025-11-23,2025-11-24,milk,70144.8,0.0
manual,2025-11-23,2025-11-24,sugar,3890.486571428571,0.0
manual,2025-11-23,2025-11-24,tea_leaves,311.472,0.0
manual,2025-11-23,2025-11-25,bread,93.03771428571427,0.0
manual,2025-11-23,2025-11-25,chocolate_syrup,1353.1885714285715,0.0
manual,2025-11-23,2025-11-25,coffee_beans,7711.050857142855,0.0
manual,2025-11-23,2025-11-25,croissant_dough,50.35885714285715,0.0
manual,2025-11-23,2025-11-25,cup_cold,108.09114285714286,0.0
manual,2025-11-23,2025-11-25,cup_hot,442.8411428571428,0.0
manual,2025-11-23,2025-11-25,ice,12352.114285714286,0.0
manual,2025-11-23,2025-11-25,milk,70144.8,0.0
manual,2025-11-23,2025-11-25,sugar,3890.486571428571,0.0
manual,2025-11-23,2025-11-25,tea_leaves,311.472,0.0
manual,2025-11-23,2025-11-26,bread,93.03771428571427,0.0
manual,2025-11-23,2025-11-26,chocolate_syrup,1353.1885714285715,0.0
manual,2025-11-23,2025-11-26,coffee_beans,7711.050857142855,0.0
manual,2025-11-23,2025-11-26,croissant_dough,50.35885714285715,0.0
manual,2025-11-23,2025-11-26,cup_cold,108.09114285714286,0.0
manual,2025-11-23,2025-11-26,cup_hot,442.8411428571428,0.0
manual,2025-11-23,2025-11-26,ice,12352.114285714286,0.0
manual,2025-11-23,2025-11-26,milk,70144.8,0.0
manual,2025-11-23,2025-11-26,sugar,3890.486571428571,0.0
manual,2025-11-23,2025-11-26,tea_leaves,311.472,0.0
manual,2025-11-23,2025-11-27,bread,93.03771428571427,0.0
manual,2025-11-23,2025-11-27,chocolate_syrup,1353.1885714285715,0.0
manual,2025-11-23,2025-11-27,coffee_beans,7711.050857142855,0.0
manual,2025-11-23,2025-11-27,croissant_dough,50.35885714285715,0.0
manual,2025-11-23,2025-11-27,cup_cold,108.09114285714286,0.0
manual,2025-11-23,2025-11-27,cup_hot,442.8411428571428,0.0
manual,2025-11-23,2025-11-27,ice,12352.114285714286,0.0
manual,2025-11-23,2025-11-27,milk,70144.8,0.0
manual,2025-11-23,2025-11-27,sugar,3890.486571428571,0.0
manual,2025-11-23,2025-11-27,tea_leaves,311.472,0.0
manual,2025-11-23,2025-11-28,bread,93.03771428571427,0.0
manual,2025-11-23,2025-11-28,chocolate_syrup,1353.1885714285715,0.0
manual,2025-11-23,2025-11-28,coffee_beans,7711.050857142855,0.0
manual,2025-11-23,2025-11-28,croissant_dough,50.35885714285715,0.0
manual,2025-11-23,2025-11-28,cup_cold,108.09114285714286,0.0
manual,2025-11-23,2025-11-28,cup_hot,442.8411428571428,0.0
manual,2025-11-23,2025-11-28,ice,12352.114285714286,0.0
manual,2025-11-23,2025-11-28,milk,70144.8,0.0
manual,2025-11-23,2025-11-28,sugar,3890.486571428571,0.0
manual,2025-11-23,2025-11-28,tea_leaves,311.472,0.0
manual,2025-11-23,2025-11-29,bread,93.03771428571427,0.0
manual,2025-11-23,2025-11-29,chocolate_syrup,1353.1885714285715,0.0
manual,2025-11-23,2025-11-29,coffee_beans,7711.050857142855,0.0
manual,2025-11-23,2025-11-29,croissant_dough,50.35885714285715,0.0
manual,2025-11-23,2025-11-29,cup_cold,108.09114285714286,0.0
manual,2025-11-23,2025-11-29,cup_hot,442.8411428571428,0.0
manual,2025-11-23,2025-11-29,ice,12352.114285714286,0.0
manual,2025-11-23,2025-11-29,milk,70144.8,0.0
manual,2025-11-23,2025-11-29,sugar,3890.486571428571,0.0
manual,2025-11-23,2025-11-29,tea_leaves,311.472,0.0
manual,2025-11-23,2025-11-30,bread,93.03771428571427,0.0
manual,2025-11-23,2025-11-30,chocolate_syrup,1353.1885714285715,0.0
manual,2025-11-23,2025-11-30,coffee_beans,7711.050857142855,0.0
manual,2025-11-23,2025-11-30,croissant_dough,50.35885714285715,0.0
manual,2025-11-23,2025-11-30,cup_cold,108.09114285714286,0.0
manual,2025-11-23,2025-11-30,cup_hot,442.8411428571428,0.0
manual,2025-11-23,2025-11-30,ice,12352.114285714286,0.0
manual,2025-11-23,2025-11-30,milk,70144.8,0.0
manual,2025-11-23,2025-11-30,sugar,3890.486571428571,0.0
manual,2025-11-23,2025-11-30,tea_leaves,311.472,0.0
manual,2025-11-23,2025-12-01,bread,93.03771428571427,0.0
manual,2025-11-23,2025-12-01,chocolate_syrup,1353.1885714285715,0.0
manual,2025-11-23,2025-12-01,coffee_beans,7711.050857142855,0.0
manual,2025-11-23,2025-12-01,croissant_dough,50.35885714285715,0.0
manual,2025-11-23,2025-12-01,cup_cold,108.09114285714286,0.0
manual,2025-11-23,2025-12-01,cup_hot,442.8411428571428,0.0
manual,2025-11-23,2025-12-01,ice,12352.114285714286,0.0
manual,2025-11-23,2025-12-01,milk,70144.8,0.0
manual,2025-11-23,2025-12-01,sugar,3890.486571428571,0.0
manual,2025-11-23,2025-12-01,tea_leaves,311.472,0.0
manual,2025-11-23,2025-12-02,bread,93.03771428571427,0.0
manual,2025-11-23,2025-12-02,chocolate_syrup,1353.1885714285715,0.0
manual,2025-11-23,2025-12-02,coffee_beans,7711.050857142855,0.0
manual,2025-11-23,2025-12-02,croissant_dough,50.35885714285715,0.0
manual,2025-11-23,2025-12-02,cup_cold,108.09114285714286,0.0
manual,2025-11-23,2025-12-02,cup_hot,442.8411428571428,0.0
manual,2025-11-23,2025-12-02,ice,12352.114285714286,0.0
manual,2025-11-23,2025-12-02,milk,70144.8,0.0
manual,2025-11-23,2025-12-02,sugar,3890.486571428571,0.0
manual,2025-11-23,2025-12-02,tea_leaves,311.472,0.0
manual,2025-11-23,2025-12-03,bread,93.03771428571427,0.0
manual,2025-11-23,2025-12-03,chocolate_syrup,1353.1885714285715,0.0
manual,2025-11-23,2025-12-03,coffee_beans,7711.050857142855,0.0
manual,2025-11-23,2025-12-03,croissant_dough,50.35885714285715,0.0
manual,2025-11-23,2025-12-03,cup_cold,108.09114285714286,0.0
manual,2025-11-23,2025-12-03,cup_hot,442.8411428571428,0.0
manual,2025-11-23,2025-12-03,ice,12352.114285714286,0.0
manual,2025-11-23,2025-12-03,milk,70144.8,0.0
manual,2025-11-23,2025-12-03,sugar,3890.486571428571,0.0
manual,2025-11-23,2025-12-03,tea_leaves,311.472,0.0
manual,2025-11-23,2025-12-04,bread,93.03771428571427,0.0
manual,2025-11-23,2025-12-04,chocolate_syrup,1353.1885714285715,0.0
manual,2025-11-23,2025-12-04,coffee_beans,7711.050857142855,0.0
manual,2025-11-23,2025-12-04,croissant_dough,50.35885714285715,0.0
manual,2025-11-23,2025-12-04,cup_cold,108.09114285714286,0.0
manual,2025-11-23,2025-12-04,cup_hot,442.8411428571428,0.0
manual,2025-11-23,2025-12-04,ice,12352.114285714286,0.0
manual,2025-11-23,2025-12-04,milk,70144.8,0.0
manual,2025-11-23,2025-12-04,sugar,3890.486571428571,0.0
manual,2025-11-23,2025-12-04,tea_leaves,311.472,0.0
manual,2025-11-23,2025-12-05,bread,93.03771428571427,0.0
manual,2025-11-23,2025-12-05,chocolate_syrup,1353.1885714285715,0.0
manual,2025-11-23,2025-12-05,coffee_beans,7711.050857142855,0.0
manual,2025-11-23,2025-12-05,croissant_dough,50.35885714285715,0.0
manual,2025-11-23,2025-12-05,cup_cold,108.09114285714286,0.0
manual,2025-11-23,2025-12-05,cup_hot,442.8411428571428,0.0
manual,2025-11-23,2025-12-05,ice,12352.114285714286,0.0
manual,2025-11-23,2025-12-05,milk,70144.8,0.0
manual,2025-11-23,2025-12-05,sugar,3890.486571428571,0.0
manual,2025-11-23,2025-12-05,tea_leaves,311.472,0.0
manual,2025-11-23,2025-12-06,bread,93.03771428571427,0.0
manual,2025-11-23,2025-12-06,chocolate_syrup,1353.1885714285715,0.0
manual,2025-11-23,2025-12-06,coffee_beans,7711.050857142855,0.0
manual,2025-11-23,2025-12-06,croissant_dough,50.35885714285715,0.0
manual,2025-11-23,2025-12-06,cup_cold,108.09114285714286,0.0
manual,2025-11-23,2025-12-06,cup_hot,442.8411428571428,0.0
manual,2025-11-23,2025-12-06,ice,12352.114285714286,0.0
manual,2025-11-23,2025-12-06,milk,70144.8,0.0
manual,2025-11-23,2025-12-06,sugar,3890.486571428571,0.0
manual,2025-11-23,2025-12-06,tea_leaves,311.472,0.0
manual,2025-11-23,2025-12-07,bread,93.03771428571427,0.0
manual,2025-11-23,2025-12-07,chocolate_syrup,1353.1885714285715,0.0
manual,2025-11-23,2025-12-07,coffee_beans,7711.050857142855,0.0
manual,2025-11-23,2025-12-07,croissant_dough,50.35885714285715,0.0
manual,2025-11-23,2025-12-07,cup_cold,108.09114285714286,0.0
manual,2025-11-23,2025-12-07,cup_hot,442.8411428571428,0.0
manual,2025-11-23,2025-12-07,ice,12352.114285714286,0.0
manual,2025-11-23,2025-12-07,milk,70144.8,0.0
manual,2025-11-23,2025-12-07,sugar,3890.486571428571,0.0
manual,2025-11-23,2025-12-07,tea_leaves,311.472,0.0
manual,2025-11-23,2025-12-08,bread,93.03771428571427,0.0
manual,2025-11-23,2025-12-08,chocolate_syrup,1353.1885714285715,0.0
manual,2025-11-23,2025-12-08,coffee_beans,7711.050857142855,0.0
manual,2025-11-23,2025-12-08,croissant_dough,50.35885714285715,0.0
manual,2025-11-23,2025-12-08,cup_cold,108.09114285714286,0.0
manual,2025-11-23,2025-12-08,cup_hot,442.8411428571428,0.0
manual,2025-11-23,2025-12-08,ice,12352.114285714286,0.0
manual,2025-11-23,2025-12-08,milk,70144.8,0.0
manual,2025-11-23,2025-12-08,sugar,3890.486571428571,0.0
manual,2025-11-23,2025-12-08,tea_leaves,311.472,0.0
manual,2025-11-23,2025-12-09,bread,93.03771428571427,0.0
manual,2025-11-23,2025-12-09,chocolate_syrup,1353.1885714285715,0.0
manual,2025-11-23,2025-12-09,coffee_beans,7711.050857142856,0.0
manual,2025-11-23,2025-12-09,croissant_dough,50.35885714285715,0.0
manual,2025-11-23,2025-12-09,cup_cold,108.09114285714286,0.0
manual,2025-11-23,2025-12-09,cup_hot,442.8411428571428,0.0
manual,2025-11-23,2025-12-09,ice,12352.114285714286,0.0
manual,2025-11-23,2025-12-09,milk,70144.79999999999,0.0
manual,2025-11-23,2025-12-09,sugar,3890.486571428572,0.0
manual,2025-11-23,2025-12-09,tea_leaves,311.472,0.0
seasonal_naive,2025-11-23,2025-11-23,bread,129.32,39.19351275943817
seasonal_naive,2025-11-23,2025-11-23,chocolate_syrup,1404.0000000000002,489.254914036733
seasonal_naive,2025-11-23,2025-11-23,coffee_beans,7341.839999999999,994.2840267750456
seasonal_naive,2025-11-23,2025-11-23,croissant_dough,65.88000000000001,17.786994227141463
seasonal_naive,2025-11-23,2025-11-23,cup_cold,148.32000000000002,21.14903945092944
seasonal_naive,2025-11-23,2025-11-23,cup_hot,378.0100000000001,70.05256404690307
seasonal_naive,2025-11-23,2025-11-23,ice,16912.800000000003,2399.0413358066785
seasonal_naive,2025-11-23,2025-11-23,milk,73017.0,8808.491734477795
seasonal_naive,2025-11-23,2025-11-23,sugar,4129.27,568.6771747394974
seasonal_naive,2025-11-23,2025-11-23,tea_leaves,288.40000000000003,134.70143375089015
seasonal_naive,2025-11-23,2025-11-24,bread,50.88,39.19351275943817
seasonal_naive,2025-11-23,2025-11-24,chocolate_syrup,717.6,489.254914036733
seasonal_naive,2025-11-23,2025-11-24,coffee_beans,5895.719999999998,994.2840267750456
seasonal_naive,2025-11-23,2025-11-24,croissant_dough,35.64,17.786994227141463
seasonal_naive,2025-11-23,2025-11-24,cup_cold,65.92,21.14903945092944
seasonal_naive,2025-11-23,2025-11-24,cup_hot,321.36,70.05256404690307
seasonal_naive,2025-11-23,2025-11-24,ice,7538.400000000001,2399.0413358066785
seasonal_naive,2025-11-23,2025-11-24,milk,47071.5,8808.491734477795
seasonal_naive,2025-11-23,2025-11-24,sugar,2485.3900000000003,568.6771747394974
seasonal_naive,2025-11-23,2025-11-24,tea_leaves,144.20000000000002,134.70143375089015
seasonal_naive,2025-11-23,2025-11-25,bread,40.28,39.19351275943817
seasonal_naive,2025-11-23,2025-11-25,chocolate_syrup,1060.8000000000002,489.254914036733
seasonal_naive,2025-11-23,2025-11-25,coffee_beans,5914.259999999999,994.2840267750456
seasonal_naive,2025-11-23,2025-11-25,croissant_dough,38.88,17.786994227141463
seasonal_naive,2025-11-23,2025-11-25,cup_cold,55.620000000000005,21.14903945092944
seasonal_naive,2025-11-23,2025-11-25,cup_hot,373.89,70.05256404690307
seasonal_naive,2025-11-23,2025-11-25,ice,6415.200000000001,2399.0413358066785
seasonal_naive,2025-11-23,2025-11-25,milk,50599.5,8808.491734477795
seasonal_naive,2025-11-23,2025-11-25,sugar,2747.01,568.6771747394974
seasonal_naive,2025-11-23,2025-11-25,tea_leaves,263.68,134.70143375089015
seasonal_naive,2025-11-23,2025-11-26,bread,50.88,39.19351275943817
seasonal_naive,2025-11-23,2025-11-26,chocolate_syrup,1123.2,489.254914036733
seasonal_naive,2025-11-23,2025-11-26,coffee_beans,6433.38,994.2840267750456
seasonal_naive,2025-11-23,2025-11-26,croissant_dough,37.8,17.786994227141463
seasonal_naive,2025-11-23,2025-11-26,cup_cold,93.90166666666669,21.14903945092944
seasonal_naive,2025-11-23,2025-11-26,cup_hot,367.5383333333333,70.05256404690307
seasonal_naive,2025-11-23,2025-11-26,ice,10774.8,2399.0413358066785
seasonal_naive,2025-11-23,2025-11-26,milk,56168.0,8808.491734477795
seasonal_naive,2025-11-23,2025-11-26,sugar,3199.695,568.6771747394974
seasonal_naive,2025-11-23,2025-11-26,tea_leaves,267.8,134.70143375089015
seasonal_naive,2025-11-23,2025-11-27,bread,118.72,39.19351275943817
seasonal_naive,2025-11-23,2025-11-27,chocolate_syrup,967.2,489.254914036733
seasonal_naive,2025-11-23,2025-11-27,coffee_beans,7768.259999999999,994.2840267750456
seasonal_naive,2025-11-23,2025-11-27,croissant_dough,30.24,17.786994227141463
seasonal_naive,2025-11-23,2025-11-27,cup_cold,111.24,21.14903945092944
seasonal_naive,2025-11-23,2025-11-27,cup_hot,405.82,70.05256404690307
seasonal_naive,2025-11-23,2025-11-27,ice,12463.2,2399.0413358066785
seasonal_naive,2025-11-23,2025-11-27,milk,68386.5,8808.491734477795
seasonal_naive,2025-11-23,2025-11-27,sugar,3760.53,568.6771747394974
seasonal_naive,2025-11-23,2025-11-27,tea_leaves,214.24,134.70143375089015
seasonal_naive,2025-11-23,2025-11-28,bread,80.56,39.19351275943817
seasonal_naive,2025-11-23,2025-11-28,chocolate_syrup,1497.6,489.254914036733
seasonal_naive,2025-11-23,2025-11-28,coffee_beans,5713.41,994.2840267750456
seasonal_naive,2025-11-23,2025-11-28,croissant_dough,33.480000000000004,17.786994227141463
seasonal_naive,2025-11-23,2025-11-28,cup_cold,81.37,21.14903945092944
seasonal_naive,2025-11-23,2025-11-28,cup_hot,380.2416666666667,70.05256404690307
seasonal_naive,2025-11-23,2025-11-28,ice,9439.2,2399.0413358066785
seasonal_naive,2025-11-23,2025-11-28,milk,57771.0,8808.491734477795
seasonal_naive,2025-11-23,2025-11-28,sugar,3294.9700000000003,568.6771747394974
seasonal_naive,2025-11-23,2025-11-28,tea_leaves,379.04,134.70143375089015
seasonal_naive,2025-11-23,2025-11-29,bread,72.08,39.19351275943817
seasonal_naive,2025-11-23,2025-11-29,chocolate_syrup,1123.2,489.254914036733
seasonal_naive,2025-11-23,2025-11-29,coffee_beans,5914.259999999999,994.2840267750456
seasonal_naive,2025-11-23,2025-11-29,croissant_dough,51.84,17.786994227141463
seasonal_naive,2025-11-23,2025-11-29,cup_cold,74.16,21.14903945092944
seasonal_naive,2025-11-23,2025-11-29,cup_hot,356.38,70.05256404690307
seasonal_naive,2025-11-23,2025-11-29,ice,8510.400000000001,2399.0413358066785
seasonal_naive,2025-11-23,2025-11-29,milk,56164.5,8808.491734477795
seasonal_naive,2025-11-23,2025-11-29,sugar,3077.64,568.6771747394974
seasonal_naive,2025-11-23,2025-11-29,tea_leaves,259.56,134.70143375089015
seasonal_naive,2025-11-23,2025-11-30,bread,129.32,39.19351275943817
seasonal_naive,2025-11-23,2025-11-30,chocolate_syrup,1404.0000000000002,489.254914036733
seasonal_naive,2025-11-23,2025-11-30,coffee_beans,7341.839999999999,994.2840267750456
seasonal_naive,2025-11-23,2025-11-30,croissant_dough,65.88000000000001,17.786994227141463
seasonal_naive,2025-11-23,2025-11-30,cup_cold,148.32000000000002,21.14903945092944
seasonal_naive,2025-11-23,2025-11-30,cup_hot,378.0100000000001,70.05256404690307
seasonal_naive,2025-11-23,2025-11-30,ice,16912.800000000003,2399.0413358066785
seasonal_naive,2025-11-23,2025-11-30,milk,73017.0,8808.491734477795
seasonal_naive,2025-11-23,2025-11-30,sugar,4129.27,568.6771747394974
seasonal_naive,2025-11-23,2025-11-30,tea_leaves,288.40000000000003,134.70143375089015
seasonal_naive,2025-11-23,2025-12-01,bread,50.88,39.19351275943817
seasonal_naive,2025-11-23,2025-12-01,chocolate_syrup,717.6,489.254914036733
seasonal_naive,2025-11-23,2025-12-01,coffee_beans,5895.719999999998,994.2840267750456
seasonal_naive,2025-11-23,2025-12-01,croissant_dough,35.64,17.786994227141463
seasonal_naive,2025-11-23,2025-12-01,cup_cold,65.92,21.14903945092944
seasonal_naive,2025-11-23,2025-12-01,cup_hot,321.36,70.05256404690307
seasonal_naive,2025-11-23,2025-12-01,ice,7538.400000000001,2399.0413358066785
seasonal_naive,2025-11-23,2025-12-01,milk,47071.5,8808.491734477795
seasonal_naive,2025-11-23,2025-12-01,sugar,2485.3900000000003,568.6771747394974
seasonal_naive,2025-11-23,2025-12-01,tea_leaves,144.20000000000002,134.70143375089015
seasonal_naive,2025-11-23,2025-12-02,bread,40.28,39.19351275943817
seasonal_naive,2025-11-23,2025-12-02,chocolate_syrup,1060.8000000000002,489.254914036733
seasonal_naive,2025-11-23,2025-12-02,coffee_beans,5914.259999999999,994.2840267750456
seasonal_naive,2025-11-23,2025-12-02,croissant_dough,38.88,17.786994227141463
seasonal_naive,2025-11-23,2025-12-02,cup_cold,55.620000000000005,21.14903945092944
seasonal_naive,2025-11-23,2025-12-02,cup_hot,373.89,70.05256404690307
seasonal_naive,2025-11-23,2025-12-02,ice,6415.200000000001,2399.0413358066785
seasonal_naive,2025-11-23,2025-12-02,milk,50599.5,8808.491734477795
seasonal_naive,2025-11-23,2025-12-02,sugar,2747.01,568.6771747394974
seasonal_naive,2025-11-23,2025-12-02,tea_leaves,263.68,134.70143375089015
seasonal_naive,2025-11-23,2025-12-03,bread,50.88,39.19351275943817
seasonal_naive,2025-11-23,2025-12-03,chocolate_syrup,1123.2,489.254914036733
seasonal_naive,2025-11-23,2025-12-03,coffee_beans,6433.38,994.2840267750456
seasonal_naive,2025-11-23,2025-12-03,croissant_dough,37.8,17.786994227141463
seasonal_naive,2025-11-23,2025-12-03,cup_cold,93.90166666666669,21.14903945092944
seasonal_naive,2025-11-23,2025-12-03,cup_hot,367.5383333333333,70.05256404690307
seasonal_naive,2025-11-23,2025-12-03,ice,10774.8,2399.0413358066785
seasonal_naive,2025-11-23,2025-12-03,milk,56168.0,8808.491734477795
seasonal_naive,2025-11-23,2025-12-03,sugar,3199.695,568.6771747394974
seasonal_naive,2025-11-23,2025-12-03,tea_leaves,267.8,134.70143375089015
seasonal_naive,2025-11-23,2025-12-04,bread,118.72,39.19351275943817
seasonal_naive,2025-11-23,2025-12-04,chocolate_syrup,967.2,489.254914036733
seasonal_naive,2025-11-23,2025-12-04,coffee_beans,7768.259999999999,994.2840267750456
seasonal_naive,2025-11-23,2025-12-04,croissant_dough,30.24,17.786994227141463
seasonal_naive,2025-11-23,2025-12-04,cup_cold,111.24,21.14903945092944
seasonal_naive,2025-11-23,2025-12-04,cup_hot,405.82,70.05256404690307
seasonal_naive,2025-11-23,2025-12-04,ice,12463.2,2399.0413358066785
seasonal_naive,2025-11-23,2025-12-04,milk,68386.5,8808.491734477795
seasonal_naive,2025-11-23,2025-12-04,sugar,3760.53,568.6771747394974
seasonal_naive,2025-11-23,2025-12-04,tea_leaves,214.24,134.70143375089015
seasonal_naive,2025-11-23,2025-12-05,bread,80.56,39.19351275943817
seasonal_naive,2025-11-23,2025-12-05,chocolate_syrup,1497.6,489.254914036733
seasonal_naive,2025-11-23,2025-12-05,coffee_beans,5713.41,994.2840267750456
seasonal_naive,2025-11-23,2025-12-05,croissant_dough,33.480000000000004,17.786994227141463
seasonal_naive,2025-11-23,2025-12-05,cup_cold,81.37,21.14903945092944
seasonal_naive,2025-11-23,2025-12-05,cup_hot,380.2416666666667,70.05256404690307
seasonal_naive,2025-11-23,2025-12-05,ice,9439.2,2399.0413358066785
seasonal_naive,2025-11-23,2025-12-05,milk,57771.0,8808.491734477795
seasonal_naive,2025-11-23,2025-12-05,sugar,3294.9700000000003,568.6771747394974
seasonal_naive,2025-11-23,2025-12-05,tea_leaves,379.04,134.70143375089015
seasonal_naive,2025-11-23,2025-12-06,bread,72.08,39.19351275943817
seasonal_naive,2025-11-23,2025-12-06,chocolate_syrup,1123.2,489.254914036733
seasonal_naive,2025-11-23,2025-12-06,coffee_beans,5914.259999999999,994.2840267750456
seasonal_naive,2025-11-23,2025-12-06,croissant_dough,51.84,17.786994227141463
seasonal_naive,2025-11-23,2025-12-06,cup_cold,74.16,21.14903945092944
seasonal_naive,2025-11-23,2025-12-06,cup_hot,356.38,70.05256404690307
seasonal_naive,2025-11-23,2025-12-06,ice,8510.400000000001,2399.0413358066785
seasonal_naive,2025-11-23,2025-12-06,milk,56164.5,8808.491734477795
seasonal_naive,2025-11-23,2025-12-06,sugar,3077.64,568.6771747394974
seasonal_naive,2025-11-23,2025-12-06,tea_leaves,259.56,134.70143375089015
seasonal_naive,2025-11-23,2025-12-07,bread,129.32,39.19351275943817
seasonal_naive,2025-11-23,2025-12-07,chocolate_syrup,1404.0000000000002,489.254914036733
seasonal_naive,2025-11-23,2025-12-07,coffee_beans,7341.839999999999,994.2840267750456
seasonal_naive,2025-11-23,2025-12-07,croissant_dough,65.88000000000001,17.786994227141463
seasonal_naive,2025-11-23,2025-12-07,cup_cold,148.32000000000002,21.14903945092944
seasonal_naive,2025-11-23,2025-12-07,cup_hot,378.0100000000001,70.05256404690307
seasonal_naive,2025-11-23,2025-12-07,ice,16912.800000000003,2399.0413358066785
seasonal_naive,2025-11-23,2025-12-07,milk,73017.0,8808.491734477795
seasonal_naive,2025-11-23,2025-12-07,sugar,4129.27,568.6771747394974
seasonal_naive,2025-11-23,2025-12-07,tea_leaves,288.40000000000003,134.70143375089015
seasonal_naive,2025-11-23,2025-12-08,bread,50.88,39.19351275943817
seasonal_naive,2025-11-23,2025-12-08,chocolate_syrup,717.6,489.254914036733
seasonal_naive,2025-11-23,2025-12-08,coffee_beans,5895.719999999998,994.2840267750456
seasonal_naive,2025-11-23,2025-12-08,croissant_dough,35.64,17.786994227141463
seasonal_naive,2025-11-23,2025-12-08,cup_cold,65.92,21.14903945092944
seasonal_naive,2025-11-23,2025-12-08,cup_hot,321.36,70.05256404690307
seasonal_naive,2025-11-23,2025-12-08,ice,7538.400000000001,2399.0413358066785
seasonal_naive,2025-11-23,2025-12-08,milk,47071.5,8808.491734477795
seasonal_naive,2025-11-23,2025-12-08,sugar,2485.3900000000003,568.6771747394974
seasonal_naive,2025-11-23,2025-12-08,tea_leaves,144.20000000000002,134.70143375089015
seasonal_naive,2025-11-23,2025-12-09,bread,40.28,39.19351275943817
seasonal_naive,2025-11-23,2025-12-09,chocolate_syrup,1060.8000000000002,489.254914036733
seasonal_naive,2025-11-23,2025-12-09,coffee_beans,5914.259999999999,994.2840267750456
seasonal_naive,2025-11-23,2025-12-09,croissant_dough,38.88,17.786994227141463
seasonal_naive,2025-11-23,2025-12-09,cup_cold,55.620000000000005,21.14903945092944
seasonal_naive,2025-11-23,2025-12-09,cup_hot,373.89,70.05256404690307
seasonal_naive,2025-11-23,2025-12-09,ice,6415.200000000001,2399.0413358066785
seasonal_naive,2025-11-23,2025-12-09,milk,50599.5,8808.491734477795
seasonal_naive,2025-11-23,2025-12-09,sugar,2747.01,568.6771747394974
seasonal_naive,2025-11-23,2025-12-09,tea_leaves,263.68,134.70143375089015
ml,2025-11-23,2025-11-23,bread,99.8818793298734,23.19593307540455
ml,2025-11-23,2025-11-23,chocolate_syrup,1189.184697395609,237.210711475012
ml,2025-11-23,2025-11-23,coffee_beans,6988.04750219709,1776.811192175137
ml,2025-11-23,2025-11-23,croissant_dough,52.43697074949856,13.194914365766897
ml,2025-11-23,2025-11-23,cup_cold,112.25615458765228,28.30389571486733
ml,2025-11-23,2025-11-23,cup_hot,385.81669098841,97.6959315017442
ml,2025-11-23,2025-11-23,ice,12807.502678194114,3248.053720585948
ml,2025-11-23,2025-11-23,milk,63536.9137252469,15874.487222301284
ml,2025-11-23,2025-11-23,sugar,3607.8695720748033,913.1859868797128
ml,2025-11-23,2025-11-23,tea_leaves,282.358573484706,77.82839870539907
ml,2025-11-23,2025-11-24,bread,82.16802679264885,23.19593307540455
ml,2025-11-23,2025-11-24,chocolate_syrup,995.9749127390256,237.210711475012
ml,2025-11-23,2025-11-24,coffee_beans,5482.961138096762,1776.811192175137
ml,2025-11-23,2025-11-24,croissant_dough,41.244006302854366,13.194914365766897
ml,2025-11-23,2025-11-24,cup_cold,88.4126824492677,28.30389571486733
ml,2025-11-23,2025-11-24,cup_hot,304.1797979562157,97.6959315017442
ml,2025-11-23,2025-11-24,ice,10107.63771857648,3248.053720585948
ml,2025-11-23,2025-11-24,milk,50417.11512444007,15874.487222301284
ml,2025-11-23,2025-11-24,sugar,2846.4577228545063,913.1859868797128
ml,2025-11-23,2025-11-24,tea_leaves,220.41434903788428,77.82839870539907
ml,2025-11-23,2025-11-25,bread,85.44721457298117,23.19593307540455
ml,2025-11-23,2025-11-25,chocolate_syrup,1006.5776422471972,237.210711475012
ml,2025-11-23,2025-11-25,coffee_beans,5511.522430291242,1776.811192175137
ml,2025-11-23,2025-11-25,croissant_dough,44.347843554576194,13.194914365766897
ml,2025-11-23,2025-11-25,cup_cold,92.61242257897018,28.30389571486733
ml,2025-11-23,2025-11-25,cup_hot,303.29462119206545,97.6959315017442
ml,2025-11-23,2025-11-25,ice,10594.161051738178,3248.053720585948
ml,2025-11-23,2025-11-25,milk,51321.32107066397,15874.487222301284
ml,2025-11-23,2025-11-25,sugar,2910.424757524404,913.1859868797128
ml,2025-11-23,2025-11-25,tea_leaves,225.92554465430092,77.82839870539907
ml,2025-11-23,2025-11-26,bread,83.41934510805787,23.19593307540455
ml,2025-11-23,2025-11-26,chocolate_syrup,1014.5111655684892,237.210711475012
ml,2025-11-23,2025-11-26,coffee_beans,5754.85793340473,1776.811192175137
ml,2025-11-23,2025-11-26,croissant_dough,43.29607612290889,13.194914365766897
ml,2025-11-23,2025-11-26,cup_cold,94.2114882610676,28.30389571486733
ml,2025-11-23,2025-11-26,cup_hot,316.9099004698367,97.6959315017442
ml,2025-11-23,2025-11-26,ice,10763.371880161318,3248.053720585948
ml,2025-11-23,2025-11-26,milk,53546.157500206245,15874.487222301284
ml,2025-11-23,2025-11-26,sugar,3020.917636681315,913.1859868797128
ml,2025-11-23,2025-11-26,tea_leaves,231.6607363205732,77.82839870539907
ml,2025-11-23,2025-11-27,bread,86.36869042491215,23.19593307540455
ml,2025-11-23,2025-11-27,chocolate_syrup,1011.7321436904848,237.210711475012
ml,2025-11-23,2025-11-27,coffee_beans,5736.64266741231,1776.811192175137
ml,2025-11-23,2025-11-27,croissant_dough,43.1481317864578,13.194914365766897
ml,2025-11-23,2025-11-27,cup_cold,94.98131075320728,28.30389571486733
ml,2025-11-23,2025-11-27,cup_hot,316.2457611743769,97.6959315017442
ml,2025-11-23,2025-11-27,ice,10859.979523162176,3248.053720585948
ml,2025-11-23,2025-11-27,milk,53248.68534723028,15874.487222301284
ml,2025-11-23,2025-11-27,sugar,3019.58050457494,913.1859868797128
ml,2025-11-23,2025-11-27,tea_leaves,236.4982793963361,77.82839870539907
ml,2025-11-23,2025-11-28,bread,91.46313289955104,23.19593307540455
ml,2025-11-23,2025-11-28,chocolate_syrup,1091.2869710311436,237.210711475012
ml,2025-11-23,2025-11-28,coffee_beans,6834.971826645731,1776.811192175137
ml,2025-11-23,2025-11-28,croissant_dough,46.34636418732714,13.194914365766897
ml,2025-11-23,2025-11-28,cup_cold,110.24504377159184,28.30389571486733
ml,2025-11-23,2025-11-28,cup_hot,370.91697364091226,97.6959315017442
ml,2025-11-23,2025-11-28,ice,12526.872946104231,3248.053720585948
ml,2025-11-23,2025-11-28,milk,63033.8187646945,15874.487222301284
ml,2025-11-23,2025-11-28,sugar,3561.00953974345,913.1859868797128
ml,2025-11-23,2025-11-28,tea_leaves,261.65959789599816,77.82839870539907
ml,2025-11-23,2025-11-29,bread,99.82398028767254,23.19593307540455
ml,2025-11-23,2025-11-29,chocolate_syrup,1175.031741200428,237.210711475012
ml,2025-11-23,2025-11-29,coffee_beans,7624.056665720977,1776.811192175137
ml,2025-11-23,2025-11-29,croissant_dough,56.17568195359215,13.194914365766897
ml,2025-11-23,2025-11-29,cup_cold,120.78022610910864,28.30389571486733
ml,2025-11-23,2025-11-29,cup_hot,422.635866863238,97.6959315017442
ml,2025-11-23,2025-11-29,ice,13757.270688301807,3248.053720585948
ml,2025-11-23,2025-11-29,milk,69499.36813709796,15874.487222301284
ml,2025-11-23,2025-11-29,sugar,3973.730454586444,913.1859868797128
ml,2025-11-23,2025-11-29,tea_leaves,324.26510940825807,77.82839870539907
ml,2025-11-23,2025-11-30,bread,105.7917249832458,23.19593307540455
ml,2025-11-23,2025-11-30,chocolate_syrup,1180.9279505313923,237.210711475012
ml,2025-11-23,2025-11-30,coffee_beans,7531.652639355697,1776.811192175137
ml,2025-11-23,2025-11-30,croissant_dough,69.0060534077682,13.194914365766897
ml,2025-11-23,2025-11-30,cup_cold,127.6391519118285,28.30389571486733
ml,2025-11-23,2025-11-30,cup_hot,405.35393636972384,97.6959315017442
ml,2025-11-23,2025-11-30,ice,14449.254429888762,3248.053720585948
ml,2025-11-23,2025-11-30,milk,68121.00503333403,15874.487222301284
ml,2025-11-23,2025-11-30,sugar,3920.474678677225,913.1859868797128
ml,2025-11-23,2025-11-30,tea_leaves,302.3287167248579,77.82839870539907
ml,2025-11-23,2025-12-01,bread,86.00806773522909,23.19593307540455
ml,2025-11-23,2025-12-01,chocolate_syrup,1460.6892038530525,237.210711475012
ml,2025-11-23,2025-12-01,coffee_beans,5738.342869838846,1776.811192175137
ml,2025-11-23,2025-12-01,croissant_dough,46.03985912936346,13.194914365766897
ml,2025-11-23,2025-12-01,cup_cold,95.68869560849876,28.30389571486733
ml,2025-11-23,2025-12-01,cup_hot,331.54040811902183,97.6959315017442
ml,2025-11-23,2025-12-01,ice,10909.34032064588,3248.053720585948
ml,2025-11-23,2025-12-01,milk,56440.534243856375,15874.487222301284
ml,2025-11-23,2025-12-01,sugar,3150.079548383472,913.1859868797128
ml,2025-11-23,2025-12-01,tea_leaves,240.8432284541877,77.82839870539907
ml,2025-11-23,2025-12-02,bread,89.723617023552,23.19593307540455
ml,2025-11-23,2025-12-02,chocolate_syrup,1144.7274986754076,237.210711475012
ml,2025-11-23,2025-12-02,coffee_beans,5964.212111871377,1776.811192175137
ml,2025-11-23,2025-12-02,croissant_dough,48.11325599722188,13.194914365766897
ml,2025-11-23,2025-12-02,cup_cold,98.8189146033624,28.30389571486733
ml,2025-11-23,2025-12-02,cup_hot,330.48324813529626,97.6959315017442
ml,2025-11-23,2025-12-02,ice,11295.952175034345,3248.053720585948
ml,2025-11-23,2025-12-02,milk,55616.16651085213,15874.487222301284
ml,2025-11-23,2025-12-02,sugar,3130.1370057600025,913.1859868797128
ml,2025-11-23,2025-12-02,tea_leaves,240.66544785043928,77.82839870539907
ml,2025-11-23,2025-12-03,bread,114.07991711208123,23.19593307540455
ml,2025-11-23,2025-12-03,chocolate_syrup,1137.3518367994154,237.210711475012
ml,2025-11-23,2025-12-03,coffee_beans,6115.328273535441,1776.811192175137
ml,2025-11-23,2025-12-03,croissant_dough,48.98937147371209,13.194914365766897
ml,2025-11-23,2025-12-03,cup_cold,100.71015964952876,28.30389571486733
ml,2025-11-23,2025-12-03,cup_hot,342.9467870733736,97.6959315017442
ml,2025-11-23,2025-12-03,ice,11526.970524815968,3248.053720585948
ml,2025-11-23,2025-12-03,milk,58285.22373419288,15874.487222301284
ml,2025-11-23,2025-12-03,sugar,3278.7663034347147,913.1859868797128
ml,2025-11-23,2025-12-03,tea_leaves,265.47718013543454,77.82839870539907
ml,2025-11-23,2025-12-04,bread,87.35622362418886,23.19593307540455
ml,2025-11-23,2025-12-04,chocolate_syrup,1104.780261695411,237.210711475012
ml,2025-11-23,2025-12-04,coffee_beans,5413.559770589927,1776.811192175137
ml,2025-11-23,2025-12-04,croissant_dough,46.0398546234068,13.194914365766897
ml,2025-11-23,2025-12-04,cup_cold,89.29660497382905,28.30389571486733
ml,2025-11-23,2025-12-04,cup_hot,307.30479365516453,97.6959315017442
ml,2025-11-23,2025-12-04,ice,10203.536832630767,3248.053720585948
ml,2025-11-23,2025-12-04,milk,51521.48616688567,15874.487222301284
ml,2025-11-23,2025-12-04,sugar,2909.123842397153,913.1859868797128
ml,2025-11-23,2025-12-04,tea_leaves,237.5046622208272,77.82839870539907
ml,2025-11-23,2025-12-05,bread,87.92749057923162,23.19593307540455
ml,2025-11-23,2025-12-05,chocolate_syrup,1128.0270827785623,237.210711475012
ml,2025-11-23,2025-12-05,coffee_beans,5943.469769533465,1776.811192175137
ml,2025-11-23,2025-12-05,croissant_dough,47.92729038031021,13.194914365766897
ml,2025-11-23,2025-12-05,cup_cold,94.65338403598446,28.30389571486733
ml,2025-11-23,2025-12-05,cup_hot,333.1483405531327,97.6959315017442
ml,2025-11-23,2025-12-05,ice,10819.949886845616,3248.053720585948
ml,2025-11-23,2025-12-05,milk,54943.95477941938,15874.487222301284
ml,2025-11-23,2025-12-05,sugar,3087.780692582988,913.1859868797128
ml,2025-11-23,2025-12-05,tea_leaves,241.4784159906661,77.82839870539907
ml,2025-11-23,2025-12-06,bread,99.08483613109225,23.19593307540455
ml,2025-11-23,2025-12-06,chocolate_syrup,1190.01570809241,237.210711475012
ml,2025-11-23,2025-12-06,coffee_beans,6523.662229218615,1776.811192175137
ml,2025-11-23,2025-12-06,croissant_dough,53.67608497260138,13.194914365766897
ml,2025-11-23,2025-12-06,cup_cold,106.3624206166741,28.30389571486733
ml,2025-11-23,2025-12-06,cup_hot,359.5343054158754,97.6959315017442
ml,2025-11-23,2025-12-06,ice,12138.642454682224,3248.053720585948
ml,2025-11-23,2025-12-06,milk,60247.6418729878,15874.487222301284
ml,2025-11-23,2025-12-06,sugar,3391.334791739332,913.1859868797128
ml,2025-11-23,2025-12-06,tea_leaves,256.74108661129407,77.82839870539907
ml,2025-11-23,2025-12-07,bread,100.72604957620916,23.19593307540455
ml,2025-11-23,2025-12-07,chocolate_syrup,1119.0771886049745,237.210711475012
ml,2025-11-23,2025-12-07,coffee_beans,6711.654274369972,1776.811192175137
ml,2025-11-23,2025-12-07,croissant_dough,54.61100620717824,13.194914365766897
ml,2025-11-23,2025-12-07,cup_cold,109.9439270973965,28.30389571486733
ml,2025-11-23,2025-12-07,cup_hot,368.2882213223999,97.6959315017442
ml,2025-11-23,2025-12-07,ice,12508.303304146631,3248.053720585948
ml,2025-11-23,2025-12-07,milk,61031.49161274728,15874.487222301284
ml,2025-11-23,2025-12-07,sugar,3482.8907036054206,913.1859868797128
ml,2025-11-23,2025-12-07,tea_leaves,273.6742885717827,77.82839870539907
ml,2025-11-23,2025-12-08,bread,105.81993838146046,23.19593307540455
ml,2025-11-23,2025-12-08,chocolate_syrup,970.5153264384106,237.210711475012
ml,2025-11-23,2025-12-08,coffee_beans,5334.114753511699,1776.811192175137
ml,2025-11-23,2025-12-08,croissant_dough,44.26739785083779,13.194914365766897
ml,2025-11-23,2025-12-08,cup_cold,87.86751207119238,28.30389571486733
ml,2025-11-23,2025-12-08,cup_hot,292.70717402174176,97.6959315017442
ml,2025-11-23,2025-12-08,ice,10020.769538707642,3248.053720585948
ml,2025-11-23,2025-12-08,milk,49210.56866618279,15874.487222301284
ml,2025-11-23,2025-12-08,sugar,2774.909494100994,913.1859868797128
ml,2025-11-23,2025-12-08,tea_leaves,208.78211715141492,77.82839870539907
ml,2025-11-23,2025-12-09,bread,86.8436640391648,23.19593307540455
ml,2025-11-23,2025-12-09,chocolate_syrup,975.5537771096206,237.210711475012
ml,2025-11-23,2025-12-09,coffee_beans,5518.595876864647,1776.811192175137
ml,2025-11-23,2025-12-09,croissant_dough,46.24682736873728,13.194914365766897
ml,2025-11-23,2025-12-09,cup_cold,86.48347633197204,28.30389571486733
ml,2025-11-23,2025-12-09,cup_hot,304.15283002806854,97.6959315017442
ml,2025-11-23,2025-12-09,ice,9905.12931714805,3248.053720585948
ml,2025-11-23,2025-12-09,milk,48780.18564337364,15874.487222301284
ml,2025-11-23,2025-12-09,sugar,2739.71078301413,913.1859868797128
ml,2025-11-23,2025-12-09,tea_leaves,207.3674591596111,77.82839870539907
manual,2025-11-30,2025-11-30,bread,110.11885714285717,0.0
manual,2025-11-30,2025-11-30,chocolate_syrup,1366.56,0.0
manual,2025-11-30,2025-11-30,coffee_beans,7688.485028571428,0.0
manual,2025-11-30,2025-11-30,croissant_dough,45.576,0.0
manual,2025-11-30,2025-11-30,cup_cold,92.11142857142856,0.0
manual,2025-11-30,2025-11-30,cup_hot,461.7166285714286,0.0
manual,2025-11-30,2025-11-30,ice,10505.005714285711,0.0
manual,2025-11-30,2025-11-30,milk,72201.6,0.0
manual,2025-11-30,2025-11-30,sugar,3956.906857142857,0.0
manual,2025-11-30,2025-11-30,tea_leaves,326.30400000000003,0.0
manual,2025-11-30,2025-12-01,bread,110.11885714285717,0.0
manual,2025-11-30,2025-12-01,chocolate_syrup,1366.56,0.0
manual,2025-11-30,2025-12-01,coffee_beans,7688.485028571428,0.0
manual,2025-11-30,2025-12-01,croissant_dough,45.576,0.0
manual,2025-11-30,2025-12-01,cup_cold,92.11142857142856,0.0
manual,2025-11-30,2025-12-01,cup_hot,461.7166285714286,0.0
manual,2025-11-30,2025-12-01,ice,10505.005714285711,0.0
manual,2025-11-30,2025-12-01,milk,72201.6,0.0
manual,2025-11-30,2025-12-01,sugar,3956.906857142857,0.0
manual,2025-11-30,2025-12-01,tea_leaves,326.30400000000003,0.0
manual,2025-11-30,2025-12-02,bread,110.11885714285717,0.0
manual,2025-11-30,2025-12-02,chocolate_syrup,1366.56,0.0
manual,2025-11-30,2025-12-02,coffee_beans,7688.485028571428,0.0
manual,2025-11-30,2025-12-02,croissant_dough,45.576,0.0
manual,2025-11-30,2025-12-02,cup_cold,92.11142857142856,0.0
manual,2025-11-30,2025-12-02,cup_hot,461.7166285714286,0.0
manual,2025-11-30,2025-12-02,ice,10505.005714285711,0.0
manual,2025-11-30,2025-12-02,milk,72201.6,0.0
manual,2025-11-30,2025-12-02,sugar,3956.906857142857,0.0
manual,2025-11-30,2025-12-02,tea_leaves,326.30400000000003,0.0
manual,2025-11-30,2025-12-03,bread,110.11885714285717,0.0
manual,2025-11-30,2025-12-03,chocolate_syrup,1366.56,0.0
manual,2025-11-30,2025-12-03,coffee_beans,7688.485028571428,0.0
manual,2025-11-30,2025-12-03,croissant_dough,45.576,0.0
manual,2025-11-30,2025-12-03,cup_cold,92.11142857142856,0.0
manual,2025-11-30,2025-12-03,cup_hot,461.7166285714286,0.0
manual,2025-11-30,2025-12-03,ice,10505.005714285711,0.0
manual,2025-11-30,2025-12-03,milk,72201.6,0.0
manual,2025-11-30,2025-12-03,sugar,3956.906857142857,0.0
manual,2025-11-30,2025-12-03,tea_leaves,326.30400000000003,0.0
manual,2025-11-30,2025-12-04,bread,110.11885714285717,0.0
manual,2025-11-30,2025-12-04,chocolate_syrup,1366.56,0.0
manual,2025-11-30,2025-12-04,coffee_beans,7688.485028571428,0.0
manual,2025-11-30,2025-12-04,croissant_dough,45.576,0.0
manual,2025-11-30,2025-12-04,cup_cold,92.11142857142856,0.0
manual,2025-11-30,2025-12-04,cup_hot,461.7166285714286,0.0
manual,2025-11-30,2025-12-04,ice,10505.005714285711,0.0
manual,2025-11-30,2025-12-04,milk,72201.6,0.0
manual,2025-11-30,2025-12-04,sugar,3956.906857142857,0.0
manual,2025-11-30,2025-12-04,tea_leaves,326.30400000000003,0.0
manual,2025-11-30,2025-12-05,bread,110.11885714285717,0.0
manual,2025-11-30,2025-12-05,chocolate_syrup,1366.56,0.0
manual,2025-11-30,2025-12-05,coffee_beans,7688.485028571428,0.0
manual,2025-11-30,2025-12-05,croissant_dough,45.576,0.0
manual,2025-11-30,2025-12-05,cup_cold,92.11142857142856,0.0
manual,2025-11-30,2025-12-05,cup_hot,461.7166285714286,0.0
manual,2025-11-30,2025-12-05,ice,10505.005714285711,0.0
manual,2025-11-30,2025-12-05,milk,72201.6,0.0
manual,2025-11-30,2025-12-05,sugar,3956.906857142857,0.0
manual,2025-11-30,2025-12-05,tea_leaves,326.30400000000003,0.0
manual,2025-11-30,2025-12-06,bread,110.11885714285717,0.0
manual,2025-11-30,2025-12-06,chocolate_syrup,1366.56,0.0
manual,2025-11-30,2025-12-06,coffee_beans,7688.485028571428,0.0
manual,2025-11-30,2025-12-06,croissant_dough,45.576,0.0
manual,2025-11-30,2025-12-06,cup_cold,92.11142857142856,0.0
manual,2025-11-30,2025-12-06,cup_hot,461.7166285714286,0.0
manual,2025-11-30,2025-12-06,ice,10505.005714285711,0.0
manual,2025-11-30,2025-12-06,milk,72201.6,0.0
manual,2025-11-30,2025-12-06,sugar,3956.906857142857,0.0
manual,2025-11-30,2025-12-06,tea_leaves,326.30400000000003,0.0
manual,2025-11-30,2025-12-07,bread,110.11885714285717,0.0
manual,2025-11-30,2025-12-07,chocolate_syrup,1366.56,0.0
manual,2025-11-30,2025-12-07,coffee_beans,7688.485028571428,0.0
manual,2025-11-30,2025-12-07,croissant_dough,45.576,0.0
manual,2025-11-30,2025-12-07,cup_cold,92.11142857142856,0.0
manual,2025-11-30,2025-12-07,cup_hot,461.7166285714286,0.0
manual,2025-11-30,2025-12-07,ice,10505.005714285711,0.0
manual,2025-11-30,2025-12-07,milk,72201.6,0.0
manual,2025-11-30,2025-12-07,sugar,3956.906857142857,0.0
manual,2025-11-30,2025-12-07,tea_leaves,326.30400000000003,0.0
manual,2025-11-30,2025-12-08,bread,110.11885714285717,0.0
manual,2025-11-30,2025-12-08,chocolate_syrup,1366.56,0.0
manual,2025-11-30,2025-12-08,coffee_beans,7688.485028571428,0.0
manual,2025-11-30,2025-12-08,croissant_dough,45.576,0.0
manual,2025-11-30,2025-12-08,cup_cold,92.11142857142856,0.0
manual,2025-11-30,2025-12-08,cup_hot,461.7166285714286,0.0
manual,2025-11-30,2025-12-08,ice,10505.005714285711,0.0
manual,2025-11-30,2025-12-08,milk,72201.6,0.0
manual,2025-11-30,2025-12-08,sugar,3956.906857142857,0.0
manual,2025-11-30,2025-12-08,tea_leaves,326.30400000000003,0.0
manual,2025-11-30,2025-12-09,bread,110.11885714285717,0.0
manual,2025-11-30,2025-12-09,chocolate_syrup,1366.56,0.0
manual,2025-11-30,2025-12-09,coffee_beans,7688.485028571428,0.0
manual,2025-11-30,2025-12-09,croissant_dough,45.576,0.0
manual,2025-11-30,2025-12-09,cup_cold,92.11142857142856,0.0
manual,2025-11-30,2025-12-09,cup_hot,461.7166285714286,0.0
manual,2025-11-30,2025-12-09,ice,10505.005714285711,0.0
manual,2025-11-30,2025-12-09,milk,72201.6,0.0
manual,2025-11-30,2025-12-09,sugar,3956.906857142857,0.0
manual,2025-11-30,2025-12-09,tea_leaves,326.30400000000003,0.0
manual,2025-11-30,2025-12-10,bread,110.11885714285717,0.0
manual,2025-11-30,2025-12-10,chocolate_syrup,1366.56,0.0
manual,2025-11-30,2025-12-10,coffee_beans,7688.485028571428,0.0
manual,2025-11-30,2025-12-10,croissant_dough,45.576,0.0
manual,2025-11-30,2025-12-10,cup_cold,92.11142857142856,0.0
manual,2025-11-30,2025-12-10,cup_hot,461.7166285714286,0.0
manual,2025-11-30,2025-12-10,ice,10505.005714285711,0.0
manual,2025-11-30,2025-12-10,milk,72201.6,0.0
manual,2025-11-30,2025-12-10,sugar,3956.906857142857,0.0
manual,2025-11-30,2025-12-10,tea_leaves,326.30400000000003,0.0
manual,2025-11-30,2025-12-11,bread,110.11885714285717,0.0
manual,2025-11-30,2025-12-11,chocolate_syrup,1366.56,0.0
manual,2025-11-30,2025-12-11,coffee_beans,7688.485028571428,0.0
manual,2025-11-30,2025-12-11,croissant_dough,45.576,0.0
manual,2025-11-30,2025-12-11,cup_cold,92.11142857142856,0.0
manual,2025-11-30,2025-12-11,cup_hot,461.7166285714286,0.0
manual,2025-11-30,2025-12-11,ice,10505.005714285711,0.0
manual,2025-11-30,2025-12-11,milk,72201.6,0.0
manual,2025-11-30,2025-12-11,sugar,3956.906857142857,0.0
manual,2025-11-30,2025-12-11,tea_leaves,326.30400000000003,0.0
manual,2025-11-30,2025-12-12,bread,110.11885714285717,0.0
manual,2025-11-30,2025-12-12,chocolate_syrup,1366.56,0.0
manual,2025-11-30,2025-12-12,coffee_beans,7688.485028571428,0.0
manual,2025-11-30,2025-12-12,croissant_dough,45.576,0.0
manual,2025-11-30,2025-12-12,cup_cold,92.11142857142856,0.0
manual,2025-11-30,2025-12-12,cup_hot,461.7166285714286,0.0
manual,2025-11-30,2025-12-12,ice,10505.005714285711,0.0
manual,2025-11-30,2025-12-12,milk,72201.6,0.0
manual,2025-11-30,2025-12-12,sugar,3956.906857142857,0.0
manual,2025-11-30,2025-12-12,tea_leaves,326.30400000000003,0.0
manual,2025-11-30,2025-12-13,bread,110.11885714285717,0.0
manual,2025-11-30,2025-12-13,chocolate_syrup,1366.56,0.0
manual,2025-11-30,2025-12-13,coffee_beans,7688.485028571428,0.0
manual,2025-11-30,2025-12-13,croissant_dough,45.576,0.0
manual,2025-11-30,2025-12-13,cup_cold,92.11142857142856,0.0
manual,2025-11-30,2025-12-13,cup_hot,461.7166285714286,0.0
manual,2025-11-30,2025-12-13,ice,10505.005714285711,0.0
manual,2025-11-30,2025-12-13,milk,72201.6,0.0
manual,2025-11-30,2025-12-13,sugar,3956.906857142857,0.0
manual,2025-11-30,2025-12-13,tea_leaves,326.30400000000003,0.0
manual,2025-11-30,2025-12-14,bread,110.11885714285717,0.0
manual,2025-11-30,2025-12-14,chocolate_syrup,1366.56,0.0
manual,2025-11-30,2025-12-14,coffee_beans,7688.485028571428,0.0
manual,2025-11-30,2025-12-14,croissant_dough,45.576,0.0
manual,2025-11-30,2025-12-14,cup_cold,92.11142857142856,0.0
manual,2025-11-30,2025-12-14,cup_hot,461.7166285714286,0.0
manual,2025-11-30,2025-12-14,ice,10505.005714285711,0.0
manual,2025-11-30,2025-12-14,milk,72201.6,0.0
manual,2025-11-30,2025-12-14,sugar,3956.906857142857,0.0
manual,2025-11-30,2025-12-14,tea_leaves,326.30400000000003,0.0
manual,2025-11-30,2025-12-15,bread,110.11885714285717,0.0
manual,2025-11-30,2025-12-15,chocolate_syrup,1366.56,0.0
manual,2025-11-30,2025-12-15,coffee_beans,7688.485028571428,0.0
manual,2025-11-30,2025-12-15,croissant_dough,45.576,0.0
manual,2025-11-30,2025-12-15,cup_cold,92.11142857142856,0.0
manual,2025-11-30,2025-12-15,cup_hot,461.7166285714286,0.0
manual,2025-11-30,2025-12-15,ice,10505.005714285711,0.0
manual,2025-11-30,2025-12-15,milk,72201.6,0.0
manual,2025-11-30,2025-12-15,sugar,3956.906857142857,0.0
manual,2025-11-30,2025-12-15,tea_leaves,326.30400000000003,0.0
manual,2025-11-30,2025-12-16,bread,110.11885714285717,0.0
manual,2025-11-30,2025-12-16,chocolate_syrup,1366.56,0.0
manual,2025-11-30,2025-12-16,coffee_beans,7688.485028571428,0.0
manual,2025-11-30,2025-12-16,croissant_dough,45.576,0.0
manual,2025-11-30,2025-12-16,cup_cold,92.11142857142856,0.0
manual,2025-11-30,2025-12-16,cup_hot,461.7166285714286,0.0
manual,2025-11-30,2025-12-16,ice,10505.005714285717,0.0
manual,2025-11-30,2025-12-16,milk,72201.6,0.0
manual,2025-11-30,2025-12-16,sugar,3956.906857142857,0.0
manual,2025-11-30,2025-12-16,tea_leaves,326.30400000000003,0.0
seasonal_naive,2025-11-30,2025-11-30,bread,97.52,35.82737277557482
seasonal_naive,2025-11-30,2025-11-30,chocolate_syrup,1248.0,465.7992700724208
seasonal_naive,2025-11-30,2025-11-30,coffee_beans,7197.227999999999,1241.7587046765566
seasonal_naive,2025-11-30,2025-11-30,croissant_dough,33.480000000000004,18.080818565540667
seasonal_naive,2025-11-30,2025-11-30,cup_cold,112.27,28.07702667069052
seasonal_naive,2025-11-30,2025-11-30,cup_hot,399.846,51.37808681183491
seasonal_naive,2025-11-30,2025-11-30,ice,12873.6,3144.7280683709364
seasonal_naive,2025-11-30,2025-11-30,milk,70959.0,8323.886285864313
seasonal_naive,2025-11-30,2025-11-30,sugar,3961.380000000001,523.7144702443626
seasonal_naive,2025-11-30,2025-11-30,tea_leaves,284.28000000000003,130.13809854663367
seasonal_naive,2025-11-30,2025-12-01,bread,57.24,35.82737277557482
seasonal_naive,2025-11-30,2025-12-01,chocolate_syrup,686.4000000000001,465.7992700724208
seasonal_naive,2025-11-30,2025-12-01,coffee_beans,5765.94,1241.7587046765566
seasonal_naive,2025-11-30,2025-12-01,croissant_dough,47.52,18.080818565540667
seasonal_naive,2025-11-30,2025-12-01,cup_cold,78.28,28.07702667069052
seasonal_naive,2025-11-30,2025-12-01,cup_hot,311.06000000000006,51.37808681183491
seasonal_naive,2025-11-30,2025-12-01,ice,9223.2,3144.7280683709364
seasonal_naive,2025-11-30,2025-12-01,milk,51922.5,8323.886285864313
seasonal_naive,2025-11-30,2025-12-01,sugar,2804.69,523.7144702443626
seasonal_naive,2025-11-30,2025-12-01,tea_leaves,185.4,130.13809854663367
seasonal_naive,2025-11-30,2025-12-02,bread,118.72,35.82737277557482
seasonal_naive,2025-11-30,2025-12-02,chocolate_syrup,1123.2,465.7992700724208
seasonal_naive,2025-11-30,2025-12-02,coffee_beans,5707.848,1241.7587046765566
seasonal_naive,2025-11-30,2025-12-02,croissant_dough,27.0,18.080818565540667
seasonal_naive,2025-11-30,2025-12-02,cup_cold,85.14666666666666,28.07702667069052
seasonal_naive,2025-11-30,2025-12-02,cup_hot,350.406,51.37808681183491
seasonal_naive,2025-11-30,2025-12-02,ice,9633.6,3144.7280683709364
seasonal_naive,2025-11-30,2025-12-02,milk,58485.0,8323.886285864313
seasonal_naive,2025-11-30,2025-12-02,sugar,3331.706666666667,523.7144702443626
seasonal_naive,2025-11-30,2025-12-02,tea_leaves,325.48,130.13809854663367
seasonal_naive,2025-11-30,2025-12-03,bread,78.44,35.82737277557482
seasonal_naive,2025-11-30,2025-12-03,chocolate_syrup,1138.8000000000002,465.7992700724208
seasonal_naive,2025-11-30,2025-12-03,coffee_beans,5358.06,1241.7587046765566
seasonal_naive,2025-11-30,2025-12-03,croissant_dough,37.98,18.080818565540667
seasonal_naive,2025-11-30,2025-12-03,cup_cold,72.1,28.07702667069052
seasonal_naive,2025-11-30,2025-12-03,cup_hot,317.755,51.37808681183491
seasonal_naive,2025-11-30,2025-12-03,ice,8143.200000000001,3144.7280683709364
seasonal_naive,2025-11-30,2025-12-03,milk,54222.0,8323.886285864313
seasonal_naive,2025-11-30,2025-12-03,sugar,2934.4700000000007,523.7144702443626
seasonal_naive,2025-11-30,2025-12-03,tea_leaves,218.36,130.13809854663367
seasonal_naive,2025-11-30,2025-12-04,bread,93.28,35.82737277557482
seasonal_naive,2025-11-30,2025-12-04,chocolate_syrup,1092.0,465.7992700724208
seasonal_naive,2025-11-30,2025-12-04,coffee_beans,5154.119999999999,1241.7587046765566
seasonal_naive,2025-11-30,2025-12-04,croissant_dough,41.040000000000006,18.080818565540667
seasonal_naive,2025-11-30,2025-12-04,cup_cold,67.98,28.07702667069052
seasonal_naive,2025-11-30,2025-12-04,cup_hot,340.93,51.37808681183491
seasonal_naive,2025-11-30,2025-12-04,ice,7776.000000000001,3144.7280683709364
seasonal_naive,2025-11-30,2025-12-04,milk,55807.5,8323.886285864313
seasonal_naive,2025-11-30,2025-12-04,sugar,3139.4400000000005,523.7144702443626
seasonal_naive,2025-11-30,2025-12-04,tea_leaves,346.08,130.13809854663367
seasonal_naive,2025-11-30,2025-12-05,bread,97.52,35.82737277557482
seasonal_naive,2025-11-30,2025-12-05,chocolate_syrup,1372.8000000000002,465.7992700724208
seasonal_naive,2025-11-30,2025-12-05,coffee_beans,7564.32,1241.7587046765566
seasonal_naive,2025-11-30,2025-12-05,croissant_dough,36.72,18.080818565540667
seasonal_naive,2025-11-30,2025-12-05,cup_cold,67.98,28.07702667069052
seasonal_naive,2025-11-30,2025-12-05,cup_hot,475.86000000000007,51.37808681183491
seasonal_naive,2025-11-30,2025-12-05,ice,7495.200000000001,3144.7280683709364
seasonal_naive,2025-11-30,2025-12-05,milk,64459.5,8323.886285864313
seasonal_naive,2025-11-30,2025-12-05,sugar,3527.75,523.7144702443626
seasonal_naive,2025-11-30,2025-12-05,tea_leaves,313.12,130.13809854663367
seasonal_naive,2025-11-30,2025-12-06,bread,99.64,35.82737277557482
seasonal_naive,2025-11-30,2025-12-06,chocolate_syrup,1310.4,465.7992700724208
seasonal_naive,2025-11-30,2025-12-06,coffee_beans,8101.979999999999,1241.7587046765566
seasonal_naive,2025-11-30,2025-12-06,croissant_dough,42.120000000000005,18.080818565540667
seasonal_naive,2025-11-30,2025-12-06,cup_cold,53.56,28.07702667069052
seasonal_naive,2025-11-30,2025-12-06,cup_hot,497.49,51.37808681183491
seasonal_naive,2025-11-30,2025-12-06,ice,6134.400000000001,3144.7280683709364
seasonal_naive,2025-11-30,2025-12-06,milk,65320.5,8323.886285864313
seasonal_naive,2025-11-30,2025-12-06,sugar,3382.52,523.7144702443626
seasonal_naive,2025-11-30,2025-12-06,tea_leaves,230.72,130.13809854663367
seasonal_naive,2025-11-30,2025-12-07,bread,97.52,35.82737277557482
seasonal_naive,2025-11-30,2025-12-07,chocolate_syrup,1248.0,465.7992700724208
seasonal_naive,2025-11-30,2025-12-07,coffee_beans,7197.227999999999,1241.7587046765566
seasonal_naive,2025-11-30,2025-12-07,croissant_dough,33.480000000000004,18.080818565540667
seasonal_naive,2025-11-30,2025-12-07,cup_cold,112.27,28.07702667069052
seasonal_naive,2025-11-30,2025-12-07,cup_hot,399.846,51.37808681183491
seasonal_naive,2025-11-30,2025-12-07,ice,12873.6,3144.7280683709364
seasonal_naive,2025-11-30,2025-12-07,milk,70959.0,8323.886285864313
seasonal_naive,2025-11-30,2025-12-07,sugar,3961.380000000001,523.7144702443626
seasonal_naive,2025-11-30,2025-12-07,tea_leaves,284.28000000000003,130.13809854663367
seasonal_naive,2025-11-30,2025-12-08,bread,57.24,35.82737277557482
seasonal_naive,2025-11-30,2025-12-08,chocolate_syrup,686.4000000000001,465.7992700724208
seasonal_naive,2025-11-30,2025-12-08,coffee_beans,5765.94,1241.7587046765566
seasonal_naive,2025-11-30,2025-12-08,croissant_dough,47.52,18.080818565540667
seasonal_naive,2025-11-30,2025-12-08,cup_cold,78.28,28.07702667069052
seasonal_naive,2025-11-30,2025-12-08,cup_hot,311.06000000000006,51.37808681183491
seasonal_naive,2025-11-30,2025-12-08,ice,9223.2,3144.7280683709364
seasonal_naive,2025-11-30,2025-12-08,milk,51922.5,8323.886285864313
seasonal_naive,2025-11-30,2025-12-08,sugar,2804.69,523.7144702443626
seasonal_naive,2025-11-30,2025-12-08,tea_leaves,185.4,130.13809854663367
seasonal_naive,2025-11-30,2025-12-09,bread,118.72,35.82737277557482
seasonal_naive,2025-11-30,2025-12-09,chocolate_syrup,1123.2,465.7992700724208
seasonal_naive,2025-11-30,2025-12-09,coffee_beans,5707.848,1241.7587046765566
seasonal_naive,2025-11-30,2025-12-09,croissant_dough,27.0,18.080818565540667
seasonal_naive,2025-11-30,2025-12-09,cup_cold,85.14666666666666,28.07702667069052
seasonal_naive,2025-11-30,2025-12-09,cup_hot,350.406,51.37808681183491
seasonal_naive,2025-11-30,2025-12-09,ice,9633.6,3144.7280683709364
seasonal_naive,2025-11-30,2025-12-09,milk,58485.0,8323.886285864313
seasonal_naive,2025-11-30,2025-12-09,sugar,3331.706666666667,523.7144702443626
seasonal_naive,2025-11-30,2025-12-09,tea_leaves,325.48,130.13809854663367
seasonal_naive,2025-11-30,2025-12-10,bread,78.44,35.82737277557482
seasonal_naive,2025-11-30,2025-12-10,chocolate_syrup,1138.8000000000002,465.7992700724208
seasonal_naive,2025-11-30,2025-12-10,coffee_beans,5358.06,1241.7587046765566
seasonal_naive,2025-11-30,2025-12-10,croissant_dough,37.98,18.080818565540667
seasonal_naive,2025-11-30,2025-12-10,cup_cold,72.1,28.07702667069052
seasonal_naive,2025-11-30,2025-12-10,cup_hot,317.755,51.37808681183491
seasonal_naive,2025-11-30,2025-12-10,ice,8143.200000000001,3144.7280683709364
seasonal_naive,2025-11-30,2025-12-10,milk,54222.0,8323.886285864313
seasonal_naive,2025-11-30,2025-12-10,sugar,2934.4700000000007,523.7144702443626
seasonal_naive,2025-11-30,2025-12-10,tea_leaves,218.36,130.13809854663367
seasonal_naive,2025-11-30,2025-12-11,bread,93.28,35.82737277557482
seasonal_naive,2025-11-30,2025-12-11,chocolate_syrup,1092.0,465.7992700724208
seasonal_naive,2025-11-30,2025-12-11,coffee_beans,5154.119999999999,1241.7587046765566
seasonal_naive,2025-11-30,2025-12-11,croissant_dough,41.040000000000006,18.080818565540667
seasonal_naive,2025-11-30,2025-12-11,cup_cold,67.98,28.07702667069052
seasonal_naive,2025-11-30,2025-12-11,cup_hot,340.93,51.37808681183491
seasonal_naive,2025-11-30,2025-12-11,ice,7776.000000000001,3144.7280683709364
seasonal_naive,2025-11-30,2025-12-11,milk,55807.5,8323.886285864313
seasonal_naive,2025-11-30,2025-12-11,sugar,3139.4400000000005,523.7144702443626
seasonal_naive,2025-11-30,2025-12-11,tea_leaves,346.08,130.13809854663367
seasonal_naive,2025-11-30,2025-12-12,bread,97.52,35.82737277557482
seasonal_naive,2025-11-30,2025-12-12,chocolate_syrup,1372.8000000000002,465.7992700724208
seasonal_naive,2025-11-30,2025-12-12,coffee_beans,7564.32,1241.7587046765566
seasonal_naive,2025-11-30,2025-12-12,croissant_dough,36.72,18.080818565540667
seasonal_naive,2025-11-30,2025-12-12,cup_cold,67.98,28.07702667069052
seasonal_naive,2025-11-30,2025-12-12,cup_hot,475.86000000000007,51.37808681183491
seasonal_naive,2025-11-30,2025-12-12,ice,7495.200000000001,3144.7280683709364
seasonal_naive,2025-11-30,2025-12-12,milk,64459.5,8323.886285864313
seasonal_naive,2025-11-30,2025-12-12,sugar,3527.75,523.7144702443626
seasonal_naive,2025-11-30,2025-12-12,tea_leaves,313.12,130.13809854663367
seasonal_naive,2025-11-30,2025-12-13,bread,99.64,35.82737277557482
seasonal_naive,2025-11-30,2025-12-13,chocolate_syrup,1310.4,465.7992700724208
seasonal_naive,2025-11-30,2025-12-13,coffee_beans,8101.979999999999,1241.7587046765566
seasonal_naive,2025-11-30,2025-12-13,croissant_dough,42.120000000000005,18.080818565540667
seasonal_naive,2025-11-30,2025-12-13,cup_cold,53.56,28.07702667069052
seasonal_naive,2025-11-30,2025-12-13,cup_hot,497.49,51.37808681183491
seasonal_naive,2025-11-30,2025-12-13,ice,6134.400000000001,3144.7280683709364
seasonal_naive,2025-11-30,2025-12-13,milk,65320.5,8323.886285864313
seasonal_naive,2025-11-30,2025-12-13,sugar,3382.52,523.7144702443626
seasonal_naive,2025-11-30,2025-12-13,tea_leaves,230.72,130.13809854663367
seasonal_naive,2025-11-30,2025-12-14,bread,97.52,35.82737277557482
seasonal_naive,2025-11-30,2025-12-14,chocolate_syrup,1248.0,465.7992700724208
seasonal_naive,2025-11-30,2025-12-14,coffee_beans,7197.227999999999,1241.7587046765566
seasonal_naive,2025-11-30,2025-12-14,croissant_dough,33.480000000000004,18.080818565540667
seasonal_naive,2025-11-30,2025-12-14,cup_cold,112.27,28.07702667069052
seasonal_naive,2025-11-30,2025-12-14,cup_hot,399.846,51.37808681183491
seasonal_naive,2025-11-30,2025-12-14,ice,12873.6,3144.7280683709364
seasonal_naive,2025-11-30,2025-12-14,milk,70959.0,8323.886285864313
seasonal_naive,2025-11-30,2025-12-14,sugar,3961.380000000001,523.7144702443626
seasonal_naive,2025-11-30,2025-12-14,tea_leaves,284.28000000000003,130.13809854663367
seasonal_naive,2025-11-30,2025-12-15,bread,57.24,35.82737277557482
seasonal_naive,2025-11-30,2025-12-15,chocolate_syrup,686.4000000000001,465.7992700724208
seasonal_naive,2025-11-30,2025-12-15,coffee_beans,5765.94,1241.7587046765566
seasonal_naive,2025-11-30,2025-12-15,croissant_dough,47.52,18.080818565540667
seasonal_naive,2025-11-30,2025-12-15,cup_cold,78.28,28.07702667069052
seasonal_naive,2025-11-30,2025-12-15,cup_hot,311.06000000000006,51.37808681183491
seasonal_naive,2025-11-30,2025-12-15,ice,9223.2,3144.7280683709364
seasonal_naive,2025-11-30,2025-12-15,milk,51922.5,8323.886285864313
seasonal_naive,2025-11-30,2025-12-15,sugar,2804.69,523.7144702443626
seasonal_naive,2025-11-30,2025-12-15,tea_leaves,185.4,130.13809854663367
seasonal_naive,2025-11-30,2025-12-16,bread,118.72,35.82737277557482
seasonal_naive,2025-11-30,2025-12-16,chocolate_syrup,1123.2,465.7992700724208
seasonal_naive,2025-11-30,2025-12-16,coffee_beans,5707.847999999999,1241.7587046765566
seasonal_naive,2025-11-30,2025-12-16,croissant_dough,27.0,18.080818565540667
seasonal_naive,2025-11-30,2025-12-16,cup_cold,85.14666666666666,28.07702667069052
seasonal_naive,2025-11-30,2025-12-16,cup_hot,350.406,51.37808681183491
seasonal_naive,2025-11-30,2025-12-16,ice,9633.6,3144.7280683709364
seasonal_naive,2025-11-30,2025-12-16,milk,58485.0,8323.886285864313
seasonal_naive,2025-11-30,2025-12-16,sugar,3331.706666666667,523.7144702443626
seasonal_naive,2025-11-30,2025-12-16,tea_leaves,325.48,130.13809854663367
ml,2025-11-30,2025-11-30,bread,103.73954804230864,28.756746328346768
ml,2025-11-30,2025-11-30,chocolate_syrup,1301.0217290543576,324.8646919274064
ml,2025-11-30,2025-11-30,coffee_beans,7262.954592677216,1662.9337151050977
ml,2025-11-30,2025-11-30,croissant_dough,64.46999852993585,13.73612038693578
ml,2025-11-30,2025-11-30,cup_cold,115.07504614416396,27.6332332231077
ml,2025-11-30,2025-11-30,cup_hot,404.8366265802783,94.77270742034806
ml,2025-11-30,2025-11-30,ice,13071.810649658528,3137.75908849834
ml,2025-11-30,2025-11-30,milk,67646.62913160543,15799.834192497114
ml,2025-11-30,2025-11-30,sugar,3802.479899155821,905.5839662494138
ml,2025-11-30,2025-11-30,tea_leaves,293.8551941157393,77.1841379327036
ml,2025-11-30,2025-12-01,bread,85.55698928108716,28.756746328346768
ml,2025-11-30,2025-12-01,chocolate_syrup,1544.4047649565407,324.8646919274064
ml,2025-11-30,2025-12-01,coffee_beans,5775.030296006304,1662.9337151050977
ml,2025-11-30,2025-12-01,croissant_dough,42.84943366345965,13.73612038693578
ml,2025-11-30,2025-12-01,cup_cold,91.09897537295686,27.6332332231077
ml,2025-11-30,2025-12-01,cup_hot,340.17696491251706,94.77270742034806
ml,2025-11-30,2025-12-01,ice,10406.442140353149,3137.75908849834
ml,2025-11-30,2025-12-01,milk,58046.28394691049,15799.834192497114
ml,2025-11-30,2025-12-01,sugar,3183.506838063549,905.5839662494138
ml,2025-11-30,2025-12-01,tea_leaves,237.8230661440968,77.1841379327036
ml,2025-11-30,2025-12-02,bread,91.65198497859814,28.756746328346768
ml,2025-11-30,2025-12-02,chocolate_syrup,1120.9971764209026,324.8646919274064
ml,2025-11-30,2025-12-02,coffee_beans,6063.747909939878,1662.9337151050977
ml,2025-11-30,2025-12-02,croissant_dough,44.043949299449714,13.73612038693578
ml,2025-11-30,2025-12-02,cup_cold,95.8584394428934,27.6332332231077
ml,2025-11-30,2025-12-02,cup_hot,340.56873058980085,94.77270742034806
ml,2025-11-30,2025-12-02,ice,10941.504462537496,3137.75908849834
ml,2025-11-30,2025-12-02,milk,57391.999071391336,15799.834192497114
ml,2025-11-30,2025-12-02,sugar,3208.30603943454,905.5839662494138
ml,2025-11-30,2025-12-02,tea_leaves,250.18003026633448,77.1841379327036
ml,2025-11-30,2025-12-03,bread,114.55785263958214,28.756746328346768
ml,2025-11-30,2025-12-03,chocolate_syrup,1181.6690052134595,324.8646919274064
ml,2025-11-30,2025-12-03,coffee_beans,6049.294782382094,1662.9337151050977
ml,2025-11-30,2025-12-03,croissant_dough,45.292941584577136,13.73612038693578
ml,2025-11-30,2025-12-03,cup_cold,95.77626746677136,27.6332332231077
ml,2025-11-30,2025-12-03,cup_hot,346.5312265968366,94.77270742034806
ml,2025-11-30,2025-12-03,ice,10959.430602035858,3137.75908849834
ml,2025-11-30,2025-12-03,milk,58634.94231303416,15799.834192497114
ml,2025-11-30,2025-12-03,sugar,3275.687622147687,905.5839662494138
ml,2025-11-30,2025-12-03,tea_leaves,268.9013397374881,77.1841379327036
ml,2025-11-30,2025-12-04,bread,86.53396837496452,28.756746328346768
ml,2025-11-30,2025-12-04,chocolate_syrup,1135.0754502721209,324.8646919274064
ml,2025-11-30,2025-12-04,coffee_beans,5613.372015345248,1662.9337151050977
ml,2025-11-30,2025-12-04,croissant_dough,41.63845713157578,13.73612038693578
ml,2025-11-30,2025-12-04,cup_cold,89.07688912012635,27.6332332231077
ml,2025-11-30,2025-12-04,cup_hot,321.33297834419994,94.77270742034806
ml,2025-11-30,2025-12-04,ice,10170.921975023795,3137.75908849834
ml,2025-11-30,2025-12-04,milk,53397.996267902585,15799.834192497114
ml,2025-11-30,2025-12-04,sugar,3000.779969009672,905.5839662494138
ml,2025-11-30,2025-12-04,tea_leaves,244.3352980138803,77.1841379327036
ml,2025-11-30,2025-12-05,bread,85.9471300342733,28.756746328346768
ml,2025-11-30,2025-12-05,chocolate_syrup,1107.106559537791,324.8646919274064
ml,2025-11-30,2025-12-05,coffee_beans,6077.6338316632255,1662.9337151050977
ml,2025-11-30,2025-12-05,croissant_dough,42.03114135074483,13.73612038693578
ml,2025-11-30,2025-12-05,cup_cold,92.60631510494504,27.6332332231077
ml,2025-11-30,2025-12-05,cup_hot,342.8871947661522,94.77270742034806
ml,2025-11-30,2025-12-05,ice,10557.396528699586,3137.75908849834
ml,2025-11-30,2025-12-05,milk,56353.76068180521,15799.834192497114
ml,2025-11-30,2025-12-05,sugar,3154.2680625418006,905.5839662494138
ml,2025-11-30,2025-12-05,tea_leaves,245.1939030048784,77.1841379327036
ml,2025-11-30,2025-12-06,bread,97.06917005996,28.756746328346768
ml,2025-11-30,2025-12-06,chocolate_syrup,1219.7684581941855,324.8646919274064
ml,2025-11-30,2025-12-06,coffee_beans,6470.619648484049,1662.9337151050977
ml,2025-11-30,2025-12-06,croissant_dough,47.38028491532857,13.73612038693578
ml,2025-11-30,2025-12-06,cup_cold,101.99892932584392,27.6332332231077
ml,2025-11-30,2025-12-06,cup_hot,365.6856290408775,94.77270742034806
ml,2025-11-30,2025-12-06,ice,11651.506905119872,3137.75908849834
ml,2025-11-30,2025-12-06,milk,60776.88085539652,15799.834192497114
ml,2025-11-30,2025-12-06,sugar,3413.7614535579296,905.5839662494138
ml,2025-11-30,2025-12-06,tea_leaves,271.7507673157279,77.1841379327036
ml,2025-11-30,2025-12-07,bread,99.19577106844542,28.756746328346768
ml,2025-11-30,2025-12-07,chocolate_syrup,1234.9170776340025,324.8646919274064
ml,2025-11-30,2025-12-07,coffee_beans,6653.037903772968,1662.9337151050977
ml,2025-11-30,2025-12-07,croissant_dough,48.28903548914517,13.73612038693578
ml,2025-11-30,2025-12-07,cup_cold,100.8842376097241,27.6332332231077
ml,2025-11-30,2025-12-07,cup_hot,379.3834148200386,94.77270742034806
ml,2025-11-30,2025-12-07,ice,11521.926917025525,3137.75908849834
ml,2025-11-30,2025-12-07,milk,60931.29867560178,15799.834192497114
ml,2025-11-30,2025-12-07,sugar,3437.811403712176,905.5839662494138
ml,2025-11-30,2025-12-07,tea_leaves,279.5453588853538,77.1841379327036
ml,2025-11-30,2025-12-08,bread,106.03142842893712,28.756746328346768
ml,2025-11-30,2025-12-08,chocolate_syrup,1058.740974837238,324.8646919274064
ml,2025-11-30,2025-12-08,coffee_beans,5513.619593002514,1662.9337151050977
ml,2025-11-30,2025-12-08,croissant_dough,41.37638980581391,13.73612038693578
ml,2025-11-30,2025-12-08,cup_cold,87.12066857136084,27.6332332231077
ml,2025-11-30,2025-12-08,cup_hot,313.1011347072155,94.77270742034806
ml,2025-11-30,2025-12-08,ice,9959.13032238618,3137.75908849834
ml,2025-11-30,2025-12-08,milk,51473.61926810663,15799.834192497114
ml,2025-11-30,2025-12-08,sugar,2905.1946689451643,905.5839662494138
ml,2025-11-30,2025-12-08,tea_leaves,235.83031158182067,77.1841379327036
ml,2025-11-30,2025-12-09,bread,88.71544733983987,28.756746328346768
ml,2025-11-30,2025-12-09,chocolate_syrup,1026.408355829466,324.8646919274064
ml,2025-11-30,2025-12-09,coffee_beans,5789.391121331665,1662.9337151050977
ml,2025-11-30,2025-12-09,croissant_dough,41.80207023373191,13.73612038693578
ml,2025-11-30,2025-12-09,cup_cold,90.19212636893128,27.6332332231077
ml,2025-11-30,2025-12-09,cup_hot,322.9918696346445,94.77270742034806
ml,2025-11-30,2025-12-09,ice,10292.579234814377,3137.75908849834
ml,2025-11-30,2025-12-09,milk,51946.28213050823,15799.834192497114
ml,2025-11-30,2025-12-09,sugar,2938.083534687978,905.5839662494138
ml,2025-11-30,2025-12-09,tea_leaves,230.66608442294827,77.1841379327036
ml,2025-11-30,2025-12-10,bread,85.35345991112925,28.756746328346768
ml,2025-11-30,2025-12-10,chocolate_syrup,1065.488682298227,324.8646919274064
ml,2025-11-30,2025-12-10,coffee_beans,5817.832331189814,1662.9337151050977
ml,2025-11-30,2025-12-10,croissant_dough,41.79810265008621,13.73612038693578
ml,2025-11-30,2025-12-10,cup_cold,98.3536849885967,27.6332332231077
ml,2025-11-30,2025-12-10,cup_hot,319.1162449982435,94.77270742034806
ml,2025-11-30,2025-12-10,ice,11339.71181801295,3137.75908849834
ml,2025-11-30,2025-12-10,milk,53808.21524909236,15799.834192497114
ml,2025-11-30,2025-12-10,sugar,3037.903758601735,905.5839662494138
ml,2025-11-30,2025-12-10,tea_leaves,236.3289442854566,77.1841379327036
ml,2025-11-30,2025-12-11,bread,90.22865653975138,28.756746328346768
ml,2025-11-30,2025-12-11,chocolate_syrup,1084.9599412953205,324.8646919274064
ml,2025-11-30,2025-12-11,coffee_beans,5891.550974732454,1662.9337151050977
ml,2025-11-30,2025-12-11,croissant_dough,43.33303104632898,13.73612038693578
ml,2025-11-30,2025-12-11,cup_cold,100.0167798377976,27.6332332231077
ml,2025-11-30,2025-12-11,cup_hot,324.8990091590218,94.77270742034806
ml,2025-11-30,2025-12-11,ice,11353.234281980634,3137.75908849834
ml,2025-11-30,2025-12-11,milk,55365.22326048744,15799.834192497114
ml,2025-11-30,2025-12-11,sugar,3162.784361552409,905.5839662494138
ml,2025-11-30,2025-12-11,tea_leaves,247.1592548244014,77.1841379327036
ml,2025-11-30,2025-12-12,bread,92.80480970775136,28.756746328346768
ml,2025-11-30,2025-12-12,chocolate_syrup,1151.13637647252,324.8646919274064
ml,2025-11-30,2025-12-12,coffee_beans,6219.028149397514,1662.9337151050977
ml,2025-11-30,2025-12-12,croissant_dough,44.73050981922327,13.73612038693578
ml,2025-11-30,2025-12-12,cup_cold,100.88619120042168,27.6332332231077
ml,2025-11-30,2025-12-12,cup_hot,346.3646348752048,94.77270742034806
ml,2025-11-30,2025-12-12,ice,11481.040743087537,3137.75908849834
ml,2025-11-30,2025-12-12,milk,58076.203723807856,15799.834192497114
ml,2025-11-30,2025-12-12,sugar,3281.0566669311625,905.5839662494138
ml,2025-11-30,2025-12-12,tea_leaves,254.9880145517725,77.1841379327036
ml,2025-11-30,2025-12-13,bread,109.41852139882762,28.756746328346768
ml,2025-11-30,2025-12-13,chocolate_syrup,1310.0806209960836,324.8646919274064
ml,2025-11-30,2025-12-13,coffee_beans,7151.227819611575,1662.9337151050977
ml,2025-11-30,2025-12-13,croissant_dough,51.00815622176615,13.73612038693578
ml,2025-11-30,2025-12-13,cup_cold,109.38528476965529,27.6332332231077
ml,2025-11-30,2025-12-13,cup_hot,407.0779606739021,94.77270742034806
ml,2025-11-30,2025-12-13,ice,12528.56171246208,3137.75908849834
ml,2025-11-30,2025-12-13,milk,66413.72883102366,15799.834192497114
ml,2025-11-30,2025-12-13,sugar,3728.809380362319,905.5839662494138
ml,2025-11-30,2025-12-13,tea_leaves,303.6934184896957,77.1841379327036
ml,2025-11-30,2025-12-14,bread,107.54627315245156,28.756746328346768
ml,2025-11-30,2025-12-14,chocolate_syrup,1310.5695488251135,324.8646919274064
ml,2025-11-30,2025-12-14,coffee_beans,7235.775425803655,1662.9337151050977
ml,2025-11-30,2025-12-14,croissant_dough,51.545650286307946,13.73612038693578
ml,2025-11-30,2025-12-14,cup_cold,110.76043187484812,27.6332332231077
ml,2025-11-30,2025-12-14,cup_hot,406.9261228118053,94.77270742034806
ml,2025-11-30,2025-12-14,ice,12676.94166296402,3137.75908849834
ml,2025-11-30,2025-12-14,milk,66781.62825896026,15799.834192497114
ml,2025-11-30,2025-12-14,sugar,3750.118488925014,905.5839662494138
ml,2025-11-30,2025-12-14,tea_leaves,289.73373498385257,77.1841379327036
ml,2025-11-30,2025-12-15,bread,86.82398796148668,28.756746328346768
ml,2025-11-30,2025-12-15,chocolate_syrup,1129.0878344111306,324.8646919274064
ml,2025-11-30,2025-12-15,coffee_beans,6059.480383558828,1662.9337151050977
ml,2025-11-30,2025-12-15,croissant_dough,42.49027124793188,13.73612038693578
ml,2025-11-30,2025-12-15,cup_cold,90.03158554176434,27.6332332231077
ml,2025-11-30,2025-12-15,cup_hot,340.8574086378946,94.77270742034806
ml,2025-11-30,2025-12-15,ice,10298.414318522357,3137.75908849834
ml,2025-11-30,2025-12-15,milk,56005.4959362134,15799.834192497114
ml,2025-11-30,2025-12-15,sugar,3119.199051555308,905.5839662494138
ml,2025-11-30,2025-12-15,tea_leaves,227.90728428973367,77.1841379327036
ml,2025-11-30,2025-12-16,bread,93.31763374124976,28.756746328346768
ml,2025-11-30,2025-12-16,chocolate_syrup,1092.0229333899515,324.8646919274064
ml,2025-11-30,2025-12-16,coffee_beans,5878.451797090156,1662.9337151050977
ml,2025-11-30,2025-12-16,croissant_dough,45.2922345735424,13.73612038693578
ml,2025-11-30,2025-12-16,cup_cold,95.31387484082822,27.6332332231077
ml,2025-11-30,2025-12-16,cup_hot,341.5420530625283,94.77270742034806
ml,2025-11-30,2025-12-16,ice,10904.74807675161,3137.75908849834
ml,2025-11-30,2025-12-16,milk,55836.48143252211,15799.834192497114
ml,2025-11-30,2025-12-16,sugar,3211.9084043477005,905.5839662494138
ml,2025-11-30,2025-12-16,tea_leaves,296.89806165429087,77.1841379327036
manual,2025-12-07,2025-12-07,bread,112.36,0.0
manual,2025-12-07,2025-12-07,chocolate_syrup,1524.3428571428572,0.0
manual,2025-12-07,2025-12-07,coffee_beans,7322.770285714285,0.0
manual,2025-12-07,2025-12-07,croissant_dough,55.72800000000001,0.0
manual,2025-12-07,2025-12-07,cup_cold,90.75771428571429,0.0
manual,2025-12-07,2025-12-07,cup_hot,477.2725714285714,0.0
manual,2025-12-07,2025-12-07,ice,10368.0,0.0
manual,2025-12-07,2025-12-07,milk,73026.0,0.0
manual,2025-12-07,2025-12-07,sugar,4121.883428571428,0.0
manual,2025-12-07,2025-12-07,tea_leaves,443.54742857142855,0.0
manual,2025-12-07,2025-12-08,bread,112.36,0.0
manual,2025-12-07,2025-12-08,chocolate_syrup,1524.3428571428572,0.0
manual,2025-12-07,2025-12-08,coffee_beans,7322.770285714285,0.0
manual,2025-12-07,2025-12-08,croissant_dough,55.72800000000001,0.0
manual,2025-12-07,2025-12-08,cup_cold,90.75771428571429,0.0
manual,2025-12-07,2025-12-08,cup_hot,477.2725714285714,0.0
manual,2025-12-07,2025-12-08,ice,10368.0,0.0
manual,2025-12-07,2025-12-08,milk,73026.0,0.0
manual,2025-12-07,2025-12-08,sugar,4121.883428571428,0.0
manual,2025-12-07,2025-12-08,tea_leaves,443.54742857142855,0.0
manual,2025-12-07,2025-12-09,bread,112.36,0.0
manual,2025-12-07,2025-12-09,chocolate_syrup,1524.3428571428572,0.0
manual,2025-12-07,2025-12-09,coffee_beans,7322.770285714285,0.0
manual,2025-12-07,2025-12-09,croissant_dough,55.72800000000001,0.0
manual,2025-12-07,2025-12-09,cup_cold,90.75771428571429,0.0
manual,2025-12-07,2025-12-09,cup_hot,477.2725714285714,0.0
manual,2025-12-07,2025-12-09,ice,10368.0,0.0
manual,2025-12-07,2025-12-09,milk,73026.0,0.0
manual,2025-12-07,2025-12-09,sugar,4121.883428571428,0.0
manual,2025-12-07,2025-12-09,tea_leaves,443.54742857142855,0.0
manual,2025-12-07,2025-12-10,bread,112.36,0.0
manual,2025-12-07,2025-12-10,chocolate_syrup,1524.3428571428572,0.0
manual,2025-12-07,2025-12-10,coffee_beans,7322.770285714285,0.0
manual,2025-12-07,2025-12-10,croissant_dough,55.72800000000001,0.0
manual,2025-12-07,2025-12-10,cup_cold,90.75771428571429,0.0
manual,2025-12-07,2025-12-10,cup_hot,477.2725714285714,0.0
manual,2025-12-07,2025-12-10,ice,10368.0,0.0
manual,2025-12-07,2025-12-10,milk,73026.0,0.0
manual,2025-12-07,2025-12-10,sugar,4121.883428571428,0.0
manual,2025-12-07,2025-12-10,tea_leaves,443.54742857142855,0.0
manual,2025-12-07,2025-12-11,bread,112.36,0.0
manual,2025-12-07,2025-12-11,chocolate_syrup,1524.3428571428572,0.0
manual,2025-12-07,2025-12-11,coffee_beans,7322.770285714285,0.0
manual,2025-12-07,2025-12-11,croissant_dough,55.72800000000001,0.0
manual,2025-12-07,2025-12-11,cup_cold,90.75771428571429,0.0
manual,2025-12-07,2025-12-11,cup_hot,477.2725714285714,0.0
manual,2025-12-07,2025-12-11,ice,10368.0,0.0
manual,2025-12-07,2025-12-11,milk,73026.0,0.0
manual,2025-12-07,2025-12-11,sugar,4121.883428571428,0.0
manual,2025-12-07,2025-12-11,tea_leaves,443.54742857142855,0.0
manual,2025-12-07,2025-12-12,bread,112.36,0.0
manual,2025-12-07,2025-12-12,chocolate_syrup,1524.3428571428572,0.0
manual,2025-12-07,2025-12-12,coffee_beans,7322.770285714285,0.0
manual,2025-12-07,2025-12-12,croissant_dough,55.72800000000001,0.0
manual,2025-12-07,2025-12-12,cup_cold,90.75771428571429,0.0
manual,2025-12-07,2025-12-12,cup_hot,477.2725714285714,0.0
manual,2025-12-07,2025-12-12,ice,10368.0,0.0
manual,2025-12-07,2025-12-12,milk,73026.0,0.0
manual,2025-12-07,2025-12-12,sugar,4121.883428571428,0.0
manual,2025-12-07,2025-12-12,tea_leaves,443.54742857142855,0.0
manual,2025-12-07,2025-12-13,bread,112.36,0.0
manual,2025-12-07,2025-12-13,chocolate_syrup,1524.3428571428572,0.0
manual,2025-12-07,2025-12-13,coffee_beans,7322.770285714285,0.0
manual,2025-12-07,2025-12-13,croissant_dough,55.72800000000001,0.0
manual,2025-12-07,2025-12-13,cup_cold,90.75771428571429,0.0
manual,2025-12-07,2025-12-13,cup_hot,477.2725714285714,0.0
manual,2025-12-07,2025-12-13,ice,10368.0,0.0
manual,2025-12-07,2025-12-13,milk,73026.0,0.0
manual,2025-12-07,2025-12-13,sugar,4121.883428571428,0.0
manual,2025-12-07,2025-12-13,tea_leaves,443.54742857142855,0.0
manual,2025-12-07,2025-12-14,bread,112.36,0.0
manual,2025-12-07,2025-12-14,chocolate_syrup,1524.3428571428572,0.0
manual,2025-12-07,2025-12-14,coffee_beans,7322.770285714285,0.0
manual,2025-12-07,2025-12-14,croissant_dough,55.72800000000001,0.0
manual,2025-12-07,2025-12-14,cup_cold,90.75771428571429,0.0
manual,2025-12-07,2025-12-14,cup_hot,477.2725714285714,0.0
manual,2025-12-07,2025-12-14,ice,10368.0,0.0
manual,2025-12-07,2025-12-14,milk,73026.0,0.0
manual,2025-12-07,2025-12-14,sugar,4121.883428571428,0.0
manual,2025-12-07,2025-12-14,tea_leaves,443.54742857142855,0.0
manual,2025-12-07,2025-12-15,bread,112.36,0.0
manual,2025-12-07,2025-12-15,chocolate_syrup,1524.3428571428572,0.0
manual,2025-12-07,2025-12-15,coffee_beans,7322.770285714285,0.0
manual,2025-12-07,2025-12-15,croissant_dough,55.72800000000001,0.0
manual,2025-12-07,2025-12-15,cup_cold,90.75771428571429,0.0
manual,2025-12-07,2025-12-15,cup_hot,477.2725714285714,0.0
manual,2025-12-07,2025-12-15,ice,10368.0,0.0
manual,2025-12-07,2025-12-15,milk,73026.0,0.0
manual,2025-12-07,2025-12-15,sugar,4121.883428571428,0.0
manual,2025-12-07,2025-12-15,tea_leaves,443.54742857142855,0.0
manual,2025-12-07,2025-12-16,bread,112.36,0.0
manual,2025-12-07,2025-12-16,chocolate_syrup,1524.3428571428572,0.0
manual,2025-12-07,2025-12-16,coffee_beans,7322.770285714285,0.0
manual,2025-12-07,2025-12-16,croissant_dough,55.72800000000001,0.0
manual,2025-12-07,2025-12-16,cup_cold,90.75771428571429,0.0
manual,2025-12-07,2025-12-16,cup_hot,477.2725714285714,0.0
manual,2025-12-07,2025-12-16,ice,10368.0,0.0
manual,2025-12-07,2025-12-16,milk,73026.0,0.0
manual,2025-12-07,2025-12-16,sugar,4121.883428571428,0.0
manual,2025-12-07,2025-12-16,tea_leaves,443.54742857142855,0.0
manual,2025-12-07,2025-12-17,bread,112.36,0.0
manual,2025-12-07,2025-12-17,chocolate_syrup,1524.3428571428572,0.0
manual,2025-12-07,2025-12-17,coffee_beans,7322.770285714285,0.0
manual,2025-12-07,2025-12-17,croissant_dough,55.72800000000001,0.0
manual,2025-12-07,2025-12-17,cup_cold,90.75771428571429,0.0
manual,2025-12-07,2025-12-17,cup_hot,477.2725714285714,0.0
manual,2025-12-07,2025-12-17,ice,10368.0,0.0
manual,2025-12-07,2025-12-17,milk,73026.0,0.0
manual,2025-12-07,2025-12-17,sugar,4121.883428571428,0.0
manual,2025-12-07,2025-12-17,tea_leaves,443.54742857142855,0.0
manual,2025-12-07,2025-12-18,bread,112.36,0.0
manual,2025-12-07,2025-12-18,chocolate_syrup,1524.3428571428572,0.0
manual,2025-12-07,2025-12-18,coffee_beans,7322.770285714285,0.0
manual,2025-12-07,2025-12-18,croissant_dough,55.72800000000001,0.0
manual,2025-12-07,2025-12-18,cup_cold,90.75771428571429,0.0
manual,2025-12-07,2025-12-18,cup_hot,477.2725714285714,0.0
manual,2025-12-07,2025-12-18,ice,10368.0,0.0
manual,2025-12-07,2025-12-18,milk,73026.0,0.0
manual,2025-12-07,2025-12-18,sugar,4121.883428571428,0.0
manual,2025-12-07,2025-12-18,tea_leaves,443.54742857142855,0.0
manual,2025-12-07,2025-12-19,bread,112.36,0.0
manual,2025-12-07,2025-12-19,chocolate_syrup,1524.3428571428572,0.0
manual,2025-12-07,2025-12-19,coffee_beans,7322.770285714285,0.0
manual,2025-12-07,2025-12-19,croissant_dough,55.72800000000001,0.0
manual,2025-12-07,2025-12-19,cup_cold,90.75771428571429,0.0
manual,2025-12-07,2025-12-19,cup_hot,477.2725714285714,0.0
manual,2025-12-07,2025-12-19,ice,10368.0,0.0
manual,2025-12-07,2025-12-19,milk,73026.0,0.0
manual,2025-12-07,2025-12-19,sugar,4121.883428571428,0.0
manual,2025-12-07,2025-12-19,tea_leaves,443.54742857142855,0.0
manual,2025-12-07,2025-12-20,bread,112.36,0.0
manual,2025-12-07,2025-12-20,chocolate_syrup,1524.3428571428572,0.0
manual,2025-12-07,2025-12-20,coffee_beans,7322.770285714285,0.0
manual,2025-12-07,2025-12-20,croissant_dough,55.72800000000001,0.0
manual,2025-12-07,2025-12-20,cup_cold,90.75771428571429,0.0
manual,2025-12-07,2025-12-20,cup_hot,477.2725714285714,0.0
manual,2025-12-07,2025-12-20,ice,10368.0,0.0
manual,2025-12-07,2025-12-20,milk,73026.0,0.0
manual,2025-12-07,2025-12-20,sugar,4121.883428571428,0.0
manual,2025-12-07,2025-12-20,tea_leaves,443.54742857142855,0.0
manual,2025-12-07,2025-12-21,bread,112.36,0.0
manual,2025-12-07,2025-12-21,chocolate_syrup,1524.3428571428572,0.0
manual,2025-12-07,2025-12-21,coffee_beans,7322.770285714285,0.0
manual,2025-12-07,2025-12-21,croissant_dough,55.72800000000001,0.0
manual,2025-12-07,2025-12-21,cup_cold,90.75771428571429,0.0
manual,2025-12-07,2025-12-21,cup_hot,477.2725714285714,0.0
manual,2025-12-07,2025-12-21,ice,10368.0,0.0
manual,2025-12-07,2025-12-21,milk,73026.0,0.0
manual,2025-12-07,2025-12-21,sugar,4121.883428571428,0.0
manual,2025-12-07,2025-12-21,tea_leaves,443.54742857142855,0.0
manual,2025-12-07,2025-12-22,bread,112.36,0.0
manual,2025-12-07,2025-12-22,chocolate_syrup,1524.3428571428572,0.0
manual,2025-12-07,2025-12-22,coffee_beans,7322.770285714285,0.0
manual,2025-12-07,2025-12-22,croissant_dough,55.72800000000001,0.0
manual,2025-12-07,2025-12-22,cup_cold,90.75771428571429,0.0
manual,2025-12-07,2025-12-22,cup_hot,477.2725714285714,0.0
manual,2025-12-07,2025-12-22,ice,10368.0,0.0
manual,2025-12-07,2025-12-22,milk,73026.0,0.0
manual,2025-12-07,2025-12-22,sugar,4121.883428571428,0.0
manual,2025-12-07,2025-12-22,tea_leaves,443.54742857142855,0.0
manual,2025-12-07,2025-12-23,bread,112.36,0.0
manual,2025-12-07,2025-12-23,chocolate_syrup,1524.3428571428572,0.0
manual,2025-12-07,2025-12-23,coffee_beans,7322.770285714285,0.0
manual,2025-12-07,2025-12-23,croissant_dough,55.72800000000001,0.0
manual,2025-12-07,2025-12-23,cup_cold,90.75771428571429,0.0
manual,2025-12-07,2025-12-23,cup_hot,477.2725714285714,0.0
manual,2025-12-07,2025-12-23,ice,10368.0,0.0
manual,2025-12-07,2025-12-23,milk,73026.0,0.0
manual,2025-12-07,2025-12-23,sugar,4121.883428571428,0.0
manual,2025-12-07,2025-12-23,tea_leaves,443.54742857142855,0.0
seasonal_naive,2025-12-07,2025-12-07,bread,103.88,36.16223122641532
seasonal_naive,2025-12-07,2025-12-07,chocolate_syrup,1528.8000000000002,478.28694316278376
seasonal_naive,2025-12-07,2025-12-07,coffee_beans,6730.02,1243.8668248329482
seasonal_naive,2025-12-07,2025-12-07,croissant_dough,76.68,17.228992900446514
seasonal_naive,2025-12-07,2025-12-07,cup_cold,72.10000000000001,30.60425439824873
seasonal_naive,2025-12-07,2025-12-07,cup_hot,492.34,53.07921623727724
seasonal_naive,2025-12-07,2025-12-07,ice,8380.800000000001,3452.844468497874
seasonal_naive,2025-12-07,2025-12-07,milk,72103.5,7424.511452246905
seasonal_naive,2025-12-07,2025-12-07,sugar,4165.320000000001,443.7651824393782
seasonal_naive,2025-12-07,2025-12-07,tea_leaves,560.32,108.29909117389172
seasonal_naive,2025-12-07,2025-12-08,bread,97.52,36.16223122641532
seasonal_naive,2025-12-07,2025-12-08,chocolate_syrup,1404.0000000000002,478.28694316278376
seasonal_naive,2025-12-07,2025-12-08,coffee_beans,5358.06,1243.8668248329482
seasonal_naive,2025-12-07,2025-12-08,croissant_dough,46.440000000000005,17.228992900446514
seasonal_naive,2025-12-07,2025-12-08,cup_cold,71.07000000000001,30.60425439824873
seasonal_naive,2025-12-07,2025-12-08,cup_hot,331.66,53.07921623727724
seasonal_naive,2025-12-07,2025-12-08,ice,8294.400000000001,3452.844468497874
seasonal_naive,2025-12-07,2025-12-08,milk,55776.0,7424.511452246905
seasonal_naive,2025-12-07,2025-12-08,sugar,2960.2200000000003,443.7651824393782
seasonal_naive,2025-12-07,2025-12-08,tea_leaves,234.84,108.29909117389172
seasonal_naive,2025-12-07,2025-12-09,bread,86.92,36.16223122641532
seasonal_naive,2025-12-07,2025-12-09,chocolate_syrup,748.8000000000001,478.28694316278376
seasonal_naive,2025-12-07,2025-12-09,coffee_beans,5561.999999999999,1243.8668248329482
seasonal_naive,2025-12-07,2025-12-09,croissant_dough,30.24,17.228992900446514
seasonal_naive,2025-12-07,2025-12-09,cup_cold,56.65,30.60425439824873
seasonal_naive,2025-12-07,2025-12-09,cup_hot,351.2300000000001,53.07921623727724
seasonal_naive,2025-12-07,2025-12-09,ice,6350.400000000001,3452.844468497874
seasonal_naive,2025-12-07,2025-12-09,milk,50085.0,7424.511452246905
seasonal_naive,2025-12-07,2025-12-09,sugar,2836.6200000000003,443.7651824393782
seasonal_naive,2025-12-07,2025-12-09,tea_leaves,296.64,108.29909117389172
seasonal_naive,2025-12-07,2025-12-10,bread,93.28,36.16223122641532
seasonal_naive,2025-12-07,2025-12-10,chocolate_syrup,1185.6,478.28694316278376
seasonal_naive,2025-12-07,2025-12-10,coffee_beans,6507.539999999999,1243.8668248329482
seasonal_naive,2025-12-07,2025-12-10,croissant_dough,44.28,17.228992900446514
seasonal_naive,2025-12-07,2025-12-10,cup_cold,92.7,30.60425439824873
seasonal_naive,2025-12-07,2025-12-10,cup_hot,386.25,53.07921623727724
seasonal_naive,2025-12-07,2025-12-10,ice,10432.8,3452.844468497874
seasonal_naive,2025-12-07,2025-12-10,milk,63945.0,7424.511452246905
seasonal_naive,2025-12-07,2025-12-10,sugar,3577.19,443.7651824393782
seasonal_naive,2025-12-07,2025-12-10,tea_leaves,313.12,108.29909117389172
seasonal_naive,2025-12-07,2025-12-11,bread,93.63333333333334,36.16223122641532
seasonal_naive,2025-12-07,2025-12-11,chocolate_syrup,1123.2,478.28694316278376
seasonal_naive,2025-12-07,2025-12-11,coffee_beans,4764.78,1243.8668248329482
seasonal_naive,2025-12-07,2025-12-11,croissant_dough,43.2,17.228992900446514
seasonal_naive,2025-12-07,2025-12-11,cup_cold,54.59,30.60425439824873
seasonal_naive,2025-12-07,2025-12-11,cup_hot,356.38,53.07921623727724
seasonal_naive,2025-12-07,2025-12-11,ice,6307.200000000001,3452.844468497874
seasonal_naive,2025-12-07,2025-12-11,milk,51061.5,7424.511452246905
seasonal_naive,2025-12-07,2025-12-11,sugar,2999.36,443.7651824393782
seasonal_naive,2025-12-07,2025-12-11,tea_leaves,436.72,108.29909117389172
seasonal_naive,2025-12-07,2025-12-12,bread,93.28,36.16223122641532
seasonal_naive,2025-12-07,2025-12-12,chocolate_syrup,1560.0000000000002,478.28694316278376
seasonal_naive,2025-12-07,2025-12-12,coffee_beans,7063.74,1243.8668248329482
seasonal_naive,2025-12-07,2025-12-12,croissant_dough,46.440000000000005,17.228992900446514
seasonal_naive,2025-12-07,2025-12-12,cup_cold,72.1,30.60425439824873
seasonal_naive,2025-12-07,2025-12-12,cup_hot,456.29,53.07921623727724
seasonal_naive,2025-12-07,2025-12-12,ice,8143.200000000001,3452.844468497874
seasonal_naive,2025-12-07,2025-12-12,milk,62853.0,7424.511452246905
seasonal_naive,2025-12-07,2025-12-12,sugar,3476.25,443.7651824393782
seasonal_naive,2025-12-07,2025-12-12,tea_leaves,337.84000000000003,108.29909117389172
seasonal_naive,2025-12-07,2025-12-13,bread,86.92,36.16223122641532
seasonal_naive,2025-12-07,2025-12-13,chocolate_syrup,1341.6,478.28694316278376
seasonal_naive,2025-12-07,2025-12-13,coffee_beans,6730.02,1243.8668248329482
seasonal_naive,2025-12-07,2025-12-13,croissant_dough,37.8,17.228992900446514
seasonal_naive,2025-12-07,2025-12-13,cup_cold,110.21,30.60425439824873
seasonal_naive,2025-12-07,2025-12-13,cup_hot,409.94000000000005,53.07921623727724
seasonal_naive,2025-12-07,2025-12-13,ice,12571.2,3452.844468497874
seasonal_naive,2025-12-07,2025-12-13,milk,70161.0,7424.511452246905
seasonal_naive,2025-12-07,2025-12-13,sugar,4029.3600000000006,443.7651824393782
seasonal_naive,2025-12-07,2025-12-13,tea_leaves,407.88,108.29909117389172
seasonal_naive,2025-12-07,2025-12-14,bread,103.88,36.16223122641532
seasonal_naive,2025-12-07,2025-12-14,chocolate_syrup,1528.8000000000002,478.28694316278376
seasonal_naive,2025-12-07,2025-12-14,coffee_beans,6730.02,1243.8668248329482
seasonal_naive,2025-12-07,2025-12-14,croissant_dough,76.68,17.228992900446514
seasonal_naive,2025-12-07,2025-12-14,cup_cold,72.10000000000001,30.60425439824873
seasonal_naive,2025-12-07,2025-12-14,cup_hot,492.34,53.07921623727724
seasonal_naive,2025-12-07,2025-12-14,ice,8380.800000000001,3452.844468497874
seasonal_naive,2025-12-07,2025-12-14,milk,72103.5,7424.511452246905
seasonal_naive,2025-12-07,2025-12-14,sugar,4165.320000000001,443.7651824393782
seasonal_naive,2025-12-07,2025-12-14,tea_leaves,560.32,108.29909117389172
seasonal_naive,2025-12-07,2025-12-15,bread,97.52,36.16223122641532
seasonal_naive,2025-12-07,2025-12-15,chocolate_syrup,1404.0000000000002,478.28694316278376
seasonal_naive,2025-12-07,2025-12-15,coffee_beans,5358.06,1243.8668248329482
seasonal_naive,2025-12-07,2025-12-15,croissant_dough,46.440000000000005,17.228992900446514
seasonal_naive,2025-12-07,2025-12-15,cup_cold,71.07000000000001,30.60425439824873
seasonal_naive,2025-12-07,2025-12-15,cup_hot,331.66,53.07921623727724
seasonal_naive,2025-12-07,2025-12-15,ice,8294.400000000001,3452.844468497874
seasonal_naive,2025-12-07,2025-12-15,milk,55776.0,7424.511452246905
seasonal_naive,2025-12-07,2025-12-15,sugar,2960.2200000000003,443.7651824393782
seasonal_naive,2025-12-07,2025-12-15,tea_leaves,234.84,108.29909117389172
seasonal_naive,2025-12-07,2025-12-16,bread,86.92,36.16223122641532
seasonal_naive,2025-12-07,2025-12-16,chocolate_syrup,748.8000000000001,478.28694316278376
seasonal_naive,2025-12-07,2025-12-16,coffee_beans,5561.999999999999,1243.8668248329482
seasonal_naive,2025-12-07,2025-12-16,croissant_dough,30.24,17.228992900446514
seasonal_naive,2025-12-07,2025-12-16,cup_cold,56.65,30.60425439824873
seasonal_naive,2025-12-07,2025-12-16,cup_hot,351.2300000000001,53.07921623727724
seasonal_naive,2025-12-07,2025-12-16,ice,6350.400000000001,3452.844468497874
seasonal_naive,2025-12-07,2025-12-16,milk,50085.0,7424.511452246905
seasonal_naive,2025-12-07,2025-12-16,sugar,2836.6200000000003,443.7651824393782
seasonal_naive,2025-12-07,2025-12-16,tea_leaves,296.64,108.29909117389172
seasonal_naive,2025-12-07,2025-12-17,bread,93.28,36.16223122641532
seasonal_naive,2025-12-07,2025-12-17,chocolate_syrup,1185.6,478.28694316278376
seasonal_naive,2025-12-07,2025-12-17,coffee_beans,6507.539999999999,1243.8668248329482
seasonal_naive,2025-12-07,2025-12-17,croissant_dough,44.28,17.228992900446514
seasonal_naive,2025-12-07,2025-12-17,cup_cold,92.7,30.60425439824873
seasonal_naive,2025-12-07,2025-12-17,cup_hot,386.25,53.07921623727724
seasonal_naive,2025-12-07,2025-12-17,ice,10432.8,3452.844468497874
seasonal_naive,2025-12-07,2025-12-17,milk,63945.0,7424.511452246905
seasonal_naive,2025-12-07,2025-12-17,sugar,3577.19,443.7651824393782
seasonal_naive,2025-12-07,2025-12-17,tea_leaves,313.12,108.29909117389172
seasonal_naive,2025-12-07,2025-12-18,bread,93.63333333333334,36.16223122641532
seasonal_naive,2025-12-07,2025-12-18,chocolate_syrup,1123.2,478.28694316278376
seasonal_naive,2025-12-07,2025-12-18,coffee_beans,4764.78,1243.8668248329482
seasonal_naive,2025-12-07,2025-12-18,croissant_dough,43.2,17.228992900446514
seasonal_naive,2025-12-07,2025-12-18,cup_cold,54.59,30.60425439824873
seasonal_naive,2025-12-07,2025-12-18,cup_hot,356.38,53.07921623727724
seasonal_naive,2025-12-07,2025-12-18,ice,6307.200000000001,3452.844468497874
seasonal_naive,2025-12-07,2025-12-18,milk,51061.5,7424.511452246905
seasonal_naive,2025-12-07,2025-12-18,sugar,2999.36,443.7651824393782
seasonal_naive,2025-12-07,2025-12-18,tea_leaves,436.72,108.29909117389172
seasonal_naive,2025-12-07,2025-12-19,bread,93.28,36.16223122641532
seasonal_naive,2025-12-07,2025-12-19,chocolate_syrup,1560.0000000000002,478.28694316278376
seasonal_naive,2025-12-07,2025-12-19,coffee_beans,7063.74,1243.8668248329482
seasonal_naive,2025-12-07,2025-12-19,croissant_dough,46.440000000000005,17.228992900446514
seasonal_naive,2025-12-07,2025-12-19,cup_cold,72.1,30.60425439824873
seasonal_naive,2025-12-07,2025-12-19,cup_hot,456.29,53.07921623727724
seasonal_naive,2025-12-07,2025-12-19,ice,8143.200000000001,3452.844468497874
seasonal_naive,2025-12-07,2025-12-19,milk,62853.0,7424.511452246905
seasonal_naive,2025-12-07,2025-12-19,sugar,3476.25,443.7651824393782
seasonal_naive,2025-12-07,2025-12-19,tea_leaves,337.84000000000003,108.29909117389172
seasonal_naive,2025-12-07,2025-12-20,bread,86.92,36.16223122641532
seasonal_naive,2025-12-07,2025-12-20,chocolate_syrup,1341.6,478.28694316278376
seasonal_naive,2025-12-07,2025-12-20,coffee_beans,6730.02,1243.8668248329482
seasonal_naive,2025-12-07,2025-12-20,croissant_dough,37.8,17.228992900446514
seasonal_naive,2025-12-07,2025-12-20,cup_cold,110.21,30.60425439824873
seasonal_naive,2025-12-07,2025-12-20,cup_hot,409.94000000000005,53.07921623727724
seasonal_naive,2025-12-07,2025-12-20,ice,12571.2,3452.844468497874
seasonal_naive,2025-12-07,2025-12-20,milk,70161.0,7424.511452246905
seasonal_naive,2025-12-07,2025-12-20,sugar,4029.3600000000006,443.7651824393782
seasonal_naive,2025-12-07,2025-12-20,tea_leaves,407.88,108.29909117389172
seasonal_naive,2025-12-07,2025-12-21,bread,103.88,36.16223122641532
seasonal_naive,2025-12-07,2025-12-21,chocolate_syrup,1528.8000000000002,478.28694316278376
seasonal_naive,2025-12-07,2025-12-21,coffee_beans,6730.02,1243.8668248329482
seasonal_naive,2025-12-07,2025-12-21,croissant_dough,76.68,17.228992900446514
seasonal_naive,2025-12-07,2025-12-21,cup_cold,72.10000000000001,30.60425439824873
seasonal_naive,2025-12-07,2025-12-21,cup_hot,492.34,53.07921623727724
seasonal_naive,2025-12-07,2025-12-21,ice,8380.800000000001,3452.844468497874
seasonal_naive,2025-12-07,2025-12-21,milk,72103.5,7424.511452246905
seasonal_naive,2025-12-07,2025-12-21,sugar,4165.320000000001,443.7651824393782
seasonal_naive,2025-12-07,2025-12-21,tea_leaves,560.32,108.29909117389172
seasonal_naive,2025-12-07,2025-12-22,bread,97.52,36.16223122641532
seasonal_naive,2025-12-07,2025-12-22,chocolate_syrup,1404.0000000000002,478.28694316278376
seasonal_naive,2025-12-07,2025-12-22,coffee_beans,5358.06,1243.8668248329482
seasonal_naive,2025-12-07,2025-12-22,croissant_dough,46.440000000000005,17.228992900446514
seasonal_naive,2025-12-07,2025-12-22,cup_cold,71.07000000000001,30.60425439824873
seasonal_naive,2025-12-07,2025-12-22,cup_hot,331.66,53.07921623727724
seasonal_naive,2025-12-07,2025-12-22,ice,8294.400000000001,3452.844468497874
seasonal_naive,2025-12-07,2025-12-22,milk,55776.0,7424.511452246905
seasonal_naive,2025-12-07,2025-12-22,sugar,2960.2200000000003,443.7651824393782
seasonal_naive,2025-12-07,2025-12-22,tea_leaves,234.84,108.29909117389172
seasonal_naive,2025-12-07,2025-12-23,bread,86.92,36.16223122641532
seasonal_naive,2025-12-07,2025-12-23,chocolate_syrup,748.8000000000001,478.28694316278376
seasonal_naive,2025-12-07,2025-12-23,coffee_beans,5562.0,1243.8668248329482
seasonal_naive,2025-12-07,2025-12-23,croissant_dough,30.24,17.228992900446514
seasonal_naive,2025-12-07,2025-12-23,cup_cold,56.65,30.60425439824873
seasonal_naive,2025-12-07,2025-12-23,cup_hot,351.2300000000001,53.07921623727724
seasonal_naive,2025-12-07,2025-12-23,ice,6350.400000000001,3452.844468497874
seasonal_naive,2025-12-07,2025-12-23,milk,50085.0,7424.511452246905
seasonal_naive,2025-12-07,2025-12-23,sugar,2836.6200000000003,443.7651824393782
seasonal_naive,2025-12-07,2025-12-23,tea_leaves,296.64,108.29909117389172
ml,2025-12-07,2025-12-07,bread,98.92623071198824,26.12268551351672
ml,2025-12-07,2025-12-07,chocolate_syrup,1230.478570559125,330.169239741912
ml,2025-12-07,2025-12-07,coffee_beans,6475.375060950706,1473.6972184131814
ml,2025-12-07,2025-12-07,croissant_dough,48.63681207537167,12.599769087165066
ml,2025-12-07,2025-12-07,cup_cold,94.77100160523064,24.12044441989365
ml,2025-12-07,2025-12-07,cup_hot,385.8092133216098,83.81597860220508
ml,2025-12-07,2025-12-07,ice,10836.630364066295,2760.899498398406
ml,2025-12-07,2025-12-07,milk,61151.87807852594,14136.617576974286
ml,2025-12-07,2025-12-07,sugar,3472.625813548545,790.2698668595451
ml,2025-12-07,2025-12-07,tea_leaves,320.8623511615767,60.65814992809349
ml,2025-12-07,2025-12-08,bread,103.34377734731936,26.12268551351672
ml,2025-12-07,2025-12-08,chocolate_syrup,1069.9317368318016,330.169239741912
ml,2025-12-07,2025-12-08,coffee_beans,5355.76321649912,1473.6972184131814
ml,2025-12-07,2025-12-08,croissant_dough,40.97495712080393,12.599769087165066
ml,2025-12-07,2025-12-08,cup_cold,79.64738283175173,24.12044441989365
ml,2025-12-07,2025-12-08,cup_hot,317.3619913195879,83.81597860220508
ml,2025-12-07,2025-12-08,ice,9130.585935204035,2760.899498398406
ml,2025-12-07,2025-12-08,milk,51282.83520844732,14136.617576974286
ml,2025-12-07,2025-12-08,sugar,2886.466234982496,790.2698668595451
ml,2025-12-07,2025-12-08,tea_leaves,256.58203538289314,60.65814992809349
ml,2025-12-07,2025-12-09,bread,87.92744984704251,26.12268551351672
ml,2025-12-07,2025-12-09,chocolate_syrup,1072.1129289171124,330.169239741912
ml,2025-12-07,2025-12-09,coffee_beans,5617.406728717276,1473.6972184131814
ml,2025-12-07,2025-12-09,croissant_dough,41.39571281192948,12.599769087165066
ml,2025-12-07,2025-12-09,cup_cold,82.13031641643737,24.12044441989365
ml,2025-12-07,2025-12-09,cup_hot,329.3715869404456,83.81597860220508
ml,2025-12-07,2025-12-09,ice,9388.861601949411,2760.899498398406
ml,2025-12-07,2025-12-09,milk,51762.50491012754,14136.617576974286
ml,2025-12-07,2025-12-09,sugar,2923.9965639376305,790.2698668595451
ml,2025-12-07,2025-12-09,tea_leaves,256.1211202786553,60.65814992809349
ml,2025-12-07,2025-12-10,bread,85.35345991112925,26.12268551351672
ml,2025-12-07,2025-12-10,chocolate_syrup,1076.2792029902091,330.169239741912
ml,2025-12-07,2025-12-10,coffee_beans,5585.712065468459,1473.6972184131814
ml,2025-12-07,2025-12-10,croissant_dough,41.503706592168605,12.599769087165066
ml,2025-12-07,2025-12-10,cup_cold,91.22069136328427,24.12044441989365
ml,2025-12-07,2025-12-10,cup_hot,317.11858097654573,83.81597860220508
ml,2025-12-07,2025-12-10,ice,10528.556889230937,2760.899498398406
ml,2025-12-07,2025-12-10,milk,52495.50039473952,14136.617576974286
ml,2025-12-07,2025-12-10,sugar,2969.194742234178,790.2698668595451
ml,2025-12-07,2025-12-10,tea_leaves,249.96369287745125,60.65814992809349
ml,2025-12-07,2025-12-11,bread,89.44065904695402,26.12268551351672
ml,2025-12-07,2025-12-11,chocolate_syrup,1091.3089332902534,330.169239741912
ml,2025-12-07,2025-12-11,coffee_beans,5612.08023948652,1473.6972184131814
ml,2025-12-07,2025-12-11,croissant_dough,43.03863498841138,12.599769087165066
ml,2025-12-07,2025-12-11,cup_cold,90.22444816521067,24.12044441989365
ml,2025-12-07,2025-12-11,cup_hot,320.503848244396,83.81597860220508
ml,2025-12-07,2025-12-11,ice,10275.552400607545,2760.899498398406
ml,2025-12-07,2025-12-11,milk,53277.26396342975,14136.617576974286
ml,2025-12-07,2025-12-11,sugar,3029.0137368184573,790.2698668595451
ml,2025-12-07,2025-12-11,tea_leaves,251.675499775316,60.65814992809349
ml,2025-12-07,2025-12-12,bread,91.55165464258064,26.12268551351672
ml,2025-12-07,2025-12-12,chocolate_syrup,1168.8147028447752,330.169239741912
ml,2025-12-07,2025-12-12,coffee_beans,5934.256900314726,1473.6972184131814
ml,2025-12-07,2025-12-12,croissant_dough,44.90893409220443,12.599769087165066
ml,2025-12-07,2025-12-12,cup_cold,92.65196958612538,24.12044441989365
ml,2025-12-07,2025-12-12,cup_hot,338.1468964479169,83.81597860220508
ml,2025-12-07,2025-12-12,ice,10566.714074197502,2760.899498398406
ml,2025-12-07,2025-12-12,milk,56022.28006242329,14136.617576974286
ml,2025-12-07,2025-12-12,sugar,3146.2905642972923,790.2698668595451
ml,2025-12-07,2025-12-12,tea_leaves,250.12822851963352,60.65814992809349
ml,2025-12-07,2025-12-13,bread,105.37596959020016,26.12268551351672
ml,2025-12-07,2025-12-13,chocolate_syrup,1313.189751355973,330.169239741912
ml,2025-12-07,2025-12-13,coffee_beans,6865.724532937775,1473.6972184131814
ml,2025-12-07,2025-12-13,croissant_dough,51.39907967907904,12.599769087165066
ml,2025-12-07,2025-12-13,cup_cold,101.80602819109652,24.12044441989365
ml,2025-12-07,2025-12-13,cup_hot,398.0683692255377,83.81597860220508
ml,2025-12-07,2025-12-13,ice,11659.32755298252,2760.899498398406
ml,2025-12-07,2025-12-13,milk,63665.36176421931,14136.617576974286
ml,2025-12-07,2025-12-13,sugar,3577.084563439216,790.2698668595451
ml,2025-12-07,2025-12-13,tea_leaves,300.3726365483153,60.65814992809349
ml,2025-12-07,2025-12-14,bread,107.08535137326886,26.12268551351672
ml,2025-12-07,2025-12-14,chocolate_syrup,1313.678679185003,330.169239741912
ml,2025-12-07,2025-12-14,coffee_beans,7003.666253573239,1473.6972184131814
ml,2025-12-07,2025-12-14,croissant_dough,52.509880893599885,12.599769087165066
ml,2025-12-07,2025-12-14,cup_cold,98.76198325342006,24.12044441989365
ml,2025-12-07,2025-12-14,cup_hot,407.7750197379,83.81597860220508
ml,2025-12-07,2025-12-14,ice,11324.158168949169,2760.899498398406
ml,2025-12-07,2025-12-14,milk,64872.6101336873,14136.617576974286
ml,2025-12-07,2025-12-14,sugar,3618.3902903101657,790.2698668595451
ml,2025-12-07,2025-12-14,tea_leaves,296.3047796036347,60.65814992809349
ml,2025-12-07,2025-12-15,bread,88.17390154713286,26.12268551351672
ml,2025-12-07,2025-12-15,chocolate_syrup,1117.7236594991134,330.169239741912
ml,2025-12-07,2025-12-15,coffee_beans,5774.398089256037,1473.6972184131814
ml,2025-12-07,2025-12-15,croissant_dough,43.746945556100826,12.599769087165066
ml,2025-12-07,2025-12-15,cup_cold,77.69301324407097,24.12044441989365
ml,2025-12-07,2025-12-15,cup_hot,338.2513871880987,83.81597860220508
ml,2025-12-07,2025-12-15,ice,8891.496258576928,2760.899498398406
ml,2025-12-07,2025-12-15,milk,53609.30062173972,14136.617576974286
ml,2025-12-07,2025-12-15,sugar,2969.0137861655194,790.2698668595451
ml,2025-12-07,2025-12-15,tea_leaves,232.9811841225397,60.65814992809349
ml,2025-12-07,2025-12-16,bread,90.8014108142944,26.12268551351672
ml,2025-12-07,2025-12-16,chocolate_syrup,1133.7266456681225,330.169239741912
ml,2025-12-07,2025-12-16,coffee_beans,5667.623860060237,1473.6972184131814
ml,2025-12-07,2025-12-16,croissant_dough,44.49577201909899,12.599769087165066
ml,2025-12-07,2025-12-16,cup_cold,80.75170386620115,24.12044441989365
ml,2025-12-07,2025-12-16,cup_hot,343.8596938780143,83.81597860220508
ml,2025-12-07,2025-12-16,ice,9233.4718980387,2760.899498398406
ml,2025-12-07,2025-12-16,milk,53690.817850790976,14136.617576974286
ml,2025-12-07,2025-12-16,sugar,3043.273002466902,790.2698668595451
ml,2025-12-07,2025-12-16,tea_leaves,289.2635650184116,60.65814992809349
ml,2025-12-07,2025-12-17,bread,96.62855047716052,26.12268551351672
ml,2025-12-07,2025-12-17,chocolate_syrup,1145.351628940458,330.169239741912
ml,2025-12-07,2025-12-17,coffee_beans,5901.081069227777,1473.6972184131814
ml,2025-12-07,2025-12-17,croissant_dough,45.56278373004329,12.599769087165066
ml,2025-12-07,2025-12-17,cup_cold,93.90044852309316,24.12044441989365
ml,2025-12-07,2025-12-17,cup_hot,332.9659264056873,83.81597860220508
ml,2025-12-07,2025-12-17,ice,10680.920709662088,2760.899498398406
ml,2025-12-07,2025-12-17,milk,55295.75166065334,14136.617576974286
ml,2025-12-07,2025-12-17,sugar,3121.666782110826,790.2698668595451
ml,2025-12-07,2025-12-17,tea_leaves,244.86899999672625,60.65814992809349
ml,2025-12-07,2025-12-18,bread,93.92704752753184,26.12268551351672
ml,2025-12-07,2025-12-18,chocolate_syrup,1145.6213458565005,330.169239741912
ml,2025-12-07,2025-12-18,coffee_beans,5830.831651866567,1473.6972184131814
ml,2025-12-07,2025-12-18,croissant_dough,44.948865279899685,12.599769087165066
ml,2025-12-07,2025-12-18,cup_cold,81.74562239434,24.12044441989365
ml,2025-12-07,2025-12-18,cup_hot,342.18718902925133,83.81597860220508
ml,2025-12-07,2025-12-18,ice,9360.056865130571,2760.899498398406
ml,2025-12-07,2025-12-18,milk,54463.45197195476,14136.617576974286
ml,2025-12-07,2025-12-18,sugar,3023.1842846032737,790.2698668595451
ml,2025-12-07,2025-12-18,tea_leaves,248.7101111472398,60.65814992809349
ml,2025-12-07,2025-12-19,bread,99.90832007732736,26.12268551351672
ml,2025-12-07,2025-12-19,chocolate_syrup,1208.9019355770836,330.169239741912
ml,2025-12-07,2025-12-19,coffee_beans,5880.864179326388,1473.6972184131814
ml,2025-12-07,2025-12-19,croissant_dough,45.54794371037831,12.599769087165066
ml,2025-12-07,2025-12-19,cup_cold,85.9285609254547,24.12044441989365
ml,2025-12-07,2025-12-19,cup_hot,347.99919875512296,83.81597860220508
ml,2025-12-07,2025-12-19,ice,9815.36050241523,2760.899498398406
ml,2025-12-07,2025-12-19,milk,55815.81023311476,14136.617576974286
ml,2025-12-07,2025-12-19,sugar,3130.4523031137187,790.2698668595451
ml,2025-12-07,2025-12-19,tea_leaves,269.21528173810515,60.65814992809349
ml,2025-12-07,2025-12-20,bread,108.34162837704214,26.12268551351672
ml,2025-12-07,2025-12-20,chocolate_syrup,1760.1370892205075,330.169239741912
ml,2025-12-07,2025-12-20,coffee_beans,6654.055038418051,1473.6972184131814
ml,2025-12-07,2025-12-20,croissant_dough,51.08011456582214,12.599769087165066
ml,2025-12-07,2025-12-20,cup_cold,96.48045981194724,24.12044441989365
ml,2025-12-07,2025-12-20,cup_hot,404.0536572765951,83.81597860220508
ml,2025-12-07,2025-12-20,ice,11028.369847198366,2760.899498398406
ml,2025-12-07,2025-12-20,milk,65454.91846690208,14136.617576974286
ml,2025-12-07,2025-12-20,sugar,3597.032500749834,790.2698668595451
ml,2025-12-07,2025-12-20,tea_leaves,291.0292117103561,60.65814992809349
ml,2025-12-07,2025-12-21,bread,110.75487168028104,26.12268551351672
ml,2025-12-07,2025-12-21,chocolate_syrup,1365.916040120168,330.169239741912
ml,2025-12-07,2025-12-21,coffee_beans,6797.770746272402,1473.6972184131814
ml,2025-12-07,2025-12-21,croissant_dough,52.76530880765903,12.599769087165066
ml,2025-12-07,2025-12-21,cup_cold,99.67091962107288,24.12044441989365
ml,2025-12-07,2025-12-21,cup_hot,394.4053408236082,83.81597860220508
ml,2025-12-07,2025-12-21,ice,11434.717587291476,2760.899498398406
ml,2025-12-07,2025-12-21,milk,63708.1684202159,14136.617576974286
ml,2025-12-07,2025-12-21,sugar,3544.3071859913744,790.2698668595451
ml,2025-12-07,2025-12-21,tea_leaves,285.31835611257867,60.65814992809349
ml,2025-12-07,2025-12-22,bread,96.03100266739634,26.12268551351672
ml,2025-12-07,2025-12-22,chocolate_syrup,1164.7559571566446,330.169239741912
ml,2025-12-07,2025-12-22,coffee_beans,5586.390616180226,1473.6972184131814
ml,2025-12-07,2025-12-22,croissant_dough,43.31664258368938,12.599769087165066
ml,2025-12-07,2025-12-22,cup_cold,78.43510582211336,24.12044441989365
ml,2025-12-07,2025-12-22,cup_hot,328.7957161426861,83.81597860220508
ml,2025-12-07,2025-12-22,ice,8981.679845107814,2760.899498398406
ml,2025-12-07,2025-12-22,milk,52688.26834266005,14136.617576974286
ml,2025-12-07,2025-12-22,sugar,2912.3130032055287,790.2698668595451
ml,2025-12-07,2025-12-22,tea_leaves,233.69563351085543,60.65814992809349
ml,2025-12-07,2025-12-23,bread,107.2107531231659,26.12268551351672
ml,2025-12-07,2025-12-23,chocolate_syrup,1318.3756363698153,330.169239741912
ml,2025-12-07,2025-12-23,coffee_beans,6060.405955300412,1473.6972184131814
ml,2025-12-07,2025-12-23,croissant_dough,49.46698243056253,12.599769087165066
ml,2025-12-07,2025-12-23,cup_cold,91.72327346052364,24.12044441989365
ml,2025-12-07,2025-12-23,cup_hot,351.35534857322153,83.81597860220508
ml,2025-12-07,2025-12-23,ice,10477.744636933148,2760.899498398406
ml,2025-12-07,2025-12-23,milk,57256.63192323376,14136.617576974286
ml,2025-12-07,2025-12-23,sugar,3183.9922230401626,790.2698668595451
ml,2025-12-07,2025-12-23,tea_leaves,251.4644161715247,60.65814992809349
manual,2025-12-14,2025-12-14,bread,93.40114285714286,0.0
manual,2025-12-14,2025-12-14,chocolate_syrup,946.6971428571428,0.0
manual,2025-12-14,2025-12-14,coffee_beans,7194.579428571427,0.0
manual,2025-12-14,2025-12-14,croissant_dough,42.58285714285714,0.0
manual,2025-12-14,2025-12-14,cup_cold,107.88514285714284,0.0
manual,2025-12-14,2025-12-14,cup_hot,390.16399999999993,0.0
manual,2025-12-14,2025-12-14,ice,12315.702857142858,0.0
manual,2025-12-14,2025-12-14,milk,64506.6,0.0
manual,2025-12-14,2025-12-14,sugar,3621.48,0.0
manual,2025-12-14,2025-12-14,tea_leaves,268.3885714285714,0.0
manual,2025-12-14,2025-12-15,bread,93.40114285714286,0.0
manual,2025-12-14,2025-12-15,chocolate_syrup,946.6971428571428,0.0
manual,2025-12-14,2025-12-15,coffee_beans,7194.579428571427,0.0
manual,2025-12-14,2025-12-15,croissant_dough,42.58285714285714,0.0
manual,2025-12-14,2025-12-15,cup_cold,107.88514285714284,0.0
manual,2025-12-14,2025-12-15,cup_hot,390.16399999999993,0.0
manual,2025-12-14,2025-12-15,ice,12315.702857142858,0.0
manual,2025-12-14,2025-12-15,milk,64506.6,0.0
manual,2025-12-14,2025-12-15,sugar,3621.48,0.0
manual,2025-12-14,2025-12-15,tea_leaves,268.3885714285714,0.0
manual,2025-12-14,2025-12-16,bread,93.40114285714286,0.0
manual,2025-12-14,2025-12-16,chocolate_syrup,946.6971428571428,0.0
manual,2025-12-14,2025-12-16,coffee_beans,7194.579428571427,0.0
manual,2025-12-14,2025-12-16,croissant_dough,42.58285714285714,0.0
manual,2025-12-14,2025-12-16,cup_cold,107.88514285714284,0.0
manual,2025-12-14,2025-12-16,cup_hot,390.16399999999993,0.0
manual,2025-12-14,2025-12-16,ice,12315.702857142858,0.0
manual,2025-12-14,2025-12-16,milk,64506.6,0.0
manual,2025-12-14,2025-12-16,sugar,3621.48,0.0
manual,2025-12-14,2025-12-16,tea_leaves,268.3885714285714,0.0
manual,2025-12-14,2025-12-17,bread,93.40114285714286,0.0
manual,2025-12-14,2025-12-17,chocolate_syrup,946.6971428571428,0.0
manual,2025-12-14,2025-12-17,coffee_beans,7194.579428571427,0.0
manual,2025-12-14,2025-12-17,croissant_dough,42.58285714285714,0.0
manual,2025-12-14,2025-12-17,cup_cold,107.88514285714284,0.0
manual,2025-12-14,2025-12-17,cup_hot,390.16399999999993,0.0
manual,2025-12-14,2025-12-17,ice,12315.702857142858,0.0
manual,2025-12-14,2025-12-17,milk,64506.6,0.0
manual,2025-12-14,2025-12-17,sugar,3621.48,0.0
manual,2025-12-14,2025-12-17,tea_leaves,268.3885714285714,0.0
manual,2025-12-14,2025-12-18,bread,93.40114285714286,0.0
manual,2025-12-14,2025-12-18,chocolate_syrup,946.6971428571428,0.0
manual,2025-12-14,2025-12-18,coffee_beans,7194.579428571427,0.0
manual,2025-12-14,2025-12-18,croissant_dough,42.58285714285714,0.0
manual,2025-12-14,2025-12-18,cup_cold,107.88514285714284,0.0
manual,2025-12-14,2025-12-18,cup_hot,390.16399999999993,0.0
manual,2025-12-14,2025-12-18,ice,12315.702857142858,0.0
manual,2025-12-14,2025-12-18,milk,64506.6,0.0
manual,2025-12-14,2025-12-18,sugar,3621.48,0.0
manual,2025-12-14,2025-12-18,tea_leaves,268.3885714285714,0.0
manual,2025-12-14,2025-12-19,bread,93.40114285714286,0.0
manual,2025-12-14,2025-12-19,chocolate_syrup,946.6971428571428,0.0
manual,2025-12-14,2025-12-19,coffee_beans,7194.579428571427,0.0
manual,2025-12-14,2025-12-19,croissant_dough,42.58285714285714,0.0
manual,2025-12-14,2025-12-19,cup_cold,107.88514285714284,0.0
manual,2025-12-14,2025-12-19,cup_hot,390.16399999999993,0.0
manual,2025-12-14,2025-12-19,ice,12315.702857142858,0.0
manual,2025-12-14,2025-12-19,milk,64506.6,0.0
manual,2025-12-14,2025-12-19,sugar,3621.48,0.0
manual,2025-12-14,2025-12-19,tea_leaves,268.3885714285714,0.0
manual,2025-12-14,2025-12-20,bread,93.40114285714286,0.0
manual,2025-12-14,2025-12-20,chocolate_syrup,946.6971428571428,0.0
manual,2025-12-14,2025-12-20,coffee_beans,7194.579428571427,0.0
manual,2025-12-14,2025-12-20,croissant_dough,42.58285714285714,0.0
manual,2025-12-14,2025-12-20,cup_cold,107.88514285714284,0.0
manual,2025-12-14,2025-12-20,cup_hot,390.16399999999993,0.0
manual,2025-12-14,2025-12-20,ice,12315.702857142858,0.0
manual,2025-12-14,2025-12-20,milk,64506.6,0.0
manual,2025-12-14,2025-12-20,sugar,3621.48,0.0
manual,2025-12-14,2025-12-20,tea_leaves,268.3885714285714,0.0
manual,2025-12-14,2025-12-21,bread,93.40114285714286,0.0
manual,2025-12-14,2025-12-21,chocolate_syrup,946.6971428571428,0.0
manual,2025-12-14,2025-12-21,coffee_beans,7194.579428571427,0.0
manual,2025-12-14,2025-12-21,croissant_dough,42.58285714285714,0.0
manual,2025-12-14,2025-12-21,cup_cold,107.88514285714284,0.0
manual,2025-12-14,2025-12-21,cup_hot,390.16399999999993,0.0
manual,2025-12-14,2025-12-21,ice,12315.702857142858,0.0
manual,2025-12-14,2025-12-21,milk,64506.6,0.0
manual,2025-12-14,2025-12-21,sugar,3621.48,0.0
manual,2025-12-14,2025-12-21,tea_leaves,268.3885714285714,0.0
manual,2025-12-14,2025-12-22,bread,93.40114285714286,0.0
manual,2025-12-14,2025-12-22,chocolate_syrup,946.6971428571428,0.0
manual,2025-12-14,2025-12-22,coffee_beans,7194.579428571427,0.0
manual,2025-12-14,2025-12-22,croissant_dough,42.58285714285714,0.0
manual,2025-12-14,2025-12-22,cup_cold,107.88514285714284,0.0
manual,2025-12-14,2025-12-22,cup_hot,390.16399999999993,0.0
manual,2025-12-14,2025-12-22,ice,12315.702857142858,0.0
manual,2025-12-14,2025-12-22,milk,64506.6,0.0
manual,2025-12-14,2025-12-22,sugar,3621.48,0.0
manual,2025-12-14,2025-12-22,tea_leaves,268.3885714285714,0.0
manual,2025-12-14,2025-12-23,bread,93.40114285714286,0.0
manual,2025-12-14,2025-12-23,chocolate_syrup,946.6971428571428,0.0
manual,2025-12-14,2025-12-23,coffee_beans,7194.579428571427,0.0
manual,2025-12-14,2025-12-23,croissant_dough,42.58285714285714,0.0
manual,2025-12-14,2025-12-23,cup_cold,107.88514285714284,0.0
manual,2025-12-14,2025-12-23,cup_hot,390.16399999999993,0.0
manual,2025-12-14,2025-12-23,ice,12315.702857142858,0.0
manual,2025-12-14,2025-12-23,milk,64506.6,0.0
manual,2025-12-14,2025-12-23,sugar,3621.48,0.0
manual,2025-12-14,2025-12-23,tea_leaves,268.3885714285714,0.0
manual,2025-12-14,2025-12-24,bread,93.40114285714286,0.0
manual,2025-12-14,2025-12-24,chocolate_syrup,946.6971428571428,0.0
manual,2025-12-14,2025-12-24,coffee_beans,7194.579428571427,0.0
manual,2025-12-14,2025-12-24,croissant_dough,42.58285714285714,0.0
manual,2025-12-14,2025-12-24,cup_cold,107.88514285714284,0.0
manual,2025-12-14,2025-12-24,cup_hot,390.16399999999993,0.0
manual,2025-12-14,2025-12-24,ice,12315.702857142858,0.0
manual,2025-12-14,2025-12-24,milk,64506.6,0.0
manual,2025-12-14,2025-12-24,sugar,3621.48,0.0
manual,2025-12-14,2025-12-24,tea_leaves,268.3885714285714,0.0
manual,2025-12-14,2025-12-25,bread,93.40114285714286,0.0
manual,2025-12-14,2025-12-25,chocolate_syrup,946.6971428571428,0.0
manual,2025-12-14,2025-12-25,coffee_beans,7194.579428571427,0.0
manual,2025-12-14,2025-12-25,croissant_dough,42.58285714285714,0.0
manual,2025-12-14,2025-12-25,cup_cold,107.88514285714284,0.0
manual,2025-12-14,2025-12-25,cup_hot,390.16399999999993,0.0
manual,2025-12-14,2025-12-25,ice,12315.702857142858,0.0
manual,2025-12-14,2025-12-25,milk,64506.6,0.0
manual,2025-12-14,2025-12-25,sugar,3621.48,0.0
manual,2025-12-14,2025-12-25,tea_leaves,268.3885714285714,0.0
manual,2025-12-14,2025-12-26,bread,93.40114285714286,0.0
manual,2025-12-14,2025-12-26,chocolate_syrup,946.6971428571428,0.0
manual,2025-12-14,2025-12-26,coffee_beans,7194.579428571427,0.0
manual,2025-12-14,2025-12-26,croissant_dough,42.58285714285714,0.0
manual,2025-12-14,2025-12-26,cup_cold,107.88514285714284,0.0
manual,2025-12-14,2025-12-26,cup_hot,390.16399999999993,0.0
manual,2025-12-14,2025-12-26,ice,12315.702857142858,0.0
manual,2025-12-14,2025-12-26,milk,64506.6,0.0
manual,2025-12-14,2025-12-26,sugar,3621.48,0.0
manual,2025-12-14,2025-12-26,tea_leaves,268.3885714285714,0.0
manual,2025-12-14,2025-12-27,bread,93.40114285714286,0.0
manual,2025-12-14,2025-12-27,chocolate_syrup,946.6971428571428,0.0
manual,2025-12-14,2025-12-27,coffee_beans,7194.579428571427,0.0
manual,2025-12-14,2025-12-27,croissant_dough,42.58285714285714,0.0
manual,2025-12-14,2025-12-27,cup_cold,107.88514285714284,0.0
manual,2025-12-14,2025-12-27,cup_hot,390.16399999999993,0.0
manual,2025-12-14,2025-12-27,ice,12315.702857142858,0.0
manual,2025-12-14,2025-12-27,milk,64506.6,0.0
manual,2025-12-14,2025-12-27,sugar,3621.48,0.0
manual,2025-12-14,2025-12-27,tea_leaves,268.3885714285714,0.0
manual,2025-12-14,2025-12-28,bread,93.40114285714286,0.0
manual,2025-12-14,2025-12-28,chocolate_syrup,946.6971428571428,0.0
manual,2025-12-14,2025-12-28,coffee_beans,7194.579428571427,0.0
manual,2025-12-14,2025-12-28,croissant_dough,42.58285714285714,0.0
manual,2025-12-14,2025-12-28,cup_cold,107.88514285714284,0.0
manual,2025-12-14,2025-12-28,cup_hot,390.16399999999993,0.0
manual,2025-12-14,2025-12-28,ice,12315.702857142858,0.0
manual,2025-12-14,2025-12-28,milk,64506.6,0.0
manual,2025-12-14,2025-12-28,sugar,3621.48,0.0
manual,2025-12-14,2025-12-28,tea_leaves,268.3885714285714,0.0
manual,2025-12-14,2025-12-29,bread,93.40114285714286,0.0
manual,2025-12-14,2025-12-29,chocolate_syrup,946.6971428571428,0.0
manual,2025-12-14,2025-12-29,coffee_beans,7194.579428571427,0.0
manual,2025-12-14,2025-12-29,croissant_dough,42.58285714285714,0.0
manual,2025-12-14,2025-12-29,cup_cold,107.88514285714284,0.0
manual,2025-12-14,2025-12-29,cup_hot,390.16399999999993,0.0
manual,2025-12-14,2025-12-29,ice,12315.702857142858,0.0
manual,2025-12-14,2025-12-29,milk,64506.6,0.0
manual,2025-12-14,2025-12-29,sugar,3621.48,0.0
manual,2025-12-14,2025-12-29,tea_leaves,268.3885714285714,0.0
manual,2025-12-14,2025-12-30,bread,93.40114285714286,0.0
manual,2025-12-14,2025-12-30,chocolate_syrup,946.6971428571428,0.0
manual,2025-12-14,2025-12-30,coffee_beans,7194.579428571428,0.0
manual,2025-12-14,2025-12-30,croissant_dough,42.58285714285714,0.0
manual,2025-12-14,2025-12-30,cup_cold,107.88514285714284,0.0
manual,2025-12-14,2025-12-30,cup_hot,390.16399999999993,0.0
manual,2025-12-14,2025-12-30,ice,12315.702857142856,0.0
manual,2025-12-14,2025-12-30,milk,64506.59999999999,0.0
manual,2025-12-14,2025-12-30,sugar,3621.48,0.0
manual,2025-12-14,2025-12-30,tea_leaves,268.3885714285714,0.0
seasonal_naive,2025-12-14,2025-12-14,bread,69.96000000000001,39.244502856380336
seasonal_naive,2025-12-14,2025-12-14,chocolate_syrup,717.6,412.46195460914936
seasonal_naive,2025-12-14,2025-12-14,coffee_beans,6674.4,1126.3022448525971
seasonal_naive,2025-12-14,2025-12-14,croissant_dough,34.56,17.47576607762876
seasonal_naive,2025-12-14,2025-12-14,cup_cold,97.85,31.64054643789972
seasonal_naive,2025-12-14,2025-12-14,cup_hot,361.53,64.03962819136984
seasonal_naive,2025-12-14,2025-12-14,ice,11253.6,3560.2154451662054
seasonal_naive,2025-12-14,2025-12-14,milk,59209.5,8056.284231890034
seasonal_naive,2025-12-14,2025-12-14,sugar,3329.99,470.2735439448454
seasonal_naive,2025-12-14,2025-12-14,tea_leaves,259.56,138.1384930825261
seasonal_naive,2025-12-14,2025-12-15,bread,114.48,39.244502856380336
seasonal_naive,2025-12-14,2025-12-15,chocolate_syrup,624.0,412.46195460914936
seasonal_naive,2025-12-14,2025-12-15,coffee_beans,5472.389999999999,1126.3022448525971
seasonal_naive,2025-12-14,2025-12-15,croissant_dough,23.76,17.47576607762876
seasonal_naive,2025-12-14,2025-12-15,cup_cold,78.28,31.64054643789972
seasonal_naive,2025-12-14,2025-12-15,cup_hot,305.0516666666667,64.03962819136984
seasonal_naive,2025-12-14,2025-12-15,ice,9050.4,3560.2154451662054
seasonal_naive,2025-12-14,2025-12-15,milk,47376.0,8056.284231890034
seasonal_naive,2025-12-14,2025-12-15,sugar,2681.09,470.2735439448454
seasonal_naive,2025-12-14,2025-12-15,tea_leaves,234.84,138.1384930825261
seasonal_naive,2025-12-14,2025-12-16,bread,74.2,39.244502856380336
seasonal_naive,2025-12-14,2025-12-16,chocolate_syrup,717.6,412.46195460914936
seasonal_naive,2025-12-14,2025-12-16,coffee_beans,5376.599999999999,1126.3022448525971
seasonal_naive,2025-12-14,2025-12-16,croissant_dough,30.24,17.47576607762876
seasonal_naive,2025-12-14,2025-12-16,cup_cold,84.46000000000001,31.64054643789972
seasonal_naive,2025-12-14,2025-12-16,cup_hot,292.52,64.03962819136984
seasonal_naive,2025-12-14,2025-12-16,ice,9525.6,3560.2154451662054
seasonal_naive,2025-12-14,2025-12-16,milk,49392.0,8056.284231890034
seasonal_naive,2025-12-14,2025-12-16,sugar,2831.4700000000003,470.2735439448454
seasonal_naive,2025-12-14,2025-12-16,tea_leaves,218.36,138.1384930825261
seasonal_naive,2025-12-14,2025-12-17,bread,74.2,39.244502856380336
seasonal_naive,2025-12-14,2025-12-17,chocolate_syrup,842.4000000000001,412.46195460914936
seasonal_naive,2025-12-14,2025-12-17,coffee_beans,6581.699999999999,1126.3022448525971
seasonal_naive,2025-12-14,2025-12-17,croissant_dough,37.8,17.47576607762876
seasonal_naive,2025-12-14,2025-12-17,cup_cold,117.42,31.64054643789972
seasonal_naive,2025-12-14,2025-12-17,cup_hot,339.90000000000003,64.03962819136984
seasonal_naive,2025-12-14,2025-12-17,ice,13478.4,3560.2154451662054
seasonal_naive,2025-12-14,2025-12-17,milk,62695.5,8056.284231890034
seasonal_naive,2025-12-14,2025-12-17,sugar,3580.28,470.2735439448454
seasonal_naive,2025-12-14,2025-12-17,tea_leaves,255.44,138.1384930825261
seasonal_naive,2025-12-14,2025-12-18,bread,61.48,39.244502856380336
seasonal_naive,2025-12-14,2025-12-18,chocolate_syrup,780.0000000000001,412.46195460914936
seasonal_naive,2025-12-14,2025-12-18,coffee_beans,6526.079999999999,1126.3022448525971
seasonal_naive,2025-12-14,2025-12-18,croissant_dough,46.440000000000005,17.47576607762876
seasonal_naive,2025-12-14,2025-12-18,cup_cold,71.07,31.64054643789972
seasonal_naive,2025-12-14,2025-12-18,cup_hot,370.8,64.03962819136984
seasonal_naive,2025-12-14,2025-12-18,ice,8013.6,3560.2154451662054
seasonal_naive,2025-12-14,2025-12-18,milk,56206.5,8056.284231890034
seasonal_naive,2025-12-14,2025-12-18,sugar,3016.8700000000003,470.2735439448454
seasonal_naive,2025-12-14,2025-12-18,tea_leaves,214.24,138.1384930825261
seasonal_naive,2025-12-14,2025-12-19,bread,69.96000000000001,39.244502856380336
seasonal_naive,2025-12-14,2025-12-19,chocolate_syrup,748.8000000000001,412.46195460914936
seasonal_naive,2025-12-14,2025-12-19,coffee_beans,5042.88,1126.3022448525971
seasonal_naive,2025-12-14,2025-12-19,croissant_dough,47.52,17.47576607762876
seasonal_naive,2025-12-14,2025-12-19,cup_cold,73.13,31.64054643789972
seasonal_naive,2025-12-14,2025-12-19,cup_hot,275.01,64.03962819136984
seasonal_naive,2025-12-14,2025-12-19,ice,8251.2,3560.2154451662054
seasonal_naive,2025-12-14,2025-12-19,milk,41832.0,8056.284231890034
seasonal_naive,2025-12-14,2025-12-19,sugar,2379.3,470.2735439448454
seasonal_naive,2025-12-14,2025-12-19,tea_leaves,173.04,138.1384930825261
seasonal_naive,2025-12-14,2025-12-20,bread,80.56,39.244502856380336
seasonal_naive,2025-12-14,2025-12-20,chocolate_syrup,1092.0,412.46195460914936
seasonal_naive,2025-12-14,2025-12-20,coffee_beans,6294.33,1126.3022448525971
seasonal_naive,2025-12-14,2025-12-20,croissant_dough,28.08,17.47576607762876
seasonal_naive,2025-12-14,2025-12-20,cup_cold,107.12,31.64054643789972
seasonal_naive,2025-12-14,2025-12-20,cup_hot,331.14500000000004,64.03962819136984
seasonal_naive,2025-12-14,2025-12-20,ice,12268.8,3560.2154451662054
seasonal_naive,2025-12-14,2025-12-20,milk,59577.0,8056.284231890034
seasonal_naive,2025-12-14,2025-12-20,sugar,3306.3,470.2735439448454
seasonal_naive,2025-12-14,2025-12-20,tea_leaves,210.12,138.1384930825261
seasonal_naive,2025-12-14,2025-12-21,bread,69.96000000000001,39.244502856380336
seasonal_naive,2025-12-14,2025-12-21,chocolate_syrup,717.6,412.46195460914936
seasonal_naive,2025-12-14,2025-12-21,coffee_beans,6674.4,1126.3022448525971
seasonal_naive,2025-12-14,2025-12-21,croissant_dough,34.56,17.47576607762876
seasonal_naive,2025-12-14,2025-12-21,cup_cold,97.85,31.64054643789972
seasonal_naive,2025-12-14,2025-12-21,cup_hot,361.53,64.03962819136984
seasonal_naive,2025-12-14,2025-12-21,ice,11253.6,3560.2154451662054
seasonal_naive,2025-12-14,2025-12-21,milk,59209.5,8056.284231890034
seasonal_naive,2025-12-14,2025-12-21,sugar,3329.99,470.2735439448454
seasonal_naive,2025-12-14,2025-12-21,tea_leaves,259.56,138.1384930825261
seasonal_naive,2025-12-14,2025-12-22,bread,114.48,39.244502856380336
seasonal_naive,2025-12-14,2025-12-22,chocolate_syrup,624.0,412.46195460914936
seasonal_naive,2025-12-14,2025-12-22,coffee_beans,5472.389999999999,1126.3022448525971
seasonal_naive,2025-12-14,2025-12-22,croissant_dough,23.76,17.47576607762876
seasonal_naive,2025-12-14,2025-12-22,cup_cold,78.28,31.64054643789972
seasonal_naive,2025-12-14,2025-12-22,cup_hot,305.0516666666667,64.03962819136984
seasonal_naive,2025-12-14,2025-12-22,ice,9050.4,3560.2154451662054
seasonal_naive,2025-12-14,2025-12-22,milk,47376.0,8056.284231890034
seasonal_naive,2025-12-14,2025-12-22,sugar,2681.09,470.2735439448454
seasonal_naive,2025-12-14,2025-12-22,tea_leaves,234.84,138.1384930825261
seasonal_naive,2025-12-14,2025-12-23,bread,74.2,39.244502856380336
seasonal_naive,2025-12-14,2025-12-23,chocolate_syrup,717.6,412.46195460914936
seasonal_naive,2025-12-14,2025-12-23,coffee_beans,5376.599999999999,1126.3022448525971
seasonal_naive,2025-12-14,2025-12-23,croissant_dough,30.24,17.47576607762876
seasonal_naive,2025-12-14,2025-12-23,cup_cold,84.46000000000001,31.64054643789972
seasonal_naive,2025-12-14,2025-12-23,cup_hot,292.52,64.03962819136984
seasonal_naive,2025-12-14,2025-12-23,ice,9525.6,3560.2154451662054
seasonal_naive,2025-12-14,2025-12-23,milk,49392.0,8056.284231890034
seasonal_naive,2025-12-14,2025-12-23,sugar,2831.4700000000003,470.2735439448454
seasonal_naive,2025-12-14,2025-12-23,tea_leaves,218.36,138.1384930825261
seasonal_naive,2025-12-14,2025-12-24,bread,74.2,39.244502856380336
seasonal_naive,2025-12-14,2025-12-24,chocolate_syrup,842.4000000000001,412.46195460914936
seasonal_naive,2025-12-14,2025-12-24,coffee_beans,6581.699999999999,1126.3022448525971
seasonal_naive,2025-12-14,2025-12-24,croissant_dough,37.8,17.47576607762876
seasonal_naive,2025-12-14,2025-12-24,cup_cold,117.42,31.64054643789972
seasonal_naive,2025-12-14,2025-12-24,cup_hot,339.90000000000003,64.03962819136984
seasonal_naive,2025-12-14,2025-12-24,ice,13478.4,3560.2154451662054
seasonal_naive,2025-12-14,2025-12-24,milk,62695.5,8056.284231890034
seasonal_naive,2025-12-14,2025-12-24,sugar,3580.28,470.2735439448454
seasonal_naive,2025-12-14,2025-12-24,tea_leaves,255.44,138.1384930825261
seasonal_naive,2025-12-14,2025-12-25,bread,61.48,39.244502856380336
seasonal_naive,2025-12-14,2025-12-25,chocolate_syrup,780.0000000000001,412.46195460914936
seasonal_naive,2025-12-14,2025-12-25,coffee_beans,6526.079999999999,1126.3022448525971
seasonal_naive,2025-12-14,2025-12-25,croissant_dough,46.440000000000005,17.47576607762876
seasonal_naive,2025-12-14,2025-12-25,cup_cold,71.07,31.64054643789972
seasonal_naive,2025-12-14,2025-12-25,cup_hot,370.8,64.03962819136984
seasonal_naive,2025-12-14,2025-12-25,ice,8013.6,3560.2154451662054
seasonal_naive,2025-12-14,2025-12-25,milk,56206.5,8056.284231890034
seasonal_naive,2025-12-14,2025-12-25,sugar,3016.8700000000003,470.2735439448454
seasonal_naive,2025-12-14,2025-12-25,tea_leaves,214.24,138.1384930825261
seasonal_naive,2025-12-14,2025-12-26,bread,69.96000000000001,39.244502856380336
seasonal_naive,2025-12-14,2025-12-26,chocolate_syrup,748.8000000000001,412.46195460914936
seasonal_naive,2025-12-14,2025-12-26,coffee_beans,5042.88,1126.3022448525971
seasonal_naive,2025-12-14,2025-12-26,croissant_dough,47.52,17.47576607762876
seasonal_naive,2025-12-14,2025-12-26,cup_cold,73.13,31.64054643789972
seasonal_naive,2025-12-14,2025-12-26,cup_hot,275.01,64.03962819136984
seasonal_naive,2025-12-14,2025-12-26,ice,8251.2,3560.2154451662054
seasonal_naive,2025-12-14,2025-12-26,milk,41832.0,8056.284231890034
seasonal_naive,2025-12-14,2025-12-26,sugar,2379.3,470.2735439448454
seasonal_naive,2025-12-14,2025-12-26,tea_leaves,173.04,138.1384930825261
seasonal_naive,2025-12-14,2025-12-27,bread,80.56,39.244502856380336
seasonal_naive,2025-12-14,2025-12-27,chocolate_syrup,1092.0,412.46195460914936
seasonal_naive,2025-12-14,2025-12-27,coffee_beans,6294.33,1126.3022448525971
seasonal_naive,2025-12-14,2025-12-27,croissant_dough,28.08,17.47576607762876
seasonal_naive,2025-12-14,2025-12-27,cup_cold,107.12,31.64054643789972
seasonal_naive,2025-12-14,2025-12-27,cup_hot,331.14500000000004,64.03962819136984
seasonal_naive,2025-12-14,2025-12-27,ice,12268.8,3560.2154451662054
seasonal_naive,2025-12-14,2025-12-27,milk,59577.0,8056.284231890034
seasonal_naive,2025-12-14,2025-12-27,sugar,3306.3,470.2735439448454
seasonal_naive,2025-12-14,2025-12-27,tea_leaves,210.12,138.1384930825261
seasonal_naive,2025-12-14,2025-12-28,bread,69.96000000000001,39.244502856380336
seasonal_naive,2025-12-14,2025-12-28,chocolate_syrup,717.6,412.46195460914936
seasonal_naive,2025-12-14,2025-12-28,coffee_beans,6674.4,1126.3022448525971
seasonal_naive,2025-12-14,2025-12-28,croissant_dough,34.56,17.47576607762876
seasonal_naive,2025-12-14,2025-12-28,cup_cold,97.85,31.64054643789972
seasonal_naive,2025-12-14,2025-12-28,cup_hot,361.53,64.03962819136984
seasonal_naive,2025-12-14,2025-12-28,ice,11253.6,3560.2154451662054
seasonal_naive,2025-12-14,2025-12-28,milk,59209.5,8056.284231890034
seasonal_naive,2025-12-14,2025-12-28,sugar,3329.99,470.2735439448454
seasonal_naive,2025-12-14,2025-12-28,tea_leaves,259.56,138.1384930825261
seasonal_naive,2025-12-14,2025-12-29,bread,114.48,39.244502856380336
seasonal_naive,2025-12-14,2025-12-29,chocolate_syrup,624.0,412.46195460914936
seasonal_naive,2025-12-14,2025-12-29,coffee_beans,5472.389999999999,1126.3022448525971
seasonal_naive,2025-12-14,2025-12-29,croissant_dough,23.76,17.47576607762876
seasonal_naive,2025-12-14,2025-12-29,cup_cold,78.28,31.64054643789972
seasonal_naive,2025-12-14,2025-12-29,cup_hot,305.0516666666667,64.03962819136984
seasonal_naive,2025-12-14,2025-12-29,ice,9050.4,3560.2154451662054
seasonal_naive,2025-12-14,2025-12-29,milk,47376.0,8056.284231890034
seasonal_naive,2025-12-14,2025-12-29,sugar,2681.09,470.2735439448454
seasonal_naive,2025-12-14,2025-12-29,tea_leaves,234.84,138.1384930825261
seasonal_naive,2025-12-14,2025-12-30,bread,74.2,39.244502856380336
seasonal_naive,2025-12-14,2025-12-30,chocolate_syrup,717.6,412.46195460914936
seasonal_naive,2025-12-14,2025-12-30,coffee_beans,5376.6,1126.3022448525971
seasonal_naive,2025-12-14,2025-12-30,croissant_dough,30.24,17.47576607762876
seasonal_naive,2025-12-14,2025-12-30,cup_cold,84.46000000000001,31.64054643789972
seasonal_naive,2025-12-14,2025-12-30,cup_hot,292.52,64.03962819136984
seasonal_naive,2025-12-14,2025-12-30,ice,9525.6,3560.2154451662054
seasonal_naive,2025-12-14,2025-12-30,milk,49392.0,8056.284231890034
seasonal_naive,2025-12-14,2025-12-30,sugar,2831.4700000000003,470.2735439448454
seasonal_naive,2025-12-14,2025-12-30,tea_leaves,218.36,138.1384930825261
ml,2025-12-14,2025-12-14,bread,101.82357814019012,23.088972639804613
ml,2025-12-14,2025-12-14,chocolate_syrup,1084.069714372188,220.50347919113864
ml,2025-12-14,2025-12-14,coffee_beans,6850.852209144456,1525.681912957787
ml,2025-12-14,2025-12-14,croissant_dough,51.26547859977495,11.329299218748378
ml,2025-12-14,2025-12-14,cup_cold,99.05515245310733,21.82921228235816
ml,2025-12-14,2025-12-14,cup_hot,389.4138983954588,87.09352169242848
ml,2025-12-14,2025-12-14,ice,11293.794866453653,2462.648754630347
ml,2025-12-14,2025-12-14,milk,62751.078820401264,13559.762775967469
ml,2025-12-14,2025-12-14,sugar,3539.4907730340483,778.651388039244
ml,2025-12-14,2025-12-14,tea_leaves,288.3118057463487,67.53274367345794
ml,2025-12-14,2025-12-15,bread,85.35963601593996,23.088972639804613
ml,2025-12-14,2025-12-15,chocolate_syrup,939.092728618684,220.50347919113864
ml,2025-12-14,2025-12-15,coffee_beans,5643.4860862309015,1525.681912957787
ml,2025-12-14,2025-12-15,croissant_dough,41.10573139174973,11.329299218748378
ml,2025-12-14,2025-12-15,cup_cold,78.14566335097695,21.82921228235816
ml,2025-12-14,2025-12-15,cup_hot,323.9056378660926,87.09352169242848
ml,2025-12-14,2025-12-15,ice,8950.757173752407,2462.648754630347
ml,2025-12-14,2025-12-15,milk,51472.72045960396,13559.762775967469
ml,2025-12-14,2025-12-15,sugar,2882.1597597261066,778.651388039244
ml,2025-12-14,2025-12-15,tea_leaves,230.08878692672167,67.53274367345794
ml,2025-12-14,2025-12-16,bread,86.68459832815144,23.088972639804613
ml,2025-12-14,2025-12-16,chocolate_syrup,969.7934151656304,220.50347919113864
ml,2025-12-14,2025-12-16,coffee_beans,5535.103198934634,1525.681912957787
ml,2025-12-14,2025-12-16,croissant_dough,41.87568626325868,11.329299218748378
ml,2025-12-14,2025-12-16,cup_cold,80.92082694276466,21.82921228235816
ml,2025-12-14,2025-12-16,cup_hot,327.3660355519233,87.09352169242848
ml,2025-12-14,2025-12-16,ice,9259.378115054586,2462.648754630347
ml,2025-12-14,2025-12-16,milk,51381.08394106701,13559.762775967469
ml,2025-12-14,2025-12-16,sugar,2931.670404099284,778.651388039244
ml,2025-12-14,2025-12-16,tea_leaves,275.0620530846536,67.53274367345794
ml,2025-12-14,2025-12-17,bread,89.67180896314912,23.088972639804613
ml,2025-12-14,2025-12-17,chocolate_syrup,974.1567597968472,220.50347919113864
ml,2025-12-14,2025-12-17,coffee_beans,5682.279197038853,1525.681912957787
ml,2025-12-14,2025-12-17,croissant_dough,42.67102196577822,11.329299218748378
ml,2025-12-14,2025-12-17,cup_cold,91.86620958572964,21.82921228235816
ml,2025-12-14,2025-12-17,cup_hot,316.88562296502505,87.09352169242848
ml,2025-12-14,2025-12-17,ice,10428.182059419842,2462.648754630347
ml,2025-12-14,2025-12-17,milk,53090.94659713379,13559.762775967469
ml,2025-12-14,2025-12-17,sugar,3028.6401644047246,778.651388039244
ml,2025-12-14,2025-12-17,tea_leaves,243.63997069984364,67.53274367345794
ml,2025-12-14,2025-12-18,bread,88.04521076092901,23.088972639804613
ml,2025-12-14,2025-12-18,chocolate_syrup,966.5256937589132,220.50347919113864
ml,2025-12-14,2025-12-18,coffee_beans,5700.550723933941,1525.681912957787
ml,2025-12-14,2025-12-18,croissant_dough,42.365142996783256,11.329299218748378
ml,2025-12-14,2025-12-18,cup_cold,84.22754702392604,21.82921228235816
ml,2025-12-14,2025-12-18,cup_hot,327.98566368821474,87.09352169242848
ml,2025-12-14,2025-12-18,ice,9616.9724974879,2462.648754630347
ml,2025-12-14,2025-12-18,milk,53348.44522134426,13559.762775967469
ml,2025-12-14,2025-12-18,sugar,3009.6954993457985,778.651388039244
ml,2025-12-14,2025-12-18,tea_leaves,254.4328360890957,67.53274367345794
ml,2025-12-14,2025-12-19,bread,91.61881184832392,23.088972639804613
ml,2025-12-14,2025-12-19,chocolate_syrup,999.4371023319852,220.50347919113864
ml,2025-12-14,2025-12-19,coffee_beans,5841.985773090682,1525.681912957787
ml,2025-12-14,2025-12-19,croissant_dough,43.94208316687016,11.329299218748378
ml,2025-12-14,2025-12-19,cup_cold,86.00223636677556,21.82921228235816
ml,2025-12-14,2025-12-19,cup_hot,340.2512881508269,87.09352169242848
ml,2025-12-14,2025-12-19,ice,9824.55048538383,2462.648754630347
ml,2025-12-14,2025-12-19,milk,54650.05444988631,13559.762775967469
ml,2025-12-14,2025-12-19,sugar,3099.250837214106,778.651388039244
ml,2025-12-14,2025-12-19,tea_leaves,274.8180866910342,67.53274367345794
ml,2025-12-14,2025-12-20,bread,102.15946660410228,23.088972639804613
ml,2025-12-14,2025-12-20,chocolate_syrup,1440.049296016173,220.50347919113864
ml,2025-12-14,2025-12-20,coffee_beans,6576.66485647373,1525.681912957787
ml,2025-12-14,2025-12-20,croissant_dough,49.41892830204701,11.329299218748378
ml,2025-12-14,2025-12-20,cup_cold,97.06171672814712,21.82921228235816
ml,2025-12-14,2025-12-20,cup_hot,388.1446346549131,87.09352169242848
ml,2025-12-14,2025-12-20,ice,11097.56126713597,2462.648754630347
ml,2025-12-14,2025-12-20,milk,62961.18036124828,13559.762775967469
ml,2025-12-14,2025-12-20,sugar,3505.84564888302,778.651388039244
ml,2025-12-14,2025-12-20,tea_leaves,289.18397055987464,67.53274367345794
ml,2025-12-14,2025-12-21,bread,103.8320634045148,23.088972639804613
ml,2025-12-14,2025-12-21,chocolate_syrup,1109.7611760814698,220.50347919113864
ml,2025-12-14,2025-12-21,coffee_beans,6661.633613416547,1525.681912957787
ml,2025-12-14,2025-12-21,croissant_dough,49.63589347486584,11.329299218748378
ml,2025-12-14,2025-12-21,cup_cold,100.62765003204572,21.82921228235816
ml,2025-12-14,2025-12-21,cup_hot,375.44144051386775,87.09352169242848
ml,2025-12-14,2025-12-21,ice,11488.71653890739,2462.648754630347
ml,2025-12-14,2025-12-21,milk,61090.9540957107,13559.762775967469
ml,2025-12-14,2025-12-21,sugar,3452.661771175697,778.651388039244
ml,2025-12-14,2025-12-21,tea_leaves,277.3679509076798,67.53274367345794
ml,2025-12-14,2025-12-22,bread,90.18736573194867,23.088972639804613
ml,2025-12-14,2025-12-22,chocolate_syrup,971.5031845476822,220.50347919113864
ml,2025-12-14,2025-12-22,coffee_beans,5342.558253286162,1525.681912957787
ml,2025-12-14,2025-12-22,croissant_dough,42.70657538612235,11.329299218748378
ml,2025-12-14,2025-12-22,cup_cold,79.36897933871006,21.82921228235816
ml,2025-12-14,2025-12-22,cup_hot,305.80398949617467,87.09352169242848
ml,2025-12-14,2025-12-22,ice,9087.844656154986,2462.648754630347
ml,2025-12-14,2025-12-22,milk,50031.39621376008,13559.762775967469
ml,2025-12-14,2025-12-22,sugar,2800.2576043146014,778.651388039244
ml,2025-12-14,2025-12-22,tea_leaves,225.1684669061893,67.53274367345794
ml,2025-12-14,2025-12-23,bread,100.95344787655732,23.088972639804613
ml,2025-12-14,2025-12-23,chocolate_syrup,1034.9912792093196,220.50347919113864
ml,2025-12-14,2025-12-23,coffee_beans,5773.840025168495,1525.681912957787
ml,2025-12-14,2025-12-23,croissant_dough,46.52023275635402,11.329299218748378
ml,2025-12-14,2025-12-23,cup_cold,93.27004368745794,21.82921228235816
ml,2025-12-14,2025-12-23,cup_hot,322.5941605308488,87.09352169242848
ml,2025-12-14,2025-12-23,ice,10619.07888708533,2462.648754630347
ml,2025-12-14,2025-12-23,milk,54149.97272643809,13559.762775967469
ml,2025-12-14,2025-12-23,sugar,3070.5519813630967,778.651388039244
ml,2025-12-14,2025-12-23,tea_leaves,243.7093303931852,67.53274367345794
ml,2025-12-14,2025-12-24,bread,99.9539241731561,23.088972639804613
ml,2025-12-14,2025-12-24,chocolate_syrup,1041.9729120942247,220.50347919113864
ml,2025-12-14,2025-12-24,coffee_beans,6111.053695444099,1525.681912957787
ml,2025-12-14,2025-12-24,croissant_dough,50.30588511589563,11.329299218748378
ml,2025-12-14,2025-12-24,cup_cold,97.152600077772,21.82921228235816
ml,2025-12-14,2025-12-24,cup_hot,340.68351457753124,87.09352169242848
ml,2025-12-14,2025-12-24,ice,11098.723088902589,2462.648754630347
ml,2025-12-14,2025-12-24,milk,56776.16790498022,13559.762775967469
ml,2025-12-14,2025-12-24,sugar,3209.832976136422,778.651388039244
ml,2025-12-14,2025-12-24,tea_leaves,255.7386673955516,67.53274367345794
ml,2025-12-14,2025-12-25,bread,75.22752046643913,23.088972639804613
ml,2025-12-14,2025-12-25,chocolate_syrup,901.2752427916128,220.50347919113864
ml,2025-12-14,2025-12-25,coffee_beans,5191.655884167525,1525.681912957787
ml,2025-12-14,2025-12-25,croissant_dough,37.48443808181358,11.329299218748378
ml,2025-12-14,2025-12-25,cup_cold,69.72828202777944,21.82921228235816
ml,2025-12-14,2025-12-25,cup_hot,304.92074428732485,87.09352169242848
ml,2025-12-14,2025-12-25,ice,7979.265817738836,2462.648754630347
ml,2025-12-14,2025-12-25,milk,48188.15236679167,13559.762775967469
ml,2025-12-14,2025-12-25,sugar,2697.9928552317915,778.651388039244
ml,2025-12-14,2025-12-25,tea_leaves,225.88024637592065,67.53274367345794
ml,2025-12-14,2025-12-26,bread,92.03944197649402,23.088972639804613
ml,2025-12-14,2025-12-26,chocolate_syrup,1008.3385770208718,220.50347919113864
ml,2025-12-14,2025-12-26,coffee_beans,6181.536512411775,1525.681912957787
ml,2025-12-14,2025-12-26,croissant_dough,44.91966363056677,11.329299218748378
ml,2025-12-14,2025-12-26,cup_cold,86.4400263522199,21.82921228235816
ml,2025-12-14,2025-12-26,cup_hot,355.94640727107753,87.09352169242848
ml,2025-12-14,2025-12-26,ice,9842.4337398188,2462.648754630347
ml,2025-12-14,2025-12-26,milk,55793.21447676986,13559.762775967469
ml,2025-12-14,2025-12-26,sugar,3141.0642757423807,778.651388039244
ml,2025-12-14,2025-12-26,tea_leaves,262.718552119868,67.53274367345794
ml,2025-12-14,2025-12-27,bread,101.94442355926464,23.088972639804613
ml,2025-12-14,2025-12-27,chocolate_syrup,1081.806052629248,220.50347919113864
ml,2025-12-14,2025-12-27,coffee_beans,6944.498891771568,1525.681912957787
ml,2025-12-14,2025-12-27,croissant_dough,49.36799678273504,11.329299218748378
ml,2025-12-14,2025-12-27,cup_cold,99.39965635909508,21.82921228235816
ml,2025-12-14,2025-12-27,cup_hot,393.7283136233975,87.09352169242848
ml,2025-12-14,2025-12-27,ice,11378.614991076432,2462.648754630347
ml,2025-12-14,2025-12-27,milk,62815.633518603456,13559.762775967469
ml,2025-12-14,2025-12-27,sugar,3528.503561115132,778.651388039244
ml,2025-12-14,2025-12-27,tea_leaves,286.43602780020404,67.53274367345794
ml,2025-12-14,2025-12-28,bread,103.26346850690058,23.088972639804613
ml,2025-12-14,2025-12-28,chocolate_syrup,1053.5600883917718,220.50347919113864
ml,2025-12-14,2025-12-28,coffee_beans,6818.786739401454,1525.681912957787
ml,2025-12-14,2025-12-28,croissant_dough,65.11790257126344,11.329299218748378
ml,2025-12-14,2025-12-28,cup_cold,99.22554938197544,21.82921228235816
ml,2025-12-14,2025-12-28,cup_hot,390.7413480933747,87.09352169242848
ml,2025-12-14,2025-12-28,ice,11361.9380156794,2462.648754630347
ml,2025-12-14,2025-12-28,milk,63832.73424830791,13559.762775967469
ml,2025-12-14,2025-12-28,sugar,3584.79220886174,778.651388039244
ml,2025-12-14,2025-12-28,tea_leaves,305.4576874219932,67.53274367345794
ml,2025-12-14,2025-12-29,bread,90.76360474675008,23.088972639804613
ml,2025-12-14,2025-12-29,chocolate_syrup,944.2573427750184,220.50347919113864
ml,2025-12-14,2025-12-29,coffee_beans,5853.171861944706,1525.681912957787
ml,2025-12-14,2025-12-29,croissant_dough,44.52818957023948,11.329299218748378
ml,2025-12-14,2025-12-29,cup_cold,84.81785551161683,21.82921228235816
ml,2025-12-14,2025-12-29,cup_hot,333.23020930572886,87.09352169242848
ml,2025-12-14,2025-12-29,ice,9701.756313994902,2462.648754630347
ml,2025-12-14,2025-12-29,milk,55276.21190527124,13559.762775967469
ml,2025-12-14,2025-12-29,sugar,3066.4022116227065,778.651388039244
ml,2025-12-14,2025-12-29,tea_leaves,246.79700835967,67.53274367345794
ml,2025-12-14,2025-12-30,bread,100.3662509987032,23.088972639804613
ml,2025-12-14,2025-12-30,chocolate_syrup,1003.2309175606384,220.50347919113864
ml,2025-12-14,2025-12-30,coffee_beans,6233.434019519831,1525.681912957787
ml,2025-12-14,2025-12-30,croissant_dough,50.948196154560215,11.329299218748378
ml,2025-12-14,2025-12-30,cup_cold,97.65816978411873,21.82921228235816
ml,2025-12-14,2025-12-30,cup_hot,350.1009807124283,87.09352169242848
ml,2025-12-14,2025-12-30,ice,11165.913845726056,2462.648754630347
ml,2025-12-14,2025-12-30,milk,57526.11253875544,13559.762775967469
ml,2025-12-14,2025-12-30,sugar,3270.21540963015,778.651388039244
ml,2025-12-14,2025-12-30,tea_leaves,273.35111323552564,67.53274367345794
manual,2025-12-21,2025-12-21,bread,95.94514285714288,0.0
manual,2025-12-21,2025-12-21,chocolate_syrup,1176.6857142857143,0.0
manual,2025-12-21,2025-12-21,coffee_beans,7741.774285714285,0.0
manual,2025-12-21,2025-12-21,croissant_dough,48.507428571428576,0.0
manual,2025-12-21,2025-12-21,cup_cold,104.20657142857142,0.0
manual,2025-12-21,2025-12-21,cup_hot,443.1354285714286,0.0
manual,2025-12-21,2025-12-21,ice,11837.417142857144,0.0
manual,2025-12-21,2025-12-21,milk,71451.9,0.0
manual,2025-12-21,2025-12-21,sugar,3970.002571428571,0.0
manual,2025-12-21,2025-12-21,tea_leaves,313.59085714285715,0.0
manual,2025-12-21,2025-12-22,bread,95.94514285714288,0.0
manual,2025-12-21,2025-12-22,chocolate_syrup,1176.6857142857143,0.0
manual,2025-12-21,2025-12-22,coffee_beans,7741.774285714285,0.0
manual,2025-12-21,2025-12-22,croissant_dough,48.507428571428576,0.0
manual,2025-12-21,2025-12-22,cup_cold,104.20657142857142,0.0
manual,2025-12-21,2025-12-22,cup_hot,443.1354285714286,0.0
manual,2025-12-21,2025-12-22,ice,11837.417142857144,0.0
manual,2025-12-21,2025-12-22,milk,71451.9,0.0
manual,2025-12-21,2025-12-22,sugar,3970.002571428571,0.0
manual,2025-12-21,2025-12-22,tea_leaves,313.59085714285715,0.0
manual,2025-12-21,2025-12-23,bread,95.94514285714288,0.0
manual,2025-12-21,2025-12-23,chocolate_syrup,1176.6857142857143,0.0
manual,2025-12-21,2025-12-23,coffee_beans,7741.774285714285,0.0
manual,2025-12-21,2025-12-23,croissant_dough,48.507428571428576,0.0
manual,2025-12-21,2025-12-23,cup_cold,104.20657142857142,0.0
manual,2025-12-21,2025-12-23,cup_hot,443.1354285714286,0.0
manual,2025-12-21,2025-12-23,ice,11837.417142857144,0.0
manual,2025-12-21,2025-12-23,milk,71451.9,0.0
manual,2025-12-21,2025-12-23,sugar,3970.002571428571,0.0
manual,2025-12-21,2025-12-23,tea_leaves,313.59085714285715,0.0
manual,2025-12-21,2025-12-24,bread,95.94514285714288,0.0
manual,2025-12-21,2025-12-24,chocolate_syrup,1176.6857142857143,0.0
manual,2025-12-21,2025-12-24,coffee_beans,7741.774285714285,0.0
manual,2025-12-21,2025-12-24,croissant_dough,48.507428571428576,0.0
manual,2025-12-21,2025-12-24,cup_cold,104.20657142857142,0.0
manual,2025-12-21,2025-12-24,cup_hot,443.1354285714286,0.0
manual,2025-12-21,2025-12-24,ice,11837.417142857144,0.0
manual,2025-12-21,2025-12-24,milk,71451.9,0.0
manual,2025-12-21,2025-12-24,sugar,3970.002571428571,0.0
manual,2025-12-21,2025-12-24,tea_leaves,313.59085714285715,0.0
manual,2025-12-21,2025-12-25,bread,95.94514285714288,0.0
manual,2025-12-21,2025-12-25,chocolate_syrup,1176.6857142857143,0.0
manual,2025-12-21,2025-12-25,coffee_beans,7741.774285714285,0.0
manual,2025-12-21,2025-12-25,croissant_dough,48.507428571428576,0.0
manual,2025-12-21,2025-12-25,cup_cold,104.20657142857142,0.0
manual,2025-12-21,2025-12-25,cup_hot,443.1354285714286,0.0
manual,2025-12-21,2025-12-25,ice,11837.417142857144,0.0
manual,2025-12-21,2025-12-25,milk,71451.9,0.0
manual,2025-12-21,2025-12-25,sugar,3970.002571428571,0.0
manual,2025-12-21,2025-12-25,tea_leaves,313.59085714285715,0.0
manual,2025-12-21,2025-12-26,bread,95.94514285714288,0.0
manual,2025-12-21,2025-12-26,chocolate_syrup,1176.6857142857143,0.0
manual,2025-12-21,2025-12-26,coffee_beans,7741.774285714285,0.0
manual,2025-12-21,2025-12-26,croissant_dough,48.507428571428576,0.0
manual,2025-12-21,2025-12-26,cup_cold,104.20657142857142,0.0
manual,2025-12-21,2025-12-26,cup_hot,443.1354285714286,0.0
manual,2025-12-21,2025-12-26,ice,11837.417142857144,0.0
manual,2025-12-21,2025-12-26,milk,71451.9,0.0
manual,2025-12-21,2025-12-26,sugar,3970.002571428571,0.0
manual,2025-12-21,2025-12-26,tea_leaves,313.59085714285715,0.0
manual,2025-12-21,2025-12-27,bread,95.94514285714288,0.0
manual,2025-12-21,2025-12-27,chocolate_syrup,1176.6857142857143,0.0
manual,2025-12-21,2025-12-27,coffee_beans,7741.774285714285,0.0
manual,2025-12-21,2025-12-27,croissant_dough,48.507428571428576,0.0
manual,2025-12-21,2025-12-27,cup_cold,104.20657142857142,0.0
manual,2025-12-21,2025-12-27,cup_hot,443.1354285714286,0.0
manual,2025-12-21,2025-12-27,ice,11837.417142857144,0.0
manual,2025-12-21,2025-12-27,milk,71451.9,0.0
manual,2025-12-21,2025-12-27,sugar,3970.002571428571,0.0
manual,2025-12-21,2025-12-27,tea_leaves,313.59085714285715,0.0
manual,2025-12-21,2025-12-28,bread,95.94514285714288,0.0
manual,2025-12-21,2025-12-28,chocolate_syrup,1176.6857142857143,0.0
manual,2025-12-21,2025-12-28,coffee_beans,7741.774285714285,0.0
manual,2025-12-21,2025-12-28,croissant_dough,48.507428571428576,0.0
manual,2025-12-21,2025-12-28,cup_cold,104.20657142857142,0.0
manual,2025-12-21,2025-12-28,cup_hot,443.1354285714286,0.0
manual,2025-12-21,2025-12-28,ice,11837.417142857144,0.0
manual,2025-12-21,2025-12-28,milk,71451.9,0.0
manual,2025-12-21,2025-12-28,sugar,3970.002571428571,0.0
manual,2025-12-21,2025-12-28,tea_leaves,313.59085714285715,0.0
manual,2025-12-21,2025-12-29,bread,95.94514285714288,0.0
manual,2025-12-21,2025-12-29,chocolate_syrup,1176.6857142857143,0.0
manual,2025-12-21,2025-12-29,coffee_beans,7741.774285714285,0.0
manual,2025-12-21,2025-12-29,croissant_dough,48.507428571428576,0.0
manual,2025-12-21,2025-12-29,cup_cold,104.20657142857142,0.0
manual,2025-12-21,2025-12-29,cup_hot,443.1354285714286,0.0
manual,2025-12-21,2025-12-29,ice,11837.417142857144,0.0
manual,2025-12-21,2025-12-29,milk,71451.9,0.0
manual,2025-12-21,2025-12-29,sugar,3970.002571428571,0.0
manual,2025-12-21,2025-12-29,tea_leaves,313.59085714285715,0.0
manual,2025-12-21,2025-12-30,bread,95.94514285714288,0.0
manual,2025-12-21,2025-12-30,chocolate_syrup,1176.6857142857143,0.0
manual,2025-12-21,2025-12-30,coffee_beans,7741.774285714285,0.0
manual,2025-12-21,2025-12-30,croissant_dough,48.507428571428576,0.0
manual,2025-12-21,2025-12-30,cup_cold,104.20657142857142,0.0
manual,2025-12-21,2025-12-30,cup_hot,443.1354285714286,0.0
manual,2025-12-21,2025-12-30,ice,11837.417142857144,0.0
manual,2025-12-21,2025-12-30,milk,71451.9,0.0
manual,2025-12-21,2025-12-30,sugar,3970.002571428571,0.0
manual,2025-12-21,2025-12-30,tea_leaves,313.59085714285715,0.0
manual,2025-12-21,2025-12-31,bread,95.94514285714288,0.0
manual,2025-12-21,2025-12-31,chocolate_syrup,1176.6857142857143,0.0
manual,2025-12-21,2025-12-31,coffee_beans,7741.774285714285,0.0
manual,2025-12-21,2025-12-31,croissant_dough,48.507428571428576,0.0
manual,2025-12-21,2025-12-31,cup_cold,104.20657142857142,0.0
manual,2025-12-21,2025-12-31,cup_hot,443.1354285714286,0.0
manual,2025-12-21,2025-12-31,ice,11837.417142857144,0.0
manual,2025-12-21,2025-12-31,milk,71451.9,0.0
manual,2025-12-21,2025-12-31,sugar,3970.002571428571,0.0
manual,2025-12-21,2025-12-31,tea_leaves,313.59085714285715,0.0
manual,2025-12-21,2026-01-01,bread,95.94514285714288,0.0
manual,2025-12-21,2026-01-01,chocolate_syrup,1176.6857142857143,0.0
manual,2025-12-21,2026-01-01,coffee_beans,7741.774285714285,0.0
manual,2025-12-21,2026-01-01,croissant_dough,48.507428571428576,0.0
manual,2025-12-21,2026-01-01,cup_cold,104.20657142857142,0.0
manual,2025-12-21,2026-01-01,cup_hot,443.1354285714286,0.0
manual,2025-12-21,2026-01-01,ice,11837.417142857144,0.0
manual,2025-12-21,2026-01-01,milk,71451.9,0.0
manual,2025-12-21,2026-01-01,sugar,3970.002571428571,0.0
manual,2025-12-21,2026-01-01,tea_leaves,313.59085714285715,0.0
manual,2025-12-21,2026-01-02,bread,95.94514285714288,0.0
manual,2025-12-21,2026-01-02,chocolate_syrup,1176.6857142857143,0.0
manual,2025-12-21,2026-01-02,coffee_beans,7741.774285714285,0.0
manual,2025-12-21,2026-01-02,croissant_dough,48.507428571428576,0.0
manual,2025-12-21,2026-01-02,cup_cold,104.20657142857142,0.0
manual,2025-12-21,2026-01-02,cup_hot,443.1354285714286,0.0
manual,2025-12-21,2026-01-02,ice,11837.417142857144,0.0
manual,2025-12-21,2026-01-02,milk,71451.9,0.0
manual,2025-12-21,2026-01-02,sugar,3970.002571428571,0.0
manual,2025-12-21,2026-01-02,tea_leaves,313.59085714285715,0.0
manual,2025-12-21,2026-01-03,bread,95.94514285714288,0.0
manual,2025-12-21,2026-01-03,chocolate_syrup,1176.6857142857143,0.0
manual,2025-12-21,2026-01-03,coffee_beans,7741.774285714285,0.0
manual,2025-12-21,2026-01-03,croissant_dough,48.507428571428576,0.0
manual,2025-12-21,2026-01-03,cup_cold,104.20657142857142,0.0
manual,2025-12-21,2026-01-03,cup_hot,443.1354285714286,0.0
manual,2025-12-21,2026-01-03,ice,11837.417142857144,0.0
manual,2025-12-21,2026-01-03,milk,71451.9,0.0
manual,2025-12-21,2026-01-03,sugar,3970.002571428571,0.0
manual,2025-12-21,2026-01-03,tea_leaves,313.59085714285715,0.0
manual,2025-12-21,2026-01-04,bread,95.94514285714288,0.0
manual,2025-12-21,2026-01-04,chocolate_syrup,1176.6857142857143,0.0
manual,2025-12-21,2026-01-04,coffee_beans,7741.774285714285,0.0
manual,2025-12-21,2026-01-04,croissant_dough,48.507428571428576,0.0
manual,2025-12-21,2026-01-04,cup_cold,104.20657142857142,0.0
manual,2025-12-21,2026-01-04,cup_hot,443.1354285714286,0.0
manual,2025-12-21,2026-01-04,ice,11837.417142857144,0.0
manual,2025-12-21,2026-01-04,milk,71451.9,0.0
manual,2025-12-21,2026-01-04,sugar,3970.002571428571,0.0
manual,2025-12-21,2026-01-04,tea_leaves,313.59085714285715,0.0
manual,2025-12-21,2026-01-05,bread,95.94514285714288,0.0
manual,2025-12-21,2026-01-05,chocolate_syrup,1176.6857142857143,0.0
manual,2025-12-21,2026-01-05,coffee_beans,7741.774285714285,0.0
manual,2025-12-21,2026-01-05,croissant_dough,48.507428571428576,0.0
manual,2025-12-21,2026-01-05,cup_cold,104.20657142857142,0.0
manual,2025-12-21,2026-01-05,cup_hot,443.1354285714286,0.0
manual,2025-12-21,2026-01-05,ice,11837.417142857144,0.0
manual,2025-12-21,2026-01-05,milk,71451.9,0.0
manual,2025-12-21,2026-01-05,sugar,3970.002571428571,0.0
manual,2025-12-21,2026-01-05,tea_leaves,313.59085714285715,0.0
manual,2025-12-21,2026-01-06,bread,95.94514285714288,0.0
manual,2025-12-21,2026-01-06,chocolate_syrup,1176.6857142857143,0.0
manual,2025-12-21,2026-01-06,coffee_beans,7741.774285714285,0.0
manual,2025-12-21,2026-01-06,croissant_dough,48.507428571428576,0.0
manual,2025-12-21,2026-01-06,cup_cold,104.20657142857142,0.0
manual,2025-12-21,2026-01-06,cup_hot,443.1354285714286,0.0
manual,2025-12-21,2026-01-06,ice,11837.417142857144,0.0
manual,2025-12-21,2026-01-06,milk,71451.9,0.0
manual,2025-12-21,2026-01-06,sugar,3970.002571428572,0.0
manual,2025-12-21,2026-01-06,tea_leaves,313.59085714285715,0.0
seasonal_naive,2025-12-21,2025-12-21,bread,86.92,24.876455169862563
seasonal_naive,2025-12-21,2025-12-21,chocolate_syrup,1060.8000000000002,380.19335941788165
seasonal_naive,2025-12-21,2025-12-21,coffee_beans,6096.57,1201.6801573615016
seasonal_naive,2025-12-21,2025-12-21,croissant_dough,72.36,15.266562392127682
seasonal_naive,2025-12-21,2025-12-21,cup_cold,77.25,29.46984949216587
seasonal_naive,2025-12-21,2025-12-21,cup_hot,373.7183333333333,69.23324812150983
seasonal_naive,2025-12-21,2025-12-21,ice,8726.400000000001,3376.292375103468
seasonal_naive,2025-12-21,2025-12-21,milk,59080.0,9223.497117047407
seasonal_naive,2025-12-21,2025-12-21,sugar,3313.1666666666665,535.7848639010388
seasonal_naive,2025-12-21,2025-12-21,tea_leaves,309.0,128.49453127379675
seasonal_naive,2025-12-21,2025-12-22,bread,57.24,24.876455169862563
seasonal_naive,2025-12-21,2025-12-22,chocolate_syrup,1310.4,380.19335941788165
seasonal_naive,2025-12-21,2025-12-22,coffee_beans,7100.82,1201.6801573615016
seasonal_naive,2025-12-21,2025-12-22,croissant_dough,32.400000000000006,15.266562392127682
seasonal_naive,2025-12-21,2025-12-22,cup_cold,79.48166666666667,29.46984949216587
seasonal_naive,2025-12-21,2025-12-22,cup_hot,428.3083333333333,69.23324812150983
seasonal_naive,2025-12-21,2025-12-22,ice,8938.800000000001,3376.292375103468
seasonal_naive,2025-12-21,2025-12-22,milk,64720.25,9223.497117047407
seasonal_naive,2025-12-21,2025-12-22,sugar,3510.411666666667,535.7848639010388
seasonal_naive,2025-12-21,2025-12-22,tea_leaves,280.16,128.49453127379675
seasonal_naive,2025-12-21,2025-12-23,bread,67.84,24.876455169862563
seasonal_naive,2025-12-21,2025-12-23,chocolate_syrup,1060.8000000000002,380.19335941788165
seasonal_naive,2025-12-21,2025-12-23,coffee_beans,5524.92,1201.6801573615016
seasonal_naive,2025-12-21,2025-12-23,croissant_dough,36.72,15.266562392127682
seasonal_naive,2025-12-21,2025-12-23,cup_cold,77.25,29.46984949216587
seasonal_naive,2025-12-21,2025-12-23,cup_hot,344.02,69.23324812150983
seasonal_naive,2025-12-21,2025-12-23,ice,8575.2,3376.292375103468
seasonal_naive,2025-12-21,2025-12-23,milk,56584.5,9223.497117047407
seasonal_naive,2025-12-21,2025-12-23,sugar,3231.11,535.7848639010388
seasonal_naive,2025-12-21,2025-12-23,tea_leaves,317.24,128.49453127379675
seasonal_naive,2025-12-21,2025-12-24,bread,74.2,24.876455169862563
seasonal_naive,2025-12-21,2025-12-24,chocolate_syrup,811.2,380.19335941788165
seasonal_naive,2025-12-21,2025-12-24,coffee_beans,6285.06,1201.6801573615016
seasonal_naive,2025-12-21,2025-12-24,croissant_dough,33.480000000000004,15.266562392127682
seasonal_naive,2025-12-21,2025-12-24,cup_cold,85.49000000000001,29.46984949216587
seasonal_naive,2025-12-21,2025-12-24,cup_hot,350.2,69.23324812150983
seasonal_naive,2025-12-21,2025-12-24,ice,9741.6,3376.292375103468
seasonal_naive,2025-12-21,2025-12-24,milk,56647.5,9223.497117047407
seasonal_naive,2025-12-21,2025-12-24,sugar,3169.31,535.7848639010388
seasonal_naive,2025-12-21,2025-12-24,tea_leaves,238.96,128.49453127379675
seasonal_naive,2025-12-21,2025-12-25,bread,84.80000000000001,24.876455169862563
seasonal_naive,2025-12-21,2025-12-25,chocolate_syrup,873.6000000000001,380.19335941788165
seasonal_naive,2025-12-21,2025-12-25,coffee_beans,6006.959999999999,1201.6801573615016
seasonal_naive,2025-12-21,2025-12-25,croissant_dough,25.92,15.266562392127682
seasonal_naive,2025-12-21,2025-12-25,cup_cold,95.79,29.46984949216587
seasonal_naive,2025-12-21,2025-12-25,cup_hot,312.09,69.23324812150983
seasonal_naive,2025-12-21,2025-12-25,ice,10843.2,3376.292375103468
seasonal_naive,2025-12-21,2025-12-25,milk,54306.0,9223.497117047407
seasonal_naive,2025-12-21,2025-12-25,sugar,3034.38,535.7848639010388
seasonal_naive,2025-12-21,2025-12-25,tea_leaves,181.28,128.49453127379675
seasonal_naive,2025-12-21,2025-12-26,bread,108.12,24.876455169862563
seasonal_naive,2025-12-21,2025-12-26,chocolate_syrup,655.2,380.19335941788165
seasonal_naive,2025-12-21,2025-12-26,coffee_beans,7471.62,1201.6801573615016
seasonal_naive,2025-12-21,2025-12-26,croissant_dough,41.040000000000006,15.266562392127682
seasonal_naive,2025-12-21,2025-12-26,cup_cold,100.94,29.46984949216587
seasonal_naive,2025-12-21,2025-12-26,cup_hot,388.31000000000006,69.23324812150983
seasonal_naive,2025-12-21,2025-12-26,ice,11772.000000000002,3376.292375103468
seasonal_naive,2025-12-21,2025-12-26,milk,61131.0,9223.497117047407
seasonal_naive,2025-12-21,2025-12-26,sugar,3354.71,535.7848639010388
seasonal_naive,2025-12-21,2025-12-26,tea_leaves,210.12,128.49453127379675
seasonal_naive,2025-12-21,2025-12-27,bread,80.56,24.876455169862563
seasonal_naive,2025-12-21,2025-12-27,chocolate_syrup,1092.0,380.19335941788165
seasonal_naive,2025-12-21,2025-12-27,coffee_beans,6674.400000000001,1201.6801573615016
seasonal_naive,2025-12-21,2025-12-27,croissant_dough,41.040000000000006,15.266562392127682
seasonal_naive,2025-12-21,2025-12-27,cup_cold,91.67,29.46984949216587
seasonal_naive,2025-12-21,2025-12-27,cup_hot,388.31,69.23324812150983
seasonal_naive,2025-12-21,2025-12-27,ice,10454.4,3376.292375103468
seasonal_naive,2025-12-21,2025-12-27,milk,64333.5,9223.497117047407
seasonal_naive,2025-12-21,2025-12-27,sugar,3545.26,535.7848639010388
seasonal_naive,2025-12-21,2025-12-27,tea_leaves,292.52,128.49453127379675
seasonal_naive,2025-12-21,2025-12-28,bread,86.92,24.876455169862563
seasonal_naive,2025-12-21,2025-12-28,chocolate_syrup,1060.8000000000002,380.19335941788165
seasonal_naive,2025-12-21,2025-12-28,coffee_beans,6096.57,1201.6801573615016
seasonal_naive,2025-12-21,2025-12-28,croissant_dough,72.36,15.266562392127682
seasonal_naive,2025-12-21,2025-12-28,cup_cold,77.25,29.46984949216587
seasonal_naive,2025-12-21,2025-12-28,cup_hot,373.7183333333333,69.23324812150983
seasonal_naive,2025-12-21,2025-12-28,ice,8726.400000000001,3376.292375103468
seasonal_naive,2025-12-21,2025-12-28,milk,59080.0,9223.497117047407
seasonal_naive,2025-12-21,2025-12-28,sugar,3313.1666666666665,535.7848639010388
seasonal_naive,2025-12-21,2025-12-28,tea_leaves,309.0,128.49453127379675
seasonal_naive,2025-12-21,2025-12-29,bread,57.24,24.876455169862563
seasonal_naive,2025-12-21,2025-12-29,chocolate_syrup,1310.4,380.19335941788165
seasonal_naive,2025-12-21,2025-12-29,coffee_beans,7100.82,1201.6801573615016
seasonal_naive,2025-12-21,2025-12-29,croissant_dough,32.400000000000006,15.266562392127682
seasonal_naive,2025-12-21,2025-12-29,cup_cold,79.48166666666667,29.46984949216587
seasonal_naive,2025-12-21,2025-12-29,cup_hot,428.3083333333333,69.23324812150983
seasonal_naive,2025-12-21,2025-12-29,ice,8938.800000000001,3376.292375103468
seasonal_naive,2025-12-21,2025-12-29,milk,64720.25,9223.497117047407
seasonal_naive,2025-12-21,2025-12-29,sugar,3510.411666666667,535.7848639010388
seasonal_naive,2025-12-21,2025-12-29,tea_leaves,280.16,128.49453127379675
seasonal_naive,2025-12-21,2025-12-30,bread,67.84,24.876455169862563
seasonal_naive,2025-12-21,2025-12-30,chocolate_syrup,1060.8000000000002,380.19335941788165
seasonal_naive,2025-12-21,2025-12-30,coffee_beans,5524.92,1201.6801573615016
seasonal_naive,2025-12-21,2025-12-30,croissant_dough,36.72,15.266562392127682
seasonal_naive,2025-12-21,2025-12-30,cup_cold,77.25,29.46984949216587
seasonal_naive,2025-12-21,2025-12-30,cup_hot,344.02,69.23324812150983
seasonal_naive,2025-12-21,2025-12-30,ice,8575.2,3376.292375103468
seasonal_naive,2025-12-21,2025-12-30,milk,56584.5,9223.497117047407
seasonal_naive,2025-12-21,2025-12-30,sugar,3231.11,535.7848639010388
seasonal_naive,2025-12-21,2025-12-30,tea_leaves,317.24,128.49453127379675
seasonal_naive,2025-12-21,2025-12-31,bread,74.2,24.876455169862563
seasonal_naive,2025-12-21,2025-12-31,chocolate_syrup,811.2,380.19335941788165
seasonal_naive,2025-12-21,2025-12-31,coffee_beans,6285.06,1201.6801573615016
seasonal_naive,2025-12-21,2025-12-31,croissant_dough,33.480000000000004,15.266562392127682
seasonal_naive,2025-12-21,2025-12-31,cup_cold,85.49000000000001,29.46984949216587
seasonal_naive,2025-12-21,2025-12-31,cup_hot,350.2,69.23324812150983
seasonal_naive,2025-12-21,2025-12-31,ice,9741.6,3376.292375103468
seasonal_naive,2025-12-21,2025-12-31,milk,56647.5,9223.497117047407
seasonal_naive,2025-12-21,2025-12-31,sugar,3169.31,535.7848639010388
seasonal_naive,2025-12-21,2025-12-31,tea_leaves,238.96,128.49453127379675
seasonal_naive,2025-12-21,2026-01-01,bread,84.80000000000001,24.876455169862563
seasonal_naive,2025-12-21,2026-01-01,chocolate_syrup,873.6000000000001,380.19335941788165
seasonal_naive,2025-12-21,2026-01-01,coffee_beans,6006.959999999999,1201.6801573615016
seasonal_naive,2025-12-21,2026-01-01,croissant_dough,25.92,15.266562392127682
seasonal_naive,2025-12-21,2026-01-01,cup_cold,95.79,29.46984949216587
seasonal_naive,2025-12-21,2026-01-01,cup_hot,312.09,69.23324812150983
seasonal_naive,2025-12-21,2026-01-01,ice,10843.2,3376.292375103468
seasonal_naive,2025-12-21,2026-01-01,milk,54306.0,9223.497117047407
seasonal_naive,2025-12-21,2026-01-01,sugar,3034.38,535.7848639010388
seasonal_naive,2025-12-21,2026-01-01,tea_leaves,181.28,128.49453127379675
seasonal_naive,2025-12-21,2026-01-02,bread,108.12,24.876455169862563
seasonal_naive,2025-12-21,2026-01-02,chocolate_syrup,655.2,380.19335941788165
seasonal_naive,2025-12-21,2026-01-02,coffee_beans,7471.62,1201.6801573615016
seasonal_naive,2025-12-21,2026-01-02,croissant_dough,41.040000000000006,15.266562392127682
seasonal_naive,2025-12-21,2026-01-02,cup_cold,100.94,29.46984949216587
seasonal_naive,2025-12-21,2026-01-02,cup_hot,388.31000000000006,69.23324812150983
seasonal_naive,2025-12-21,2026-01-02,ice,11772.000000000002,3376.292375103468
seasonal_naive,2025-12-21,2026-01-02,milk,61131.0,9223.497117047407
seasonal_naive,2025-12-21,2026-01-02,sugar,3354.71,535.7848639010388
seasonal_naive,2025-12-21,2026-01-02,tea_leaves,210.12,128.49453127379675
seasonal_naive,2025-12-21,2026-01-03,bread,80.56,24.876455169862563
seasonal_naive,2025-12-21,2026-01-03,chocolate_syrup,1092.0,380.19335941788165
seasonal_naive,2025-12-21,2026-01-03,coffee_beans,6674.400000000001,1201.6801573615016
seasonal_naive,2025-12-21,2026-01-03,croissant_dough,41.040000000000006,15.266562392127682
seasonal_naive,2025-12-21,2026-01-03,cup_cold,91.67,29.46984949216587
seasonal_naive,2025-12-21,2026-01-03,cup_hot,388.31,69.23324812150983
seasonal_naive,2025-12-21,2026-01-03,ice,10454.4,3376.292375103468
seasonal_naive,2025-12-21,2026-01-03,milk,64333.5,9223.497117047407
seasonal_naive,2025-12-21,2026-01-03,sugar,3545.26,535.7848639010388
seasonal_naive,2025-12-21,2026-01-03,tea_leaves,292.52,128.49453127379675
seasonal_naive,2025-12-21,2026-01-04,bread,86.92,24.876455169862563
seasonal_naive,2025-12-21,2026-01-04,chocolate_syrup,1060.8000000000002,380.19335941788165
seasonal_naive,2025-12-21,2026-01-04,coffee_beans,6096.57,1201.6801573615016
seasonal_naive,2025-12-21,2026-01-04,croissant_dough,72.36,15.266562392127682
seasonal_naive,2025-12-21,2026-01-04,cup_cold,77.25,29.46984949216587
seasonal_naive,2025-12-21,2026-01-04,cup_hot,373.7183333333333,69.23324812150983
seasonal_naive,2025-12-21,2026-01-04,ice,8726.400000000001,3376.292375103468
seasonal_naive,2025-12-21,2026-01-04,milk,59080.0,9223.497117047407
seasonal_naive,2025-12-21,2026-01-04,sugar,3313.1666666666665,535.7848639010388
seasonal_naive,2025-12-21,2026-01-04,tea_leaves,309.0,128.49453127379675
seasonal_naive,2025-12-21,2026-01-05,bread,57.24,24.876455169862563
seasonal_naive,2025-12-21,2026-01-05,chocolate_syrup,1310.4,380.19335941788165
seasonal_naive,2025-12-21,2026-01-05,coffee_beans,7100.82,1201.6801573615016
seasonal_naive,2025-12-21,2026-01-05,croissant_dough,32.400000000000006,15.266562392127682
seasonal_naive,2025-12-21,2026-01-05,cup_cold,79.48166666666667,29.46984949216587
seasonal_naive,2025-12-21,2026-01-05,cup_hot,428.3083333333333,69.23324812150983
seasonal_naive,2025-12-21,2026-01-05,ice,8938.800000000001,3376.292375103468
seasonal_naive,2025-12-21,2026-01-05,milk,64720.25,9223.497117047407
seasonal_naive,2025-12-21,2026-01-05,sugar,3510.411666666667,535.7848639010388
seasonal_naive,2025-12-21,2026-01-05,tea_leaves,280.16,128.49453127379675
seasonal_naive,2025-12-21,2026-01-06,bread,67.84,24.876455169862563
seasonal_naive,2025-12-21,2026-01-06,chocolate_syrup,1060.8000000000002,380.19335941788165
seasonal_naive,2025-12-21,2026-01-06,coffee_beans,5524.92,1201.6801573615016
seasonal_naive,2025-12-21,2026-01-06,croissant_dough,36.72,15.266562392127682
seasonal_naive,2025-12-21,2026-01-06,cup_cold,77.25,29.46984949216587
seasonal_naive,2025-12-21,2026-01-06,cup_hot,344.02,69.23324812150983
seasonal_naive,2025-12-21,2026-01-06,ice,8575.2,3376.292375103468
seasonal_naive,2025-12-21,2026-01-06,milk,56584.5,9223.497117047407
seasonal_naive,2025-12-21,2026-01-06,sugar,3231.11,535.7848639010388
seasonal_naive,2025-12-21,2026-01-06,tea_leaves,317.24,128.49453127379675
ml,2025-12-21,2025-12-21,bread,100.52562746041328,26.07680142915728
ml,2025-12-21,2025-12-21,chocolate_syrup,1121.3657762291814,254.5549726003865
ml,2025-12-21,2025-12-21,coffee_beans,6734.68315264878,1530.627032136017
ml,2025-12-21,2025-12-21,croissant_dough,48.39319048367586,11.734394566496528
ml,2025-12-21,2025-12-21,cup_cold,98.63263811674294,22.14905867143825
ml,2025-12-21,2025-12-21,cup_hot,384.0006803597672,87.68264689575524
ml,2025-12-21,2025-12-21,ice,11248.505136260455,2516.4546401495254
ml,2025-12-21,2025-12-21,milk,62487.846553168834,13342.850508202391
ml,2025-12-21,2025-12-21,sugar,3512.560847865118,763.5950250158559
ml,2025-12-21,2025-12-21,tea_leaves,285.85922936237233,65.57317130969354
ml,2025-12-21,2025-12-22,bread,86.22725511868434,26.07680142915728
ml,2025-12-21,2025-12-22,chocolate_syrup,992.6010018969972,254.5549726003865
ml,2025-12-21,2025-12-22,coffee_beans,5498.957555098248,1530.627032136017
ml,2025-12-21,2025-12-22,croissant_dough,40.60127425568899,11.734394566496528
ml,2025-12-21,2025-12-22,cup_cold,80.08181963926445,22.14905867143825
ml,2025-12-21,2025-12-22,cup_hot,317.53331186249824,87.68264689575524
ml,2025-12-21,2025-12-22,ice,9146.575171988825,2516.4546401495254
ml,2025-12-21,2025-12-22,milk,51984.613710914295,13342.850508202391
ml,2025-12-21,2025-12-22,sugar,2904.1770650552908,763.5950250158559
ml,2025-12-21,2025-12-22,tea_leaves,237.39572334155443,65.57317130969354
ml,2025-12-21,2025-12-23,bread,95.75913206718263,26.07680142915728
ml,2025-12-21,2025-12-23,chocolate_syrup,1042.0774269399535,254.5549726003865
ml,2025-12-21,2025-12-23,coffee_beans,5981.764467649756,1530.627032136017
ml,2025-12-21,2025-12-23,croissant_dough,43.78506780737709,11.734394566496528
ml,2025-12-21,2025-12-23,cup_cold,92.23559815720846,22.14905867143825
ml,2025-12-21,2025-12-23,cup_hot,338.24504042924195,87.68264689575524
ml,2025-12-21,2025-12-23,ice,10492.387461040787,2516.4546401495254
ml,2025-12-21,2025-12-23,milk,55849.26696526486,13342.850508202391
ml,2025-12-21,2025-12-23,sugar,3152.2034452139383,763.5950250158559
ml,2025-12-21,2025-12-23,tea_leaves,255.0339013106228,65.57317130969354
ml,2025-12-21,2025-12-24,bread,99.01929696680384,26.07680142915728
ml,2025-12-21,2025-12-24,chocolate_syrup,1061.9037062290652,254.5549726003865
ml,2025-12-21,2025-12-24,coffee_beans,6244.017944798978,1530.627032136017
ml,2025-12-21,2025-12-24,croissant_dough,45.76917819696636,11.734394566496528
ml,2025-12-21,2025-12-24,cup_cold,95.87156497840397,22.14905867143825
ml,2025-12-21,2025-12-24,cup_hot,350.4934583615151,87.68264689575524
ml,2025-12-21,2025-12-24,ice,10944.112183574722,2516.4546401495254
ml,2025-12-21,2025-12-24,milk,57648.83921754867,13342.850508202391
ml,2025-12-21,2025-12-24,sugar,3239.7256073126205,763.5950250158559
ml,2025-12-21,2025-12-24,tea_leaves,257.6748042484584,65.57317130969354
ml,2025-12-21,2025-12-25,bread,75.17779002780053,26.07680142915728
ml,2025-12-21,2025-12-25,chocolate_syrup,924.0686191748608,254.5549726003865
ml,2025-12-21,2025-12-25,coffee_beans,5263.85941265737,1530.627032136017
ml,2025-12-21,2025-12-25,croissant_dough,36.52946430876876,11.734394566496528
ml,2025-12-21,2025-12-25,cup_cold,69.3851652681795,22.14905867143825
ml,2025-12-21,2025-12-25,cup_hot,310.66288158262216,87.68264689575524
ml,2025-12-21,2025-12-25,ice,7938.658420151082,2516.4546401495254
ml,2025-12-21,2025-12-25,milk,49018.53955911956,13342.850508202391
ml,2025-12-21,2025-12-25,sugar,2734.071271551435,763.5950250158559
ml,2025-12-21,2025-12-25,tea_leaves,228.4212053917258,65.57317130969354
ml,2025-12-21,2025-12-26,bread,88.01296458822657,26.07680142915728
ml,2025-12-21,2025-12-26,chocolate_syrup,1031.1319534041197,254.5549726003865
ml,2025-12-21,2025-12-26,coffee_beans,6111.020562359278,1530.627032136017
ml,2025-12-21,2025-12-26,croissant_dough,42.99224480231139,11.734394566496528
ml,2025-12-21,2025-12-26,cup_cold,85.439630545773,22.14905867143825
ml,2025-12-21,2025-12-26,cup_hot,354.32975180124686,87.68264689575524
ml,2025-12-21,2025-12-26,ice,9727.701482752773,2516.4546401495254
ml,2025-12-21,2025-12-26,milk,55519.67224777692,13342.850508202391
ml,2025-12-21,2025-12-26,sugar,3127.200465799848,763.5950250158559
ml,2025-12-21,2025-12-26,tea_leaves,264.9106635638495,65.57317130969354
ml,2025-12-21,2025-12-27,bread,97.6085720534689,26.07680142915728
ml,2025-12-21,2025-12-27,chocolate_syrup,1078.8295836215138,254.5549726003865
ml,2025-12-21,2025-12-27,coffee_beans,6873.656549844459,1530.627032136017
ml,2025-12-21,2025-12-27,croissant_dough,47.39498865196672,11.734394566496528
ml,2025-12-21,2025-12-27,cup_cold,95.686763306613,22.14905867143825
ml,2025-12-21,2025-12-27,cup_hot,394.27245736511793,87.68264689575524
ml,2025-12-21,2025-12-27,ice,10913.00100811015,2516.4546401495254
ml,2025-12-21,2025-12-27,milk,62048.76339089907,13342.850508202391
ml,2025-12-21,2025-12-27,sugar,3492.974363521432,763.5950250158559
ml,2025-12-21,2025-12-27,tea_leaves,289.8968197560835,65.57317130969354
ml,2025-12-21,2025-12-28,bread,97.78308633727836,26.07680142915728
ml,2025-12-21,2025-12-28,chocolate_syrup,1065.0688752543822,254.5549726003865
ml,2025-12-21,2025-12-28,coffee_beans,6848.740830340874,1530.627032136017
ml,2025-12-21,2025-12-28,croissant_dough,63.24292247622185,11.734394566496528
ml,2025-12-21,2025-12-28,cup_cold,95.60025969101464,22.14905867143825
ml,2025-12-21,2025-12-28,cup_hot,396.7808688508688,87.68264689575524
ml,2025-12-21,2025-12-28,ice,10887.408416113676,2516.4546401495254
ml,2025-12-21,2025-12-28,milk,63668.6694834299,13342.850508202391
ml,2025-12-21,2025-12-28,sugar,3576.992424214572,763.5950250158559
ml,2025-12-21,2025-12-28,tea_leaves,306.9383969748592,65.57317130969354
ml,2025-12-21,2025-12-29,bread,88.46025145076655,26.07680142915728
ml,2025-12-21,2025-12-29,chocolate_syrup,945.0326764003316,254.5549726003865
ml,2025-12-21,2025-12-29,coffee_beans,5923.068611832956,1530.627032136017
ml,2025-12-21,2025-12-29,croissant_dough,41.217400020066265,11.734394566496528
ml,2025-12-21,2025-12-29,cup_cold,81.15422112358112,22.14905867143825
ml,2025-12-21,2025-12-29,cup_hot,339.9316284061944,87.68264689575524
ml,2025-12-21,2025-12-29,ice,9247.651601461324,2516.4546401495254
ml,2025-12-21,2025-12-29,milk,55506.724763655526,13342.850508202391
ml,2025-12-21,2025-12-29,sugar,3060.452121366844,763.5950250158559
ml,2025-12-21,2025-12-29,tea_leaves,243.3131523238713,65.57317130969354
ml,2025-12-21,2025-12-30,bread,95.2723623817974,26.07680142915728
ml,2025-12-21,2025-12-30,chocolate_syrup,1058.765331418286,254.5549726003865
ml,2025-12-21,2025-12-30,coffee_beans,6199.996180743509,1530.627032136017
ml,2025-12-21,2025-12-30,croissant_dough,47.68771308677213,11.734394566496528
ml,2025-12-21,2025-12-30,cup_cold,92.60711306097654,22.14905867143825
ml,2025-12-21,2025-12-30,cup_hot,355.2184073557109,87.68264689575524
ml,2025-12-21,2025-12-30,ice,10537.23638112471,2516.4546401495254
ml,2025-12-21,2025-12-30,milk,57214.56107961675,13342.850508202391
ml,2025-12-21,2025-12-30,sugar,3245.050942686571,763.5950250158559
ml,2025-12-21,2025-12-30,tea_leaves,273.7138332074014,65.57317130969354
ml,2025-12-21,2025-12-31,bread,100.68621989028524,26.07680142915728
ml,2025-12-21,2025-12-31,chocolate_syrup,1004.8384764266784,254.5549726003865
ml,2025-12-21,2025-12-31,coffee_beans,6423.7897383422805,1530.627032136017
ml,2025-12-21,2025-12-31,croissant_dough,48.24418610967008,11.734394566496528
ml,2025-12-21,2025-12-31,cup_cold,100.16055547287262,22.14905867143825
ml,2025-12-21,2025-12-31,cup_hot,356.93830912360824,87.68264689575524
ml,2025-12-21,2025-12-31,ice,11441.39311676153,2516.4546401495254
ml,2025-12-21,2025-12-31,milk,59257.37597330676,13342.850508202391
ml,2025-12-21,2025-12-31,sugar,3347.3310153285765,763.5950250158559
ml,2025-12-21,2025-12-31,tea_leaves,268.1964185765945,65.57317130969354
ml,2025-12-21,2026-01-01,bread,79.84233683889778,26.07680142915728
ml,2025-12-21,2026-01-01,chocolate_syrup,894.8605106726977,254.5549726003865
ml,2025-12-21,2026-01-01,coffee_beans,5328.553877497182,1530.627032136017
ml,2025-12-21,2026-01-01,croissant_dough,39.579594976283744,11.734394566496528
ml,2025-12-21,2026-01-01,cup_cold,79.78776687590401,22.14905867143825
ml,2025-12-21,2026-01-01,cup_hot,309.3655666051396,87.68264689575524
ml,2025-12-21,2026-01-01,ice,9123.380378252752,2516.4546401495254
ml,2025-12-21,2026-01-01,milk,49889.77508513141,13342.850508202391
ml,2025-12-21,2026-01-01,sugar,2840.8313314857537,763.5950250158559
ml,2025-12-21,2026-01-01,tea_leaves,254.32277234451692,65.57317130969354
ml,2025-12-21,2026-01-02,bread,86.8598818184985,26.07680142915728
ml,2025-12-21,2026-01-02,chocolate_syrup,953.2844391282777,254.5549726003865
ml,2025-12-21,2026-01-02,coffee_beans,6143.877350433624,1530.627032136017
ml,2025-12-21,2026-01-02,croissant_dough,42.3229450727416,11.734394566496528
ml,2025-12-21,2026-01-02,cup_cold,91.8846772474841,22.14905867143825
ml,2025-12-21,2026-01-02,cup_hot,347.6038559771752,87.68264689575524
ml,2025-12-21,2026-01-02,ice,10457.464952253218,2516.4546401495254
ml,2025-12-21,2026-01-02,milk,56116.72830757621,13342.850508202391
ml,2025-12-21,2026-01-02,sugar,3190.106148832041,763.5950250158559
ml,2025-12-21,2026-01-02,tea_leaves,266.765622678072,65.57317130969354
ml,2025-12-21,2026-01-03,bread,99.49361138527378,26.07680142915728
ml,2025-12-21,2026-01-03,chocolate_syrup,1040.2044117430282,254.5549726003865
ml,2025-12-21,2026-01-03,coffee_beans,6888.503728888416,1530.627032136017
ml,2025-12-21,2026-01-03,croissant_dough,49.39020939509884,11.734394566496528
ml,2025-12-21,2026-01-03,cup_cold,103.9319302551194,22.14905867143825
ml,2025-12-21,2026-01-03,cup_hot,391.6337249056439,87.68264689575524
ml,2025-12-21,2026-01-03,ice,11858.870777486936,2516.4546401495254
ml,2025-12-21,2026-01-03,milk,63730.22010204818,13342.850508202391
ml,2025-12-21,2026-01-03,sugar,3624.744989978537,763.5950250158559
ml,2025-12-21,2026-01-03,tea_leaves,314.12368805733854,65.57317130969354
ml,2025-12-21,2026-01-04,bread,91.72433060683578,26.07680142915728
ml,2025-12-21,2026-01-04,chocolate_syrup,1003.021682472556,254.5549726003865
ml,2025-12-21,2026-01-04,coffee_beans,6311.032615232161,1530.627032136017
ml,2025-12-21,2026-01-04,croissant_dough,45.35372203618685,11.734394566496528
ml,2025-12-21,2026-01-04,cup_cold,94.70669728861928,22.14905867143825
ml,2025-12-21,2026-01-04,cup_hot,355.0475697034964,87.68264689575524
ml,2025-12-21,2026-01-04,ice,10820.143528366132,2516.4546401495254
ml,2025-12-21,2026-01-04,milk,57781.99529923941,13342.850508202391
ml,2025-12-21,2026-01-04,sugar,3260.910305297059,763.5950250158559
ml,2025-12-21,2026-01-04,tea_leaves,264.11507659891373,65.57317130969354
ml,2025-12-21,2026-01-05,bread,77.58437591941534,26.07680142915728
ml,2025-12-21,2026-01-05,chocolate_syrup,844.3831365933788,254.5549726003865
ml,2025-12-21,2026-01-05,coffee_beans,5059.030320001514,1530.627032136017
ml,2025-12-21,2026-01-05,croissant_dough,36.91703234822391,11.734394566496528
ml,2025-12-21,2026-01-05,cup_cold,78.86281112026144,22.14905867143825
ml,2025-12-21,2026-01-05,cup_hot,281.7054137010993,87.68264689575524
ml,2025-12-21,2026-01-05,ice,9004.024178371972,2516.4546401495254
ml,2025-12-21,2026-01-05,milk,46711.23924027095,13342.850508202391
ml,2025-12-21,2026-01-05,sugar,2635.4829461467107,763.5950250158559
ml,2025-12-21,2026-01-05,tea_leaves,206.54206355546785,65.57317130969354
ml,2025-12-21,2026-01-06,bread,81.33560225239384,26.07680142915728
ml,2025-12-21,2026-01-06,chocolate_syrup,869.2060885561858,254.5549726003865
ml,2025-12-21,2026-01-06,coffee_beans,5080.843389910362,1530.627032136017
ml,2025-12-21,2026-01-06,croissant_dough,39.42161744188553,11.734394566496528
ml,2025-12-21,2026-01-06,cup_cold,80.33798417706838,22.14905867143825
ml,2025-12-21,2026-01-06,cup_hot,281.9256310628091,87.68264689575524
ml,2025-12-21,2026-01-06,ice,9171.177763735315,2516.4546401495254
ml,2025-12-21,2026-01-06,milk,47141.82226858946,13342.850508202391
ml,2025-12-21,2026-01-06,sugar,2657.469758441851,763.5950250158559
ml,2025-12-21,2026-01-06,tea_leaves,205.1983737299158,65.57317130969354
manual,2025-12-28,2025-12-28,bread,101.39657142857142,0.0
manual,2025-12-28,2025-12-28,chocolate_syrup,1508.297142857143,0.0
manual,2025-12-28,2025-12-28,coffee_beans,8017.755428571429,0.0
manual,2025-12-28,2025-12-28,croissant_dough,51.46971428571429,0.0
manual,2025-12-28,2025-12-28,cup_cold,105.06,0.0
manual,2025-12-28,2025-12-28,cup_hot,469.0914285714286,0.0
manual,2025-12-28,2025-12-28,ice,11926.902857142855,0.0
manual,2025-12-28,2025-12-28,milk,74955.6,0.0
manual,2025-12-28,2025-12-28,sugar,4128.416571428571,0.0
manual,2025-12-28,2025-12-28,tea_leaves,315.70971428571426,0.0
manual,2025-12-28,2025-12-29,bread,101.39657142857142,0.0
manual,2025-12-28,2025-12-29,chocolate_syrup,1508.297142857143,0.0
manual,2025-12-28,2025-12-29,coffee_beans,8017.755428571429,0.0
manual,2025-12-28,2025-12-29,croissant_dough,51.46971428571429,0.0
manual,2025-12-28,2025-12-29,cup_cold,105.06,0.0
manual,2025-12-28,2025-12-29,cup_hot,469.0914285714286,0.0
manual,2025-12-28,2025-12-29,ice,11926.902857142855,0.0
manual,2025-12-28,2025-12-29,milk,74955.6,0.0
manual,2025-12-28,2025-12-29,sugar,4128.416571428571,0.0
manual,2025-12-28,2025-12-29,tea_leaves,315.70971428571426,0.0
manual,2025-12-28,2025-12-30,bread,101.39657142857142,0.0
manual,2025-12-28,2025-12-30,chocolate_syrup,1508.297142857143,0.0
manual,2025-12-28,2025-12-30,coffee_beans,8017.755428571429,0.0
manual,2025-12-28,2025-12-30,croissant_dough,51.46971428571429,0.0
manual,2025-12-28,2025-12-30,cup_cold,105.06,0.0
manual,2025-12-28,2025-12-30,cup_hot,469.0914285714286,0.0
manual,2025-12-28,2025-12-30,ice,11926.902857142855,0.0
manual,2025-12-28,2025-12-30,milk,74955.6,0.0
manual,2025-12-28,2025-12-30,sugar,4128.416571428571,0.0
manual,2025-12-28,2025-12-30,tea_leaves,315.70971428571426,0.0
manual,2025-12-28,2025-12-31,bread,101.39657142857142,0.0
manual,2025-12-28,2025-12-31,chocolate_syrup,1508.297142857143,0.0
manual,2025-12-28,2025-12-31,coffee_beans,8017.755428571429,0.0
manual,2025-12-28,2025-12-31,croissant_dough,51.46971428571429,0.0
manual,2025-12-28,2025-12-31,cup_cold,105.06,0.0
manual,2025-12-28,2025-12-31,cup_hot,469.0914285714286,0.0
manual,2025-12-28,2025-12-31,ice,11926.902857142855,0.0
manual,2025-12-28,2025-12-31,milk,74955.6,0.0
manual,2025-12-28,2025-12-31,sugar,4128.416571428571,0.0
manual,2025-12-28,2025-12-31,tea_leaves,315.70971428571426,0.0
manual,2025-12-28,2026-01-01,bread,101.39657142857142,0.0
manual,2025-12-28,2026-01-01,chocolate_syrup,1508.297142857143,0.0
manual,2025-12-28,2026-01-01,coffee_beans,8017.755428571429,0.0
manual,2025-12-28,2026-01-01,croissant_dough,51.46971428571429,0.0
manual,2025-12-28,2026-01-01,cup_cold,105.06,0.0
manual,2025-12-28,2026-01-01,cup_hot,469.0914285714286,0.0
manual,2025-12-28,2026-01-01,ice,11926.902857142855,0.0
manual,2025-12-28,2026-01-01,milk,74955.6,0.0
manual,2025-12-28,2026-01-01,sugar,4128.416571428571,0.0
manual,2025-12-28,2026-01-01,tea_leaves,315.70971428571426,0.0
manual,2025-12-28,2026-01-02,bread,101.39657142857142,0.0
manual,2025-12-28,2026-01-02,chocolate_syrup,1508.297142857143,0.0
manual,2025-12-28,2026-01-02,coffee_beans,8017.755428571429,0.0
manual,2025-12-28,2026-01-02,croissant_dough,51.46971428571429,0.0
manual,2025-12-28,2026-01-02,cup_cold,105.06,0.0
manual,2025-12-28,2026-01-02,cup_hot,469.0914285714286,0.0
manual,2025-12-28,2026-01-02,ice,11926.902857142855,0.0
manual,2025-12-28,2026-01-02,milk,74955.6,0.0
manual,2025-12-28,2026-01-02,sugar,4128.416571428571,0.0
manual,2025-12-28,2026-01-02,tea_leaves,315.70971428571426,0.0
manual,2025-12-28,2026-01-03,bread,101.39657142857142,0.0
manual,2025-12-28,2026-01-03,chocolate_syrup,1508.297142857143,0.0
manual,2025-12-28,2026-01-03,coffee_beans,8017.755428571429,0.0
manual,2025-12-28,2026-01-03,croissant_dough,51.46971428571429,0.0
manual,2025-12-28,2026-01-03,cup_cold,105.06,0.0
manual,2025-12-28,2026-01-03,cup_hot,469.0914285714286,0.0
manual,2025-12-28,2026-01-03,ice,11926.902857142855,0.0
manual,2025-12-28,2026-01-03,milk,74955.6,0.0
manual,2025-12-28,2026-01-03,sugar,4128.416571428571,0.0
manual,2025-12-28,2026-01-03,tea_leaves,315.70971428571426,0.0
manual,2025-12-28,2026-01-04,bread,101.39657142857142,0.0
manual,2025-12-28,2026-01-04,chocolate_syrup,1508.297142857143,0.0
manual,2025-12-28,2026-01-04,coffee_beans,8017.755428571429,0.0
manual,2025-12-28,2026-01-04,croissant_dough,51.46971428571429,0.0
manual,2025-12-28,2026-01-04,cup_cold,105.06,0.0
manual,2025-12-28,2026-01-04,cup_hot,469.0914285714286,0.0
manual,2025-12-28,2026-01-04,ice,11926.902857142855,0.0
manual,2025-12-28,2026-01-04,milk,74955.6,0.0
manual,2025-12-28,2026-01-04,sugar,4128.416571428571,0.0
manual,2025-12-28,2026-01-04,tea_leaves,315.70971428571426,0.0
manual,2025-12-28,2026-01-05,bread,101.39657142857142,0.0
manual,2025-12-28,2026-01-05,chocolate_syrup,1508.297142857143,0.0
manual,2025-12-28,2026-01-05,coffee_beans,8017.755428571429,0.0
manual,2025-12-28,2026-01-05,croissant_dough,51.46971428571429,0.0
manual,2025-12-28,2026-01-05,cup_cold,105.06,0.0
manual,2025-12-28,2026-01-05,cup_hot,469.0914285714286,0.0
manual,2025-12-28,2026-01-05,ice,11926.902857142855,0.0
manual,2025-12-28,2026-01-05,milk,74955.6,0.0
manual,2025-12-28,2026-01-05,sugar,4128.416571428571,0.0
manual,2025-12-28,2026-01-05,tea_leaves,315.70971428571426,0.0
manual,2025-12-28,2026-01-06,bread,101.39657142857142,0.0
manual,2025-12-28,2026-01-06,chocolate_syrup,1508.297142857143,0.0
manual,2025-12-28,2026-01-06,coffee_beans,8017.755428571429,0.0
manual,2025-12-28,2026-01-06,croissant_dough,51.46971428571429,0.0
manual,2025-12-28,2026-01-06,cup_cold,105.06,0.0
manual,2025-12-28,2026-01-06,cup_hot,469.0914285714286,0.0
manual,2025-12-28,2026-01-06,ice,11926.902857142855,0.0
manual,2025-12-28,2026-01-06,milk,74955.6,0.0
manual,2025-12-28,2026-01-06,sugar,4128.416571428571,0.0
manual,2025-12-28,2026-01-06,tea_leaves,315.70971428571426,0.0
manual,2025-12-28,2026-01-07,bread,101.39657142857142,0.0
manual,2025-12-28,2026-01-07,chocolate_syrup,1508.297142857143,0.0
manual,2025-12-28,2026-01-07,coffee_beans,8017.755428571429,0.0
manual,2025-12-28,2026-01-07,croissant_dough,51.46971428571429,0.0
manual,2025-12-28,2026-01-07,cup_cold,105.06,0.0
manual,2025-12-28,2026-01-07,cup_hot,469.0914285714286,0.0
manual,2025-12-28,2026-01-07,ice,11926.902857142855,0.0
manual,2025-12-28,2026-01-07,milk,74955.6,0.0
manual,2025-12-28,2026-01-07,sugar,4128.416571428571,0.0
manual,2025-12-28,2026-01-07,tea_leaves,315.70971428571426,0.0
manual,2025-12-28,2026-01-08,bread,101.39657142857142,0.0
manual,2025-12-28,2026-01-08,chocolate_syrup,1508.297142857143,0.0
manual,2025-12-28,2026-01-08,coffee_beans,8017.755428571429,0.0
manual,2025-12-28,2026-01-08,croissant_dough,51.46971428571429,0.0
manual,2025-12-28,2026-01-08,cup_cold,105.06,0.0
manual,2025-12-28,2026-01-08,cup_hot,469.0914285714286,0.0
manual,2025-12-28,2026-01-08,ice,11926.902857142855,0.0
manual,2025-12-28,2026-01-08,milk,74955.6,0.0
manual,2025-12-28,2026-01-08,sugar,4128.416571428571,0.0
manual,2025-12-28,2026-01-08,tea_leaves,315.70971428571426,0.0
manual,2025-12-28,2026-01-09,bread,101.39657142857142,0.0
manual,2025-12-28,2026-01-09,chocolate_syrup,1508.297142857143,0.0
manual,2025-12-28,2026-01-09,coffee_beans,8017.755428571429,0.0
manual,2025-12-28,2026-01-09,croissant_dough,51.46971428571429,0.0
manual,2025-12-28,2026-01-09,cup_cold,105.06,0.0
manual,2025-12-28,2026-01-09,cup_hot,469.0914285714286,0.0
manual,2025-12-28,2026-01-09,ice,11926.902857142855,0.0
manual,2025-12-28,2026-01-09,milk,74955.6,0.0
manual,2025-12-28,2026-01-09,sugar,4128.416571428571,0.0
manual,2025-12-28,2026-01-09,tea_leaves,315.70971428571426,0.0
manual,2025-12-28,2026-01-10,bread,101.39657142857142,0.0
manual,2025-12-28,2026-01-10,chocolate_syrup,1508.297142857143,0.0
manual,2025-12-28,2026-01-10,coffee_beans,8017.755428571429,0.0
manual,2025-12-28,2026-01-10,croissant_dough,51.46971428571429,0.0
manual,2025-12-28,2026-01-10,cup_cold,105.06,0.0
manual,2025-12-28,2026-01-10,cup_hot,469.0914285714286,0.0
manual,2025-12-28,2026-01-10,ice,11926.902857142855,0.0
manual,2025-12-28,2026-01-10,milk,74955.6,0.0
manual,2025-12-28,2026-01-10,sugar,4128.416571428571,0.0
manual,2025-12-28,2026-01-10,tea_leaves,315.70971428571426,0.0
manual,2025-12-28,2026-01-11,bread,101.39657142857142,0.0
manual,2025-12-28,2026-01-11,chocolate_syrup,1508.297142857143,0.0
manual,2025-12-28,2026-01-11,coffee_beans,8017.755428571429,0.0
manual,2025-12-28,2026-01-11,croissant_dough,51.46971428571429,0.0
manual,2025-12-28,2026-01-11,cup_cold,105.06,0.0
manual,2025-12-28,2026-01-11,cup_hot,469.0914285714286,0.0
manual,2025-12-28,2026-01-11,ice,11926.902857142855,0.0
manual,2025-12-28,2026-01-11,milk,74955.6,0.0
manual,2025-12-28,2026-01-11,sugar,4128.416571428571,0.0
manual,2025-12-28,2026-01-11,tea_leaves,315.70971428571426,0.0
manual,2025-12-28,2026-01-12,bread,101.39657142857142,0.0
manual,2025-12-28,2026-01-12,chocolate_syrup,1508.297142857143,0.0
manual,2025-12-28,2026-01-12,coffee_beans,8017.755428571429,0.0
manual,2025-12-28,2026-01-12,croissant_dough,51.46971428571429,0.0
manual,2025-12-28,2026-01-12,cup_cold,105.06,0.0
manual,2025-12-28,2026-01-12,cup_hot,469.0914285714286,0.0
manual,2025-12-28,2026-01-12,ice,11926.902857142855,0.0
manual,2025-12-28,2026-01-12,milk,74955.6,0.0
manual,2025-12-28,2026-01-12,sugar,4128.416571428571,0.0
manual,2025-12-28,2026-01-12,tea_leaves,315.70971428571426,0.0
manual,2025-12-28,2026-01-13,bread,101.39657142857142,0.0
manual,2025-12-28,2026-01-13,chocolate_syrup,1508.297142857143,0.0
manual,2025-12-28,2026-01-13,coffee_beans,8017.755428571429,0.0
manual,2025-12-28,2026-01-13,croissant_dough,51.46971428571429,0.0
manual,2025-12-28,2026-01-13,cup_cold,105.06,0.0
manual,2025-12-28,2026-01-13,cup_hot,469.0914285714286,0.0
manual,2025-12-28,2026-01-13,ice,11926.902857142855,0.0
manual,2025-12-28,2026-01-13,milk,74955.59999999999,0.0
manual,2025-12-28,2026-01-13,sugar,4128.416571428572,0.0
manual,2025-12-28,2026-01-13,tea_leaves,315.70971428571426,0.0
seasonal_naive,2025-12-28,2025-12-28,bread,99.64,30.681904177479662
seasonal_naive,2025-12-28,2025-12-28,chocolate_syrup,1154.4,451.3732190295997
seasonal_naive,2025-12-28,2025-12-28,coffee_beans,6946.32,922.408638456352
seasonal_naive,2025-12-28,2025-12-28,croissant_dough,38.88,13.738694213109143
seasonal_naive,2025-12-28,2025-12-28,cup_cold,84.46,24.395882252526164
seasonal_naive,2025-12-28,2025-12-28,cup_hot,390.0266666666667,68.08299058203455
seasonal_naive,2025-12-28,2025-12-28,ice,9590.4,2847.417671049788
seasonal_naive,2025-12-28,2025-12-28,milk,59230.5,9128.144509828257
seasonal_naive,2025-12-28,2025-12-28,sugar,3203.3,520.8831915565657
seasonal_naive,2025-12-28,2025-12-28,tea_leaves,201.88,116.04557274556473
seasonal_naive,2025-12-28,2025-12-29,bread,61.48,30.681904177479662
seasonal_naive,2025-12-28,2025-12-29,chocolate_syrup,1154.4,451.3732190295997
seasonal_naive,2025-12-28,2025-12-29,coffee_beans,7860.959999999999,922.408638456352
seasonal_naive,2025-12-28,2025-12-29,croissant_dough,51.84,13.738694213109143
seasonal_naive,2025-12-28,2025-12-29,cup_cold,89.61,24.395882252526164
seasonal_naive,2025-12-28,2025-12-29,cup_hot,447.02,68.08299058203455
seasonal_naive,2025-12-28,2025-12-29,ice,10216.8,2847.417671049788
seasonal_naive,2025-12-28,2025-12-29,milk,66286.5,9128.144509828257
seasonal_naive,2025-12-28,2025-12-29,sugar,3587.49,520.8831915565657
seasonal_naive,2025-12-28,2025-12-29,tea_leaves,247.2,116.04557274556473
seasonal_naive,2025-12-28,2025-12-30,bread,89.04,30.681904177479662
seasonal_naive,2025-12-28,2025-12-30,chocolate_syrup,1123.2,451.3732190295997
seasonal_naive,2025-12-28,2025-12-30,coffee_beans,5543.46,922.408638456352
seasonal_naive,2025-12-28,2025-12-30,croissant_dough,47.52,13.738694213109143
seasonal_naive,2025-12-28,2025-12-30,cup_cold,67.98,24.395882252526164
seasonal_naive,2025-12-28,2025-12-30,cup_hot,341.96,68.08299058203455
seasonal_naive,2025-12-28,2025-12-30,ice,7668.000000000001,2847.417671049788
seasonal_naive,2025-12-28,2025-12-30,milk,52993.5,9128.144509828257
seasonal_naive,2025-12-28,2025-12-30,sugar,2948.8900000000003,520.8831915565657
seasonal_naive,2025-12-28,2025-12-30,tea_leaves,259.56,116.04557274556473
seasonal_naive,2025-12-28,2025-12-31,bread,137.8,30.681904177479662
seasonal_naive,2025-12-28,2025-12-31,chocolate_syrup,1591.2,451.3732190295997
seasonal_naive,2025-12-28,2025-12-31,coffee_beans,6637.32,922.408638456352
seasonal_naive,2025-12-28,2025-12-31,croissant_dough,35.64,13.738694213109143
seasonal_naive,2025-12-28,2025-12-31,cup_cold,99.91,24.395882252526164
seasonal_naive,2025-12-28,2025-12-31,cup_hot,400.67,68.08299058203455
seasonal_naive,2025-12-28,2025-12-31,ice,11318.4,2847.417671049788
seasonal_naive,2025-12-28,2025-12-31,milk,65089.5,9128.144509828257
seasonal_naive,2025-12-28,2025-12-31,sugar,3664.74,520.8831915565657
seasonal_naive,2025-12-28,2025-12-31,tea_leaves,317.24,116.04557274556473
seasonal_naive,2025-12-28,2026-01-01,bread,53.0,30.681904177479662
seasonal_naive,2025-12-28,2026-01-01,chocolate_syrup,748.8000000000001,451.3732190295997
seasonal_naive,2025-12-28,2026-01-01,coffee_beans,5339.52,922.408638456352
seasonal_naive,2025-12-28,2026-01-01,croissant_dough,35.64,13.738694213109143
seasonal_naive,2025-12-28,2026-01-01,cup_cold,81.37,24.395882252526164
seasonal_naive,2025-12-28,2026-01-01,cup_hot,275.01,68.08299058203455
seasonal_naive,2025-12-28,2026-01-01,ice,9201.6,2847.417671049788
seasonal_naive,2025-12-28,2026-01-01,milk,47943.0,9128.144509828257
seasonal_naive,2025-12-28,2026-01-01,sugar,2671.82,520.8831915565657
seasonal_naive,2025-12-28,2026-01-01,tea_leaves,140.08,116.04557274556473
seasonal_naive,2025-12-28,2026-01-02,bread,72.08,30.681904177479662
seasonal_naive,2025-12-28,2026-01-02,chocolate_syrup,1404.0000000000002,451.3732190295997
seasonal_naive,2025-12-28,2026-01-02,coffee_beans,6600.24,922.408638456352
seasonal_naive,2025-12-28,2026-01-02,croissant_dough,44.28,13.738694213109143
seasonal_naive,2025-12-28,2026-01-02,cup_cold,81.37,24.395882252526164
seasonal_naive,2025-12-28,2026-01-02,cup_hot,415.09,68.08299058203455
seasonal_naive,2025-12-28,2026-01-02,ice,9288.0,2847.417671049788
seasonal_naive,2025-12-28,2026-01-02,milk,62527.5,9128.144509828257
seasonal_naive,2025-12-28,2026-01-02,sugar,3522.6000000000004,520.8831915565657
seasonal_naive,2025-12-28,2026-01-02,tea_leaves,333.72,116.04557274556473
seasonal_naive,2025-12-28,2026-01-03,bread,78.44,30.681904177479662
seasonal_naive,2025-12-28,2026-01-03,chocolate_syrup,1622.4,451.3732190295997
seasonal_naive,2025-12-28,2026-01-03,coffee_beans,7842.419999999999,922.408638456352
seasonal_naive,2025-12-28,2026-01-03,croissant_dough,46.440000000000005,13.738694213109143
seasonal_naive,2025-12-28,2026-01-03,cup_cold,108.15,24.395882252526164
seasonal_naive,2025-12-28,2026-01-03,cup_hot,466.59,68.08299058203455
seasonal_naive,2025-12-28,2026-01-03,ice,12290.4,2847.417671049788
seasonal_naive,2025-12-28,2026-01-03,milk,83170.5,9128.144509828257
seasonal_naive,2025-12-28,2026-01-03,sugar,4483.59,520.8831915565657
seasonal_naive,2025-12-28,2026-01-03,tea_leaves,341.96000000000004,116.04557274556473
seasonal_naive,2025-12-28,2026-01-04,bread,99.64,30.681904177479662
seasonal_naive,2025-12-28,2026-01-04,chocolate_syrup,1154.4,451.3732190295997
seasonal_naive,2025-12-28,2026-01-04,coffee_beans,6946.32,922.408638456352
seasonal_naive,2025-12-28,2026-01-04,croissant_dough,38.88,13.738694213109143
seasonal_naive,2025-12-28,2026-01-04,cup_cold,84.46,24.395882252526164
seasonal_naive,2025-12-28,2026-01-04,cup_hot,390.0266666666667,68.08299058203455
seasonal_naive,2025-12-28,2026-01-04,ice,9590.4,2847.417671049788
seasonal_naive,2025-12-28,2026-01-04,milk,59230.5,9128.144509828257
seasonal_naive,2025-12-28,2026-01-04,sugar,3203.3,520.8831915565657
seasonal_naive,2025-12-28,2026-01-04,tea_leaves,201.88,116.04557274556473
seasonal_naive,2025-12-28,2026-01-05,bread,61.48,30.681904177479662
seasonal_naive,2025-12-28,2026-01-05,chocolate_syrup,1154.4,451.3732190295997
seasonal_naive,2025-12-28,2026-01-05,coffee_beans,7860.959999999999,922.408638456352
seasonal_naive,2025-12-28,2026-01-05,croissant_dough,51.84,13.738694213109143
seasonal_naive,2025-12-28,2026-01-05,cup_cold,89.61,24.395882252526164
seasonal_naive,2025-12-28,2026-01-05,cup_hot,447.02,68.08299058203455
seasonal_naive,2025-12-28,2026-01-05,ice,10216.8,2847.417671049788
seasonal_naive,2025-12-28,2026-01-05,milk,66286.5,9128.144509828257
seasonal_naive,2025-12-28,2026-01-05,sugar,3587.49,520.8831915565657
seasonal_naive,2025-12-28,2026-01-05,tea_leaves,247.2,116.04557274556473
seasonal_naive,2025-12-28,2026-01-06,bread,89.04,30.681904177479662
seasonal_naive,2025-12-28,2026-01-06,chocolate_syrup,1123.2,451.3732190295997
seasonal_naive,2025-12-28,2026-01-06,coffee_beans,5543.46,922.408638456352
seasonal_naive,2025-12-28,2026-01-06,croissant_dough,47.52,13.738694213109143
seasonal_naive,2025-12-28,2026-01-06,cup_cold,67.98,24.395882252526164
seasonal_naive,2025-12-28,2026-01-06,cup_hot,341.96,68.08299058203455
seasonal_naive,2025-12-28,2026-01-06,ice,7668.000000000001,2847.417671049788
seasonal_naive,2025-12-28,2026-01-06,milk,52993.5,9128.144509828257
seasonal_naive,2025-12-28,2026-01-06,sugar,2948.8900000000003,520.8831915565657
seasonal_naive,2025-12-28,2026-01-06,tea_leaves,259.56,116.04557274556473
seasonal_naive,2025-12-28,2026-01-07,bread,137.8,30.681904177479662
seasonal_naive,2025-12-28,2026-01-07,chocolate_syrup,1591.2,451.3732190295997
seasonal_naive,2025-12-28,2026-01-07,coffee_beans,6637.32,922.408638456352
seasonal_naive,2025-12-28,2026-01-07,croissant_dough,35.64,13.738694213109143
seasonal_naive,2025-12-28,2026-01-07,cup_cold,99.91,24.395882252526164
seasonal_naive,2025-12-28,2026-01-07,cup_hot,400.67,68.08299058203455
seasonal_naive,2025-12-28,2026-01-07,ice,11318.4,2847.417671049788
seasonal_naive,2025-12-28,2026-01-07,milk,65089.5,9128.144509828257
seasonal_naive,2025-12-28,2026-01-07,sugar,3664.74,520.8831915565657
seasonal_naive,2025-12-28,2026-01-07,tea_leaves,317.24,116.04557274556473
seasonal_naive,2025-12-28,2026-01-08,bread,53.0,30.681904177479662
seasonal_naive,2025-12-28,2026-01-08,chocolate_syrup,748.8000000000001,451.3732190295997
seasonal_naive,2025-12-28,2026-01-08,coffee_beans,5339.52,922.408638456352
seasonal_naive,2025-12-28,2026-01-08,croissant_dough,35.64,13.738694213109143
seasonal_naive,2025-12-28,2026-01-08,cup_cold,81.37,24.395882252526164
seasonal_naive,2025-12-28,2026-01-08,cup_hot,275.01,68.08299058203455
seasonal_naive,2025-12-28,2026-01-08,ice,9201.6,2847.417671049788
seasonal_naive,2025-12-28,2026-01-08,milk,47943.0,9128.144509828257
seasonal_naive,2025-12-28,2026-01-08,sugar,2671.82,520.8831915565657
seasonal_naive,2025-12-28,2026-01-08,tea_leaves,140.08,116.04557274556473
seasonal_naive,2025-12-28,2026-01-09,bread,72.08,30.681904177479662
seasonal_naive,2025-12-28,2026-01-09,chocolate_syrup,1404.0000000000002,451.3732190295997
seasonal_naive,2025-12-28,2026-01-09,coffee_beans,6600.24,922.408638456352
seasonal_naive,2025-12-28,2026-01-09,croissant_dough,44.28,13.738694213109143
seasonal_naive,2025-12-28,2026-01-09,cup_cold,81.37,24.395882252526164
seasonal_naive,2025-12-28,2026-01-09,cup_hot,415.09,68.08299058203455
seasonal_naive,2025-12-28,2026-01-09,ice,9288.0,2847.417671049788
seasonal_naive,2025-12-28,2026-01-09,milk,62527.5,9128.144509828257
seasonal_naive,2025-12-28,2026-01-09,sugar,3522.6000000000004,520.8831915565657
seasonal_naive,2025-12-28,2026-01-09,tea_leaves,333.72,116.04557274556473
seasonal_naive,2025-12-28,2026-01-10,bread,78.44,30.681904177479662
seasonal_naive,2025-12-28,2026-01-10,chocolate_syrup,1622.4,451.3732190295997
seasonal_naive,2025-12-28,2026-01-10,coffee_beans,7842.419999999999,922.408638456352
seasonal_naive,2025-12-28,2026-01-10,croissant_dough,46.440000000000005,13.738694213109143
seasonal_naive,2025-12-28,2026-01-10,cup_cold,108.15,24.395882252526164
seasonal_naive,2025-12-28,2026-01-10,cup_hot,466.59,68.08299058203455
seasonal_naive,2025-12-28,2026-01-10,ice,12290.4,2847.417671049788
seasonal_naive,2025-12-28,2026-01-10,milk,83170.5,9128.144509828257
seasonal_naive,2025-12-28,2026-01-10,sugar,4483.59,520.8831915565657
seasonal_naive,2025-12-28,2026-01-10,tea_leaves,341.96000000000004,116.04557274556473
seasonal_naive,2025-12-28,2026-01-11,bread,99.64,30.681904177479662
seasonal_naive,2025-12-28,2026-01-11,chocolate_syrup,1154.4,451.3732190295997
seasonal_naive,2025-12-28,2026-01-11,coffee_beans,6946.32,922.408638456352
seasonal_naive,2025-12-28,2026-01-11,croissant_dough,38.88,13.738694213109143
seasonal_naive,2025-12-28,2026-01-11,cup_cold,84.46,24.395882252526164
seasonal_naive,2025-12-28,2026-01-11,cup_hot,390.0266666666667,68.08299058203455
seasonal_naive,2025-12-28,2026-01-11,ice,9590.4,2847.417671049788
seasonal_naive,2025-12-28,2026-01-11,milk,59230.5,9128.144509828257
seasonal_naive,2025-12-28,2026-01-11,sugar,3203.3,520.8831915565657
seasonal_naive,2025-12-28,2026-01-11,tea_leaves,201.88,116.04557274556473
seasonal_naive,2025-12-28,2026-01-12,bread,61.48,30.681904177479662
seasonal_naive,2025-12-28,2026-01-12,chocolate_syrup,1154.4,451.3732190295997
seasonal_naive,2025-12-28,2026-01-12,coffee_beans,7860.959999999999,922.408638456352
seasonal_naive,2025-12-28,2026-01-12,croissant_dough,51.84,13.738694213109143
seasonal_naive,2025-12-28,2026-01-12,cup_cold,89.61,24.395882252526164
seasonal_naive,2025-12-28,2026-01-12,cup_hot,447.02,68.08299058203455
seasonal_naive,2025-12-28,2026-01-12,ice,10216.8,2847.417671049788
seasonal_naive,2025-12-28,2026-01-12,milk,66286.5,9128.144509828257
seasonal_naive,2025-12-28,2026-01-12,sugar,3587.49,520.8831915565657
seasonal_naive,2025-12-28,2026-01-12,tea_leaves,247.2,116.04557274556473
seasonal_naive,2025-12-28,2026-01-13,bread,89.04,30.681904177479662
seasonal_naive,2025-12-28,2026-01-13,chocolate_syrup,1123.2,451.3732190295997
seasonal_naive,2025-12-28,2026-01-13,coffee_beans,5543.459999999999,922.408638456352
seasonal_naive,2025-12-28,2026-01-13,croissant_dough,47.52,13.738694213109143
seasonal_naive,2025-12-28,2026-01-13,cup_cold,67.98,24.395882252526164
seasonal_naive,2025-12-28,2026-01-13,cup_hot,341.96,68.08299058203455
seasonal_naive,2025-12-28,2026-01-13,ice,7668.0,2847.417671049788
seasonal_naive,2025-12-28,2026-01-13,milk,52993.5,9128.144509828257
seasonal_naive,2025-12-28,2026-01-13,sugar,2948.8900000000003,520.8831915565657
seasonal_naive,2025-12-28,2026-01-13,tea_leaves,259.56,116.04557274556473
ml,2025-12-28,2025-12-28,bread,95.49652469104272,26.93568142827666
ml,2025-12-28,2025-12-28,chocolate_syrup,1094.0825632437616,261.9300839934704
ml,2025-12-28,2025-12-28,coffee_beans,7068.196635687034,1769.3342590341852
ml,2025-12-28,2025-12-28,croissant_dough,62.687319074216255,13.031626170216072
ml,2025-12-28,2025-12-28,cup_cold,95.34801804494704,25.854073579725707
ml,2025-12-28,2025-12-28,cup_hot,406.5087673505026,101.86112909257744
ml,2025-12-28,2025-12-28,ice,10852.030580121049,2915.812127658192
ml,2025-12-28,2025-12-28,milk,64898.4881020579,15716.067105384393
ml,2025-12-28,2025-12-28,sugar,3617.499254626882,910.1945724393768
ml,2025-12-28,2025-12-28,tea_leaves,292.2417729494994,83.08721639358916
ml,2025-12-28,2025-12-29,bread,83.32508739913561,26.93568142827666
ml,2025-12-28,2025-12-29,chocolate_syrup,997.2235363815024,261.9300839934704
ml,2025-12-28,2025-12-29,coffee_beans,5992.502946833362,1769.3342590341852
ml,2025-12-28,2025-12-29,croissant_dough,41.39185076627338,13.031626170216072
ml,2025-12-28,2025-12-29,cup_cold,81.26116497940072,25.854073579725707
ml,2025-12-28,2025-12-29,cup_hot,345.62027166955284,101.86112909257744
ml,2025-12-28,2025-12-29,ice,9266.069490917696,2915.812127658192
ml,2025-12-28,2025-12-29,milk,56096.9731866845,15716.067105384393
ml,2025-12-28,2025-12-29,sugar,3090.4766892080274,910.1945724393768
ml,2025-12-28,2025-12-29,tea_leaves,244.17377860639843,83.08721639358916
ml,2025-12-28,2025-12-30,bread,91.52124830728287,26.93568142827666
ml,2025-12-28,2025-12-30,chocolate_syrup,1073.0324005198245,261.9300839934704
ml,2025-12-28,2025-12-30,coffee_beans,6267.416995204038,1769.3342590341852
ml,2025-12-28,2025-12-30,croissant_dough,46.60370348561347,13.031626170216072
ml,2025-12-28,2025-12-30,cup_cold,91.80623341518807,25.854073579725707
ml,2025-12-28,2025-12-30,cup_hot,357.2207795582381,101.86112909257744
ml,2025-12-28,2025-12-30,ice,10427.541220924732,2915.812127658192
ml,2025-12-28,2025-12-30,milk,57606.58411418806,15716.067105384393
ml,2025-12-28,2025-12-30,sugar,3248.299105681577,910.1945724393768
ml,2025-12-28,2025-12-30,tea_leaves,261.65341545493305,83.08721639358916
ml,2025-12-28,2025-12-31,bread,97.1977201544669,26.93568142827666
ml,2025-12-28,2025-12-31,chocolate_syrup,1067.006852117111,261.9300839934704
ml,2025-12-28,2025-12-31,coffee_beans,6543.751901244083,1769.3342590341852
ml,2025-12-28,2025-12-31,croissant_dough,45.94342968416424,13.031626170216072
ml,2025-12-28,2025-12-31,cup_cold,98.92469827389156,25.854073579725707
ml,2025-12-28,2025-12-31,cup_hot,366.2354817457564,101.86112909257744
ml,2025-12-28,2025-12-31,ice,11248.724422866537,2915.812127658192
ml,2025-12-28,2025-12-31,milk,60172.69239237528,15716.067105384393
ml,2025-12-28,2025-12-31,sugar,3388.306898531785,910.1945724393768
ml,2025-12-28,2025-12-31,tea_leaves,265.57400813367303,83.08721639358916
ml,2025-12-28,2026-01-01,bread,79.15764828595462,26.93568142827666
ml,2025-12-28,2026-01-01,chocolate_syrup,907.0407296027928,261.9300839934704
ml,2025-12-28,2026-01-01,coffee_beans,5493.812114808753,1769.3342590341852
ml,2025-12-28,2026-01-01,croissant_dough,39.20813077804732,13.031626170216072
ml,2025-12-28,2026-01-01,cup_cold,81.87296489744163,25.854073579725707
ml,2025-12-28,2026-01-01,cup_hot,313.9358419090969,101.86112909257744
ml,2025-12-28,2026-01-01,ice,9330.445467525107,2915.812127658192
ml,2025-12-28,2026-01-01,milk,50633.402572889085,15716.067105384393
ml,2025-12-28,2026-01-01,sugar,2873.3295905283458,910.1945724393768
ml,2025-12-28,2026-01-01,tea_leaves,242.61219938520765,83.08721639358916
ml,2025-12-28,2026-01-02,bread,83.89239125075107,26.93568142827666
ml,2025-12-28,2026-01-02,chocolate_syrup,977.605619773034,261.9300839934704
ml,2025-12-28,2026-01-02,coffee_beans,6356.485714412019,1769.3342590341852
ml,2025-12-28,2026-01-02,croissant_dough,41.76992613823161,13.031626170216072
ml,2025-12-28,2026-01-02,cup_cold,91.8846772474841,25.854073579725707
ml,2025-12-28,2026-01-02,cup_hot,358.8916905225973,101.86112909257744
ml,2025-12-28,2026-01-02,ice,10457.464952253218,2915.812127658192
ml,2025-12-28,2026-01-02,milk,57696.85479238546,15716.067105384393
ml,2025-12-28,2026-01-02,sugar,3247.686413669377,910.1945724393768
ml,2025-12-28,2026-01-02,tea_leaves,261.4590146683097,83.08721639358916
ml,2025-12-28,2026-01-03,bread,96.20846433503992,26.93568142827666
ml,2025-12-28,2026-01-03,chocolate_syrup,1065.9125095607203,261.9300839934704
ml,2025-12-28,2026-01-03,coffee_beans,6952.509558965163,1769.3342590341852
ml,2025-12-28,2026-01-03,croissant_dough,48.83719046058885,13.031626170216072
ml,2025-12-28,2026-01-03,cup_cold,105.71999138014748,25.854073579725707
ml,2025-12-28,2026-01-03,cup_hot,392.3778033933432,101.86112909257744
ml,2025-12-28,2026-01-03,ice,12046.356798363668,2915.812127658192
ml,2025-12-28,2026-01-03,milk,64047.84708854432,15716.067105384393
ml,2025-12-28,2026-01-03,sugar,3634.255248987693,910.1945724393768
ml,2025-12-28,2026-01-03,tea_leaves,306.63394143748985,83.08721639358916
ml,2025-12-28,2026-01-04,bread,91.18215689434764,26.93568142827666
ml,2025-12-28,2026-01-04,chocolate_syrup,1039.566341755051,261.9300839934704
ml,2025-12-28,2026-01-04,coffee_beans,6303.165505104334,1769.3342590341852
ml,2025-12-28,2026-01-04,croissant_dough,45.41251181604502,13.031626170216072
ml,2025-12-28,2026-01-04,cup_cold,96.46617227699332,25.854073579725707
ml,2025-12-28,2026-01-04,cup_hot,351.3565600052874,101.86112909257744
ml,2025-12-28,2026-01-04,ice,11007.04677542839,2915.812127658192
ml,2025-12-28,2026-01-04,milk,57926.21763311241,15716.067105384393
ml,2025-12-28,2026-01-04,sugar,3258.7109679709583,910.1945724393768
ml,2025-12-28,2026-01-04,tea_leaves,253.31141534426607,83.08721639358916
ml,2025-12-28,2026-01-05,bread,76.46321292977778,26.93568142827666
ml,2025-12-28,2026-01-05,chocolate_syrup,904.1538726278592,261.9300839934704
ml,2025-12-28,2026-01-05,coffee_beans,5026.467038831643,1769.3342590341852
ml,2025-12-28,2026-01-05,croissant_dough,36.60652043946544,13.031626170216072
ml,2025-12-28,2026-01-05,cup_cold,80.56908991723681,25.854073579725707
ml,2025-12-28,2026-01-05,cup_hot,280.2262235870958,101.86112909257744
ml,2025-12-28,2026-01-05,ice,9178.597967293985,2915.812127658192
ml,2025-12-28,2026-01-05,milk,47028.92607666565,15716.067105384393
ml,2025-12-28,2026-01-05,sugar,2657.9756162966005,910.1945724393768
ml,2025-12-28,2026-01-05,tea_leaves,206.79390066926925,83.08721639358916
ml,2025-12-28,2026-01-06,bread,77.56874385544288,26.93568142827666
ml,2025-12-28,2026-01-06,chocolate_syrup,922.8801143508596,261.9300839934704
ml,2025-12-28,2026-01-06,coffee_beans,5123.102848471596,1769.3342590341852
ml,2025-12-28,2026-01-06,croissant_dough,38.87664826972458,13.031626170216072
ml,2025-12-28,2026-01-06,cup_cold,81.99425768895385,25.854073579725707
ml,2025-12-28,2026-01-06,cup_hot,285.2464238137986,101.86112909257744
ml,2025-12-28,2026-01-06,ice,9340.508280045957,2915.812127658192
ml,2025-12-28,2026-01-06,milk,47739.51659354287,15716.067105384393
ml,2025-12-28,2026-01-06,sugar,2696.019414412405,910.1945724393768
ml,2025-12-28,2026-01-06,tea_leaves,208.6279240709902,83.08721639358916
ml,2025-12-28,2026-01-07,bread,79.30632249686978,26.93568142827666
ml,2025-12-28,2026-01-07,chocolate_syrup,936.9238497087237,261.9300839934704
ml,2025-12-28,2026-01-07,coffee_beans,5330.829692823983,1769.3342590341852
ml,2025-12-28,2026-01-07,croissant_dough,40.18765215553081,13.031626170216072
ml,2025-12-28,2026-01-07,cup_cold,83.54745436809368,25.854073579725707
ml,2025-12-28,2026-01-07,cup_hot,295.1540154424025,101.86112909257744
ml,2025-12-28,2026-01-07,ice,9523.321645678205,2915.812127658192
ml,2025-12-28,2026-01-07,milk,49613.241720263264,15716.067105384393
ml,2025-12-28,2026-01-07,sugar,2782.3528026198173,910.1945724393768
ml,2025-12-28,2026-01-07,tea_leaves,206.45506307597324,83.08721639358916
ml,2025-12-28,2026-01-08,bread,82.09566624626345,26.93568142827666
ml,2025-12-28,2026-01-08,chocolate_syrup,972.8019658844504,261.9300839934704
ml,2025-12-28,2026-01-08,coffee_beans,5385.224622196407,1769.3342590341852
ml,2025-12-28,2026-01-08,croissant_dough,41.2193813805922,13.031626170216072
ml,2025-12-28,2026-01-08,cup_cold,80.63637518044091,25.854073579725707
ml,2025-12-28,2026-01-08,cup_hot,304.60774240767364,101.86112909257744
ml,2025-12-28,2026-01-08,ice,9170.50420307336,2915.812127658192
ml,2025-12-28,2026-01-08,milk,50391.68480346311,15716.067105384393
ml,2025-12-28,2026-01-08,sugar,2811.4411049677733,910.1945724393768
ml,2025-12-28,2026-01-08,tea_leaves,215.8001408650963,83.08721639358916
ml,2025-12-28,2026-01-09,bread,85.95149537894828,26.93568142827666
ml,2025-12-28,2026-01-09,chocolate_syrup,995.010962470342,261.9300839934704
ml,2025-12-28,2026-01-09,coffee_beans,5743.222470937308,1769.3342590341852
ml,2025-12-28,2026-01-09,croissant_dough,43.24966451553974,13.031626170216072
ml,2025-12-28,2026-01-09,cup_cold,89.52262374709069,25.854073579725707
ml,2025-12-28,2026-01-09,cup_hot,319.2538645749528,101.86112909257744
ml,2025-12-28,2026-01-09,ice,10191.494351202073,2915.812127658192
ml,2025-12-28,2026-01-09,milk,52733.96187787261,15716.067105384393
ml,2025-12-28,2026-01-09,sugar,2972.9369748621125,910.1945724393768
ml,2025-12-28,2026-01-09,tea_leaves,227.44181983059443,83.08721639358916
ml,2025-12-28,2026-01-10,bread,93.9140128265674,26.93568142827666
ml,2025-12-28,2026-01-10,chocolate_syrup,1057.849136183739,261.9300839934704
ml,2025-12-28,2026-01-10,coffee_beans,6387.540244582585,1769.3342590341852
ml,2025-12-28,2026-01-10,croissant_dough,48.11164201337684,13.031626170216072
ml,2025-12-28,2026-01-10,cup_cold,98.8348943741812,25.854073579725707
ml,2025-12-28,2026-01-10,cup_hot,352.8542965521638,101.86112909257744
ml,2025-12-28,2026-01-10,ice,11275.805546269132,2915.812127658192
ml,2025-12-28,2026-01-10,milk,58263.196191921605,15716.067105384393
ml,2025-12-28,2026-01-10,sugar,3272.5243469755087,910.1945724393768
ml,2025-12-28,2026-01-10,tea_leaves,247.61304137045727,83.08721639358916
ml,2025-12-28,2026-01-11,bread,97.13734701305148,26.93568142827666
ml,2025-12-28,2026-01-11,chocolate_syrup,1071.8956980747132,261.9300839934704
ml,2025-12-28,2026-01-11,coffee_beans,6419.21637035752,1769.3342590341852
ml,2025-12-28,2026-01-11,croissant_dough,48.80173813060479,13.031626170216072
ml,2025-12-28,2026-01-11,cup_cold,100.0708674797853,25.854073579725707
ml,2025-12-28,2026-01-11,cup_hot,357.18285884662595,101.86112909257744
ml,2025-12-28,2026-01-11,ice,11412.99353662005,2915.812127658192
ml,2025-12-28,2026-01-11,milk,58913.09765482997,15716.067105384393
ml,2025-12-28,2026-01-11,sugar,3327.440282731161,910.1945724393768
ml,2025-12-28,2026-01-11,tea_leaves,260.97717740350936,83.08721639358916
ml,2025-12-28,2026-01-12,bread,81.74182989014268,26.93568142827666
ml,2025-12-28,2026-01-12,chocolate_syrup,941.6040912256316,261.9300839934704
ml,2025-12-28,2026-01-12,coffee_beans,5567.271081713675,1769.3342590341852
ml,2025-12-28,2026-01-12,croissant_dough,40.38954990487084,13.031626170216072
ml,2025-12-28,2026-01-12,cup_cold,87.45088142309548,25.854073579725707
ml,2025-12-28,2026-01-12,cup_hot,309.3449734716417,101.86112909257744
ml,2025-12-28,2026-01-12,ice,9961.912224447708,2915.812127658192
ml,2025-12-28,2026-01-12,milk,51677.90074344198,15716.067105384393
ml,2025-12-28,2026-01-12,sugar,2912.469495882141,910.1945724393768
ml,2025-12-28,2026-01-12,tea_leaves,225.67204065594387,83.08721639358916
ml,2025-12-28,2026-01-13,bread,87.42499258551287,26.93568142827666
ml,2025-12-28,2026-01-13,chocolate_syrup,981.6418694968504,261.9300839934704
ml,2025-12-28,2026-01-13,coffee_beans,5716.710936363179,1769.3342590341852
ml,2025-12-28,2026-01-13,croissant_dough,43.05419470307423,13.031626170216072
ml,2025-12-28,2026-01-13,cup_cold,90.63210324053642,25.854073579725707
ml,2025-12-28,2026-01-13,cup_hot,317.3747903489155,101.86112909257744
ml,2025-12-28,2026-01-13,ice,10325.601324469422,2915.812127658192
ml,2025-12-28,2026-01-13,milk,53232.80589789029,15716.067105384393
ml,2025-12-28,2026-01-13,sugar,3001.0133505406384,910.1945724393768
ml,2025-12-28,2026-01-13,tea_leaves,232.02029889482472,83.08721639358916
