policy,date,item,demand,served,lost,lost_sales_value
manual,2025-07-20,americano,50,50,0,0.0
manual,2025-07-20,cappuccino,80,80,0,0.0
manual,2025-07-20,cold_coffee,46,46,0,0.0
manual,2025-07-20,croissant,26,26,0,0.0
manual,2025-07-20,espresso,72,72,0,0.0
manual,2025-07-20,hot_chocolate,38,38,0,0.0
manual,2025-07-20,iced_latte,37,37,0,0.0
manual,2025-07-20,latte,66,66,0,0.0
manual,2025-07-20,masala_chai,55,55,0,0.0
manual,2025-07-20,sandwich,54,40,14,2520.0
manual,2025-07-21,americano,26,26,0,0.0
manual,2025-07-21,cappuccino,52,52,0,0.0
manual,2025-07-21,cold_coffee,41,41,0,0.0
manual,2025-07-21,croissant,26,26,0,0.0
manual,2025-07-21,espresso,66,66,0,0.0
manual,2025-07-21,hot_chocolate,33,33,0,0.0
manual,2025-07-21,iced_latte,44,44,0,0.0
manual,2025-07-21,latte,83,83,0,0.0
manual,2025-07-21,masala_chai,62,62,0,0.0
manual,2025-07-21,sandwich,29,29,0,0.0
manual,2025-07-22,americano,49,49,0,0.0
manual,2025-07-22,cappuccino,57,57,0,0.0
manual,2025-07-22,cold_coffee,22,22,0,0.0
manual,2025-07-22,croissant,20,20,0,0.0
manual,2025-07-22,espresso,73,73,0,0.0
manual,2025-07-22,hot_chocolate,27,27,0,0.0
manual,2025-07-22,iced_latte,30,30,0,0.0
manual,2025-07-22,latte,66,66,0,0.0
manual,2025-07-22,masala_chai,60,60,0,0.0
manual,2025-07-22,sandwich,42,42,0,0.0
manual,2025-07-23,americano,44,44,0,0.0
manual,2025-07-23,cappuccino,61,58,3,450.0
manual,2025-07-23,cold_coffee,25,25,0,0.0
manual,2025-07-23,croissant,27,27,0,0.0
manual,2025-07-23,espresso,42,0,42,3780.0
manual,2025-07-23,hot_chocolate,37,0,37,6290.0
manual,2025-07-23,iced_latte,26,26,0,0.0
manual,2025-07-23,latte,67,0,67,10720.0
manual,2025-07-23,masala_chai,71,0,71,5680.0
manual,2025-07-23,sandwich,43,43,0,0.0
manual,2025-07-24,americano,24,24,0,0.0
manual,2025-07-24,cappuccino,67,67,0,0.0
manual,2025-07-24,cold_coffee,23,23,0,0.0
manual,2025-07-24,croissant,38,38,0,0.0
manual,2025-07-24,espresso,97,97,0,0.0
manual,2025-07-24,hot_chocolate,19,19,0,0.0
manual,2025-07-24,iced_latte,22,22,0,0.0
manual,2025-07-24,latte,48,48,0,0.0
manual,2025-07-24,masala_chai,67,67,0,0.0
manual,2025-07-24,sandwich,28,28,0,0.0
manual,2025-07-25,americano,59,59,0,0.0
manual,2025-07-25,cappuccino,48,48,0,0.0
manual,2025-07-25,cold_coffee,57,57,0,0.0
manual,2025-07-25,croissant,24,24,0,0.0
manual,2025-07-25,espresso,52,52,0,0.0
manual,2025-07-25,hot_chocolate,40,40,0,0.0
manual,2025-07-25,iced_latte,39,39,0,0.0
manual,2025-07-25,latte,87,87,0,0.0
manual,2025-07-25,masala_chai,102,102,0,0.0
manual,2025-07-25,sandwich,32,32,0,0.0
manual,2025-07-26,americano,42,42,0,0.0
manual,2025-07-26,cappuccino,74,74,0,0.0
manual,2025-07-26,cold_coffee,51,51,0,0.0
manual,2025-07-26,croissant,42,42,0,0.0
manual,2025-07-26,espresso,79,79,0,0.0
manual,2025-07-26,hot_chocolate,65,65,0,0.0
manual,2025-07-26,iced_latte,48,48,0,0.0
manual,2025-07-26,latte,61,61,0,0.0
manual,2025-07-26,masala_chai,92,92,0,0.0
manual,2025-07-26,sandwich,36,36,0,0.0
manual,2025-07-27,americano,43,43,0,0.0
manual,2025-07-27,cappuccino,114,114,0,0.0
manual,2025-07-27,cold_coffee,60,60,0,0.0
manual,2025-07-27,croissant,32,32,0,0.0
manual,2025-07-27,espresso,94,94,0,0.0
manual,2025-07-27,hot_chocolate,51,51,0,0.0
manual,2025-07-27,iced_latte,47,47,0,0.0
manual,2025-07-27,latte,95,95,0,0.0
manual,2025-07-27,masala_chai,84,84,0,0.0
manual,2025-07-27,sandwich,36,36,0,0.0
manual,2025-07-28,americano,50,50,0,0.0
manual,2025-07-28,cappuccino,47,47,0,0.0
manual,2025-07-28,cold_coffee,50,50,0,0.0
manual,2025-07-28,croissant,24,24,0,0.0
manual,2025-07-28,espresso,58,58,0,0.0
manual,2025-07-28,hot_chocolate,22,22,0,0.0
manual,2025-07-28,iced_latte,14,14,0,0.0
manual,2025-07-28,latte,74,74,0,0.0
manual,2025-07-28,masala_chai,59,59,0,0.0
manual,2025-07-28,sandwich,36,36,0,0.0
manual,2025-07-29,americano,53,53,0,0.0
manual,2025-07-29,cappuccino,72,72,0,0.0
manual,2025-07-29,cold_coffee,45,45,0,0.0
manual,2025-07-29,croissant,35,35,0,0.0
manual,2025-07-29,espresso,95,95,0,0.0
manual,2025-07-29,hot_chocolate,44,44,0,0.0
manual,2025-07-29,iced_latte,40,40,0,0.0
manual,2025-07-29,latte,77,77,0,0.0
manual,2025-07-29,masala_chai,78,78,0,0.0
manual,2025-07-29,sandwich,47,47,0,0.0
manual,2025-07-30,americano,44,44,0,0.0
manual,2025-07-30,cappuccino,66,66,0,0.0
manual,2025-07-30,cold_coffee,42,42,0,0.0
manual,2025-07-30,croissant,32,32,0,0.0
manual,2025-07-30,espresso,50,50,0,0.0
manual,2025-07-30,hot_chocolate,26,26,0,0.0
manual,2025-07-30,iced_latte,38,38,0,0.0
manual,2025-07-30,latte,77,77,0,0.0
manual,2025-07-30,masala_chai,48,48,0,0.0
manual,2025-07-30,sandwich,41,41,0,0.0
manual,2025-07-31,americano,44,44,0,0.0
manual,2025-07-31,cappuccino,69,69,0,0.0
manual,2025-07-31,cold_coffee,58,58,0,0.0
manual,2025-07-31,croissant,40,40,0,0.0
manual,2025-07-31,espresso,67,67,0,0.0
manual,2025-07-31,hot_chocolate,33,33,0,0.0
manual,2025-07-31,iced_latte,37,37,0,0.0
manual,2025-07-31,latte,114,114,0,0.0
manual,2025-07-31,masala_chai,59,59,0,0.0
manual,2025-07-31,sandwich,31,31,0,0.0
manual,2025-08-01,americano,62,62,0,0.0
manual,2025-08-01,cappuccino,98,98,0,0.0
manual,2025-08-01,cold_coffee,61,61,0,0.0
manual,2025-08-01,croissant,48,38,10,1400.0
manual,2025-08-01,espresso,74,74,0,0.0
manual,2025-08-01,hot_chocolate,39,39,0,0.0
manual,2025-08-01,iced_latte,47,47,0,0.0
manual,2025-08-01,latte,89,89,0,0.0
manual,2025-08-01,masala_chai,82,82,0,0.0
manual,2025-08-01,sandwich,39,39,0,0.0
manual,2025-08-02,americano,40,40,0,0.0
manual,2025-08-02,cappuccino,46,46,0,0.0
manual,2025-08-02,cold_coffee,53,53,0,0.0
manual,2025-08-02,croissant,53,37,16,2240.0
manual,2025-08-02,espresso,74,74,0,0.0
manual,2025-08-02,hot_chocolate,50,50,0,0.0
manual,2025-08-02,iced_latte,50,50,0,0.0
manual,2025-08-02,latte,80,80,0,0.0
manual,2025-08-02,masala_chai,58,58,0,0.0
manual,2025-08-02,sandwich,46,46,0,0.0
manual,2025-08-03,americano,64,64,0,0.0
manual,2025-08-03,cappuccino,84,84,0,0.0
manual,2025-08-03,cold_coffee,111,111,0,0.0
manual,2025-08-03,croissant,69,37,32,4480.0
manual,2025-08-03,espresso,62,62,0,0.0
manual,2025-08-03,hot_chocolate,44,44,0,0.0
manual,2025-08-03,iced_latte,56,56,0,0.0
manual,2025-08-03,latte,90,90,0,0.0
manual,2025-08-03,masala_chai,104,104,0,0.0
manual,2025-08-03,sandwich,49,44,5,900.0
manual,2025-08-04,americano,31,31,0,0.0
manual,2025-08-04,cappuccino,46,46,0,0.0
manual,2025-08-04,cold_coffee,32,32,0,0.0
manual,2025-08-04,croissant,36,36,0,0.0
manual,2025-08-04,espresso,61,61,0,0.0
manual,2025-08-04,hot_chocolate,33,33,0,0.0
manual,2025-08-04,iced_latte,32,32,0,0.0
manual,2025-08-04,latte,68,68,0,0.0
manual,2025-08-04,masala_chai,74,74,0,0.0
manual,2025-08-04,sandwich,38,38,0,0.0
manual,2025-08-05,americano,33,33,0,0.0
manual,2025-08-05,cappuccino,61,61,0,0.0
manual,2025-08-05,cold_coffee,50,50,0,0.0
manual,2025-08-05,croissant,23,23,0,0.0
manual,2025-08-05,espresso,53,53,0,0.0
manual,2025-08-05,hot_chocolate,28,28,0,0.0
manual,2025-08-05,iced_latte,24,24,0,0.0
manual,2025-08-05,latte,75,75,0,0.0
manual,2025-08-05,masala_chai,34,34,0,0.0
manual,2025-08-05,sandwich,27,27,0,0.0
manual,2025-08-06,americano,30,30,0,0.0
manual,2025-08-06,cappuccino,74,74,0,0.0
manual,2025-08-06,cold_coffee,41,41,0,0.0
manual,2025-08-06,croissant,38,38,0,0.0
manual,2025-08-06,espresso,67,67,0,0.0
manual,2025-08-06,hot_chocolate,35,35,0,0.0
manual,2025-08-06,iced_latte,48,48,0,0.0
manual,2025-08-06,latte,85,85,0,0.0
manual,2025-08-06,masala_chai,78,78,0,0.0
manual,2025-08-06,sandwich,34,34,0,0.0
manual,2025-08-07,americano,45,45,0,0.0
manual,2025-08-07,cappuccino,56,56,0,0.0
manual,2025-08-07,cold_coffee,60,60,0,0.0
manual,2025-08-07,croissant,16,16,0,0.0
manual,2025-08-07,espresso,41,41,0,0.0
manual,2025-08-07,hot_chocolate,22,22,0,0.0
manual,2025-08-07,iced_latte,36,36,0,0.0
manual,2025-08-07,latte,49,49,0,0.0
manual,2025-08-07,masala_chai,37,37,0,0.0
manual,2025-08-07,sandwich,27,27,0,0.0
manual,2025-08-08,americano,45,45,0,0.0
manual,2025-08-08,cappuccino,92,92,0,0.0
manual,2025-08-08,cold_coffee,47,47,0,0.0
manual,2025-08-08,croissant,32,32,0,0.0
manual,2025-08-08,espresso,74,74,0,0.0
manual,2025-08-08,hot_chocolate,30,30,0,0.0
manual,2025-08-08,iced_latte,43,43,0,0.0
manual,2025-08-08,latte,64,64,0,0.0
manual,2025-08-08,masala_chai,72,72,0,0.0
manual,2025-08-08,sandwich,35,35,0,0.0
manual,2025-08-09,americano,40,40,0,0.0
manual,2025-08-09,cappuccino,58,58,0,0.0
manual,2025-08-09,cold_coffee,66,66,0,0.0
manual,2025-08-09,croissant,46,46,0,0.0
manual,2025-08-09,espresso,86,86,0,0.0
manual,2025-08-09,hot_chocolate,98,98,0,0.0
manual,2025-08-09,iced_latte,31,31,0,0.0
manual,2025-08-09,latte,77,77,0,0.0
manual,2025-08-09,masala_chai,60,60,0,0.0
manual,2025-08-09,sandwich,45,45,0,0.0
manual,2025-08-10,americano,24,24,0,0.0
manual,2025-08-10,cappuccino,108,108,0,0.0
manual,2025-08-10,cold_coffee,54,54,0,0.0
manual,2025-08-10,croissant,45,45,0,0.0
manual,2025-08-10,espresso,67,67,0,0.0
manual,2025-08-10,hot_chocolate,38,38,0,0.0
manual,2025-08-10,iced_latte,41,41,0,0.0
manual,2025-08-10,latte,76,76,0,0.0
manual,2025-08-10,masala_chai,84,84,0,0.0
manual,2025-08-10,sandwich,47,47,0,0.0
manual,2025-08-11,americano,34,34,0,0.0
manual,2025-08-11,cappuccino,104,104,0,0.0
manual,2025-08-11,cold_coffee,32,32,0,0.0
manual,2025-08-11,croissant,45,45,0,0.0
manual,2025-08-11,espresso,80,80,0,0.0
manual,2025-08-11,hot_chocolate,42,42,0,0.0
manual,2025-08-11,iced_latte,17,17,0,0.0
manual,2025-08-11,latte,119,119,0,0.0
manual,2025-08-11,masala_chai,100,100,0,0.0
manual,2025-08-11,sandwich,26,26,0,0.0
manual,2025-08-12,americano,45,45,0,0.0
manual,2025-08-12,cappuccino,86,86,0,0.0
manual,2025-08-12,cold_coffee,50,50,0,0.0
manual,2025-08-12,croissant,34,34,0,0.0
manual,2025-08-12,espresso,52,52,0,0.0
manual,2025-08-12,hot_chocolate,39,39,0,0.0
manual,2025-08-12,iced_latte,22,22,0,0.0
manual,2025-08-12,latte,54,54,0,0.0
manual,2025-08-12,masala_chai,70,70,0,0.0
manual,2025-08-12,sandwich,50,50,0,0.0
manual,2025-08-13,americano,49,49,0,0.0
manual,2025-08-13,cappuccino,71,71,0,0.0
manual,2025-08-13,cold_coffee,45,45,0,0.0
manual,2025-08-13,croissant,41,41,0,0.0
manual,2025-08-13,espresso,92,92,0,0.0
manual,2025-08-13,hot_chocolate,31,31,0,0.0
manual,2025-08-13,iced_latte,22,22,0,0.0
manual,2025-08-13,latte,75,75,0,0.0
manual,2025-08-13,masala_chai,106,106,0,0.0
manual,2025-08-13,sandwich,48,42,6,1080.0
manual,2025-08-14,americano,44,44,0,0.0
manual,2025-08-14,cappuccino,127,127,0,0.0
manual,2025-08-14,cold_coffee,34,34,0,0.0
manual,2025-08-14,croissant,30,30,0,0.0
manual,2025-08-14,espresso,95,95,0,0.0
manual,2025-08-14,hot_chocolate,46,46,0,0.0
manual,2025-08-14,iced_latte,20,20,0,0.0
manual,2025-08-14,latte,106,106,0,0.0
manual,2025-08-14,masala_chai,111,111,0,0.0
manual,2025-08-14,sandwich,50,47,3,540.0
manual,2025-08-15,americano,24,24,0,0.0
manual,2025-08-15,cappuccino,67,67,0,0.0
manual,2025-08-15,cold_coffee,59,59,0,0.0
manual,2025-08-15,croissant,25,25,0,0.0
manual,2025-08-15,espresso,38,38,0,0.0
manual,2025-08-15,hot_chocolate,42,42,0,0.0
manual,2025-08-15,iced_latte,32,32,0,0.0
manual,2025-08-15,latte,80,80,0,0.0
manual,2025-08-15,masala_chai,70,70,0,0.0
manual,2025-08-15,sandwich,32,32,0,0.0
manual,2025-08-16,americano,30,30,0,0.0
manual,2025-08-16,cappuccino,62,62,0,0.0
manual,2025-08-16,cold_coffee,70,70,0,0.0
manual,2025-08-16,croissant,23,23,0,0.0
manual,2025-08-16,espresso,76,76,0,0.0
manual,2025-08-16,hot_chocolate,51,51,0,0.0
manual,2025-08-16,iced_latte,40,40,0,0.0
manual,2025-08-16,latte,80,80,0,0.0
manual,2025-08-16,masala_chai,62,62,0,0.0
manual,2025-08-16,sandwich,58,58,0,0.0
manual,2025-08-17,americano,77,77,0,0.0
manual,2025-08-17,cappuccino,104,104,0,0.0
manual,2025-08-17,cold_coffee,38,38,0,0.0
manual,2025-08-17,croissant,57,55,2,280.0
manual,2025-08-17,espresso,77,77,0,0.0
manual,2025-08-17,hot_chocolate,55,55,0,0.0
manual,2025-08-17,iced_latte,30,30,0,0.0
manual,2025-08-17,latte,142,142,0,0.0
manual,2025-08-17,masala_chai,152,152,0,0.0
manual,2025-08-17,sandwich,55,33,22,3960.0
manual,2025-08-18,americano,46,46,0,0.0
manual,2025-08-18,cappuccino,104,104,0,0.0
manual,2025-08-18,cold_coffee,28,28,0,0.0
manual,2025-08-18,croissant,30,28,2,280.0
manual,2025-08-18,espresso,53,53,0,0.0
manual,2025-08-18,hot_chocolate,35,35,0,0.0
manual,2025-08-18,iced_latte,29,29,0,0.0
manual,2025-08-18,latte,95,95,0,0.0
manual,2025-08-18,masala_chai,67,67,0,0.0
manual,2025-08-18,sandwich,57,56,1,180.0
manual,2025-08-19,americano,32,32,0,0.0
manual,2025-08-19,cappuccino,56,56,0,0.0
manual,2025-08-19,cold_coffee,38,38,0,0.0
manual,2025-08-19,croissant,48,46,2,280.0
manual,2025-08-19,espresso,65,65,0,0.0
manual,2025-08-19,hot_chocolate,29,29,0,0.0
manual,2025-08-19,iced_latte,17,17,0,0.0
manual,2025-08-19,latte,50,50,0,0.0
manual,2025-08-19,masala_chai,58,58,0,0.0
manual,2025-08-19,sandwich,27,27,0,0.0
manual,2025-08-20,americano,24,24,0,0.0
manual,2025-08-20,cappuccino,65,65,0,0.0
manual,2025-08-20,cold_coffee,15,15,0,0.0
manual,2025-08-20,croissant,32,32,0,0.0
manual,2025-08-20,espresso,73,73,0,0.0
manual,2025-08-20,hot_chocolate,21,21,0,0.0
manual,2025-08-20,iced_latte,24,24,0,0.0
manual,2025-08-20,latte,48,48,0,0.0
manual,2025-08-20,masala_chai,43,43,0,0.0
manual,2025-08-20,sandwich,31,31,0,0.0
manual,2025-08-21,americano,59,59,0,0.0
manual,2025-08-21,cappuccino,46,46,0,0.0
manual,2025-08-21,cold_coffee,51,51,0,0.0
manual,2025-08-21,croissant,48,48,0,0.0
manual,2025-08-21,espresso,55,55,0,0.0
manual,2025-08-21,hot_chocolate,32,32,0,0.0
manual,2025-08-21,iced_latte,37,37,0,0.0
manual,2025-08-21,latte,67,67,0,0.0
manual,2025-08-21,masala_chai,70,70,0,0.0
manual,2025-08-21,sandwich,41,41,0,0.0
manual,2025-08-22,americano,52,52,0,0.0
manual,2025-08-22,cappuccino,59,59,0,0.0
manual,2025-08-22,cold_coffee,30,30,0,0.0
manual,2025-08-22,croissant,51,41,10,1400.0
manual,2025-08-22,espresso,64,64,0,0.0
manual,2025-08-22,hot_chocolate,43,43,0,0.0
manual,2025-08-22,iced_latte,41,41,0,0.0
manual,2025-08-22,latte,89,89,0,0.0
manual,2025-08-22,masala_chai,72,72,0,0.0
manual,2025-08-22,sandwich,33,33,0,0.0
manual,2025-08-23,americano,67,67,0,0.0
manual,2025-08-23,cappuccino,76,76,0,0.0
manual,2025-08-23,cold_coffee,69,69,0,0.0
manual,2025-08-23,croissant,38,38,0,0.0
manual,2025-08-23,espresso,49,49,0,0.0
manual,2025-08-23,hot_chocolate,30,30,0,0.0
manual,2025-08-23,iced_latte,36,36,0,0.0
manual,2025-08-23,latte,93,93,0,0.0
manual,2025-08-23,masala_chai,70,70,0,0.0
manual,2025-08-23,sandwich,59,59,0,0.0
manual,2025-08-24,americano,47,47,0,0.0
manual,2025-08-24,cappuccino,66,66,0,0.0
manual,2025-08-24,cold_coffee,33,33,0,0.0
manual,2025-08-24,croissant,31,31,0,0.0
manual,2025-08-24,espresso,74,74,0,0.0
manual,2025-08-24,hot_chocolate,24,24,0,0.0
manual,2025-08-24,iced_latte,42,42,0,0.0
manual,2025-08-24,latte,80,80,0,0.0
manual,2025-08-24,masala_chai,51,51,0,0.0
manual,2025-08-24,sandwich,35,35,0,0.0
manual,2025-08-25,americano,49,49,0,0.0
manual,2025-08-25,cappuccino,66,66,0,0.0
manual,2025-08-25,cold_coffee,35,35,0,0.0
manual,2025-08-25,croissant,30,30,0,0.0
manual,2025-08-25,espresso,39,39,0,0.0
manual,2025-08-25,hot_chocolate,30,30,0,0.0
manual,2025-08-25,iced_latte,18,18,0,0.0
manual,2025-08-25,latte,88,88,0,0.0
manual,2025-08-25,masala_chai,58,58,0,0.0
manual,2025-08-25,sandwich,29,29,0,0.0
manual,2025-08-26,americano,35,35,0,0.0
manual,2025-08-26,cappuccino,79,79,0,0.0
manual,2025-08-26,cold_coffee,41,41,0,0.0
manual,2025-08-26,croissant,23,23,0,0.0
manual,2025-08-26,espresso,105,105,0,0.0
manual,2025-08-26,hot_chocolate,42,42,0,0.0
manual,2025-08-26,iced_latte,37,37,0,0.0
manual,2025-08-26,latte,88,88,0,0.0
manual,2025-08-26,masala_chai,67,67,0,0.0
manual,2025-08-26,sandwich,55,55,0,0.0
manual,2025-08-27,americano,41,41,0,0.0
manual,2025-08-27,cappuccino,48,48,0,0.0
manual,2025-08-27,cold_coffee,43,43,0,0.0
manual,2025-08-27,croissant,35,35,0,0.0
manual,2025-08-27,espresso,84,84,0,0.0
manual,2025-08-27,hot_chocolate,33,33,0,0.0
manual,2025-08-27,iced_latte,33,33,0,0.0
manual,2025-08-27,latte,43,43,0,0.0
manual,2025-08-27,masala_chai,58,58,0,0.0
manual,2025-08-27,sandwich,16,16,0,0.0
manual,2025-08-28,americano,55,55,0,0.0
manual,2025-08-28,cappuccino,50,50,0,0.0
manual,2025-08-28,cold_coffee,24,24,0,0.0
manual,2025-08-28,croissant,29,29,0,0.0
manual,2025-08-28,espresso,98,98,0,0.0
manual,2025-08-28,hot_chocolate,22,22,0,0.0
manual,2025-08-28,iced_latte,35,35,0,0.0
manual,2025-08-28,latte,121,121,0,0.0
manual,2025-08-28,masala_chai,60,60,0,0.0
manual,2025-08-28,sandwich,42,42,0,0.0
manual,2025-08-29,americano,55,55,0,0.0
manual,2025-08-29,cappuccino,90,90,0,0.0
manual,2025-08-29,cold_coffee,43,43,0,0.0
manual,2025-08-29,croissant,42,42,0,0.0
manual,2025-08-29,espresso,94,94,0,0.0
manual,2025-08-29,hot_chocolate,40,40,0,0.0
manual,2025-08-29,iced_latte,41,41,0,0.0
manual,2025-08-29,latte,106,106,0,0.0
manual,2025-08-29,masala_chai,99,99,0,0.0
manual,2025-08-29,sandwich,42,42,0,0.0
manual,2025-08-30,americano,46,46,0,0.0
manual,2025-08-30,cappuccino,61,61,0,0.0
manual,2025-08-30,cold_coffee,87,87,0,0.0
manual,2025-08-30,croissant,58,58,0,0.0
manual,2025-08-30,espresso,121,121,0,0.0
manual,2025-08-30,hot_chocolate,64,64,0,0.0
manual,2025-08-30,iced_latte,38,38,0,0.0
manual,2025-08-30,latte,85,85,0,0.0
manual,2025-08-30,masala_chai,80,80,0,0.0
manual,2025-08-30,sandwich,45,45,0,0.0
manual,2025-08-31,americano,59,59,0,0.0
manual,2025-08-31,cappuccino,107,107,0,0.0
manual,2025-08-31,cold_coffee,83,83,0,0.0
manual,2025-08-31,croissant,39,39,0,0.0
manual,2025-08-31,espresso,84,84,0,0.0
manual,2025-08-31,hot_chocolate,34,34,0,0.0
manual,2025-08-31,iced_latte,48,48,0,0.0
manual,2025-08-31,latte,134,134,0,0.0
manual,2025-08-31,masala_chai,103,103,0,0.0
manual,2025-08-31,sandwich,53,53,0,0.0
manual,2025-09-01,americano,41,41,0,0.0
manual,2025-09-01,cappuccino,97,97,0,0.0
manual,2025-09-01,cold_coffee,51,51,0,0.0
manual,2025-09-01,croissant,22,22,0,0.0
manual,2025-09-01,espresso,119,119,0,0.0
manual,2025-09-01,hot_chocolate,19,19,0,0.0
manual,2025-09-01,iced_latte,29,29,0,0.0
manual,2025-09-01,latte,60,60,0,0.0
manual,2025-09-01,masala_chai,124,124,0,0.0
manual,2025-09-01,sandwich,45,38,7,1260.0
manual,2025-09-02,americano,39,39,0,0.0
manual,2025-09-02,cappuccino,92,92,0,0.0
manual,2025-09-02,cold_coffee,31,31,0,0.0
manual,2025-09-02,croissant,31,31,0,0.0
manual,2025-09-02,espresso,77,77,0,0.0
manual,2025-09-02,hot_chocolate,59,59,0,0.0
manual,2025-09-02,iced_latte,28,28,0,0.0
manual,2025-09-02,latte,83,83,0,0.0
manual,2025-09-02,masala_chai,98,98,0,0.0
manual,2025-09-02,sandwich,46,46,0,0.0
manual,2025-09-03,americano,49,49,0,0.0
manual,2025-09-03,cappuccino,83,83,0,0.0
manual,2025-09-03,cold_coffee,47,47,0,0.0
manual,2025-09-03,croissant,40,40,0,0.0
manual,2025-09-03,espresso,78,78,0,0.0
manual,2025-09-03,hot_chocolate,47,47,0,0.0
manual,2025-09-03,iced_latte,38,38,0,0.0
manual,2025-09-03,latte,100,100,0,0.0
manual,2025-09-03,masala_chai,93,93,0,0.0
manual,2025-09-03,sandwich,37,37,0,0.0
manual,2025-09-04,americano,63,63,0,0.0
manual,2025-09-04,cappuccino,91,91,0,0.0
manual,2025-09-04,cold_coffee,39,39,0,0.0
manual,2025-09-04,croissant,46,46,0,0.0
manual,2025-09-04,espresso,85,85,0,0.0
manual,2025-09-04,hot_chocolate,32,32,0,0.0
manual,2025-09-04,iced_latte,46,46,0,0.0
manual,2025-09-04,latte,98,98,0,0.0
manual,2025-09-04,masala_chai,101,101,0,0.0
manual,2025-09-04,sandwich,54,54,0,0.0
manual,2025-09-05,americano,44,44,0,0.0
manual,2025-09-05,cappuccino,67,67,0,0.0
manual,2025-09-05,cold_coffee,54,54,0,0.0
manual,2025-09-05,croissant,30,30,0,0.0
manual,2025-09-05,espresso,81,81,0,0.0
manual,2025-09-05,hot_chocolate,41,41,0,0.0
manual,2025-09-05,iced_latte,30,30,0,0.0
manual,2025-09-05,latte,86,86,0,0.0
manual,2025-09-05,masala_chai,96,96,0,0.0
manual,2025-09-05,sandwich,42,38,4,720.0
manual,2025-09-06,americano,27,27,0,0.0
manual,2025-09-06,cappuccino,95,95,0,0.0
manual,2025-09-06,cold_coffee,50,50,0,0.0
manual,2025-09-06,croissant,65,58,7,980.0
manual,2025-09-06,espresso,73,73,0,0.0
manual,2025-09-06,hot_chocolate,42,42,0,0.0
manual,2025-09-06,iced_latte,36,36,0,0.0
manual,2025-09-06,latte,89,89,0,0.0
manual,2025-09-06,masala_chai,91,91,0,0.0
manual,2025-09-06,sandwich,57,47,10,1800.0
manual,2025-09-07,americano,44,44,0,0.0
manual,2025-09-07,cappuccino,65,65,0,0.0
manual,2025-09-07,cold_coffee,75,75,0,0.0
manual,2025-09-07,croissant,36,27,9,1260.0
manual,2025-09-07,espresso,58,58,0,0.0
manual,2025-09-07,hot_chocolate,32,32,0,0.0
manual,2025-09-07,iced_latte,62,62,0,0.0
manual,2025-09-07,latte,60,60,0,0.0
manual,2025-09-07,masala_chai,63,63,0,0.0
manual,2025-09-07,sandwich,34,34,0,0.0
manual,2025-09-08,americano,45,45,0,0.0
manual,2025-09-08,cappuccino,64,64,0,0.0
manual,2025-09-08,cold_coffee,35,35,0,0.0
manual,2025-09-08,croissant,30,30,0,0.0
manual,2025-09-08,espresso,62,62,0,0.0
manual,2025-09-08,hot_chocolate,19,19,0,0.0
manual,2025-09-08,iced_latte,17,17,0,0.0
manual,2025-09-08,latte,57,57,0,0.0
manual,2025-09-08,masala_chai,49,49,0,0.0
manual,2025-09-08,sandwich,31,31,0,0.0
manual,2025-09-09,americano,46,46,0,0.0
manual,2025-09-09,cappuccino,69,69,0,0.0
manual,2025-09-09,cold_coffee,47,47,0,0.0
manual,2025-09-09,croissant,39,39,0,0.0
manual,2025-09-09,espresso,79,79,0,0.0
manual,2025-09-09,hot_chocolate,32,32,0,0.0
manual,2025-09-09,iced_latte,53,53,0,0.0
manual,2025-09-09,latte,82,82,0,0.0
manual,2025-09-09,masala_chai,66,66,0,0.0
manual,2025-09-09,sandwich,46,46,0,0.0
manual,2025-09-10,americano,25,25,0,0.0
manual,2025-09-10,cappuccino,69,69,0,0.0
manual,2025-09-10,cold_coffee,36,36,0,0.0
manual,2025-09-10,croissant,17,17,0,0.0
manual,2025-09-10,espresso,47,47,0,0.0
manual,2025-09-10,hot_chocolate,40,40,0,0.0
manual,2025-09-10,iced_latte,43,43,0,0.0
manual,2025-09-10,latte,67,67,0,0.0
manual,2025-09-10,masala_chai,55,55,0,0.0
manual,2025-09-10,sandwich,39,39,0,0.0
manual,2025-09-11,americano,62,62,0,0.0
manual,2025-09-11,cappuccino,49,49,0,0.0
manual,2025-09-11,cold_coffee,44,44,0,0.0
manual,2025-09-11,croissant,34,34,0,0.0
manual,2025-09-11,espresso,71,71,0,0.0
manual,2025-09-11,hot_chocolate,25,25,0,0.0
manual,2025-09-11,iced_latte,29,29,0,0.0
manual,2025-09-11,latte,58,58,0,0.0
manual,2025-09-11,masala_chai,68,68,0,0.0
manual,2025-09-11,sandwich,40,40,0,0.0
manual,2025-09-12,americano,57,57,0,0.0
manual,2025-09-12,cappuccino,101,101,0,0.0
manual,2025-09-12,cold_coffee,45,45,0,0.0
manual,2025-09-12,croissant,46,46,0,0.0
manual,2025-09-12,espresso,54,54,0,0.0
manual,2025-09-12,hot_chocolate,19,19,0,0.0
manual,2025-09-12,iced_latte,30,30,0,0.0
manual,2025-09-12,latte,54,54,0,0.0
manual,2025-09-12,masala_chai,60,60,0,0.0
manual,2025-09-12,sandwich,42,42,0,0.0
manual,2025-09-13,americano,44,44,0,0.0
manual,2025-09-13,cappuccino,58,58,0,0.0
manual,2025-09-13,cold_coffee,45,45,0,0.0
manual,2025-09-13,croissant,32,32,0,0.0
manual,2025-09-13,espresso,57,57,0,0.0
manual,2025-09-13,hot_chocolate,44,44,0,0.0
manual,2025-09-13,iced_latte,36,36,0,0.0
manual,2025-09-13,latte,69,69,0,0.0
manual,2025-09-13,masala_chai,63,63,0,0.0
manual,2025-09-13,sandwich,40,40,0,0.0
manual,2025-09-14,americano,57,57,0,0.0
manual,2025-09-14,cappuccino,73,73,0,0.0
manual,2025-09-14,cold_coffee,84,84,0,0.0
manual,2025-09-14,croissant,43,43,0,0.0
manual,2025-09-14,espresso,75,75,0,0.0
manual,2025-09-14,hot_chocolate,38,38,0,0.0
manual,2025-09-14,iced_latte,39,39,0,0.0
manual,2025-09-14,latte,80,80,0,0.0
manual,2025-09-14,masala_chai,64,64,0,0.0
manual,2025-09-14,sandwich,56,56,0,0.0
manual,2025-09-15,americano,33,33,0,0.0
manual,2025-09-15,cappuccino,53,53,0,0.0
manual,2025-09-15,cold_coffee,32,32,0,0.0
manual,2025-09-15,croissant,33,33,0,0.0
manual,2025-09-15,espresso,57,57,0,0.0
manual,2025-09-15,hot_chocolate,28,28,0,0.0
manual,2025-09-15,iced_latte,30,30,0,0.0
manual,2025-09-15,latte,64,64,0,0.0
manual,2025-09-15,masala_chai,59,59,0,0.0
manual,2025-09-15,sandwich,28,28,0,0.0
manual,2025-09-16,americano,39,39,0,0.0
manual,2025-09-16,cappuccino,42,42,0,0.0
manual,2025-09-16,cold_coffee,15,15,0,0.0
manual,2025-09-16,croissant,30,30,0,0.0
manual,2025-09-16,espresso,46,46,0,0.0
manual,2025-09-16,hot_chocolate,41,41,0,0.0
manual,2025-09-16,iced_latte,25,25,0,0.0
manual,2025-09-16,latte,68,68,0,0.0
manual,2025-09-16,masala_chai,52,52,0,0.0
manual,2025-09-16,sandwich,33,33,0,0.0
manual,2025-09-17,americano,27,27,0,0.0
manual,2025-09-17,cappuccino,57,57,0,0.0
manual,2025-09-17,cold_coffee,45,45,0,0.0
manual,2025-09-17,croissant,44,44,0,0.0
manual,2025-09-17,espresso,79,79,0,0.0
manual,2025-09-17,hot_chocolate,38,38,0,0.0
manual,2025-09-17,iced_latte,42,42,0,0.0
manual,2025-09-17,latte,58,58,0,0.0
manual,2025-09-17,masala_chai,80,80,0,0.0
manual,2025-09-17,sandwich,40,40,0,0.0
manual,2025-09-18,americano,53,53,0,0.0
manual,2025-09-18,cappuccino,52,52,0,0.0
manual,2025-09-18,cold_coffee,47,47,0,0.0
manual,2025-09-18,croissant,31,31,0,0.0
manual,2025-09-18,espresso,68,68,0,0.0
manual,2025-09-18,hot_chocolate,42,42,0,0.0
manual,2025-09-18,iced_latte,24,24,0,0.0
manual,2025-09-18,latte,98,98,0,0.0
manual,2025-09-18,masala_chai,57,57,0,0.0
manual,2025-09-18,sandwich,37,37,0,0.0
manual,2025-09-19,americano,46,46,0,0.0
manual,2025-09-19,cappuccino,75,75,0,0.0
manual,2025-09-19,cold_coffee,36,36,0,0.0
manual,2025-09-19,croissant,41,41,0,0.0
manual,2025-09-19,espresso,83,83,0,0.0
manual,2025-09-19,hot_chocolate,61,61,0,0.0
manual,2025-09-19,iced_latte,43,43,0,0.0
manual,2025-09-19,latte,105,105,0,0.0
manual,2025-09-19,masala_chai,87,87,0,0.0
manual,2025-09-19,sandwich,33,33,0,0.0
manual,2025-09-20,americano,40,40,0,0.0
manual,2025-09-20,cappuccino,49,49,0,0.0
manual,2025-09-20,cold_coffee,49,49,0,0.0
manual,2025-09-20,croissant,41,41,0,0.0
manual,2025-09-20,espresso,68,68,0,0.0
manual,2025-09-20,hot_chocolate,61,61,0,0.0
manual,2025-09-20,iced_latte,40,40,0,0.0
manual,2025-09-20,latte,93,93,0,0.0
manual,2025-09-20,masala_chai,68,68,0,0.0
manual,2025-09-20,sandwich,55,55,0,0.0
manual,2025-09-21,americano,51,51,0,0.0
manual,2025-09-21,cappuccino,109,109,0,0.0
manual,2025-09-21,cold_coffee,47,47,0,0.0
manual,2025-09-21,croissant,56,41,15,2100.0
manual,2025-09-21,espresso,123,123,0,0.0
manual,2025-09-21,hot_chocolate,31,31,0,0.0
manual,2025-09-21,iced_latte,37,37,0,0.0
manual,2025-09-21,latte,73,73,0,0.0
manual,2025-09-21,masala_chai,67,67,0,0.0
manual,2025-09-21,sandwich,30,30,0,0.0
manual,2025-09-22,americano,25,25,0,0.0
manual,2025-09-22,cappuccino,42,42,0,0.0
manual,2025-09-22,cold_coffee,64,64,0,0.0
manual,2025-09-22,croissant,41,41,0,0.0
manual,2025-09-22,espresso,55,55,0,0.0
manual,2025-09-22,hot_chocolate,40,40,0,0.0
manual,2025-09-22,iced_latte,28,28,0,0.0
manual,2025-09-22,latte,55,55,0,0.0
manual,2025-09-22,masala_chai,85,85,0,0.0
manual,2025-09-22,sandwich,36,36,0,0.0
manual,2025-09-23,americano,50,50,0,0.0
manual,2025-09-23,cappuccino,70,70,0,0.0
manual,2025-09-23,cold_coffee,37,37,0,0.0
manual,2025-09-23,croissant,41,41,0,0.0
manual,2025-09-23,espresso,70,70,0,0.0
manual,2025-09-23,hot_chocolate,38,38,0,0.0
manual,2025-09-23,iced_latte,32,32,0,0.0
manual,2025-09-23,latte,59,59,0,0.0
manual,2025-09-23,masala_chai,99,99,0,0.0
manual,2025-09-23,sandwich,42,42,0,0.0
manual,2025-09-24,americano,62,62,0,0.0
manual,2025-09-24,cappuccino,79,79,0,0.0
manual,2025-09-24,cold_coffee,32,32,0,0.0
manual,2025-09-24,croissant,40,40,0,0.0
manual,2025-09-24,espresso,60,60,0,0.0
manual,2025-09-24,hot_chocolate,65,65,0,0.0
manual,2025-09-24,iced_latte,26,26,0,0.0
manual,2025-09-24,latte,72,72,0,0.0
manual,2025-09-24,masala_chai,66,66,0,0.0
manual,2025-09-24,sandwich,42,42,0,0.0
manual,2025-09-25,americano,33,33,0,0.0
manual,2025-09-25,cappuccino,44,44,0,0.0
manual,2025-09-25,cold_coffee,36,36,0,0.0
manual,2025-09-25,croissant,30,30,0,0.0
manual,2025-09-25,espresso,50,50,0,0.0
manual,2025-09-25,hot_chocolate,31,31,0,0.0
manual,2025-09-25,iced_latte,29,29,0,0.0
manual,2025-09-25,latte,62,62,0,0.0
manual,2025-09-25,masala_chai,49,49,0,0.0
manual,2025-09-25,sandwich,34,34,0,0.0
manual,2025-09-26,americano,63,63,0,0.0
manual,2025-09-26,cappuccino,89,89,0,0.0
manual,2025-09-26,cold_coffee,36,36,0,0.0
manual,2025-09-26,croissant,33,33,0,0.0
manual,2025-09-26,espresso,70,70,0,0.0
manual,2025-09-26,hot_chocolate,19,19,0,0.0
manual,2025-09-26,iced_latte,36,36,0,0.0
manual,2025-09-26,latte,64,64,0,0.0
manual,2025-09-26,masala_chai,70,70,0,0.0
manual,2025-09-26,sandwich,47,47,0,0.0
manual,2025-09-27,americano,50,50,0,0.0
manual,2025-09-27,cappuccino,62,62,0,0.0
manual,2025-09-27,cold_coffee,67,67,0,0.0
manual,2025-09-27,croissant,52,52,0,0.0
manual,2025-09-27,espresso,94,94,0,0.0
manual,2025-09-27,hot_chocolate,34,34,0,0.0
manual,2025-09-27,iced_latte,28,28,0,0.0
manual,2025-09-27,latte,56,56,0,0.0
manual,2025-09-27,masala_chai,78,78,0,0.0
manual,2025-09-27,sandwich,53,53,0,0.0
manual,2025-09-28,americano,65,65,0,0.0
manual,2025-09-28,cappuccino,115,115,0,0.0
manual,2025-09-28,cold_coffee,55,55,0,0.0
manual,2025-09-28,croissant,55,41,14,1960.0
manual,2025-09-28,espresso,84,84,0,0.0
manual,2025-09-28,hot_chocolate,43,43,0,0.0
manual,2025-09-28,iced_latte,55,55,0,0.0
manual,2025-09-28,latte,75,75,0,0.0
manual,2025-09-28,masala_chai,68,68,0,0.0
manual,2025-09-28,sandwich,38,38,0,0.0
manual,2025-09-29,americano,27,27,0,0.0
manual,2025-09-29,cappuccino,53,53,0,0.0
manual,2025-09-29,cold_coffee,52,52,0,0.0
manual,2025-09-29,croissant,23,23,0,0.0
manual,2025-09-29,espresso,47,47,0,0.0
manual,2025-09-29,hot_chocolate,29,29,0,0.0
manual,2025-09-29,iced_latte,42,42,0,0.0
manual,2025-09-29,latte,73,73,0,0.0
manual,2025-09-29,masala_chai,68,68,0,0.0
manual,2025-09-29,sandwich,30,30,0,0.0
manual,2025-09-30,americano,32,32,0,0.0
manual,2025-09-30,cappuccino,56,56,0,0.0
manual,2025-09-30,cold_coffee,45,45,0,0.0
manual,2025-09-30,croissant,29,29,0,0.0
manual,2025-09-30,espresso,72,72,0,0.0
manual,2025-09-30,hot_chocolate,22,22,0,0.0
manual,2025-09-30,iced_latte,41,41,0,0.0
manual,2025-09-30,latte,70,70,0,0.0
manual,2025-09-30,masala_chai,71,71,0,0.0
manual,2025-09-30,sandwich,42,42,0,0.0
manual,2025-10-01,americano,44,44,0,0.0
manual,2025-10-01,cappuccino,62,62,0,0.0
manual,2025-10-01,cold_coffee,65,65,0,0.0
manual,2025-10-01,croissant,38,38,0,0.0
manual,2025-10-01,espresso,105,105,0,0.0
manual,2025-10-01,hot_chocolate,26,26,0,0.0
manual,2025-10-01,iced_latte,38,38,0,0.0
manual,2025-10-01,latte,58,58,0,0.0
manual,2025-10-01,masala_chai,56,56,0,0.0
manual,2025-10-01,sandwich,34,34,0,0.0
manual,2025-10-02,americano,46,46,0,0.0
manual,2025-10-02,cappuccino,50,50,0,0.0
manual,2025-10-02,cold_coffee,49,49,0,0.0
manual,2025-10-02,croissant,52,52,0,0.0
manual,2025-10-02,espresso,72,72,0,0.0
manual,2025-10-02,hot_chocolate,29,29,0,0.0
manual,2025-10-02,iced_latte,27,27,0,0.0
manual,2025-10-02,latte,69,69,0,0.0
manual,2025-10-02,masala_chai,53,53,0,0.0
manual,2025-10-02,sandwich,38,38,0,0.0
manual,2025-10-03,americano,68,68,0,0.0
manual,2025-10-03,cappuccino,89,89,0,0.0
manual,2025-10-03,cold_coffee,48,48,0,0.0
manual,2025-10-03,croissant,37,37,0,0.0
manual,2025-10-03,espresso,58,58,0,0.0
manual,2025-10-03,hot_chocolate,41,41,0,0.0
manual,2025-10-03,iced_latte,57,57,0,0.0
manual,2025-10-03,latte,100,100,0,0.0
manual,2025-10-03,masala_chai,64,64,0,0.0
manual,2025-10-03,sandwich,58,58,0,0.0
manual,2025-10-04,americano,36,36,0,0.0
manual,2025-10-04,cappuccino,77,77,0,0.0
manual,2025-10-04,cold_coffee,56,56,0,0.0
manual,2025-10-04,croissant,26,26,0,0.0
manual,2025-10-04,espresso,86,86,0,0.0
manual,2025-10-04,hot_chocolate,35,35,0,0.0
manual,2025-10-04,iced_latte,43,43,0,0.0
manual,2025-10-04,latte,90,90,0,0.0
manual,2025-10-04,masala_chai,83,83,0,0.0
manual,2025-10-04,sandwich,53,43,10,1800.0
manual,2025-10-05,americano,68,68,0,0.0
manual,2025-10-05,cappuccino,93,93,0,0.0
manual,2025-10-05,cold_coffee,69,69,0,0.0
manual,2025-10-05,croissant,42,42,0,0.0
manual,2025-10-05,espresso,45,45,0,0.0
manual,2025-10-05,hot_chocolate,39,39,0,0.0
manual,2025-10-05,iced_latte,52,52,0,0.0
manual,2025-10-05,latte,70,70,0,0.0
manual,2025-10-05,masala_chai,61,61,0,0.0
manual,2025-10-05,sandwich,41,41,0,0.0
manual,2025-10-06,americano,48,48,0,0.0
manual,2025-10-06,cappuccino,95,95,0,0.0
manual,2025-10-06,cold_coffee,44,44,0,0.0
manual,2025-10-06,croissant,33,33,0,0.0
manual,2025-10-06,espresso,60,60,0,0.0
manual,2025-10-06,hot_chocolate,11,11,0,0.0
manual,2025-10-06,iced_latte,20,20,0,0.0
manual,2025-10-06,latte,85,85,0,0.0
manual,2025-10-06,masala_chai,39,39,0,0.0
manual,2025-10-06,sandwich,48,48,0,0.0
manual,2025-10-07,americano,62,62,0,0.0
manual,2025-10-07,cappuccino,60,60,0,0.0
manual,2025-10-07,cold_coffee,41,41,0,0.0
manual,2025-10-07,croissant,46,46,0,0.0
manual,2025-10-07,espresso,59,59,0,0.0
manual,2025-10-07,hot_chocolate,31,31,0,0.0
manual,2025-10-07,iced_latte,35,35,0,0.0
manual,2025-10-07,latte,73,73,0,0.0
manual,2025-10-07,masala_chai,92,92,0,0.0
manual,2025-10-07,sandwich,50,50,0,0.0
manual,2025-10-08,americano,29,29,0,0.0
manual,2025-10-08,cappuccino,36,36,0,0.0
manual,2025-10-08,cold_coffee,42,42,0,0.0
manual,2025-10-08,croissant,35,35,0,0.0
manual,2025-10-08,espresso,46,46,0,0.0
manual,2025-10-08,hot_chocolate,28,28,0,0.0
manual,2025-10-08,iced_latte,55,55,0,0.0
manual,2025-10-08,latte,60,60,0,0.0
manual,2025-10-08,masala_chai,76,76,0,0.0
manual,2025-10-08,sandwich,27,27,0,0.0
manual,2025-10-09,americano,30,30,0,0.0
manual,2025-10-09,cappuccino,83,83,0,0.0
manual,2025-10-09,cold_coffee,35,35,0,0.0
manual,2025-10-09,croissant,28,28,0,0.0
manual,2025-10-09,espresso,53,53,0,0.0
manual,2025-10-09,hot_chocolate,27,27,0,0.0
manual,2025-10-09,iced_latte,41,41,0,0.0
manual,2025-10-09,latte,72,72,0,0.0
manual,2025-10-09,masala_chai,33,33,0,0.0
manual,2025-10-09,sandwich,49,49,0,0.0
manual,2025-10-10,americano,55,55,0,0.0
manual,2025-10-10,cappuccino,72,72,0,0.0
manual,2025-10-10,cold_coffee,41,41,0,0.0
manual,2025-10-10,croissant,32,32,0,0.0
manual,2025-10-10,espresso,57,57,0,0.0
manual,2025-10-10,hot_chocolate,39,39,0,0.0
manual,2025-10-10,iced_latte,33,33,0,0.0
manual,2025-10-10,latte,55,55,0,0.0
manual,2025-10-10,masala_chai,73,73,0,0.0
manual,2025-10-10,sandwich,37,37,0,0.0
manual,2025-10-11,americano,47,47,0,0.0
manual,2025-10-11,cappuccino,88,88,0,0.0
manual,2025-10-11,cold_coffee,77,77,0,0.0
manual,2025-10-11,croissant,32,32,0,0.0
manual,2025-10-11,espresso,80,80,0,0.0
manual,2025-10-11,hot_chocolate,21,21,0,0.0
manual,2025-10-11,iced_latte,33,33,0,0.0
manual,2025-10-11,latte,58,58,0,0.0
manual,2025-10-11,masala_chai,58,58,0,0.0
manual,2025-10-11,sandwich,40,40,0,0.0
manual,2025-10-12,americano,80,80,0,0.0
manual,2025-10-12,cappuccino,64,64,0,0.0
manual,2025-10-12,cold_coffee,72,72,0,0.0
manual,2025-10-12,croissant,59,55,4,560.0
manual,2025-10-12,espresso,67,67,0,0.0
manual,2025-10-12,hot_chocolate,35,35,0,0.0
manual,2025-10-12,iced_latte,56,56,0,0.0
manual,2025-10-12,latte,89,89,0,0.0
manual,2025-10-12,masala_chai,79,79,0,0.0
manual,2025-10-12,sandwich,60,60,0,0.0
manual,2025-10-13,americano,35,35,0,0.0
manual,2025-10-13,cappuccino,49,49,0,0.0
manual,2025-10-13,cold_coffee,29,29,0,0.0
manual,2025-10-13,croissant,43,37,6,840.0
manual,2025-10-13,espresso,55,55,0,0.0
manual,2025-10-13,hot_chocolate,19,19,0,0.0
manual,2025-10-13,iced_latte,39,39,0,0.0
manual,2025-10-13,latte,70,70,0,0.0
manual,2025-10-13,masala_chai,41,41,0,0.0
manual,2025-10-13,sandwich,28,28,0,0.0
manual,2025-10-14,americano,67,67,0,0.0
manual,2025-10-14,cappuccino,111,111,0,0.0
manual,2025-10-14,cold_coffee,55,55,0,0.0
manual,2025-10-14,croissant,49,46,3,420.0
manual,2025-10-14,espresso,113,113,0,0.0
manual,2025-10-14,hot_chocolate,31,31,0,0.0
manual,2025-10-14,iced_latte,40,40,0,0.0
manual,2025-10-14,latte,86,86,0,0.0
manual,2025-10-14,masala_chai,98,98,0,0.0
manual,2025-10-14,sandwich,48,48,0,0.0
manual,2025-10-15,americano,58,58,0,0.0
manual,2025-10-15,cappuccino,88,88,0,0.0
manual,2025-10-15,cold_coffee,39,39,0,0.0
manual,2025-10-15,croissant,50,47,3,378.0
manual,2025-10-15,espresso,59,59,0,0.0
manual,2025-10-15,hot_chocolate,30,30,0,0.0
manual,2025-10-15,iced_latte,30,30,0,0.0
manual,2025-10-15,latte,77,77,0,0.0
manual,2025-10-15,masala_chai,64,64,0,0.0
manual,2025-10-15,sandwich,40,40,0,0.0
manual,2025-10-16,americano,32,32,0,0.0
manual,2025-10-16,cappuccino,61,61,0,0.0
manual,2025-10-16,cold_coffee,46,46,0,0.0
manual,2025-10-16,croissant,22,22,0,0.0
manual,2025-10-16,espresso,51,51,0,0.0
manual,2025-10-16,hot_chocolate,30,30,0,0.0
manual,2025-10-16,iced_latte,33,33,0,0.0
manual,2025-10-16,latte,48,48,0,0.0
manual,2025-10-16,masala_chai,52,52,0,0.0
manual,2025-10-16,sandwich,41,41,0,0.0
manual,2025-10-17,americano,69,69,0,0.0
manual,2025-10-17,cappuccino,73,73,0,0.0
manual,2025-10-17,cold_coffee,36,36,0,0.0
manual,2025-10-17,croissant,36,36,0,0.0
manual,2025-10-17,espresso,89,89,0,0.0
manual,2025-10-17,hot_chocolate,29,29,0,0.0
manual,2025-10-17,iced_latte,32,32,0,0.0
manual,2025-10-17,latte,83,83,0,0.0
manual,2025-10-17,masala_chai,59,59,0,0.0
manual,2025-10-17,sandwich,42,42,0,0.0
manual,2025-10-18,americano,66,66,0,0.0
manual,2025-10-18,cappuccino,83,83,0,0.0
manual,2025-10-18,cold_coffee,71,71,0,0.0
manual,2025-10-18,croissant,73,53,20,2800.0
manual,2025-10-18,espresso,63,63,0,0.0
manual,2025-10-18,hot_chocolate,54,54,0,0.0
manual,2025-10-18,iced_latte,53,53,0,0.0
manual,2025-10-18,latte,126,126,0,0.0
manual,2025-10-18,masala_chai,101,101,0,0.0
manual,2025-10-18,sandwich,55,55,0,0.0
manual,2025-10-19,americano,57,57,0,0.0
manual,2025-10-19,cappuccino,74,74,0,0.0
manual,2025-10-19,cold_coffee,66,66,0,0.0
manual,2025-10-19,croissant,57,37,20,2800.0
manual,2025-10-19,espresso,132,132,0,0.0
manual,2025-10-19,hot_chocolate,33,33,0,0.0
manual,2025-10-19,iced_latte,47,47,0,0.0
manual,2025-10-19,latte,64,64,0,0.0
manual,2025-10-19,masala_chai,91,91,0,0.0
manual,2025-10-19,sandwich,66,49,17,3060.0
manual,2025-10-20,americano,39,39,0,0.0
manual,2025-10-20,cappuccino,54,54,0,0.0
manual,2025-10-20,cold_coffee,41,41,0,0.0
manual,2025-10-20,croissant,22,22,0,0.0
manual,2025-10-20,espresso,57,57,0,0.0
manual,2025-10-20,hot_chocolate,47,47,0,0.0
manual,2025-10-20,iced_latte,32,32,0,0.0
manual,2025-10-20,latte,55,55,0,0.0
manual,2025-10-20,masala_chai,75,75,0,0.0
manual,2025-10-20,sandwich,30,30,0,0.0
manual,2025-10-21,americano,51,51,0,0.0
manual,2025-10-21,cappuccino,66,66,0,0.0
manual,2025-10-21,cold_coffee,40,40,0,0.0
manual,2025-10-21,croissant,55,55,0,0.0
manual,2025-10-21,espresso,80,80,0,0.0
manual,2025-10-21,hot_chocolate,38,38,0,0.0
manual,2025-10-21,iced_latte,18,18,0,0.0
manual,2025-10-21,latte,83,83,0,0.0
manual,2025-10-21,masala_chai,65,65,0,0.0
manual,2025-10-21,sandwich,36,36,0,0.0
manual,2025-10-22,americano,45,45,0,0.0
manual,2025-10-22,cappuccino,84,84,0,0.0
manual,2025-10-22,cold_coffee,32,32,0,0.0
manual,2025-10-22,croissant,43,43,0,0.0
manual,2025-10-22,espresso,52,52,0,0.0
manual,2025-10-22,hot_chocolate,38,38,0,0.0
manual,2025-10-22,iced_latte,28,28,0,0.0
manual,2025-10-22,latte,81,81,0,0.0
manual,2025-10-22,masala_chai,89,89,0,0.0
manual,2025-10-22,sandwich,23,23,0,0.0
manual,2025-10-23,americano,34,34,0,0.0
manual,2025-10-23,cappuccino,63,63,0,0.0
manual,2025-10-23,cold_coffee,40,40,0,0.0
manual,2025-10-23,croissant,45,45,0,0.0
manual,2025-10-23,espresso,50,50,0,0.0
manual,2025-10-23,hot_chocolate,42,42,0,0.0
manual,2025-10-23,iced_latte,24,24,0,0.0
manual,2025-10-23,latte,77,77,0,0.0
manual,2025-10-23,masala_chai,66,66,0,0.0
manual,2025-10-23,sandwich,25,25,0,0.0
manual,2025-10-24,americano,32,32,0,0.0
manual,2025-10-24,cappuccino,74,74,0,0.0
manual,2025-10-24,cold_coffee,45,45,0,0.0
manual,2025-10-24,croissant,36,36,0,0.0
manual,2025-10-24,espresso,75,75,0,0.0
manual,2025-10-24,hot_chocolate,22,22,0,0.0
manual,2025-10-24,iced_latte,39,39,0,0.0
manual,2025-10-24,latte,73,73,0,0.0
manual,2025-10-24,masala_chai,55,55,0,0.0
manual,2025-10-24,sandwich,46,46,0,0.0
manual,2025-10-25,americano,41,41,0,0.0
manual,2025-10-25,cappuccino,82,82,0,0.0
manual,2025-10-25,cold_coffee,48,48,0,0.0
manual,2025-10-25,croissant,55,55,0,0.0
manual,2025-10-25,espresso,56,56,0,0.0
manual,2025-10-25,hot_chocolate,25,25,0,0.0
manual,2025-10-25,iced_latte,48,48,0,0.0
manual,2025-10-25,latte,92,92,0,0.0
manual,2025-10-25,masala_chai,62,62,0,0.0
manual,2025-10-25,sandwich,25,25,0,0.0
manual,2025-10-26,americano,33,33,0,0.0
manual,2025-10-26,cappuccino,69,69,0,0.0
manual,2025-10-26,cold_coffee,68,68,0,0.0
manual,2025-10-26,croissant,46,46,0,0.0
manual,2025-10-26,espresso,80,80,0,0.0
manual,2025-10-26,hot_chocolate,29,29,0,0.0
manual,2025-10-26,iced_latte,49,49,0,0.0
manual,2025-10-26,latte,72,72,0,0.0
manual,2025-10-26,masala_chai,55,55,0,0.0
manual,2025-10-26,sandwich,49,49,0,0.0
manual,2025-10-27,americano,57,57,0,0.0
manual,2025-10-27,cappuccino,75,75,0,0.0
manual,2025-10-27,cold_coffee,31,31,0,0.0
manual,2025-10-27,croissant,43,43,0,0.0
manual,2025-10-27,espresso,40,40,0,0.0
manual,2025-10-27,hot_chocolate,31,31,0,0.0
manual,2025-10-27,iced_latte,30,30,0,0.0
manual,2025-10-27,latte,49,49,0,0.0
manual,2025-10-27,masala_chai,74,74,0,0.0
manual,2025-10-27,sandwich,50,40,10,1800.0
manual,2025-10-28,americano,56,56,0,0.0
manual,2025-10-28,cappuccino,55,55,0,0.0
manual,2025-10-28,cold_coffee,38,38,0,0.0
manual,2025-10-28,croissant,40,40,0,0.0
manual,2025-10-28,espresso,59,59,0,0.0
manual,2025-10-28,hot_chocolate,48,48,0,0.0
manual,2025-10-28,iced_latte,14,14,0,0.0
manual,2025-10-28,latte,36,36,0,0.0
manual,2025-10-28,masala_chai,69,69,0,0.0
manual,2025-10-28,sandwich,46,46,0,0.0
manual,2025-10-29,americano,36,36,0,0.0
manual,2025-10-29,cappuccino,53,53,0,0.0
manual,2025-10-29,cold_coffee,32,32,0,0.0
manual,2025-10-29,croissant,34,34,0,0.0
manual,2025-10-29,espresso,83,83,0,0.0
manual,2025-10-29,hot_chocolate,23,23,0,0.0
manual,2025-10-29,iced_latte,41,41,0,0.0
manual,2025-10-29,latte,85,85,0,0.0
manual,2025-10-29,masala_chai,37,37,0,0.0
manual,2025-10-29,sandwich,39,39,0,0.0
manual,2025-10-30,americano,61,61,0,0.0
manual,2025-10-30,cappuccino,65,65,0,0.0
manual,2025-10-30,cold_coffee,41,41,0,0.0
manual,2025-10-30,croissant,43,43,0,0.0
manual,2025-10-30,espresso,66,66,0,0.0
manual,2025-10-30,hot_chocolate,27,27,0,0.0
manual,2025-10-30,iced_latte,40,40,0,0.0
manual,2025-10-30,latte,81,81,0,0.0
manual,2025-10-30,masala_chai,65,65,0,0.0
manual,2025-10-30,sandwich,41,41,0,0.0
manual,2025-10-31,americano,45,45,0,0.0
manual,2025-10-31,cappuccino,86,86,0,0.0
manual,2025-10-31,cold_coffee,62,62,0,0.0
manual,2025-10-31,croissant,43,43,0,0.0
manual,2025-10-31,espresso,57,57,0,0.0
manual,2025-10-31,hot_chocolate,29,29,0,0.0
manual,2025-10-31,iced_latte,65,65,0,0.0
manual,2025-10-31,latte,83,83,0,0.0
manual,2025-10-31,masala_chai,49,49,0,0.0
manual,2025-10-31,sandwich,41,41,0,0.0
manual,2025-11-01,americano,55,55,0,0.0
manual,2025-11-01,cappuccino,97,97,0,0.0
manual,2025-11-01,cold_coffee,66,66,0,0.0
manual,2025-11-01,croissant,50,50,0,0.0
manual,2025-11-01,espresso,78,78,0,0.0
manual,2025-11-01,hot_chocolate,42,42,0,0.0
manual,2025-11-01,iced_latte,39,39,0,0.0
manual,2025-11-01,latte,122,122,0,0.0
manual,2025-11-01,masala_chai,84,84,0,0.0
manual,2025-11-01,sandwich,55,45,10,1800.0
manual,2025-11-02,americano,61,61,0,0.0
manual,2025-11-02,cappuccino,88,88,0,0.0
manual,2025-11-02,cold_coffee,87,87,0,0.0
manual,2025-11-02,croissant,52,52,0,0.0
manual,2025-11-02,espresso,87,87,0,0.0
manual,2025-11-02,hot_chocolate,30,30,0,0.0
manual,2025-11-02,iced_latte,41,41,0,0.0
manual,2025-11-02,latte,107,107,0,0.0
manual,2025-11-02,masala_chai,61,61,0,0.0
manual,2025-11-02,sandwich,50,43,7,1260.0
manual,2025-11-03,americano,26,26,0,0.0
manual,2025-11-03,cappuccino,83,83,0,0.0
manual,2025-11-03,cold_coffee,66,66,0,0.0
manual,2025-11-03,croissant,23,23,0,0.0
manual,2025-11-03,espresso,97,97,0,0.0
manual,2025-11-03,hot_chocolate,27,27,0,0.0
manual,2025-11-03,iced_latte,16,16,0,0.0
manual,2025-11-03,latte,39,39,0,0.0
manual,2025-11-03,masala_chai,45,45,0,0.0
manual,2025-11-03,sandwich,23,23,0,0.0
manual,2025-11-04,americano,45,45,0,0.0
manual,2025-11-04,cappuccino,59,59,0,0.0
manual,2025-11-04,cold_coffee,46,46,0,0.0
manual,2025-11-04,croissant,26,26,0,0.0
manual,2025-11-04,espresso,69,69,0,0.0
manual,2025-11-04,hot_chocolate,15,15,0,0.0
manual,2025-11-04,iced_latte,33,33,0,0.0
manual,2025-11-04,latte,85,85,0,0.0
manual,2025-11-04,masala_chai,64,64,0,0.0
manual,2025-11-04,sandwich,37,37,0,0.0
manual,2025-11-05,americano,25,25,0,0.0
manual,2025-11-05,cappuccino,64,64,0,0.0
manual,2025-11-05,cold_coffee,52,52,0,0.0
manual,2025-11-05,croissant,32,32,0,0.0
manual,2025-11-05,espresso,69,69,0,0.0
manual,2025-11-05,hot_chocolate,37,37,0,0.0
manual,2025-11-05,iced_latte,47,47,0,0.0
manual,2025-11-05,latte,55,55,0,0.0
manual,2025-11-05,masala_chai,101,101,0,0.0
manual,2025-11-05,sandwich,41,41,0,0.0
manual,2025-11-06,americano,35,35,0,0.0
manual,2025-11-06,cappuccino,36,36,0,0.0
manual,2025-11-06,cold_coffee,36,36,0,0.0
manual,2025-11-06,croissant,40,40,0,0.0
manual,2025-11-06,espresso,54,54,0,0.0
manual,2025-11-06,hot_chocolate,58,58,0,0.0
manual,2025-11-06,iced_latte,21,21,0,0.0
manual,2025-11-06,latte,48,48,0,0.0
manual,2025-11-06,masala_chai,81,81,0,0.0
manual,2025-11-06,sandwich,29,29,0,0.0
manual,2025-11-07,americano,47,47,0,0.0
manual,2025-11-07,cappuccino,78,78,0,0.0
manual,2025-11-07,cold_coffee,50,50,0,0.0
manual,2025-11-07,croissant,50,50,0,0.0
manual,2025-11-07,espresso,87,87,0,0.0
manual,2025-11-07,hot_chocolate,52,52,0,0.0
manual,2025-11-07,iced_latte,51,51,0,0.0
manual,2025-11-07,latte,96,96,0,0.0
manual,2025-11-07,masala_chai,81,81,0,0.0
manual,2025-11-07,sandwich,40,40,0,0.0
manual,2025-11-08,americano,57,57,0,0.0
manual,2025-11-08,cappuccino,48,48,0,0.0
manual,2025-11-08,cold_coffee,44,44,0,0.0
manual,2025-11-08,croissant,59,58,1,140.0
manual,2025-11-08,espresso,65,65,0,0.0
manual,2025-11-08,hot_chocolate,46,46,0,0.0
manual,2025-11-08,iced_latte,66,66,0,0.0
manual,2025-11-08,latte,94,94,0,0.0
manual,2025-11-08,masala_chai,53,53,0,0.0
manual,2025-11-08,sandwich,26,26,0,0.0
manual,2025-11-09,americano,92,92,0,0.0
manual,2025-11-09,cappuccino,81,81,0,0.0
manual,2025-11-09,cold_coffee,69,69,0,0.0
manual,2025-11-09,croissant,47,46,1,140.0
manual,2025-11-09,espresso,74,74,0,0.0
manual,2025-11-09,hot_chocolate,53,53,0,0.0
manual,2025-11-09,iced_latte,41,41,0,0.0
manual,2025-11-09,latte,67,67,0,0.0
manual,2025-11-09,masala_chai,70,70,0,0.0
manual,2025-11-09,sandwich,37,37,0,0.0
manual,2025-11-10,americano,51,51,0,0.0
manual,2025-11-10,cappuccino,50,50,0,0.0
manual,2025-11-10,cold_coffee,68,68,0,0.0
manual,2025-11-10,croissant,33,33,0,0.0
manual,2025-11-10,espresso,60,60,0,0.0
manual,2025-11-10,hot_chocolate,22,22,0,0.0
manual,2025-11-10,iced_latte,32,32,0,0.0
manual,2025-11-10,latte,59,59,0,0.0
manual,2025-11-10,masala_chai,67,67,0,0.0
manual,2025-11-10,sandwich,49,47,2,360.0
manual,2025-11-11,americano,44,44,0,0.0
manual,2025-11-11,cappuccino,63,63,0,0.0
manual,2025-11-11,cold_coffee,53,53,0,0.0
manual,2025-11-11,croissant,58,58,0,0.0
manual,2025-11-11,espresso,53,53,0,0.0
manual,2025-11-11,hot_chocolate,26,26,0,0.0
manual,2025-11-11,iced_latte,37,37,0,0.0
manual,2025-11-11,latte,65,65,0,0.0
manual,2025-11-11,masala_chai,51,51,0,0.0
manual,2025-11-11,sandwich,44,38,6,1080.0
manual,2025-11-12,americano,41,41,0,0.0
manual,2025-11-12,cappuccino,62,62,0,0.0
manual,2025-11-12,cold_coffee,54,54,0,0.0
manual,2025-11-12,croissant,36,36,0,0.0
manual,2025-11-12,espresso,89,89,0,0.0
manual,2025-11-12,hot_chocolate,35,35,0,0.0
manual,2025-11-12,iced_latte,32,32,0,0.0
manual,2025-11-12,latte,52,52,0,0.0
manual,2025-11-12,masala_chai,52,52,0,0.0
manual,2025-11-12,sandwich,29,29,0,0.0
manual,2025-11-13,americano,44,44,0,0.0
manual,2025-11-13,cappuccino,70,70,0,0.0
manual,2025-11-13,cold_coffee,47,47,0,0.0
manual,2025-11-13,croissant,26,26,0,0.0
manual,2025-11-13,espresso,57,57,0,0.0
manual,2025-11-13,hot_chocolate,21,21,0,0.0
manual,2025-11-13,iced_latte,42,42,0,0.0
manual,2025-11-13,latte,61,61,0,0.0
manual,2025-11-13,masala_chai,84,84,0,0.0
manual,2025-11-13,sandwich,25,25,0,0.0
manual,2025-11-14,americano,63,63,0,0.0
manual,2025-11-14,cappuccino,57,57,0,0.0
manual,2025-11-14,cold_coffee,86,86,0,0.0
manual,2025-11-14,croissant,30,30,0,0.0
manual,2025-11-14,espresso,61,61,0,0.0
manual,2025-11-14,hot_chocolate,43,43,0,0.0
manual,2025-11-14,iced_latte,34,34,0,0.0
manual,2025-11-14,latte,81,81,0,0.0
manual,2025-11-14,masala_chai,75,75,0,0.0
manual,2025-11-14,sandwich,50,50,0,0.0
manual,2025-11-15,americano,53,53,0,0.0
manual,2025-11-15,cappuccino,61,61,0,0.0
manual,2025-11-15,cold_coffee,67,67,0,0.0
manual,2025-11-15,croissant,69,64,5,700.0
manual,2025-11-15,espresso,72,72,0,0.0
manual,2025-11-15,hot_chocolate,32,32,0,0.0
manual,2025-11-15,iced_latte,67,67,0,0.0
manual,2025-11-15,latte,81,81,0,0.0
manual,2025-11-15,masala_chai,81,81,0,0.0
manual,2025-11-15,sandwich,31,31,0,0.0
manual,2025-11-16,americano,39,39,0,0.0
manual,2025-11-16,cappuccino,50,50,0,0.0
manual,2025-11-16,cold_coffee,81,81,0,0.0
manual,2025-11-16,croissant,61,37,24,3360.0
manual,2025-11-16,espresso,75,75,0,0.0
manual,2025-11-16,hot_chocolate,45,45,0,0.0
manual,2025-11-16,iced_latte,63,63,0,0.0
manual,2025-11-16,latte,88,88,0,0.0
manual,2025-11-16,masala_chai,70,70,0,0.0
manual,2025-11-16,sandwich,61,49,12,2160.0
manual,2025-11-17,americano,44,44,0,0.0
manual,2025-11-17,cappuccino,51,51,0,0.0
manual,2025-11-17,cold_coffee,35,35,0,0.0
manual,2025-11-17,croissant,33,33,0,0.0
manual,2025-11-17,espresso,77,77,0,0.0
manual,2025-11-17,hot_chocolate,23,23,0,0.0
manual,2025-11-17,iced_latte,29,29,0,0.0
manual,2025-11-17,latte,82,82,0,0.0
manual,2025-11-17,masala_chai,35,35,0,0.0
manual,2025-11-17,sandwich,24,24,0,0.0
manual,2025-11-18,americano,48,48,0,0.0
manual,2025-11-18,cappuccino,59,59,0,0.0
manual,2025-11-18,cold_coffee,27,27,0,0.0
manual,2025-11-18,croissant,36,36,0,0.0
manual,2025-11-18,espresso,82,82,0,0.0
manual,2025-11-18,hot_chocolate,34,34,0,0.0
manual,2025-11-18,iced_latte,27,27,0,0.0
manual,2025-11-18,latte,76,76,0,0.0
manual,2025-11-18,masala_chai,64,64,0,0.0
manual,2025-11-18,sandwich,19,19,0,0.0
manual,2025-11-19,americano,54,54,0,0.0
manual,2025-11-19,cappuccino,74,74,0,0.0
manual,2025-11-19,cold_coffee,36,36,0,0.0
manual,2025-11-19,croissant,35,35,0,0.0
manual,2025-11-19,espresso,55,55,0,0.0
manual,2025-11-19,hot_chocolate,36,36,0,0.0
manual,2025-11-19,iced_latte,43,43,0,0.0
manual,2025-11-19,latte,53,53,0,0.0
manual,2025-11-19,masala_chai,65,65,0,0.0
manual,2025-11-19,sandwich,24,24,0,0.0
manual,2025-11-20,americano,58,58,0,0.0
manual,2025-11-20,cappuccino,79,79,0,0.0
manual,2025-11-20,cold_coffee,71,71,0,0.0
manual,2025-11-20,croissant,28,28,0,0.0
manual,2025-11-20,espresso,72,72,0,0.0
manual,2025-11-20,hot_chocolate,31,31,0,0.0
manual,2025-11-20,iced_latte,37,37,0,0.0
manual,2025-11-20,latte,102,102,0,0.0
manual,2025-11-20,masala_chai,52,52,0,0.0
manual,2025-11-20,sandwich,56,47,9,1620.0
manual,2025-11-21,americano,35,35,0,0.0
manual,2025-11-21,cappuccino,54,54,0,0.0
manual,2025-11-21,cold_coffee,37,37,0,0.0
manual,2025-11-21,croissant,31,31,0,0.0
manual,2025-11-21,espresso,69,69,0,0.0
manual,2025-11-21,hot_chocolate,48,48,0,0.0
manual,2025-11-21,iced_latte,42,42,0,0.0
manual,2025-11-21,latte,61,61,0,0.0
manual,2025-11-21,masala_chai,92,92,0,0.0
manual,2025-11-21,sandwich,38,38,0,0.0
manual,2025-11-22,americano,28,28,0,0.0
manual,2025-11-22,cappuccino,69,69,0,0.0
manual,2025-11-22,cold_coffee,38,38,0,0.0
manual,2025-11-22,croissant,48,48,0,0.0
manual,2025-11-22,espresso,74,74,0,0.0
manual,2025-11-22,hot_chocolate,36,36,0,0.0
manual,2025-11-22,iced_latte,34,34,0,0.0
manual,2025-11-22,latte,76,76,0,0.0
manual,2025-11-22,masala_chai,59,59,0,0.0
manual,2025-11-22,sandwich,34,34,0,0.0
manual,2025-11-23,americano,53,53,0,0.0
manual,2025-11-23,cappuccino,106,106,0,0.0
manual,2025-11-23,cold_coffee,58,58,0,0.0
manual,2025-11-23,croissant,31,31,0,0.0
manual,2025-11-23,espresso,49,49,0,0.0
manual,2025-11-23,hot_chocolate,40,40,0,0.0
manual,2025-11-23,iced_latte,51,51,0,0.0
manual,2025-11-23,latte,76,76,0,0.0
manual,2025-11-23,masala_chai,69,69,0,0.0
manual,2025-11-23,sandwich,46,46,0,0.0
manual,2025-11-24,americano,40,40,0,0.0
manual,2025-11-24,cappuccino,79,79,0,0.0
manual,2025-11-24,cold_coffee,29,29,0,0.0
manual,2025-11-24,croissant,44,44,0,0.0
manual,2025-11-24,espresso,46,46,0,0.0
manual,2025-11-24,hot_chocolate,22,22,0,0.0
manual,2025-11-24,iced_latte,47,47,0,0.0
manual,2025-11-24,latte,70,70,0,0.0
manual,2025-11-24,masala_chai,45,45,0,0.0
manual,2025-11-24,sandwich,27,27,0,0.0
manual,2025-11-25,americano,48,48,0,0.0
manual,2025-11-25,cappuccino,60,60,0,0.0
manual,2025-11-25,cold_coffee,50,50,0,0.0
manual,2025-11-25,croissant,25,25,0,0.0
manual,2025-11-25,espresso,42,42,0,0.0
manual,2025-11-25,hot_chocolate,36,36,0,0.0
manual,2025-11-25,iced_latte,42,42,0,0.0
manual,2025-11-25,latte,75,75,0,0.0
manual,2025-11-25,masala_chai,79,79,0,0.0
manual,2025-11-25,sandwich,56,56,0,0.0
manual,2025-11-26,americano,35,35,0,0.0
manual,2025-11-26,cappuccino,59,59,0,0.0
manual,2025-11-26,cold_coffee,43,43,0,0.0
manual,2025-11-26,croissant,40,40,0,0.0
manual,2025-11-26,espresso,45,45,0,0.0
manual,2025-11-26,hot_chocolate,28,28,0,0.0
manual,2025-11-26,iced_latte,27,27,0,0.0
manual,2025-11-26,latte,80,80,0,0.0
manual,2025-11-26,masala_chai,53,53,0,0.0
manual,2025-11-26,sandwich,37,35,2,360.0
manual,2025-11-27,americano,34,34,0,0.0
manual,2025-11-27,cappuccino,55,55,0,0.0
manual,2025-11-27,cold_coffee,36,36,0,0.0
manual,2025-11-27,croissant,38,38,0,0.0
manual,2025-11-27,espresso,42,42,0,0.0
manual,2025-11-27,hot_chocolate,35,35,0,0.0
manual,2025-11-27,iced_latte,30,30,0,0.0
manual,2025-11-27,latte,81,81,0,0.0
manual,2025-11-27,masala_chai,84,84,0,0.0
manual,2025-11-27,sandwich,44,44,0,0.0
manual,2025-11-28,americano,84,84,0,0.0
manual,2025-11-28,cappuccino,79,79,0,0.0
manual,2025-11-28,cold_coffee,49,49,0,0.0
manual,2025-11-28,croissant,34,34,0,0.0
manual,2025-11-28,espresso,82,82,0,0.0
manual,2025-11-28,hot_chocolate,44,44,0,0.0
manual,2025-11-28,iced_latte,17,17,0,0.0
manual,2025-11-28,latte,97,97,0,0.0
manual,2025-11-28,masala_chai,76,76,0,0.0
manual,2025-11-28,sandwich,46,45,1,180.0
manual,2025-11-29,americano,48,48,0,0.0
manual,2025-11-29,cappuccino,115,115,0,0.0
manual,2025-11-29,cold_coffee,28,28,0,0.0
manual,2025-11-29,croissant,39,39,0,0.0
manual,2025-11-29,espresso,121,121,0,0.0
manual,2025-11-29,hot_chocolate,42,42,0,0.0
manual,2025-11-29,iced_latte,24,24,0,0.0
manual,2025-11-29,latte,101,101,0,0.0
manual,2025-11-29,masala_chai,56,56,0,0.0
manual,2025-11-29,sandwich,47,43,4,720.0
manual,2025-11-30,americano,45,45,0,0.0
manual,2025-11-30,cappuccino,95,95,0,0.0
manual,2025-11-30,cold_coffee,32,32,0,0.0
manual,2025-11-30,croissant,71,61,10,1260.0
manual,2025-11-30,espresso,69,69,0,0.0
manual,2025-11-30,hot_chocolate,49,49,0,0.0
manual,2025-11-30,iced_latte,38,38,0,0.0
manual,2025-11-30,latte,84,84,0,0.0
manual,2025-11-30,masala_chai,136,136,0,0.0
manual,2025-11-30,sandwich,49,47,2,360.0
manual,2025-12-01,americano,40,40,0,0.0
manual,2025-12-01,cappuccino,62,62,0,0.0
manual,2025-12-01,cold_coffee,30,30,0,0.0
manual,2025-12-01,croissant,43,28,15,2100.0
manual,2025-12-01,espresso,42,42,0,0.0
manual,2025-12-01,hot_chocolate,45,45,0,0.0
manual,2025-12-01,iced_latte,39,39,0,0.0
manual,2025-12-01,latte,76,76,0,0.0
manual,2025-12-01,masala_chai,57,57,0,0.0
manual,2025-12-01,sandwich,46,46,0,0.0
manual,2025-12-02,americano,36,36,0,0.0
manual,2025-12-02,cappuccino,64,64,0,0.0
manual,2025-12-02,cold_coffee,36,36,0,0.0
manual,2025-12-02,croissant,28,28,0,0.0
manual,2025-12-02,espresso,70,70,0,0.0
manual,2025-12-02,hot_chocolate,24,24,0,0.0
manual,2025-12-02,iced_latte,19,19,0,0.0
manual,2025-12-02,latte,75,75,0,0.0
manual,2025-12-02,masala_chai,72,72,0,0.0
manual,2025-12-02,sandwich,41,41,0,0.0
manual,2025-12-03,americano,47,47,0,0.0
manual,2025-12-03,cappuccino,60,60,0,0.0
manual,2025-12-03,cold_coffee,57,57,0,0.0
manual,2025-12-03,croissant,41,41,0,0.0
manual,2025-12-03,espresso,61,61,0,0.0
manual,2025-12-03,hot_chocolate,38,38,0,0.0
manual,2025-12-03,iced_latte,33,33,0,0.0
manual,2025-12-03,latte,93,93,0,0.0
manual,2025-12-03,masala_chai,76,76,0,0.0
manual,2025-12-03,sandwich,44,44,0,0.0
manual,2025-12-04,americano,22,22,0,0.0
manual,2025-12-04,cappuccino,51,51,0,0.0
manual,2025-12-04,cold_coffee,26,26,0,0.0
manual,2025-12-04,croissant,40,40,0,0.0
manual,2025-12-04,espresso,69,69,0,0.0
manual,2025-12-04,hot_chocolate,36,36,0,0.0
manual,2025-12-04,iced_latte,27,27,0,0.0
manual,2025-12-04,latte,62,62,0,0.0
manual,2025-12-04,masala_chai,106,106,0,0.0
manual,2025-12-04,sandwich,36,36,0,0.0
manual,2025-12-05,americano,65,65,0,0.0
manual,2025-12-05,cappuccino,76,76,0,0.0
manual,2025-12-05,cold_coffee,43,43,0,0.0
manual,2025-12-05,croissant,43,43,0,0.0
manual,2025-12-05,espresso,91,91,0,0.0
manual,2025-12-05,hot_chocolate,50,50,0,0.0
manual,2025-12-05,iced_latte,27,27,0,0.0
manual,2025-12-05,latte,79,79,0,0.0
manual,2025-12-05,masala_chai,82,82,0,0.0
manual,2025-12-05,sandwich,44,44,0,0.0
manual,2025-12-06,americano,38,38,0,0.0
manual,2025-12-06,cappuccino,64,64,0,0.0
manual,2025-12-06,cold_coffee,60,60,0,0.0
manual,2025-12-06,croissant,35,35,0,0.0
manual,2025-12-06,espresso,67,67,0,0.0
manual,2025-12-06,hot_chocolate,43,43,0,0.0
manual,2025-12-06,iced_latte,47,47,0,0.0
manual,2025-12-06,latte,87,87,0,0.0
manual,2025-12-06,masala_chai,99,99,0,0.0
manual,2025-12-06,sandwich,41,41,0,0.0
manual,2025-12-07,americano,51,51,0,0.0
manual,2025-12-07,cappuccino,73,73,0,0.0
manual,2025-12-07,cold_coffee,49,49,0,0.0
manual,2025-12-07,croissant,32,32,0,0.0
manual,2025-12-07,espresso,61,61,0,0.0
manual,2025-12-07,hot_chocolate,23,23,0,0.0
manual,2025-12-07,iced_latte,46,46,0,0.0
manual,2025-12-07,latte,80,80,0,0.0
manual,2025-12-07,masala_chai,63,63,0,0.0
manual,2025-12-07,sandwich,33,33,0,0.0
manual,2025-12-08,americano,27,27,0,0.0
manual,2025-12-08,cappuccino,52,52,0,0.0
manual,2025-12-08,cold_coffee,37,37,0,0.0
manual,2025-12-08,croissant,22,22,0,0.0
manual,2025-12-08,espresso,60,60,0,0.0
manual,2025-12-08,hot_chocolate,20,20,0,0.0
manual,2025-12-08,iced_latte,39,39,0,0.0
manual,2025-12-08,latte,64,64,0,0.0
manual,2025-12-08,masala_chai,57,57,0,0.0
manual,2025-12-08,sandwich,54,54,0,0.0
manual,2025-12-09,americano,27,27,0,0.0
manual,2025-12-09,cappuccino,62,62,0,0.0
manual,2025-12-09,cold_coffee,51,51,0,0.0
manual,2025-12-09,croissant,28,28,0,0.0
manual,2025-12-09,espresso,61,61,0,0.0
manual,2025-12-09,hot_chocolate,23,23,0,0.0
manual,2025-12-09,iced_latte,31,31,0,0.0
manual,2025-12-09,latte,58,58,0,0.0
manual,2025-12-09,masala_chai,53,53,0,0.0
manual,2025-12-09,sandwich,35,35,0,0.0
manual,2025-12-10,americano,39,39,0,0.0
manual,2025-12-10,cappuccino,83,83,0,0.0
manual,2025-12-10,cold_coffee,60,60,0,0.0
manual,2025-12-10,croissant,35,35,0,0.0
manual,2025-12-10,espresso,52,52,0,0.0
manual,2025-12-10,hot_chocolate,27,27,0,0.0
manual,2025-12-10,iced_latte,54,54,0,0.0
manual,2025-12-10,latte,67,67,0,0.0
manual,2025-12-10,masala_chai,62,62,0,0.0
manual,2025-12-10,sandwich,35,35,0,0.0
manual,2025-12-11,americano,63,63,0,0.0
manual,2025-12-11,cappuccino,61,61,0,0.0
manual,2025-12-11,cold_coffee,43,43,0,0.0
manual,2025-12-11,croissant,43,43,0,0.0
manual,2025-12-11,espresso,57,57,0,0.0
manual,2025-12-11,hot_chocolate,25,25,0,0.0
manual,2025-12-11,iced_latte,26,26,0,0.0
manual,2025-12-11,latte,102,102,0,0.0
manual,2025-12-11,masala_chai,52,52,0,0.0
manual,2025-12-11,sandwich,29,29,0,0.0
manual,2025-12-12,americano,49,49,0,0.0
manual,2025-12-12,cappuccino,50,50,0,0.0
manual,2025-12-12,cold_coffee,44,44,0,0.0
manual,2025-12-12,croissant,44,44,0,0.0
manual,2025-12-12,espresso,56,56,0,0.0
manual,2025-12-12,hot_chocolate,24,24,0,0.0
manual,2025-12-12,iced_latte,27,27,0,0.0
manual,2025-12-12,latte,46,46,0,0.0
manual,2025-12-12,masala_chai,42,42,0,0.0
manual,2025-12-12,sandwich,33,33,0,0.0
manual,2025-12-13,americano,30,30,0,0.0
manual,2025-12-13,cappuccino,68,68,0,0.0
manual,2025-12-13,cold_coffee,56,56,0,0.0
manual,2025-12-13,croissant,26,26,0,0.0
manual,2025-12-13,espresso,68,68,0,0.0
manual,2025-12-13,hot_chocolate,35,35,0,0.0
manual,2025-12-13,iced_latte,48,48,0,0.0
manual,2025-12-13,latte,78,78,0,0.0
manual,2025-12-13,masala_chai,51,51,0,0.0
manual,2025-12-13,sandwich,38,38,0,0.0
manual,2025-12-14,americano,44,44,0,0.0
manual,2025-12-14,cappuccino,70,70,0,0.0
manual,2025-12-14,cold_coffee,46,46,0,0.0
manual,2025-12-14,croissant,67,67,0,0.0
manual,2025-12-14,espresso,58,58,0,0.0
manual,2025-12-14,hot_chocolate,34,34,0,0.0
manual,2025-12-14,iced_latte,29,29,0,0.0
manual,2025-12-14,latte,91,91,0,0.0
manual,2025-12-14,masala_chai,75,75,0,0.0
manual,2025-12-14,sandwich,41,41,0,0.0
manual,2025-12-15,americano,58,58,0,0.0
manual,2025-12-15,cappuccino,63,63,0,0.0
manual,2025-12-15,cold_coffee,38,38,0,0.0
manual,2025-12-15,croissant,30,16,14,1960.0
manual,2025-12-15,espresso,76,76,0,0.0
manual,2025-12-15,hot_chocolate,42,42,0,0.0
manual,2025-12-15,iced_latte,28,28,0,0.0
manual,2025-12-15,latte,99,99,0,0.0
manual,2025-12-15,masala_chai,68,68,0,0.0
manual,2025-12-15,sandwich,27,27,0,0.0
manual,2025-12-16,americano,28,28,0,0.0
manual,2025-12-16,cappuccino,57,57,0,0.0
manual,2025-12-16,cold_coffee,53,53,0,0.0
manual,2025-12-16,croissant,34,34,0,0.0
manual,2025-12-16,espresso,60,60,0,0.0
manual,2025-12-16,hot_chocolate,34,34,0,0.0
manual,2025-12-16,iced_latte,22,22,0,0.0
manual,2025-12-16,latte,78,78,0,0.0
manual,2025-12-16,masala_chai,77,77,0,0.0
manual,2025-12-16,sandwich,32,32,0,0.0
manual,2025-12-17,americano,37,37,0,0.0
manual,2025-12-17,cappuccino,81,81,0,0.0
manual,2025-12-17,cold_coffee,47,47,0,0.0
manual,2025-12-17,croissant,31,31,0,0.0
manual,2025-12-17,espresso,66,66,0,0.0
manual,2025-12-17,hot_chocolate,26,26,0,0.0
manual,2025-12-17,iced_latte,36,36,0,0.0
manual,2025-12-17,latte,72,72,0,0.0
manual,2025-12-17,masala_chai,58,58,0,0.0
manual,2025-12-17,sandwich,35,35,0,0.0
manual,2025-12-18,americano,48,48,0,0.0
manual,2025-12-18,cappuccino,70,70,0,0.0
manual,2025-12-18,cold_coffee,56,56,0,0.0
manual,2025-12-18,croissant,24,24,0,0.0
manual,2025-12-18,espresso,49,49,0,0.0
manual,2025-12-18,hot_chocolate,28,28,0,0.0
manual,2025-12-18,iced_latte,37,37,0,0.0
manual,2025-12-18,latte,64,64,0,0.0
manual,2025-12-18,masala_chai,44,44,0,0.0
manual,2025-12-18,sandwich,40,40,0,0.0
manual,2025-12-19,americano,43,43,0,0.0
manual,2025-12-19,cappuccino,92,92,0,0.0
manual,2025-12-19,cold_coffee,43,43,0,0.0
manual,2025-12-19,croissant,38,38,0,0.0
manual,2025-12-19,espresso,89,89,0,0.0
manual,2025-12-19,hot_chocolate,21,21,0,0.0
manual,2025-12-19,iced_latte,55,55,0,0.0
manual,2025-12-19,latte,81,81,0,0.0
manual,2025-12-19,masala_chai,51,51,0,0.0
manual,2025-12-19,sandwich,51,48,3,540.0
manual,2025-12-20,americano,48,48,0,0.0
manual,2025-12-20,cappuccino,67,67,0,0.0
manual,2025-12-20,cold_coffee,50,50,0,0.0
manual,2025-12-20,croissant,38,38,0,0.0
manual,2025-12-20,espresso,59,59,0,0.0
manual,2025-12-20,hot_chocolate,35,35,0,0.0
manual,2025-12-20,iced_latte,39,39,0,0.0
manual,2025-12-20,latte,97,97,0,0.0
manual,2025-12-20,masala_chai,71,71,0,0.0
manual,2025-12-20,sandwich,38,38,0,0.0
manual,2025-12-21,americano,69,69,0,0.0
manual,2025-12-21,cappuccino,79,79,0,0.0
manual,2025-12-21,cold_coffee,48,48,0,0.0
manual,2025-12-21,croissant,36,36,0,0.0
manual,2025-12-21,espresso,62,62,0,0.0
manual,2025-12-21,hot_chocolate,37,37,0,0.0
manual,2025-12-21,iced_latte,34,34,0,0.0
manual,2025-12-21,latte,79,79,0,0.0
manual,2025-12-21,masala_chai,49,49,0,0.0
manual,2025-12-21,sandwich,47,47,0,0.0
manual,2025-12-22,americano,74,74,0,0.0
manual,2025-12-22,cappuccino,89,89,0,0.0
manual,2025-12-22,cold_coffee,49,49,0,0.0
manual,2025-12-22,croissant,48,48,0,0.0
manual,2025-12-22,espresso,79,79,0,0.0
manual,2025-12-22,hot_chocolate,37,37,0,0.0
manual,2025-12-22,iced_latte,38,38,0,0.0
manual,2025-12-22,latte,95,95,0,0.0
manual,2025-12-22,masala_chai,60,60,0,0.0
manual,2025-12-22,sandwich,29,29,0,0.0
manual,2025-12-23,americano,30,30,0,0.0
manual,2025-12-23,cappuccino,69,69,0,0.0
manual,2025-12-23,cold_coffee,41,41,0,0.0
manual,2025-12-23,croissant,44,44,0,0.0
manual,2025-12-23,espresso,68,68,0,0.0
manual,2025-12-23,hot_chocolate,36,36,0,0.0
manual,2025-12-23,iced_latte,25,25,0,0.0
manual,2025-12-23,latte,66,66,0,0.0
manual,2025-12-23,masala_chai,63,63,0,0.0
manual,2025-12-23,sandwich,42,42,0,0.0
manual,2025-12-24,americano,45,45,0,0.0
manual,2025-12-24,cappuccino,71,71,0,0.0
manual,2025-12-24,cold_coffee,58,58,0,0.0
manual,2025-12-24,croissant,33,33,0,0.0
manual,2025-12-24,espresso,76,76,0,0.0
manual,2025-12-24,hot_chocolate,51,51,0,0.0
manual,2025-12-24,iced_latte,39,39,0,0.0
manual,2025-12-24,latte,69,69,0,0.0
manual,2025-12-24,masala_chai,77,77,0,0.0
manual,2025-12-24,sandwich,65,52,13,2340.0
manual,2025-12-25,americano,31,31,0,0.0
manual,2025-12-25,cappuccino,80,80,0,0.0
manual,2025-12-25,cold_coffee,48,48,0,0.0
manual,2025-12-25,croissant,33,33,0,0.0
manual,2025-12-25,espresso,49,49,0,0.0
manual,2025-12-25,hot_chocolate,24,24,0,0.0
manual,2025-12-25,iced_latte,31,31,0,0.0
manual,2025-12-25,latte,49,49,0,0.0
manual,2025-12-25,masala_chai,34,34,0,0.0
manual,2025-12-25,sandwich,25,25,0,0.0
manual,2025-12-26,americano,59,59,0,0.0
manual,2025-12-26,cappuccino,91,91,0,0.0
manual,2025-12-26,cold_coffee,44,44,0,0.0
manual,2025-12-26,croissant,41,41,0,0.0
manual,2025-12-26,espresso,63,63,0,0.0
manual,2025-12-26,hot_chocolate,45,45,0,0.0
manual,2025-12-26,iced_latte,35,35,0,0.0
manual,2025-12-26,latte,64,64,0,0.0
manual,2025-12-26,masala_chai,81,81,0,0.0
manual,2025-12-26,sandwich,34,34,0,0.0
manual,2025-12-27,americano,40,40,0,0.0
manual,2025-12-27,cappuccino,89,89,0,0.0
manual,2025-12-27,cold_coffee,61,61,0,0.0
manual,2025-12-27,croissant,43,43,0,0.0
manual,2025-12-27,espresso,59,59,0,0.0
manual,2025-12-27,hot_chocolate,52,52,0,0.0
manual,2025-12-27,iced_latte,44,44,0,0.0
manual,2025-12-27,latte,130,130,0,0.0
manual,2025-12-27,masala_chai,83,83,0,0.0
manual,2025-12-27,sandwich,37,37,0,0.0
manual,2025-12-28,americano,52,52,0,0.0
manual,2025-12-28,cappuccino,79,79,0,0.0
manual,2025-12-28,cold_coffee,57,57,0,0.0
manual,2025-12-28,croissant,92,47,45,5670.0
manual,2025-12-28,espresso,91,91,0,0.0
manual,2025-12-28,hot_chocolate,70,70,0,0.0
manual,2025-12-28,iced_latte,57,57,0,0.0
manual,2025-12-28,latte,119,119,0,0.0
manual,2025-12-28,masala_chai,66,66,0,0.0
manual,2025-12-28,sandwich,65,55,10,1800.0
manual,2025-12-29,americano,50,50,0,0.0
manual,2025-12-29,cappuccino,54,54,0,0.0
manual,2025-12-29,cold_coffee,44,44,0,0.0
manual,2025-12-29,croissant,35,35,0,0.0
manual,2025-12-29,espresso,80,80,0,0.0
manual,2025-12-29,hot_chocolate,14,14,0,0.0
manual,2025-12-29,iced_latte,30,30,0,0.0
manual,2025-12-29,latte,115,115,0,0.0
manual,2025-12-29,masala_chai,56,56,0,0.0
manual,2025-12-29,sandwich,33,33,0,0.0
manual,2025-12-30,americano,47,47,0,0.0
manual,2025-12-30,cappuccino,94,94,0,0.0
manual,2025-12-30,cold_coffee,85,85,0,0.0
manual,2025-12-30,croissant,43,43,0,0.0
manual,2025-12-30,espresso,105,105,0,0.0
manual,2025-12-30,hot_chocolate,57,57,0,0.0
manual,2025-12-30,iced_latte,77,77,0,0.0
manual,2025-12-30,latte,106,106,0,0.0
manual,2025-12-30,masala_chai,70,70,0,0.0
manual,2025-12-30,sandwich,79,61,18,3240.0
manual,2025-12-31,americano,57,57,0,0.0
manual,2025-12-31,cappuccino,118,118,0,0.0
manual,2025-12-31,cold_coffee,42,42,0,0.0
manual,2025-12-31,croissant,72,52,20,2800.0
manual,2025-12-31,espresso,62,62,0,0.0
manual,2025-12-31,hot_chocolate,49,49,0,0.0
manual,2025-12-31,iced_latte,32,32,0,0.0
manual,2025-12-31,latte,122,122,0,0.0
manual,2025-12-31,masala_chai,137,137,0,0.0
manual,2025-12-31,sandwich,62,38,24,4320.0
seasonal_naive,2025-07-20,americano,50,50,0,0.0
seasonal_naive,2025-07-20,cappuccino,80,80,0,0.0
seasonal_naive,2025-07-20,cold_coffee,46,46,0,0.0
seasonal_naive,2025-07-20,croissant,26,26,0,0.0
seasonal_naive,2025-07-20,espresso,72,72,0,0.0
seasonal_naive,2025-07-20,hot_chocolate,38,38,0,0.0
seasonal_naive,2025-07-20,iced_latte,37,37,0,0.0
seasonal_naive,2025-07-20,latte,66,66,0,0.0
seasonal_naive,2025-07-20,masala_chai,55,55,0,0.0
seasonal_naive,2025-07-20,sandwich,54,40,14,2520.0
seasonal_naive,2025-07-21,americano,26,26,0,0.0
seasonal_naive,2025-07-21,cappuccino,52,52,0,0.0
seasonal_naive,2025-07-21,cold_coffee,41,41,0,0.0
seasonal_naive,2025-07-21,croissant,26,26,0,0.0
seasonal_naive,2025-07-21,espresso,66,66,0,0.0
seasonal_naive,2025-07-21,hot_chocolate,33,33,0,0.0
seasonal_naive,2025-07-21,iced_latte,44,44,0,0.0
seasonal_naive,2025-07-21,latte,83,83,0,0.0
seasonal_naive,2025-07-21,masala_chai,62,62,0,0.0
seasonal_naive,2025-07-21,sandwich,29,28,1,180.0
seasonal_naive,2025-07-22,americano,49,49,0,0.0
seasonal_naive,2025-07-22,cappuccino,57,57,0,0.0
seasonal_naive,2025-07-22,cold_coffee,22,22,0,0.0
seasonal_naive,2025-07-22,croissant,20,20,0,0.0
seasonal_naive,2025-07-22,espresso,73,73,0,0.0
seasonal_naive,2025-07-22,hot_chocolate,27,27,0,0.0
seasonal_naive,2025-07-22,iced_latte,30,30,0,0.0
seasonal_naive,2025-07-22,latte,66,66,0,0.0
seasonal_naive,2025-07-22,masala_chai,60,60,0,0.0
seasonal_naive,2025-07-22,sandwich,42,38,4,720.0
seasonal_naive,2025-07-23,americano,44,44,0,0.0
seasonal_naive,2025-07-23,cappuccino,61,58,3,450.0
seasonal_naive,2025-07-23,cold_coffee,25,25,0,0.0
seasonal_naive,2025-07-23,croissant,27,19,8,1120.0
seasonal_naive,2025-07-23,espresso,42,0,42,3780.0
seasonal_naive,2025-07-23,hot_chocolate,37,0,37,6290.0
seasonal_naive,2025-07-23,iced_latte,26,26,0,0.0
seasonal_naive,2025-07-23,latte,67,0,67,10720.0
seasonal_naive,2025-07-23,masala_chai,71,0,71,5680.0
seasonal_naive,2025-07-23,sandwich,43,42,1,180.0
seasonal_naive,2025-07-24,americano,24,24,0,0.0
seasonal_naive,2025-07-24,cappuccino,67,67,0,0.0
seasonal_naive,2025-07-24,cold_coffee,23,23,0,0.0
seasonal_naive,2025-07-24,croissant,38,37,1,140.0
seasonal_naive,2025-07-24,espresso,97,97,0,0.0
seasonal_naive,2025-07-24,hot_chocolate,19,19,0,0.0
seasonal_naive,2025-07-24,iced_latte,22,22,0,0.0
seasonal_naive,2025-07-24,latte,48,48,0,0.0
seasonal_naive,2025-07-24,masala_chai,67,67,0,0.0
seasonal_naive,2025-07-24,sandwich,28,28,0,0.0
seasonal_naive,2025-07-25,americano,59,59,0,0.0
seasonal_naive,2025-07-25,cappuccino,48,48,0,0.0
seasonal_naive,2025-07-25,cold_coffee,57,57,0,0.0
seasonal_naive,2025-07-25,croissant,24,24,0,0.0
seasonal_naive,2025-07-25,espresso,52,52,0,0.0
seasonal_naive,2025-07-25,hot_chocolate,40,40,0,0.0
seasonal_naive,2025-07-25,iced_latte,39,39,0,0.0
seasonal_naive,2025-07-25,latte,87,87,0,0.0
seasonal_naive,2025-07-25,masala_chai,102,102,0,0.0
seasonal_naive,2025-07-25,sandwich,32,32,0,0.0
seasonal_naive,2025-07-26,americano,42,42,0,0.0
seasonal_naive,2025-07-26,cappuccino,74,74,0,0.0
seasonal_naive,2025-07-26,cold_coffee,51,51,0,0.0
seasonal_naive,2025-07-26,croissant,42,42,0,0.0
seasonal_naive,2025-07-26,espresso,79,79,0,0.0
seasonal_naive,2025-07-26,hot_chocolate,65,65,0,0.0
seasonal_naive,2025-07-26,iced_latte,48,48,0,0.0
seasonal_naive,2025-07-26,latte,61,61,0,0.0
seasonal_naive,2025-07-26,masala_chai,92,92,0,0.0
seasonal_naive,2025-07-26,sandwich,36,36,0,0.0
seasonal_naive,2025-07-27,americano,43,43,0,0.0
seasonal_naive,2025-07-27,cappuccino,114,114,0,0.0
seasonal_naive,2025-07-27,cold_coffee,60,60,0,0.0
seasonal_naive,2025-07-27,croissant,32,32,0,0.0
seasonal_naive,2025-07-27,espresso,94,94,0,0.0
seasonal_naive,2025-07-27,hot_chocolate,51,51,0,0.0
seasonal_naive,2025-07-27,iced_latte,47,47,0,0.0
seasonal_naive,2025-07-27,latte,95,95,0,0.0
seasonal_naive,2025-07-27,masala_chai,84,84,0,0.0
seasonal_naive,2025-07-27,sandwich,36,32,4,720.0
seasonal_naive,2025-07-28,americano,50,50,0,0.0
seasonal_naive,2025-07-28,cappuccino,47,47,0,0.0
seasonal_naive,2025-07-28,cold_coffee,50,50,0,0.0
seasonal_naive,2025-07-28,croissant,24,13,11,1540.0
seasonal_naive,2025-07-28,espresso,58,58,0,0.0
seasonal_naive,2025-07-28,hot_chocolate,22,22,0,0.0
seasonal_naive,2025-07-28,iced_latte,14,14,0,0.0
seasonal_naive,2025-07-28,latte,74,74,0,0.0
seasonal_naive,2025-07-28,masala_chai,59,59,0,0.0
seasonal_naive,2025-07-28,sandwich,36,28,8,1440.0
seasonal_naive,2025-07-29,americano,53,53,0,0.0
seasonal_naive,2025-07-29,cappuccino,72,72,0,0.0
seasonal_naive,2025-07-29,cold_coffee,45,45,0,0.0
seasonal_naive,2025-07-29,croissant,35,18,17,2380.0
seasonal_naive,2025-07-29,espresso,95,95,0,0.0
seasonal_naive,2025-07-29,hot_chocolate,44,44,0,0.0
seasonal_naive,2025-07-29,iced_latte,40,40,0,0.0
seasonal_naive,2025-07-29,latte,77,77,0,0.0
seasonal_naive,2025-07-29,masala_chai,78,78,0,0.0
seasonal_naive,2025-07-29,sandwich,47,38,9,1620.0
seasonal_naive,2025-07-30,americano,44,44,0,0.0
seasonal_naive,2025-07-30,cappuccino,66,66,0,0.0
seasonal_naive,2025-07-30,cold_coffee,42,42,0,0.0
seasonal_naive,2025-07-30,croissant,32,19,13,1820.0
seasonal_naive,2025-07-30,espresso,50,50,0,0.0
seasonal_naive,2025-07-30,hot_chocolate,26,26,0,0.0
seasonal_naive,2025-07-30,iced_latte,38,38,0,0.0
seasonal_naive,2025-07-30,latte,77,77,0,0.0
seasonal_naive,2025-07-30,masala_chai,48,48,0,0.0
seasonal_naive,2025-07-30,sandwich,41,41,0,0.0
seasonal_naive,2025-07-31,americano,44,44,0,0.0
seasonal_naive,2025-07-31,cappuccino,69,69,0,0.0
seasonal_naive,2025-07-31,cold_coffee,58,58,0,0.0
seasonal_naive,2025-07-31,croissant,40,37,3,420.0
seasonal_naive,2025-07-31,espresso,67,67,0,0.0
seasonal_naive,2025-07-31,hot_chocolate,33,33,0,0.0
seasonal_naive,2025-07-31,iced_latte,37,37,0,0.0
seasonal_naive,2025-07-31,latte,114,114,0,0.0
seasonal_naive,2025-07-31,masala_chai,59,59,0,0.0
seasonal_naive,2025-07-31,sandwich,31,25,6,1080.0
seasonal_naive,2025-08-01,americano,62,62,0,0.0
seasonal_naive,2025-08-01,cappuccino,98,98,0,0.0
seasonal_naive,2025-08-01,cold_coffee,61,61,0,0.0
seasonal_naive,2025-08-01,croissant,48,18,30,4200.0
seasonal_naive,2025-08-01,espresso,74,74,0,0.0
seasonal_naive,2025-08-01,hot_chocolate,39,39,0,0.0
seasonal_naive,2025-08-01,iced_latte,47,47,0,0.0
seasonal_naive,2025-08-01,latte,89,89,0,0.0
seasonal_naive,2025-08-01,masala_chai,82,82,0,0.0
seasonal_naive,2025-08-01,sandwich,39,28,11,1980.0
seasonal_naive,2025-08-02,americano,40,40,0,0.0
seasonal_naive,2025-08-02,cappuccino,46,46,0,0.0
seasonal_naive,2025-08-02,cold_coffee,53,53,0,0.0
seasonal_naive,2025-08-02,croissant,53,37,16,2240.0
seasonal_naive,2025-08-02,espresso,74,74,0,0.0
seasonal_naive,2025-08-02,hot_chocolate,50,50,0,0.0
seasonal_naive,2025-08-02,iced_latte,50,50,0,0.0
seasonal_naive,2025-08-02,latte,80,80,0,0.0
seasonal_naive,2025-08-02,masala_chai,58,58,0,0.0
seasonal_naive,2025-08-02,sandwich,46,33,13,2340.0
seasonal_naive,2025-08-03,americano,64,64,0,0.0
seasonal_naive,2025-08-03,cappuccino,84,84,0,0.0
seasonal_naive,2025-08-03,cold_coffee,111,111,0,0.0
seasonal_naive,2025-08-03,croissant,69,19,50,7000.0
seasonal_naive,2025-08-03,espresso,62,62,0,0.0
seasonal_naive,2025-08-03,hot_chocolate,44,44,0,0.0
seasonal_naive,2025-08-03,iced_latte,56,56,0,0.0
seasonal_naive,2025-08-03,latte,90,90,0,0.0
seasonal_naive,2025-08-03,masala_chai,104,104,0,0.0
seasonal_naive,2025-08-03,sandwich,49,49,0,0.0
seasonal_naive,2025-08-04,americano,31,31,0,0.0
seasonal_naive,2025-08-04,cappuccino,46,46,0,0.0
seasonal_naive,2025-08-04,cold_coffee,32,32,0,0.0
seasonal_naive,2025-08-04,croissant,36,18,18,2520.0
seasonal_naive,2025-08-04,espresso,61,61,0,0.0
seasonal_naive,2025-08-04,hot_chocolate,33,33,0,0.0
seasonal_naive,2025-08-04,iced_latte,32,32,0,0.0
seasonal_naive,2025-08-04,latte,68,68,0,0.0
seasonal_naive,2025-08-04,masala_chai,74,74,0,0.0
seasonal_naive,2025-08-04,sandwich,38,22,16,2880.0
seasonal_naive,2025-08-05,americano,33,33,0,0.0
seasonal_naive,2025-08-05,cappuccino,61,61,0,0.0
seasonal_naive,2025-08-05,cold_coffee,50,50,0,0.0
seasonal_naive,2025-08-05,croissant,23,23,0,0.0
seasonal_naive,2025-08-05,espresso,53,53,0,0.0
seasonal_naive,2025-08-05,hot_chocolate,28,28,0,0.0
seasonal_naive,2025-08-05,iced_latte,24,24,0,0.0
seasonal_naive,2025-08-05,latte,75,75,0,0.0
seasonal_naive,2025-08-05,masala_chai,34,34,0,0.0
seasonal_naive,2025-08-05,sandwich,27,27,0,0.0
seasonal_naive,2025-08-06,americano,30,30,0,0.0
seasonal_naive,2025-08-06,cappuccino,74,74,0,0.0
seasonal_naive,2025-08-06,cold_coffee,41,41,0,0.0
seasonal_naive,2025-08-06,croissant,38,33,5,700.0
seasonal_naive,2025-08-06,espresso,67,67,0,0.0
seasonal_naive,2025-08-06,hot_chocolate,35,35,0,0.0
seasonal_naive,2025-08-06,iced_latte,48,48,0,0.0
seasonal_naive,2025-08-06,latte,85,85,0,0.0
seasonal_naive,2025-08-06,masala_chai,78,78,0,0.0
seasonal_naive,2025-08-06,sandwich,34,34,0,0.0
seasonal_naive,2025-08-07,americano,45,45,0,0.0
seasonal_naive,2025-08-07,cappuccino,56,56,0,0.0
seasonal_naive,2025-08-07,cold_coffee,60,60,0,0.0
seasonal_naive,2025-08-07,croissant,16,16,0,0.0
seasonal_naive,2025-08-07,espresso,41,41,0,0.0
seasonal_naive,2025-08-07,hot_chocolate,22,22,0,0.0
seasonal_naive,2025-08-07,iced_latte,36,36,0,0.0
seasonal_naive,2025-08-07,latte,49,49,0,0.0
seasonal_naive,2025-08-07,masala_chai,37,37,0,0.0
seasonal_naive,2025-08-07,sandwich,27,27,0,0.0
seasonal_naive,2025-08-08,americano,45,45,0,0.0
seasonal_naive,2025-08-08,cappuccino,92,92,0,0.0
seasonal_naive,2025-08-08,cold_coffee,47,47,0,0.0
seasonal_naive,2025-08-08,croissant,32,32,0,0.0
seasonal_naive,2025-08-08,espresso,74,74,0,0.0
seasonal_naive,2025-08-08,hot_chocolate,30,30,0,0.0
seasonal_naive,2025-08-08,iced_latte,43,43,0,0.0
seasonal_naive,2025-08-08,latte,64,64,0,0.0
seasonal_naive,2025-08-08,masala_chai,72,72,0,0.0
seasonal_naive,2025-08-08,sandwich,35,35,0,0.0
seasonal_naive,2025-08-09,americano,40,40,0,0.0
seasonal_naive,2025-08-09,cappuccino,58,58,0,0.0
seasonal_naive,2025-08-09,cold_coffee,66,66,0,0.0
seasonal_naive,2025-08-09,croissant,46,46,0,0.0
seasonal_naive,2025-08-09,espresso,86,86,0,0.0
seasonal_naive,2025-08-09,hot_chocolate,98,98,0,0.0
seasonal_naive,2025-08-09,iced_latte,31,31,0,0.0
seasonal_naive,2025-08-09,latte,77,77,0,0.0
seasonal_naive,2025-08-09,masala_chai,60,60,0,0.0
seasonal_naive,2025-08-09,sandwich,45,45,0,0.0
seasonal_naive,2025-08-10,americano,24,24,0,0.0
seasonal_naive,2025-08-10,cappuccino,108,108,0,0.0
seasonal_naive,2025-08-10,cold_coffee,54,54,0,0.0
seasonal_naive,2025-08-10,croissant,45,35,10,1400.0
seasonal_naive,2025-08-10,espresso,67,67,0,0.0
seasonal_naive,2025-08-10,hot_chocolate,38,38,0,0.0
seasonal_naive,2025-08-10,iced_latte,41,41,0,0.0
seasonal_naive,2025-08-10,latte,76,76,0,0.0
seasonal_naive,2025-08-10,masala_chai,84,84,0,0.0
seasonal_naive,2025-08-10,sandwich,47,35,12,2160.0
seasonal_naive,2025-08-11,americano,34,34,0,0.0
seasonal_naive,2025-08-11,cappuccino,104,104,0,0.0
seasonal_naive,2025-08-11,cold_coffee,32,32,0,0.0
seasonal_naive,2025-08-11,croissant,45,28,17,2380.0
seasonal_naive,2025-08-11,espresso,80,80,0,0.0
seasonal_naive,2025-08-11,hot_chocolate,42,42,0,0.0
seasonal_naive,2025-08-11,iced_latte,17,17,0,0.0
seasonal_naive,2025-08-11,latte,119,119,0,0.0
seasonal_naive,2025-08-11,masala_chai,100,100,0,0.0
seasonal_naive,2025-08-11,sandwich,26,26,0,0.0
seasonal_naive,2025-08-12,americano,45,45,0,0.0
seasonal_naive,2025-08-12,cappuccino,86,86,0,0.0
seasonal_naive,2025-08-12,cold_coffee,50,50,0,0.0
seasonal_naive,2025-08-12,croissant,34,19,15,2100.0
seasonal_naive,2025-08-12,espresso,52,52,0,0.0
seasonal_naive,2025-08-12,hot_chocolate,39,39,0,0.0
seasonal_naive,2025-08-12,iced_latte,22,22,0,0.0
seasonal_naive,2025-08-12,latte,54,54,0,0.0
seasonal_naive,2025-08-12,masala_chai,70,70,0,0.0
seasonal_naive,2025-08-12,sandwich,50,35,15,2700.0
seasonal_naive,2025-08-13,americano,49,49,0,0.0
seasonal_naive,2025-08-13,cappuccino,71,71,0,0.0
seasonal_naive,2025-08-13,cold_coffee,45,45,0,0.0
seasonal_naive,2025-08-13,croissant,41,27,14,1960.0
seasonal_naive,2025-08-13,espresso,92,92,0,0.0
seasonal_naive,2025-08-13,hot_chocolate,31,31,0,0.0
seasonal_naive,2025-08-13,iced_latte,22,22,0,0.0
seasonal_naive,2025-08-13,latte,75,75,0,0.0
seasonal_naive,2025-08-13,masala_chai,106,106,0,0.0
seasonal_naive,2025-08-13,sandwich,48,24,24,4320.0
seasonal_naive,2025-08-14,americano,44,44,0,0.0
seasonal_naive,2025-08-14,cappuccino,127,127,0,0.0
seasonal_naive,2025-08-14,cold_coffee,34,34,0,0.0
seasonal_naive,2025-08-14,croissant,30,10,20,2520.0
seasonal_naive,2025-08-14,espresso,95,95,0,0.0
seasonal_naive,2025-08-14,hot_chocolate,46,46,0,0.0
seasonal_naive,2025-08-14,iced_latte,20,20,0,0.0
seasonal_naive,2025-08-14,latte,106,106,0,0.0
seasonal_naive,2025-08-14,masala_chai,111,111,0,0.0
seasonal_naive,2025-08-14,sandwich,50,23,27,4860.0
seasonal_naive,2025-08-15,americano,24,24,0,0.0
seasonal_naive,2025-08-15,cappuccino,67,67,0,0.0
seasonal_naive,2025-08-15,cold_coffee,59,59,0,0.0
seasonal_naive,2025-08-15,croissant,25,25,0,0.0
seasonal_naive,2025-08-15,espresso,38,38,0,0.0
seasonal_naive,2025-08-15,hot_chocolate,42,42,0,0.0
seasonal_naive,2025-08-15,iced_latte,32,32,0,0.0
seasonal_naive,2025-08-15,latte,80,80,0,0.0
seasonal_naive,2025-08-15,masala_chai,70,70,0,0.0
seasonal_naive,2025-08-15,sandwich,32,32,0,0.0
seasonal_naive,2025-08-16,americano,30,30,0,0.0
seasonal_naive,2025-08-16,cappuccino,62,62,0,0.0
seasonal_naive,2025-08-16,cold_coffee,70,70,0,0.0
seasonal_naive,2025-08-16,croissant,23,23,0,0.0
seasonal_naive,2025-08-16,espresso,76,76,0,0.0
seasonal_naive,2025-08-16,hot_chocolate,51,51,0,0.0
seasonal_naive,2025-08-16,iced_latte,40,40,0,0.0
seasonal_naive,2025-08-16,latte,80,80,0,0.0
seasonal_naive,2025-08-16,masala_chai,62,62,0,0.0
seasonal_naive,2025-08-16,sandwich,58,44,14,2520.0
seasonal_naive,2025-08-17,americano,77,77,0,0.0
seasonal_naive,2025-08-17,cappuccino,104,104,0,0.0
seasonal_naive,2025-08-17,cold_coffee,38,38,0,0.0
seasonal_naive,2025-08-17,croissant,57,57,0,0.0
seasonal_naive,2025-08-17,espresso,77,77,0,0.0
seasonal_naive,2025-08-17,hot_chocolate,55,55,0,0.0
seasonal_naive,2025-08-17,iced_latte,30,30,0,0.0
seasonal_naive,2025-08-17,latte,142,142,0,0.0
seasonal_naive,2025-08-17,masala_chai,152,152,0,0.0
seasonal_naive,2025-08-17,sandwich,55,47,8,1440.0
seasonal_naive,2025-08-18,americano,46,46,0,0.0
seasonal_naive,2025-08-18,cappuccino,104,104,0,0.0
seasonal_naive,2025-08-18,cold_coffee,28,28,0,0.0
seasonal_naive,2025-08-18,croissant,30,24,6,840.0
seasonal_naive,2025-08-18,espresso,53,53,0,0.0
seasonal_naive,2025-08-18,hot_chocolate,35,35,0,0.0
seasonal_naive,2025-08-18,iced_latte,29,29,0,0.0
seasonal_naive,2025-08-18,latte,95,95,0,0.0
seasonal_naive,2025-08-18,masala_chai,67,67,0,0.0
seasonal_naive,2025-08-18,sandwich,57,24,33,5940.0
seasonal_naive,2025-08-19,americano,32,32,0,0.0
seasonal_naive,2025-08-19,cappuccino,56,56,0,0.0
seasonal_naive,2025-08-19,cold_coffee,38,38,0,0.0
seasonal_naive,2025-08-19,croissant,48,27,21,2940.0
seasonal_naive,2025-08-19,espresso,65,65,0,0.0
seasonal_naive,2025-08-19,hot_chocolate,29,29,0,0.0
seasonal_naive,2025-08-19,iced_latte,17,17,0,0.0
seasonal_naive,2025-08-19,latte,50,50,0,0.0
seasonal_naive,2025-08-19,masala_chai,58,58,0,0.0
seasonal_naive,2025-08-19,sandwich,27,27,0,0.0
seasonal_naive,2025-08-20,americano,24,24,0,0.0
seasonal_naive,2025-08-20,cappuccino,65,65,0,0.0
seasonal_naive,2025-08-20,cold_coffee,15,15,0,0.0
seasonal_naive,2025-08-20,croissant,32,32,0,0.0
seasonal_naive,2025-08-20,espresso,73,73,0,0.0
seasonal_naive,2025-08-20,hot_chocolate,21,21,0,0.0
seasonal_naive,2025-08-20,iced_latte,24,24,0,0.0
seasonal_naive,2025-08-20,latte,48,48,0,0.0
seasonal_naive,2025-08-20,masala_chai,43,43,0,0.0
seasonal_naive,2025-08-20,sandwich,31,31,0,0.0
seasonal_naive,2025-08-21,americano,59,59,0,0.0
seasonal_naive,2025-08-21,cappuccino,46,46,0,0.0
seasonal_naive,2025-08-21,cold_coffee,51,51,0,0.0
seasonal_naive,2025-08-21,croissant,48,33,15,2100.0
seasonal_naive,2025-08-21,espresso,55,55,0,0.0
seasonal_naive,2025-08-21,hot_chocolate,32,32,0,0.0
seasonal_naive,2025-08-21,iced_latte,37,37,0,0.0
seasonal_naive,2025-08-21,latte,67,67,0,0.0
seasonal_naive,2025-08-21,masala_chai,70,70,0,0.0
seasonal_naive,2025-08-21,sandwich,41,41,0,0.0
seasonal_naive,2025-08-22,americano,52,52,0,0.0
seasonal_naive,2025-08-22,cappuccino,59,59,0,0.0
seasonal_naive,2025-08-22,cold_coffee,30,30,0,0.0
seasonal_naive,2025-08-22,croissant,51,19,32,4480.0
seasonal_naive,2025-08-22,espresso,64,64,0,0.0
seasonal_naive,2025-08-22,hot_chocolate,43,43,0,0.0
seasonal_naive,2025-08-22,iced_latte,41,41,0,0.0
seasonal_naive,2025-08-22,latte,89,89,0,0.0
seasonal_naive,2025-08-22,masala_chai,72,72,0,0.0
seasonal_naive,2025-08-22,sandwich,33,33,0,0.0
seasonal_naive,2025-08-23,americano,67,67,0,0.0
seasonal_naive,2025-08-23,cappuccino,76,76,0,0.0
seasonal_naive,2025-08-23,cold_coffee,69,69,0,0.0
seasonal_naive,2025-08-23,croissant,38,18,20,2800.0
seasonal_naive,2025-08-23,espresso,49,49,0,0.0
seasonal_naive,2025-08-23,hot_chocolate,30,30,0,0.0
seasonal_naive,2025-08-23,iced_latte,36,36,0,0.0
seasonal_naive,2025-08-23,latte,93,93,0,0.0
seasonal_naive,2025-08-23,masala_chai,70,70,0,0.0
seasonal_naive,2025-08-23,sandwich,59,56,3,540.0
seasonal_naive,2025-08-24,americano,47,47,0,0.0
seasonal_naive,2025-08-24,cappuccino,66,66,0,0.0
seasonal_naive,2025-08-24,cold_coffee,33,33,0,0.0
seasonal_naive,2025-08-24,croissant,31,31,0,0.0
seasonal_naive,2025-08-24,espresso,74,74,0,0.0
seasonal_naive,2025-08-24,hot_chocolate,24,24,0,0.0
seasonal_naive,2025-08-24,iced_latte,42,42,0,0.0
seasonal_naive,2025-08-24,latte,80,80,0,0.0
seasonal_naive,2025-08-24,masala_chai,51,51,0,0.0
seasonal_naive,2025-08-24,sandwich,35,35,0,0.0
seasonal_naive,2025-08-25,americano,49,49,0,0.0
seasonal_naive,2025-08-25,cappuccino,66,66,0,0.0
seasonal_naive,2025-08-25,cold_coffee,35,35,0,0.0
seasonal_naive,2025-08-25,croissant,30,30,0,0.0
seasonal_naive,2025-08-25,espresso,39,39,0,0.0
seasonal_naive,2025-08-25,hot_chocolate,30,30,0,0.0
seasonal_naive,2025-08-25,iced_latte,18,18,0,0.0
seasonal_naive,2025-08-25,latte,88,88,0,0.0
seasonal_naive,2025-08-25,masala_chai,58,58,0,0.0
seasonal_naive,2025-08-25,sandwich,29,29,0,0.0
seasonal_naive,2025-08-26,americano,35,35,0,0.0
seasonal_naive,2025-08-26,cappuccino,79,79,0,0.0
seasonal_naive,2025-08-26,cold_coffee,41,41,0,0.0
seasonal_naive,2025-08-26,croissant,23,23,0,0.0
seasonal_naive,2025-08-26,espresso,105,105,0,0.0
seasonal_naive,2025-08-26,hot_chocolate,42,42,0,0.0
seasonal_naive,2025-08-26,iced_latte,37,37,0,0.0
seasonal_naive,2025-08-26,latte,88,88,0,0.0
seasonal_naive,2025-08-26,masala_chai,67,67,0,0.0
seasonal_naive,2025-08-26,sandwich,55,54,1,180.0
seasonal_naive,2025-08-27,americano,41,41,0,0.0
seasonal_naive,2025-08-27,cappuccino,48,48,0,0.0
seasonal_naive,2025-08-27,cold_coffee,43,43,0,0.0
seasonal_naive,2025-08-27,croissant,35,35,0,0.0
seasonal_naive,2025-08-27,espresso,84,84,0,0.0
seasonal_naive,2025-08-27,hot_chocolate,33,33,0,0.0
seasonal_naive,2025-08-27,iced_latte,33,33,0,0.0
seasonal_naive,2025-08-27,latte,43,43,0,0.0
seasonal_naive,2025-08-27,masala_chai,58,58,0,0.0
seasonal_naive,2025-08-27,sandwich,16,10,6,1080.0
seasonal_naive,2025-08-28,americano,55,55,0,0.0
seasonal_naive,2025-08-28,cappuccino,50,50,0,0.0
seasonal_naive,2025-08-28,cold_coffee,24,24,0,0.0
seasonal_naive,2025-08-28,croissant,29,29,0,0.0
seasonal_naive,2025-08-28,espresso,98,98,0,0.0
seasonal_naive,2025-08-28,hot_chocolate,22,22,0,0.0
seasonal_naive,2025-08-28,iced_latte,35,35,0,0.0
seasonal_naive,2025-08-28,latte,121,121,0,0.0
seasonal_naive,2025-08-28,masala_chai,60,60,0,0.0
seasonal_naive,2025-08-28,sandwich,42,37,5,900.0
seasonal_naive,2025-08-29,americano,55,55,0,0.0
seasonal_naive,2025-08-29,cappuccino,90,90,0,0.0
seasonal_naive,2025-08-29,cold_coffee,43,43,0,0.0
seasonal_naive,2025-08-29,croissant,42,42,0,0.0
seasonal_naive,2025-08-29,espresso,94,94,0,0.0
seasonal_naive,2025-08-29,hot_chocolate,40,40,0,0.0
seasonal_naive,2025-08-29,iced_latte,41,41,0,0.0
seasonal_naive,2025-08-29,latte,106,106,0,0.0
seasonal_naive,2025-08-29,masala_chai,99,99,0,0.0
seasonal_naive,2025-08-29,sandwich,42,29,13,2340.0
seasonal_naive,2025-08-30,americano,46,46,0,0.0
seasonal_naive,2025-08-30,cappuccino,61,61,0,0.0
seasonal_naive,2025-08-30,cold_coffee,87,87,0,0.0
seasonal_naive,2025-08-30,croissant,58,42,16,2240.0
seasonal_naive,2025-08-30,espresso,121,121,0,0.0
seasonal_naive,2025-08-30,hot_chocolate,64,64,0,0.0
seasonal_naive,2025-08-30,iced_latte,38,38,0,0.0
seasonal_naive,2025-08-30,latte,85,85,0,0.0
seasonal_naive,2025-08-30,masala_chai,80,80,0,0.0
seasonal_naive,2025-08-30,sandwich,45,45,0,0.0
seasonal_naive,2025-08-31,americano,59,59,0,0.0
seasonal_naive,2025-08-31,cappuccino,107,107,0,0.0
seasonal_naive,2025-08-31,cold_coffee,83,83,0,0.0
seasonal_naive,2025-08-31,croissant,39,39,0,0.0
seasonal_naive,2025-08-31,espresso,84,84,0,0.0
seasonal_naive,2025-08-31,hot_chocolate,34,34,0,0.0
seasonal_naive,2025-08-31,iced_latte,48,48,0,0.0
seasonal_naive,2025-08-31,latte,134,134,0,0.0
seasonal_naive,2025-08-31,masala_chai,103,103,0,0.0
seasonal_naive,2025-08-31,sandwich,53,53,0,0.0
seasonal_naive,2025-09-01,americano,41,41,0,0.0
seasonal_naive,2025-09-01,cappuccino,97,97,0,0.0
seasonal_naive,2025-09-01,cold_coffee,51,51,0,0.0
seasonal_naive,2025-09-01,croissant,22,16,6,840.0
seasonal_naive,2025-09-01,espresso,119,119,0,0.0
seasonal_naive,2025-09-01,hot_chocolate,19,19,0,0.0
seasonal_naive,2025-09-01,iced_latte,29,29,0,0.0
seasonal_naive,2025-09-01,latte,60,60,0,0.0
seasonal_naive,2025-09-01,masala_chai,124,124,0,0.0
seasonal_naive,2025-09-01,sandwich,45,10,35,6300.0
seasonal_naive,2025-09-02,americano,39,39,0,0.0
seasonal_naive,2025-09-02,cappuccino,92,92,0,0.0
seasonal_naive,2025-09-02,cold_coffee,31,31,0,0.0
seasonal_naive,2025-09-02,croissant,31,19,12,1680.0
seasonal_naive,2025-09-02,espresso,77,77,0,0.0
seasonal_naive,2025-09-02,hot_chocolate,59,59,0,0.0
seasonal_naive,2025-09-02,iced_latte,28,28,0,0.0
seasonal_naive,2025-09-02,latte,83,83,0,0.0
seasonal_naive,2025-09-02,masala_chai,98,98,0,0.0
seasonal_naive,2025-09-02,sandwich,46,46,0,0.0
seasonal_naive,2025-09-03,americano,49,49,0,0.0
seasonal_naive,2025-09-03,cappuccino,83,83,0,0.0
seasonal_naive,2025-09-03,cold_coffee,47,47,0,0.0
seasonal_naive,2025-09-03,croissant,40,27,13,1820.0
seasonal_naive,2025-09-03,espresso,78,78,0,0.0
seasonal_naive,2025-09-03,hot_chocolate,47,47,0,0.0
seasonal_naive,2025-09-03,iced_latte,38,38,0,0.0
seasonal_naive,2025-09-03,latte,100,100,0,0.0
seasonal_naive,2025-09-03,masala_chai,93,93,0,0.0
seasonal_naive,2025-09-03,sandwich,37,20,17,3060.0
seasonal_naive,2025-09-04,americano,63,63,0,0.0
seasonal_naive,2025-09-04,cappuccino,91,91,0,0.0
seasonal_naive,2025-09-04,cold_coffee,39,39,0,0.0
seasonal_naive,2025-09-04,croissant,46,28,18,2520.0
seasonal_naive,2025-09-04,espresso,85,85,0,0.0
seasonal_naive,2025-09-04,hot_chocolate,32,32,0,0.0
seasonal_naive,2025-09-04,iced_latte,46,46,0,0.0
seasonal_naive,2025-09-04,latte,98,98,0,0.0
seasonal_naive,2025-09-04,masala_chai,101,101,0,0.0
seasonal_naive,2025-09-04,sandwich,54,37,17,3060.0
seasonal_naive,2025-09-05,americano,44,44,0,0.0
seasonal_naive,2025-09-05,cappuccino,67,67,0,0.0
seasonal_naive,2025-09-05,cold_coffee,54,54,0,0.0
seasonal_naive,2025-09-05,croissant,30,30,0,0.0
seasonal_naive,2025-09-05,espresso,81,81,0,0.0
seasonal_naive,2025-09-05,hot_chocolate,41,41,0,0.0
seasonal_naive,2025-09-05,iced_latte,30,30,0,0.0
seasonal_naive,2025-09-05,latte,86,86,0,0.0
seasonal_naive,2025-09-05,masala_chai,96,96,0,0.0
seasonal_naive,2025-09-05,sandwich,42,38,4,720.0
seasonal_naive,2025-09-06,americano,27,27,0,0.0
seasonal_naive,2025-09-06,cappuccino,95,95,0,0.0
seasonal_naive,2025-09-06,cold_coffee,50,50,0,0.0
seasonal_naive,2025-09-06,croissant,65,63,2,280.0
seasonal_naive,2025-09-06,espresso,73,73,0,0.0
seasonal_naive,2025-09-06,hot_chocolate,42,42,0,0.0
seasonal_naive,2025-09-06,iced_latte,36,36,0,0.0
seasonal_naive,2025-09-06,latte,89,89,0,0.0
seasonal_naive,2025-09-06,masala_chai,91,91,0,0.0
seasonal_naive,2025-09-06,sandwich,57,42,15,2700.0
seasonal_naive,2025-09-07,americano,44,44,0,0.0
seasonal_naive,2025-09-07,cappuccino,65,65,0,0.0
seasonal_naive,2025-09-07,cold_coffee,75,75,0,0.0
seasonal_naive,2025-09-07,croissant,36,18,18,2520.0
seasonal_naive,2025-09-07,espresso,58,58,0,0.0
seasonal_naive,2025-09-07,hot_chocolate,32,32,0,0.0
seasonal_naive,2025-09-07,iced_latte,62,62,0,0.0
seasonal_naive,2025-09-07,latte,60,60,0,0.0
seasonal_naive,2025-09-07,masala_chai,63,63,0,0.0
seasonal_naive,2025-09-07,sandwich,34,33,1,180.0
seasonal_naive,2025-09-08,americano,45,45,0,0.0
seasonal_naive,2025-09-08,cappuccino,64,64,0,0.0
seasonal_naive,2025-09-08,cold_coffee,35,35,0,0.0
seasonal_naive,2025-09-08,croissant,30,30,0,0.0
seasonal_naive,2025-09-08,espresso,62,62,0,0.0
seasonal_naive,2025-09-08,hot_chocolate,19,19,0,0.0
seasonal_naive,2025-09-08,iced_latte,17,17,0,0.0
seasonal_naive,2025-09-08,latte,57,57,0,0.0
seasonal_naive,2025-09-08,masala_chai,49,49,0,0.0
seasonal_naive,2025-09-08,sandwich,31,31,0,0.0
seasonal_naive,2025-09-09,americano,46,46,0,0.0
seasonal_naive,2025-09-09,cappuccino,69,69,0,0.0
seasonal_naive,2025-09-09,cold_coffee,47,47,0,0.0
seasonal_naive,2025-09-09,croissant,39,35,4,504.0
seasonal_naive,2025-09-09,espresso,79,79,0,0.0
seasonal_naive,2025-09-09,hot_chocolate,32,32,0,0.0
seasonal_naive,2025-09-09,iced_latte,53,53,0,0.0
seasonal_naive,2025-09-09,latte,82,82,0,0.0
seasonal_naive,2025-09-09,masala_chai,66,66,0,0.0
seasonal_naive,2025-09-09,sandwich,46,46,0,0.0
seasonal_naive,2025-09-10,americano,25,25,0,0.0
seasonal_naive,2025-09-10,cappuccino,69,69,0,0.0
seasonal_naive,2025-09-10,cold_coffee,36,36,0,0.0
seasonal_naive,2025-09-10,croissant,17,17,0,0.0
seasonal_naive,2025-09-10,espresso,47,47,0,0.0
seasonal_naive,2025-09-10,hot_chocolate,40,40,0,0.0
seasonal_naive,2025-09-10,iced_latte,43,43,0,0.0
seasonal_naive,2025-09-10,latte,67,67,0,0.0
seasonal_naive,2025-09-10,masala_chai,55,55,0,0.0
seasonal_naive,2025-09-10,sandwich,39,39,0,0.0
seasonal_naive,2025-09-11,americano,62,62,0,0.0
seasonal_naive,2025-09-11,cappuccino,49,49,0,0.0
seasonal_naive,2025-09-11,cold_coffee,44,44,0,0.0
seasonal_naive,2025-09-11,croissant,34,34,0,0.0
seasonal_naive,2025-09-11,espresso,71,71,0,0.0
seasonal_naive,2025-09-11,hot_chocolate,25,25,0,0.0
seasonal_naive,2025-09-11,iced_latte,29,29,0,0.0
seasonal_naive,2025-09-11,latte,58,58,0,0.0
seasonal_naive,2025-09-11,masala_chai,68,68,0,0.0
seasonal_naive,2025-09-11,sandwich,40,40,0,0.0
seasonal_naive,2025-09-12,americano,57,57,0,0.0
seasonal_naive,2025-09-12,cappuccino,101,101,0,0.0
seasonal_naive,2025-09-12,cold_coffee,45,45,0,0.0
seasonal_naive,2025-09-12,croissant,46,33,13,1638.0
seasonal_naive,2025-09-12,espresso,54,54,0,0.0
seasonal_naive,2025-09-12,hot_chocolate,19,19,0,0.0
seasonal_naive,2025-09-12,iced_latte,30,30,0,0.0
seasonal_naive,2025-09-12,latte,54,54,0,0.0
seasonal_naive,2025-09-12,masala_chai,60,60,0,0.0
seasonal_naive,2025-09-12,sandwich,42,42,0,0.0
seasonal_naive,2025-09-13,americano,44,44,0,0.0
seasonal_naive,2025-09-13,cappuccino,58,58,0,0.0
seasonal_naive,2025-09-13,cold_coffee,45,45,0,0.0
seasonal_naive,2025-09-13,croissant,32,32,0,0.0
seasonal_naive,2025-09-13,espresso,57,57,0,0.0
seasonal_naive,2025-09-13,hot_chocolate,44,44,0,0.0
seasonal_naive,2025-09-13,iced_latte,36,36,0,0.0
seasonal_naive,2025-09-13,latte,69,69,0,0.0
seasonal_naive,2025-09-13,masala_chai,63,63,0,0.0
seasonal_naive,2025-09-13,sandwich,40,40,0,0.0
seasonal_naive,2025-09-14,americano,57,57,0,0.0
seasonal_naive,2025-09-14,cappuccino,73,73,0,0.0
seasonal_naive,2025-09-14,cold_coffee,84,84,0,0.0
seasonal_naive,2025-09-14,croissant,43,43,0,0.0
seasonal_naive,2025-09-14,espresso,75,75,0,0.0
seasonal_naive,2025-09-14,hot_chocolate,38,38,0,0.0
seasonal_naive,2025-09-14,iced_latte,39,39,0,0.0
seasonal_naive,2025-09-14,latte,80,80,0,0.0
seasonal_naive,2025-09-14,masala_chai,64,64,0,0.0
seasonal_naive,2025-09-14,sandwich,56,56,0,0.0
seasonal_naive,2025-09-15,americano,33,33,0,0.0
seasonal_naive,2025-09-15,cappuccino,53,53,0,0.0
seasonal_naive,2025-09-15,cold_coffee,32,32,0,0.0
seasonal_naive,2025-09-15,croissant,33,17,16,2240.0
seasonal_naive,2025-09-15,espresso,57,57,0,0.0
seasonal_naive,2025-09-15,hot_chocolate,28,28,0,0.0
seasonal_naive,2025-09-15,iced_latte,30,30,0,0.0
seasonal_naive,2025-09-15,latte,64,64,0,0.0
seasonal_naive,2025-09-15,masala_chai,59,59,0,0.0
seasonal_naive,2025-09-15,sandwich,28,8,20,3240.0
seasonal_naive,2025-09-16,americano,39,39,0,0.0
seasonal_naive,2025-09-16,cappuccino,42,42,0,0.0
seasonal_naive,2025-09-16,cold_coffee,15,15,0,0.0
seasonal_naive,2025-09-16,croissant,30,30,0,0.0
seasonal_naive,2025-09-16,espresso,46,46,0,0.0
seasonal_naive,2025-09-16,hot_chocolate,41,41,0,0.0
seasonal_naive,2025-09-16,iced_latte,25,25,0,0.0
seasonal_naive,2025-09-16,latte,68,68,0,0.0
seasonal_naive,2025-09-16,masala_chai,52,52,0,0.0
seasonal_naive,2025-09-16,sandwich,33,33,0,0.0
seasonal_naive,2025-09-17,americano,27,27,0,0.0
seasonal_naive,2025-09-17,cappuccino,57,57,0,0.0
seasonal_naive,2025-09-17,cold_coffee,45,45,0,0.0
seasonal_naive,2025-09-17,croissant,44,16,28,3920.0
seasonal_naive,2025-09-17,espresso,79,79,0,0.0
seasonal_naive,2025-09-17,hot_chocolate,38,38,0,0.0
seasonal_naive,2025-09-17,iced_latte,42,42,0,0.0
seasonal_naive,2025-09-17,latte,58,58,0,0.0
seasonal_naive,2025-09-17,masala_chai,80,80,0,0.0
seasonal_naive,2025-09-17,sandwich,40,40,0,0.0
seasonal_naive,2025-09-18,americano,53,53,0,0.0
seasonal_naive,2025-09-18,cappuccino,52,52,0,0.0
seasonal_naive,2025-09-18,cold_coffee,47,47,0,0.0
seasonal_naive,2025-09-18,croissant,31,28,3,420.0
seasonal_naive,2025-09-18,espresso,68,68,0,0.0
seasonal_naive,2025-09-18,hot_chocolate,42,42,0,0.0
seasonal_naive,2025-09-18,iced_latte,24,24,0,0.0
seasonal_naive,2025-09-18,latte,98,98,0,0.0
seasonal_naive,2025-09-18,masala_chai,57,57,0,0.0
seasonal_naive,2025-09-18,sandwich,37,35,2,360.0
seasonal_naive,2025-09-19,americano,46,46,0,0.0
seasonal_naive,2025-09-19,cappuccino,75,75,0,0.0
seasonal_naive,2025-09-19,cold_coffee,36,36,0,0.0
seasonal_naive,2025-09-19,croissant,41,37,4,560.0
seasonal_naive,2025-09-19,espresso,83,83,0,0.0
seasonal_naive,2025-09-19,hot_chocolate,61,61,0,0.0
seasonal_naive,2025-09-19,iced_latte,43,43,0,0.0
seasonal_naive,2025-09-19,latte,105,105,0,0.0
seasonal_naive,2025-09-19,masala_chai,87,87,0,0.0
seasonal_naive,2025-09-19,sandwich,33,33,0,0.0
seasonal_naive,2025-09-20,americano,40,40,0,0.0
seasonal_naive,2025-09-20,cappuccino,49,49,0,0.0
seasonal_naive,2025-09-20,cold_coffee,49,49,0,0.0
seasonal_naive,2025-09-20,croissant,41,27,14,1960.0
seasonal_naive,2025-09-20,espresso,68,68,0,0.0
seasonal_naive,2025-09-20,hot_chocolate,61,61,0,0.0
seasonal_naive,2025-09-20,iced_latte,40,40,0,0.0
seasonal_naive,2025-09-20,latte,93,93,0,0.0
seasonal_naive,2025-09-20,masala_chai,68,68,0,0.0
seasonal_naive,2025-09-20,sandwich,55,42,13,2340.0
seasonal_naive,2025-09-21,americano,51,51,0,0.0
seasonal_naive,2025-09-21,cappuccino,109,109,0,0.0
seasonal_naive,2025-09-21,cold_coffee,47,47,0,0.0
seasonal_naive,2025-09-21,croissant,56,28,28,3920.0
seasonal_naive,2025-09-21,espresso,123,123,0,0.0
seasonal_naive,2025-09-21,hot_chocolate,31,31,0,0.0
seasonal_naive,2025-09-21,iced_latte,37,37,0,0.0
seasonal_naive,2025-09-21,latte,73,73,0,0.0
seasonal_naive,2025-09-21,masala_chai,67,67,0,0.0
seasonal_naive,2025-09-21,sandwich,30,29,1,180.0
seasonal_naive,2025-09-22,americano,25,25,0,0.0
seasonal_naive,2025-09-22,cappuccino,42,42,0,0.0
seasonal_naive,2025-09-22,cold_coffee,64,64,0,0.0
seasonal_naive,2025-09-22,croissant,41,37,4,560.0
seasonal_naive,2025-09-22,espresso,55,55,0,0.0
seasonal_naive,2025-09-22,hot_chocolate,40,40,0,0.0
seasonal_naive,2025-09-22,iced_latte,28,28,0,0.0
seasonal_naive,2025-09-22,latte,55,55,0,0.0
seasonal_naive,2025-09-22,masala_chai,85,85,0,0.0
seasonal_naive,2025-09-22,sandwich,36,23,13,2340.0
seasonal_naive,2025-09-23,americano,50,50,0,0.0
seasonal_naive,2025-09-23,cappuccino,70,70,0,0.0
seasonal_naive,2025-09-23,cold_coffee,37,37,0,0.0
seasonal_naive,2025-09-23,croissant,41,28,13,1820.0
seasonal_naive,2025-09-23,espresso,70,70,0,0.0
seasonal_naive,2025-09-23,hot_chocolate,38,38,0,0.0
seasonal_naive,2025-09-23,iced_latte,32,32,0,0.0
seasonal_naive,2025-09-23,latte,59,59,0,0.0
seasonal_naive,2025-09-23,masala_chai,99,99,0,0.0
seasonal_naive,2025-09-23,sandwich,42,29,13,2340.0
seasonal_naive,2025-09-24,americano,62,62,0,0.0
seasonal_naive,2025-09-24,cappuccino,79,79,0,0.0
seasonal_naive,2025-09-24,cold_coffee,32,32,0,0.0
seasonal_naive,2025-09-24,croissant,40,37,3,420.0
seasonal_naive,2025-09-24,espresso,60,60,0,0.0
seasonal_naive,2025-09-24,hot_chocolate,65,65,0,0.0
seasonal_naive,2025-09-24,iced_latte,26,26,0,0.0
seasonal_naive,2025-09-24,latte,72,72,0,0.0
seasonal_naive,2025-09-24,masala_chai,66,66,0,0.0
seasonal_naive,2025-09-24,sandwich,42,37,5,900.0
seasonal_naive,2025-09-25,americano,33,33,0,0.0
seasonal_naive,2025-09-25,cappuccino,44,44,0,0.0
seasonal_naive,2025-09-25,cold_coffee,36,36,0,0.0
seasonal_naive,2025-09-25,croissant,30,28,2,280.0
seasonal_naive,2025-09-25,espresso,50,50,0,0.0
seasonal_naive,2025-09-25,hot_chocolate,31,31,0,0.0
seasonal_naive,2025-09-25,iced_latte,29,29,0,0.0
seasonal_naive,2025-09-25,latte,62,62,0,0.0
seasonal_naive,2025-09-25,masala_chai,49,49,0,0.0
seasonal_naive,2025-09-25,sandwich,34,33,1,180.0
seasonal_naive,2025-09-26,americano,63,63,0,0.0
seasonal_naive,2025-09-26,cappuccino,89,89,0,0.0
seasonal_naive,2025-09-26,cold_coffee,36,36,0,0.0
seasonal_naive,2025-09-26,croissant,33,33,0,0.0
seasonal_naive,2025-09-26,espresso,70,70,0,0.0
seasonal_naive,2025-09-26,hot_chocolate,19,19,0,0.0
seasonal_naive,2025-09-26,iced_latte,36,36,0,0.0
seasonal_naive,2025-09-26,latte,64,64,0,0.0
seasonal_naive,2025-09-26,masala_chai,70,70,0,0.0
seasonal_naive,2025-09-26,sandwich,47,29,18,3240.0
seasonal_naive,2025-09-27,americano,50,50,0,0.0
seasonal_naive,2025-09-27,cappuccino,62,62,0,0.0
seasonal_naive,2025-09-27,cold_coffee,67,67,0,0.0
seasonal_naive,2025-09-27,croissant,52,41,11,1540.0
seasonal_naive,2025-09-27,espresso,94,94,0,0.0
seasonal_naive,2025-09-27,hot_chocolate,34,34,0,0.0
seasonal_naive,2025-09-27,iced_latte,28,28,0,0.0
seasonal_naive,2025-09-27,latte,56,56,0,0.0
seasonal_naive,2025-09-27,masala_chai,78,78,0,0.0
seasonal_naive,2025-09-27,sandwich,53,52,1,180.0
seasonal_naive,2025-09-28,americano,65,65,0,0.0
seasonal_naive,2025-09-28,cappuccino,115,115,0,0.0
seasonal_naive,2025-09-28,cold_coffee,55,55,0,0.0
seasonal_naive,2025-09-28,croissant,55,37,18,2520.0
seasonal_naive,2025-09-28,espresso,84,84,0,0.0
seasonal_naive,2025-09-28,hot_chocolate,43,43,0,0.0
seasonal_naive,2025-09-28,iced_latte,55,55,0,0.0
seasonal_naive,2025-09-28,latte,75,75,0,0.0
seasonal_naive,2025-09-28,masala_chai,68,68,0,0.0
seasonal_naive,2025-09-28,sandwich,38,38,0,0.0
seasonal_naive,2025-09-29,americano,27,27,0,0.0
seasonal_naive,2025-09-29,cappuccino,53,53,0,0.0
seasonal_naive,2025-09-29,cold_coffee,52,52,0,0.0
seasonal_naive,2025-09-29,croissant,23,23,0,0.0
seasonal_naive,2025-09-29,espresso,47,47,0,0.0
seasonal_naive,2025-09-29,hot_chocolate,29,29,0,0.0
seasonal_naive,2025-09-29,iced_latte,42,42,0,0.0
seasonal_naive,2025-09-29,latte,73,73,0,0.0
seasonal_naive,2025-09-29,masala_chai,68,68,0,0.0
seasonal_naive,2025-09-29,sandwich,30,23,7,1134.0
seasonal_naive,2025-09-30,americano,32,32,0,0.0
seasonal_naive,2025-09-30,cappuccino,56,56,0,0.0
seasonal_naive,2025-09-30,cold_coffee,45,45,0,0.0
seasonal_naive,2025-09-30,croissant,29,29,0,0.0
seasonal_naive,2025-09-30,espresso,72,72,0,0.0
seasonal_naive,2025-09-30,hot_chocolate,22,22,0,0.0
seasonal_naive,2025-09-30,iced_latte,41,41,0,0.0
seasonal_naive,2025-09-30,latte,70,70,0,0.0
seasonal_naive,2025-09-30,masala_chai,71,71,0,0.0
seasonal_naive,2025-09-30,sandwich,42,38,4,720.0
seasonal_naive,2025-10-01,americano,44,44,0,0.0
seasonal_naive,2025-10-01,cappuccino,62,62,0,0.0
seasonal_naive,2025-10-01,cold_coffee,65,65,0,0.0
seasonal_naive,2025-10-01,croissant,38,38,0,0.0
seasonal_naive,2025-10-01,espresso,105,105,0,0.0
seasonal_naive,2025-10-01,hot_chocolate,26,26,0,0.0
seasonal_naive,2025-10-01,iced_latte,38,38,0,0.0
seasonal_naive,2025-10-01,latte,58,58,0,0.0
seasonal_naive,2025-10-01,masala_chai,56,56,0,0.0
seasonal_naive,2025-10-01,sandwich,34,34,0,0.0
seasonal_naive,2025-10-02,americano,46,46,0,0.0
seasonal_naive,2025-10-02,cappuccino,50,50,0,0.0
seasonal_naive,2025-10-02,cold_coffee,49,49,0,0.0
seasonal_naive,2025-10-02,croissant,52,30,22,2772.0
seasonal_naive,2025-10-02,espresso,72,72,0,0.0
seasonal_naive,2025-10-02,hot_chocolate,29,29,0,0.0
seasonal_naive,2025-10-02,iced_latte,27,27,0,0.0
seasonal_naive,2025-10-02,latte,69,69,0,0.0
seasonal_naive,2025-10-02,masala_chai,53,53,0,0.0
seasonal_naive,2025-10-02,sandwich,38,36,2,360.0
seasonal_naive,2025-10-03,americano,68,68,0,0.0
seasonal_naive,2025-10-03,cappuccino,89,89,0,0.0
seasonal_naive,2025-10-03,cold_coffee,48,48,0,0.0
seasonal_naive,2025-10-03,croissant,37,28,9,1260.0
seasonal_naive,2025-10-03,espresso,58,58,0,0.0
seasonal_naive,2025-10-03,hot_chocolate,41,41,0,0.0
seasonal_naive,2025-10-03,iced_latte,57,57,0,0.0
seasonal_naive,2025-10-03,latte,100,100,0,0.0
seasonal_naive,2025-10-03,masala_chai,64,64,0,0.0
seasonal_naive,2025-10-03,sandwich,58,43,15,2700.0
seasonal_naive,2025-10-04,americano,36,36,0,0.0
seasonal_naive,2025-10-04,cappuccino,77,77,0,0.0
seasonal_naive,2025-10-04,cold_coffee,56,56,0,0.0
seasonal_naive,2025-10-04,croissant,26,26,0,0.0
seasonal_naive,2025-10-04,espresso,86,86,0,0.0
seasonal_naive,2025-10-04,hot_chocolate,35,35,0,0.0
seasonal_naive,2025-10-04,iced_latte,43,43,0,0.0
seasonal_naive,2025-10-04,latte,90,90,0,0.0
seasonal_naive,2025-10-04,masala_chai,83,83,0,0.0
seasonal_naive,2025-10-04,sandwich,53,52,1,180.0
seasonal_naive,2025-10-05,americano,68,68,0,0.0
seasonal_naive,2025-10-05,cappuccino,93,93,0,0.0
seasonal_naive,2025-10-05,cold_coffee,69,69,0,0.0
seasonal_naive,2025-10-05,croissant,42,42,0,0.0
seasonal_naive,2025-10-05,espresso,45,45,0,0.0
seasonal_naive,2025-10-05,hot_chocolate,39,39,0,0.0
seasonal_naive,2025-10-05,iced_latte,52,52,0,0.0
seasonal_naive,2025-10-05,latte,70,70,0,0.0
seasonal_naive,2025-10-05,masala_chai,61,61,0,0.0
seasonal_naive,2025-10-05,sandwich,41,28,13,2340.0
seasonal_naive,2025-10-06,americano,48,48,0,0.0
seasonal_naive,2025-10-06,cappuccino,95,95,0,0.0
seasonal_naive,2025-10-06,cold_coffee,44,44,0,0.0
seasonal_naive,2025-10-06,croissant,33,33,0,0.0
seasonal_naive,2025-10-06,espresso,60,60,0,0.0
seasonal_naive,2025-10-06,hot_chocolate,11,11,0,0.0
seasonal_naive,2025-10-06,iced_latte,20,20,0,0.0
seasonal_naive,2025-10-06,latte,85,85,0,0.0
seasonal_naive,2025-10-06,masala_chai,39,39,0,0.0
seasonal_naive,2025-10-06,sandwich,48,28,20,3600.0
seasonal_naive,2025-10-07,americano,62,62,0,0.0
seasonal_naive,2025-10-07,cappuccino,60,60,0,0.0
seasonal_naive,2025-10-07,cold_coffee,41,41,0,0.0
seasonal_naive,2025-10-07,croissant,46,27,19,2660.0
seasonal_naive,2025-10-07,espresso,59,59,0,0.0
seasonal_naive,2025-10-07,hot_chocolate,31,31,0,0.0
seasonal_naive,2025-10-07,iced_latte,35,35,0,0.0
seasonal_naive,2025-10-07,latte,73,73,0,0.0
seasonal_naive,2025-10-07,masala_chai,92,92,0,0.0
seasonal_naive,2025-10-07,sandwich,50,38,12,2160.0
seasonal_naive,2025-10-08,americano,29,29,0,0.0
seasonal_naive,2025-10-08,cappuccino,36,36,0,0.0
seasonal_naive,2025-10-08,cold_coffee,42,42,0,0.0
seasonal_naive,2025-10-08,croissant,35,35,0,0.0
seasonal_naive,2025-10-08,espresso,46,46,0,0.0
seasonal_naive,2025-10-08,hot_chocolate,28,28,0,0.0
seasonal_naive,2025-10-08,iced_latte,55,55,0,0.0
seasonal_naive,2025-10-08,latte,60,60,0,0.0
seasonal_naive,2025-10-08,masala_chai,76,76,0,0.0
seasonal_naive,2025-10-08,sandwich,27,27,0,0.0
seasonal_naive,2025-10-09,americano,30,30,0,0.0
seasonal_naive,2025-10-09,cappuccino,83,83,0,0.0
seasonal_naive,2025-10-09,cold_coffee,35,35,0,0.0
seasonal_naive,2025-10-09,croissant,28,28,0,0.0
seasonal_naive,2025-10-09,espresso,53,53,0,0.0
seasonal_naive,2025-10-09,hot_chocolate,27,27,0,0.0
seasonal_naive,2025-10-09,iced_latte,41,41,0,0.0
seasonal_naive,2025-10-09,latte,72,72,0,0.0
seasonal_naive,2025-10-09,masala_chai,33,33,0,0.0
seasonal_naive,2025-10-09,sandwich,49,44,5,810.0
seasonal_naive,2025-10-10,americano,55,55,0,0.0
seasonal_naive,2025-10-10,cappuccino,72,72,0,0.0
seasonal_naive,2025-10-10,cold_coffee,41,41,0,0.0
seasonal_naive,2025-10-10,croissant,32,32,0,0.0
seasonal_naive,2025-10-10,espresso,57,57,0,0.0
seasonal_naive,2025-10-10,hot_chocolate,39,39,0,0.0
seasonal_naive,2025-10-10,iced_latte,33,33,0,0.0
seasonal_naive,2025-10-10,latte,55,55,0,0.0
seasonal_naive,2025-10-10,masala_chai,73,73,0,0.0
seasonal_naive,2025-10-10,sandwich,37,37,0,0.0
seasonal_naive,2025-10-11,americano,47,47,0,0.0
seasonal_naive,2025-10-11,cappuccino,88,88,0,0.0
seasonal_naive,2025-10-11,cold_coffee,77,77,0,0.0
seasonal_naive,2025-10-11,croissant,32,26,6,840.0
seasonal_naive,2025-10-11,espresso,80,80,0,0.0
seasonal_naive,2025-10-11,hot_chocolate,21,21,0,0.0
seasonal_naive,2025-10-11,iced_latte,33,33,0,0.0
seasonal_naive,2025-10-11,latte,58,58,0,0.0
seasonal_naive,2025-10-11,masala_chai,58,58,0,0.0
seasonal_naive,2025-10-11,sandwich,40,40,0,0.0
seasonal_naive,2025-10-12,americano,80,80,0,0.0
seasonal_naive,2025-10-12,cappuccino,64,64,0,0.0
seasonal_naive,2025-10-12,cold_coffee,72,72,0,0.0
seasonal_naive,2025-10-12,croissant,59,46,13,1820.0
seasonal_naive,2025-10-12,espresso,67,67,0,0.0
seasonal_naive,2025-10-12,hot_chocolate,35,35,0,0.0
seasonal_naive,2025-10-12,iced_latte,56,56,0,0.0
seasonal_naive,2025-10-12,latte,89,89,0,0.0
seasonal_naive,2025-10-12,masala_chai,79,79,0,0.0
seasonal_naive,2025-10-12,sandwich,60,50,10,1800.0
seasonal_naive,2025-10-13,americano,35,35,0,0.0
seasonal_naive,2025-10-13,cappuccino,49,49,0,0.0
seasonal_naive,2025-10-13,cold_coffee,29,29,0,0.0
seasonal_naive,2025-10-13,croissant,43,28,15,2100.0
seasonal_naive,2025-10-13,espresso,55,55,0,0.0
seasonal_naive,2025-10-13,hot_chocolate,19,19,0,0.0
seasonal_naive,2025-10-13,iced_latte,39,39,0,0.0
seasonal_naive,2025-10-13,latte,70,70,0,0.0
seasonal_naive,2025-10-13,masala_chai,41,41,0,0.0
seasonal_naive,2025-10-13,sandwich,28,28,0,0.0
seasonal_naive,2025-10-14,americano,67,67,0,0.0
seasonal_naive,2025-10-14,cappuccino,111,111,0,0.0
seasonal_naive,2025-10-14,cold_coffee,55,55,0,0.0
seasonal_naive,2025-10-14,croissant,49,37,12,1680.0
seasonal_naive,2025-10-14,espresso,113,113,0,0.0
seasonal_naive,2025-10-14,hot_chocolate,31,31,0,0.0
seasonal_naive,2025-10-14,iced_latte,40,40,0,0.0
seasonal_naive,2025-10-14,latte,86,86,0,0.0
seasonal_naive,2025-10-14,masala_chai,98,98,0,0.0
seasonal_naive,2025-10-14,sandwich,48,48,0,0.0
seasonal_naive,2025-10-15,americano,58,58,0,0.0
seasonal_naive,2025-10-15,cappuccino,88,88,0,0.0
seasonal_naive,2025-10-15,cold_coffee,39,39,0,0.0
seasonal_naive,2025-10-15,croissant,50,28,22,2772.0
seasonal_naive,2025-10-15,espresso,59,59,0,0.0
seasonal_naive,2025-10-15,hot_chocolate,30,30,0,0.0
seasonal_naive,2025-10-15,iced_latte,30,30,0,0.0
seasonal_naive,2025-10-15,latte,77,77,0,0.0
seasonal_naive,2025-10-15,masala_chai,64,64,0,0.0
seasonal_naive,2025-10-15,sandwich,40,28,12,2160.0
seasonal_naive,2025-10-16,americano,32,32,0,0.0
seasonal_naive,2025-10-16,cappuccino,61,61,0,0.0
seasonal_naive,2025-10-16,cold_coffee,46,46,0,0.0
seasonal_naive,2025-10-16,croissant,22,22,0,0.0
seasonal_naive,2025-10-16,espresso,51,51,0,0.0
seasonal_naive,2025-10-16,hot_chocolate,30,30,0,0.0
seasonal_naive,2025-10-16,iced_latte,33,33,0,0.0
seasonal_naive,2025-10-16,latte,48,48,0,0.0
seasonal_naive,2025-10-16,masala_chai,52,52,0,0.0
seasonal_naive,2025-10-16,sandwich,41,41,0,0.0
seasonal_naive,2025-10-17,americano,69,69,0,0.0
seasonal_naive,2025-10-17,cappuccino,73,73,0,0.0
seasonal_naive,2025-10-17,cold_coffee,36,36,0,0.0
seasonal_naive,2025-10-17,croissant,36,33,3,420.0
seasonal_naive,2025-10-17,espresso,89,89,0,0.0
seasonal_naive,2025-10-17,hot_chocolate,29,29,0,0.0
seasonal_naive,2025-10-17,iced_latte,32,32,0,0.0
seasonal_naive,2025-10-17,latte,83,83,0,0.0
seasonal_naive,2025-10-17,masala_chai,59,59,0,0.0
seasonal_naive,2025-10-17,sandwich,42,39,3,540.0
seasonal_naive,2025-10-18,americano,66,66,0,0.0
seasonal_naive,2025-10-18,cappuccino,83,83,0,0.0
seasonal_naive,2025-10-18,cold_coffee,71,71,0,0.0
seasonal_naive,2025-10-18,croissant,73,28,45,6300.0
seasonal_naive,2025-10-18,espresso,63,63,0,0.0
seasonal_naive,2025-10-18,hot_chocolate,54,54,0,0.0
seasonal_naive,2025-10-18,iced_latte,53,53,0,0.0
seasonal_naive,2025-10-18,latte,126,126,0,0.0
seasonal_naive,2025-10-18,masala_chai,101,101,0,0.0
seasonal_naive,2025-10-18,sandwich,55,33,22,3960.0
seasonal_naive,2025-10-19,americano,57,57,0,0.0
seasonal_naive,2025-10-19,cappuccino,74,74,0,0.0
seasonal_naive,2025-10-19,cold_coffee,66,66,0,0.0
seasonal_naive,2025-10-19,croissant,57,37,20,2800.0
seasonal_naive,2025-10-19,espresso,132,132,0,0.0
seasonal_naive,2025-10-19,hot_chocolate,33,33,0,0.0
seasonal_naive,2025-10-19,iced_latte,47,47,0,0.0
seasonal_naive,2025-10-19,latte,64,64,0,0.0
seasonal_naive,2025-10-19,masala_chai,91,91,0,0.0
seasonal_naive,2025-10-19,sandwich,66,38,28,5040.0
seasonal_naive,2025-10-20,americano,39,39,0,0.0
seasonal_naive,2025-10-20,cappuccino,54,54,0,0.0
seasonal_naive,2025-10-20,cold_coffee,41,41,0,0.0
seasonal_naive,2025-10-20,croissant,22,22,0,0.0
seasonal_naive,2025-10-20,espresso,57,57,0,0.0
seasonal_naive,2025-10-20,hot_chocolate,47,47,0,0.0
seasonal_naive,2025-10-20,iced_latte,32,32,0,0.0
seasonal_naive,2025-10-20,latte,55,55,0,0.0
seasonal_naive,2025-10-20,masala_chai,75,75,0,0.0
seasonal_naive,2025-10-20,sandwich,30,24,6,1080.0
seasonal_naive,2025-10-21,americano,51,51,0,0.0
seasonal_naive,2025-10-21,cappuccino,66,66,0,0.0
seasonal_naive,2025-10-21,cold_coffee,40,40,0,0.0
seasonal_naive,2025-10-21,croissant,55,55,0,0.0
seasonal_naive,2025-10-21,espresso,80,80,0,0.0
seasonal_naive,2025-10-21,hot_chocolate,38,38,0,0.0
seasonal_naive,2025-10-21,iced_latte,18,18,0,0.0
seasonal_naive,2025-10-21,latte,83,83,0,0.0
seasonal_naive,2025-10-21,masala_chai,65,65,0,0.0
seasonal_naive,2025-10-21,sandwich,36,36,0,0.0
seasonal_naive,2025-10-22,americano,45,45,0,0.0
seasonal_naive,2025-10-22,cappuccino,84,84,0,0.0
seasonal_naive,2025-10-22,cold_coffee,32,32,0,0.0
seasonal_naive,2025-10-22,croissant,43,43,0,0.0
seasonal_naive,2025-10-22,espresso,52,52,0,0.0
seasonal_naive,2025-10-22,hot_chocolate,38,38,0,0.0
seasonal_naive,2025-10-22,iced_latte,28,28,0,0.0
seasonal_naive,2025-10-22,latte,81,81,0,0.0
seasonal_naive,2025-10-22,masala_chai,89,89,0,0.0
seasonal_naive,2025-10-22,sandwich,23,23,0,0.0
seasonal_naive,2025-10-23,americano,34,34,0,0.0
seasonal_naive,2025-10-23,cappuccino,63,63,0,0.0
seasonal_naive,2025-10-23,cold_coffee,40,40,0,0.0
seasonal_naive,2025-10-23,croissant,45,19,26,3276.0
seasonal_naive,2025-10-23,espresso,50,50,0,0.0
seasonal_naive,2025-10-23,hot_chocolate,42,42,0,0.0
seasonal_naive,2025-10-23,iced_latte,24,24,0,0.0
seasonal_naive,2025-10-23,latte,77,77,0,0.0
seasonal_naive,2025-10-23,masala_chai,66,66,0,0.0
seasonal_naive,2025-10-23,sandwich,25,25,0,0.0
seasonal_naive,2025-10-24,americano,32,32,0,0.0
seasonal_naive,2025-10-24,cappuccino,74,74,0,0.0
seasonal_naive,2025-10-24,cold_coffee,45,45,0,0.0
seasonal_naive,2025-10-24,croissant,36,28,8,1120.0
seasonal_naive,2025-10-24,espresso,75,75,0,0.0
seasonal_naive,2025-10-24,hot_chocolate,22,22,0,0.0
seasonal_naive,2025-10-24,iced_latte,39,39,0,0.0
seasonal_naive,2025-10-24,latte,73,73,0,0.0
seasonal_naive,2025-10-24,masala_chai,55,55,0,0.0
seasonal_naive,2025-10-24,sandwich,46,46,0,0.0
seasonal_naive,2025-10-25,americano,41,41,0,0.0
seasonal_naive,2025-10-25,cappuccino,82,82,0,0.0
seasonal_naive,2025-10-25,cold_coffee,48,48,0,0.0
seasonal_naive,2025-10-25,croissant,55,55,0,0.0
seasonal_naive,2025-10-25,espresso,56,56,0,0.0
seasonal_naive,2025-10-25,hot_chocolate,25,25,0,0.0
seasonal_naive,2025-10-25,iced_latte,48,48,0,0.0
seasonal_naive,2025-10-25,latte,92,92,0,0.0
seasonal_naive,2025-10-25,masala_chai,62,62,0,0.0
seasonal_naive,2025-10-25,sandwich,25,25,0,0.0
seasonal_naive,2025-10-26,americano,33,33,0,0.0
seasonal_naive,2025-10-26,cappuccino,69,69,0,0.0
seasonal_naive,2025-10-26,cold_coffee,68,68,0,0.0
seasonal_naive,2025-10-26,croissant,46,46,0,0.0
seasonal_naive,2025-10-26,espresso,80,80,0,0.0
seasonal_naive,2025-10-26,hot_chocolate,29,29,0,0.0
seasonal_naive,2025-10-26,iced_latte,49,49,0,0.0
seasonal_naive,2025-10-26,latte,72,72,0,0.0
seasonal_naive,2025-10-26,masala_chai,55,55,0,0.0
seasonal_naive,2025-10-26,sandwich,49,49,0,0.0
seasonal_naive,2025-10-27,americano,57,57,0,0.0
seasonal_naive,2025-10-27,cappuccino,75,75,0,0.0
seasonal_naive,2025-10-27,cold_coffee,31,31,0,0.0
seasonal_naive,2025-10-27,croissant,43,28,15,2100.0
seasonal_naive,2025-10-27,espresso,40,40,0,0.0
seasonal_naive,2025-10-27,hot_chocolate,31,31,0,0.0
seasonal_naive,2025-10-27,iced_latte,30,30,0,0.0
seasonal_naive,2025-10-27,latte,49,49,0,0.0
seasonal_naive,2025-10-27,masala_chai,74,74,0,0.0
seasonal_naive,2025-10-27,sandwich,50,45,5,900.0
seasonal_naive,2025-10-28,americano,56,56,0,0.0
seasonal_naive,2025-10-28,cappuccino,55,55,0,0.0
seasonal_naive,2025-10-28,cold_coffee,38,38,0,0.0
seasonal_naive,2025-10-28,croissant,40,40,0,0.0
seasonal_naive,2025-10-28,espresso,59,59,0,0.0
seasonal_naive,2025-10-28,hot_chocolate,48,48,0,0.0
seasonal_naive,2025-10-28,iced_latte,14,14,0,0.0
seasonal_naive,2025-10-28,latte,36,36,0,0.0
seasonal_naive,2025-10-28,masala_chai,69,69,0,0.0
seasonal_naive,2025-10-28,sandwich,46,18,28,4536.0
seasonal_naive,2025-10-29,americano,36,36,0,0.0
seasonal_naive,2025-10-29,cappuccino,53,53,0,0.0
seasonal_naive,2025-10-29,cold_coffee,32,32,0,0.0
seasonal_naive,2025-10-29,croissant,34,34,0,0.0
seasonal_naive,2025-10-29,espresso,83,83,0,0.0
seasonal_naive,2025-10-29,hot_chocolate,23,23,0,0.0
seasonal_naive,2025-10-29,iced_latte,41,41,0,0.0
seasonal_naive,2025-10-29,latte,85,85,0,0.0
seasonal_naive,2025-10-29,masala_chai,37,37,0,0.0
seasonal_naive,2025-10-29,sandwich,39,19,20,3600.0
seasonal_naive,2025-10-30,americano,61,61,0,0.0
seasonal_naive,2025-10-30,cappuccino,65,65,0,0.0
seasonal_naive,2025-10-30,cold_coffee,41,41,0,0.0
seasonal_naive,2025-10-30,croissant,43,43,0,0.0
seasonal_naive,2025-10-30,espresso,66,66,0,0.0
seasonal_naive,2025-10-30,hot_chocolate,27,27,0,0.0
seasonal_naive,2025-10-30,iced_latte,40,40,0,0.0
seasonal_naive,2025-10-30,latte,81,81,0,0.0
seasonal_naive,2025-10-30,masala_chai,65,65,0,0.0
seasonal_naive,2025-10-30,sandwich,41,24,17,3060.0
seasonal_naive,2025-10-31,americano,45,45,0,0.0
seasonal_naive,2025-10-31,cappuccino,86,86,0,0.0
seasonal_naive,2025-10-31,cold_coffee,62,62,0,0.0
seasonal_naive,2025-10-31,croissant,43,31,12,1680.0
seasonal_naive,2025-10-31,espresso,57,57,0,0.0
seasonal_naive,2025-10-31,hot_chocolate,29,29,0,0.0
seasonal_naive,2025-10-31,iced_latte,65,65,0,0.0
seasonal_naive,2025-10-31,latte,83,83,0,0.0
seasonal_naive,2025-10-31,masala_chai,49,49,0,0.0
seasonal_naive,2025-10-31,sandwich,41,41,0,0.0
seasonal_naive,2025-11-01,americano,55,55,0,0.0
seasonal_naive,2025-11-01,cappuccino,97,97,0,0.0
seasonal_naive,2025-11-01,cold_coffee,66,66,0,0.0
seasonal_naive,2025-11-01,croissant,50,47,3,420.0
seasonal_naive,2025-11-01,espresso,78,78,0,0.0
seasonal_naive,2025-11-01,hot_chocolate,42,42,0,0.0
seasonal_naive,2025-11-01,iced_latte,39,39,0,0.0
seasonal_naive,2025-11-01,latte,122,122,0,0.0
seasonal_naive,2025-11-01,masala_chai,84,84,0,0.0
seasonal_naive,2025-11-01,sandwich,55,25,30,5400.0
seasonal_naive,2025-11-02,americano,61,61,0,0.0
seasonal_naive,2025-11-02,cappuccino,88,88,0,0.0
seasonal_naive,2025-11-02,cold_coffee,87,87,0,0.0
seasonal_naive,2025-11-02,croissant,52,52,0,0.0
seasonal_naive,2025-11-02,espresso,87,87,0,0.0
seasonal_naive,2025-11-02,hot_chocolate,30,30,0,0.0
seasonal_naive,2025-11-02,iced_latte,41,41,0,0.0
seasonal_naive,2025-11-02,latte,107,107,0,0.0
seasonal_naive,2025-11-02,masala_chai,61,61,0,0.0
seasonal_naive,2025-11-02,sandwich,50,50,0,0.0
seasonal_naive,2025-11-03,americano,26,26,0,0.0
seasonal_naive,2025-11-03,cappuccino,83,83,0,0.0
seasonal_naive,2025-11-03,cold_coffee,66,66,0,0.0
seasonal_naive,2025-11-03,croissant,23,23,0,0.0
seasonal_naive,2025-11-03,espresso,97,97,0,0.0
seasonal_naive,2025-11-03,hot_chocolate,27,27,0,0.0
seasonal_naive,2025-11-03,iced_latte,16,16,0,0.0
seasonal_naive,2025-11-03,latte,39,39,0,0.0
seasonal_naive,2025-11-03,masala_chai,45,45,0,0.0
seasonal_naive,2025-11-03,sandwich,23,23,0,0.0
seasonal_naive,2025-11-04,americano,45,45,0,0.0
seasonal_naive,2025-11-04,cappuccino,59,59,0,0.0
seasonal_naive,2025-11-04,cold_coffee,46,46,0,0.0
seasonal_naive,2025-11-04,croissant,26,26,0,0.0
seasonal_naive,2025-11-04,espresso,69,69,0,0.0
seasonal_naive,2025-11-04,hot_chocolate,15,15,0,0.0
seasonal_naive,2025-11-04,iced_latte,33,33,0,0.0
seasonal_naive,2025-11-04,latte,85,85,0,0.0
seasonal_naive,2025-11-04,masala_chai,64,64,0,0.0
seasonal_naive,2025-11-04,sandwich,37,37,0,0.0
seasonal_naive,2025-11-05,americano,25,25,0,0.0
seasonal_naive,2025-11-05,cappuccino,64,64,0,0.0
seasonal_naive,2025-11-05,cold_coffee,52,52,0,0.0
seasonal_naive,2025-11-05,croissant,32,32,0,0.0
seasonal_naive,2025-11-05,espresso,69,69,0,0.0
seasonal_naive,2025-11-05,hot_chocolate,37,37,0,0.0
seasonal_naive,2025-11-05,iced_latte,47,47,0,0.0
seasonal_naive,2025-11-05,latte,55,55,0,0.0
seasonal_naive,2025-11-05,masala_chai,101,101,0,0.0
seasonal_naive,2025-11-05,sandwich,41,41,0,0.0
seasonal_naive,2025-11-06,americano,35,35,0,0.0
seasonal_naive,2025-11-06,cappuccino,36,36,0,0.0
seasonal_naive,2025-11-06,cold_coffee,36,36,0,0.0
seasonal_naive,2025-11-06,croissant,40,40,0,0.0
seasonal_naive,2025-11-06,espresso,54,54,0,0.0
seasonal_naive,2025-11-06,hot_chocolate,58,58,0,0.0
seasonal_naive,2025-11-06,iced_latte,21,21,0,0.0
seasonal_naive,2025-11-06,latte,48,48,0,0.0
seasonal_naive,2025-11-06,masala_chai,81,81,0,0.0
seasonal_naive,2025-11-06,sandwich,29,29,0,0.0
seasonal_naive,2025-11-07,americano,47,47,0,0.0
seasonal_naive,2025-11-07,cappuccino,78,78,0,0.0
seasonal_naive,2025-11-07,cold_coffee,50,50,0,0.0
seasonal_naive,2025-11-07,croissant,50,40,10,1400.0
seasonal_naive,2025-11-07,espresso,87,87,0,0.0
seasonal_naive,2025-11-07,hot_chocolate,52,52,0,0.0
seasonal_naive,2025-11-07,iced_latte,51,51,0,0.0
seasonal_naive,2025-11-07,latte,96,96,0,0.0
seasonal_naive,2025-11-07,masala_chai,81,81,0,0.0
seasonal_naive,2025-11-07,sandwich,40,40,0,0.0
seasonal_naive,2025-11-08,americano,57,57,0,0.0
seasonal_naive,2025-11-08,cappuccino,48,48,0,0.0
seasonal_naive,2025-11-08,cold_coffee,44,44,0,0.0
seasonal_naive,2025-11-08,croissant,59,46,13,1820.0
seasonal_naive,2025-11-08,espresso,65,65,0,0.0
seasonal_naive,2025-11-08,hot_chocolate,46,46,0,0.0
seasonal_naive,2025-11-08,iced_latte,66,66,0,0.0
seasonal_naive,2025-11-08,latte,94,94,0,0.0
seasonal_naive,2025-11-08,masala_chai,53,53,0,0.0
seasonal_naive,2025-11-08,sandwich,26,26,0,0.0
seasonal_naive,2025-11-09,americano,92,92,0,0.0
seasonal_naive,2025-11-09,cappuccino,81,81,0,0.0
seasonal_naive,2025-11-09,cold_coffee,69,69,0,0.0
seasonal_naive,2025-11-09,croissant,47,37,10,1400.0
seasonal_naive,2025-11-09,espresso,74,74,0,0.0
seasonal_naive,2025-11-09,hot_chocolate,53,53,0,0.0
seasonal_naive,2025-11-09,iced_latte,41,41,0,0.0
seasonal_naive,2025-11-09,latte,67,67,0,0.0
seasonal_naive,2025-11-09,masala_chai,70,70,0,0.0
seasonal_naive,2025-11-09,sandwich,37,37,0,0.0
seasonal_naive,2025-11-10,americano,51,51,0,0.0
seasonal_naive,2025-11-10,cappuccino,50,50,0,0.0
seasonal_naive,2025-11-10,cold_coffee,68,68,0,0.0
seasonal_naive,2025-11-10,croissant,33,18,15,2100.0
seasonal_naive,2025-11-10,espresso,60,60,0,0.0
seasonal_naive,2025-11-10,hot_chocolate,22,22,0,0.0
seasonal_naive,2025-11-10,iced_latte,32,32,0,0.0
seasonal_naive,2025-11-10,latte,59,59,0,0.0
seasonal_naive,2025-11-10,masala_chai,67,67,0,0.0
seasonal_naive,2025-11-10,sandwich,49,38,11,1980.0
seasonal_naive,2025-11-11,americano,44,44,0,0.0
seasonal_naive,2025-11-11,cappuccino,63,63,0,0.0
seasonal_naive,2025-11-11,cold_coffee,53,53,0,0.0
seasonal_naive,2025-11-11,croissant,58,19,39,5460.0
seasonal_naive,2025-11-11,espresso,53,53,0,0.0
seasonal_naive,2025-11-11,hot_chocolate,26,26,0,0.0
seasonal_naive,2025-11-11,iced_latte,37,37,0,0.0
seasonal_naive,2025-11-11,latte,65,65,0,0.0
seasonal_naive,2025-11-11,masala_chai,51,51,0,0.0
seasonal_naive,2025-11-11,sandwich,44,33,11,1980.0
seasonal_naive,2025-11-12,americano,41,41,0,0.0
seasonal_naive,2025-11-12,cappuccino,62,62,0,0.0
seasonal_naive,2025-11-12,cold_coffee,54,54,0,0.0
seasonal_naive,2025-11-12,croissant,36,28,8,1120.0
seasonal_naive,2025-11-12,espresso,89,89,0,0.0
seasonal_naive,2025-11-12,hot_chocolate,35,35,0,0.0
seasonal_naive,2025-11-12,iced_latte,32,32,0,0.0
seasonal_naive,2025-11-12,latte,52,52,0,0.0
seasonal_naive,2025-11-12,masala_chai,52,52,0,0.0
seasonal_naive,2025-11-12,sandwich,29,29,0,0.0
seasonal_naive,2025-11-13,americano,44,44,0,0.0
seasonal_naive,2025-11-13,cappuccino,70,70,0,0.0
seasonal_naive,2025-11-13,cold_coffee,47,47,0,0.0
seasonal_naive,2025-11-13,croissant,26,26,0,0.0
seasonal_naive,2025-11-13,espresso,57,57,0,0.0
seasonal_naive,2025-11-13,hot_chocolate,21,21,0,0.0
seasonal_naive,2025-11-13,iced_latte,42,42,0,0.0
seasonal_naive,2025-11-13,latte,61,61,0,0.0
seasonal_naive,2025-11-13,masala_chai,84,84,0,0.0
seasonal_naive,2025-11-13,sandwich,25,25,0,0.0
seasonal_naive,2025-11-14,americano,63,63,0,0.0
seasonal_naive,2025-11-14,cappuccino,57,57,0,0.0
seasonal_naive,2025-11-14,cold_coffee,86,86,0,0.0
seasonal_naive,2025-11-14,croissant,30,30,0,0.0
seasonal_naive,2025-11-14,espresso,61,61,0,0.0
seasonal_naive,2025-11-14,hot_chocolate,43,43,0,0.0
seasonal_naive,2025-11-14,iced_latte,34,34,0,0.0
seasonal_naive,2025-11-14,latte,81,81,0,0.0
seasonal_naive,2025-11-14,masala_chai,75,75,0,0.0
seasonal_naive,2025-11-14,sandwich,50,40,10,1800.0
seasonal_naive,2025-11-15,americano,53,53,0,0.0
seasonal_naive,2025-11-15,cappuccino,61,61,0,0.0
seasonal_naive,2025-11-15,cold_coffee,67,67,0,0.0
seasonal_naive,2025-11-15,croissant,69,69,0,0.0
seasonal_naive,2025-11-15,espresso,72,72,0,0.0
seasonal_naive,2025-11-15,hot_chocolate,32,32,0,0.0
seasonal_naive,2025-11-15,iced_latte,67,67,0,0.0
seasonal_naive,2025-11-15,latte,81,81,0,0.0
seasonal_naive,2025-11-15,masala_chai,81,81,0,0.0
seasonal_naive,2025-11-15,sandwich,31,23,8,1440.0
seasonal_naive,2025-11-16,americano,39,39,0,0.0
seasonal_naive,2025-11-16,cappuccino,50,50,0,0.0
seasonal_naive,2025-11-16,cold_coffee,81,81,0,0.0
seasonal_naive,2025-11-16,croissant,61,41,20,2800.0
seasonal_naive,2025-11-16,espresso,75,75,0,0.0
seasonal_naive,2025-11-16,hot_chocolate,45,45,0,0.0
seasonal_naive,2025-11-16,iced_latte,63,63,0,0.0
seasonal_naive,2025-11-16,latte,88,88,0,0.0
seasonal_naive,2025-11-16,masala_chai,70,70,0,0.0
seasonal_naive,2025-11-16,sandwich,61,48,13,2340.0
seasonal_naive,2025-11-17,americano,44,44,0,0.0
seasonal_naive,2025-11-17,cappuccino,51,51,0,0.0
seasonal_naive,2025-11-17,cold_coffee,35,35,0,0.0
seasonal_naive,2025-11-17,croissant,33,28,5,700.0
seasonal_naive,2025-11-17,espresso,77,77,0,0.0
seasonal_naive,2025-11-17,hot_chocolate,23,23,0,0.0
seasonal_naive,2025-11-17,iced_latte,29,29,0,0.0
seasonal_naive,2025-11-17,latte,82,82,0,0.0
seasonal_naive,2025-11-17,masala_chai,35,35,0,0.0
seasonal_naive,2025-11-17,sandwich,24,24,0,0.0
seasonal_naive,2025-11-18,americano,48,48,0,0.0
seasonal_naive,2025-11-18,cappuccino,59,59,0,0.0
seasonal_naive,2025-11-18,cold_coffee,27,27,0,0.0
seasonal_naive,2025-11-18,croissant,36,36,0,0.0
seasonal_naive,2025-11-18,espresso,82,82,0,0.0
seasonal_naive,2025-11-18,hot_chocolate,34,34,0,0.0
seasonal_naive,2025-11-18,iced_latte,27,27,0,0.0
seasonal_naive,2025-11-18,latte,76,76,0,0.0
seasonal_naive,2025-11-18,masala_chai,64,64,0,0.0
seasonal_naive,2025-11-18,sandwich,19,19,0,0.0
seasonal_naive,2025-11-19,americano,54,54,0,0.0
seasonal_naive,2025-11-19,cappuccino,74,74,0,0.0
seasonal_naive,2025-11-19,cold_coffee,36,36,0,0.0
seasonal_naive,2025-11-19,croissant,35,35,0,0.0
seasonal_naive,2025-11-19,espresso,55,55,0,0.0
seasonal_naive,2025-11-19,hot_chocolate,36,36,0,0.0
seasonal_naive,2025-11-19,iced_latte,43,43,0,0.0
seasonal_naive,2025-11-19,latte,53,53,0,0.0
seasonal_naive,2025-11-19,masala_chai,65,65,0,0.0
seasonal_naive,2025-11-19,sandwich,24,24,0,0.0
seasonal_naive,2025-11-20,americano,58,58,0,0.0
seasonal_naive,2025-11-20,cappuccino,79,79,0,0.0
seasonal_naive,2025-11-20,cold_coffee,71,71,0,0.0
seasonal_naive,2025-11-20,croissant,28,22,6,840.0
seasonal_naive,2025-11-20,espresso,72,72,0,0.0
seasonal_naive,2025-11-20,hot_chocolate,31,31,0,0.0
seasonal_naive,2025-11-20,iced_latte,37,37,0,0.0
seasonal_naive,2025-11-20,latte,102,102,0,0.0
seasonal_naive,2025-11-20,masala_chai,52,52,0,0.0
seasonal_naive,2025-11-20,sandwich,56,23,33,5940.0
seasonal_naive,2025-11-21,americano,35,35,0,0.0
seasonal_naive,2025-11-21,cappuccino,54,54,0,0.0
seasonal_naive,2025-11-21,cold_coffee,37,37,0,0.0
seasonal_naive,2025-11-21,croissant,31,28,3,420.0
seasonal_naive,2025-11-21,espresso,69,69,0,0.0
seasonal_naive,2025-11-21,hot_chocolate,48,48,0,0.0
seasonal_naive,2025-11-21,iced_latte,42,42,0,0.0
seasonal_naive,2025-11-21,latte,61,61,0,0.0
seasonal_naive,2025-11-21,masala_chai,92,92,0,0.0
seasonal_naive,2025-11-21,sandwich,38,38,0,0.0
seasonal_naive,2025-11-22,americano,28,28,0,0.0
seasonal_naive,2025-11-22,cappuccino,69,69,0,0.0
seasonal_naive,2025-11-22,cold_coffee,38,38,0,0.0
seasonal_naive,2025-11-22,croissant,48,48,0,0.0
seasonal_naive,2025-11-22,espresso,74,74,0,0.0
seasonal_naive,2025-11-22,hot_chocolate,36,36,0,0.0
seasonal_naive,2025-11-22,iced_latte,34,34,0,0.0
seasonal_naive,2025-11-22,latte,76,76,0,0.0
seasonal_naive,2025-11-22,masala_chai,59,59,0,0.0
seasonal_naive,2025-11-22,sandwich,34,34,0,0.0
seasonal_naive,2025-11-23,americano,53,53,0,0.0
seasonal_naive,2025-11-23,cappuccino,106,106,0,0.0
seasonal_naive,2025-11-23,cold_coffee,58,58,0,0.0
seasonal_naive,2025-11-23,croissant,31,31,0,0.0
seasonal_naive,2025-11-23,espresso,49,49,0,0.0
seasonal_naive,2025-11-23,hot_chocolate,40,40,0,0.0
seasonal_naive,2025-11-23,iced_latte,51,51,0,0.0
seasonal_naive,2025-11-23,latte,76,76,0,0.0
seasonal_naive,2025-11-23,masala_chai,69,69,0,0.0
seasonal_naive,2025-11-23,sandwich,46,32,14,2520.0
seasonal_naive,2025-11-24,americano,40,40,0,0.0
seasonal_naive,2025-11-24,cappuccino,79,79,0,0.0
seasonal_naive,2025-11-24,cold_coffee,29,29,0,0.0
seasonal_naive,2025-11-24,croissant,44,44,0,0.0
seasonal_naive,2025-11-24,espresso,46,46,0,0.0
seasonal_naive,2025-11-24,hot_chocolate,22,22,0,0.0
seasonal_naive,2025-11-24,iced_latte,47,47,0,0.0
seasonal_naive,2025-11-24,latte,70,70,0,0.0
seasonal_naive,2025-11-24,masala_chai,45,45,0,0.0
seasonal_naive,2025-11-24,sandwich,27,23,4,720.0
seasonal_naive,2025-11-25,americano,48,48,0,0.0
seasonal_naive,2025-11-25,cappuccino,60,60,0,0.0
seasonal_naive,2025-11-25,cold_coffee,50,50,0,0.0
seasonal_naive,2025-11-25,croissant,25,15,10,1400.0
seasonal_naive,2025-11-25,espresso,42,42,0,0.0
seasonal_naive,2025-11-25,hot_chocolate,36,36,0,0.0
seasonal_naive,2025-11-25,iced_latte,42,42,0,0.0
seasonal_naive,2025-11-25,latte,75,75,0,0.0
seasonal_naive,2025-11-25,masala_chai,79,79,0,0.0
seasonal_naive,2025-11-25,sandwich,56,19,37,6660.0
seasonal_naive,2025-11-26,americano,35,35,0,0.0
seasonal_naive,2025-11-26,cappuccino,59,59,0,0.0
seasonal_naive,2025-11-26,cold_coffee,43,43,0,0.0
seasonal_naive,2025-11-26,croissant,40,27,13,1820.0
seasonal_naive,2025-11-26,espresso,45,45,0,0.0
seasonal_naive,2025-11-26,hot_chocolate,28,28,0,0.0
seasonal_naive,2025-11-26,iced_latte,27,27,0,0.0
seasonal_naive,2025-11-26,latte,80,80,0,0.0
seasonal_naive,2025-11-26,masala_chai,53,53,0,0.0
seasonal_naive,2025-11-26,sandwich,37,19,18,3240.0
seasonal_naive,2025-11-27,americano,34,34,0,0.0
seasonal_naive,2025-11-27,cappuccino,55,55,0,0.0
seasonal_naive,2025-11-27,cold_coffee,36,36,0,0.0
seasonal_naive,2025-11-27,croissant,38,28,10,1400.0
seasonal_naive,2025-11-27,espresso,42,42,0,0.0
seasonal_naive,2025-11-27,hot_chocolate,35,35,0,0.0
seasonal_naive,2025-11-27,iced_latte,30,30,0,0.0
seasonal_naive,2025-11-27,latte,81,81,0,0.0
seasonal_naive,2025-11-27,masala_chai,84,84,0,0.0
seasonal_naive,2025-11-27,sandwich,44,44,0,0.0
seasonal_naive,2025-11-28,americano,84,84,0,0.0
seasonal_naive,2025-11-28,cappuccino,79,79,0,0.0
seasonal_naive,2025-11-28,cold_coffee,49,49,0,0.0
seasonal_naive,2025-11-28,croissant,34,28,6,840.0
seasonal_naive,2025-11-28,espresso,82,82,0,0.0
seasonal_naive,2025-11-28,hot_chocolate,44,44,0,0.0
seasonal_naive,2025-11-28,iced_latte,17,17,0,0.0
seasonal_naive,2025-11-28,latte,97,97,0,0.0
seasonal_naive,2025-11-28,masala_chai,76,76,0,0.0
seasonal_naive,2025-11-28,sandwich,46,46,0,0.0
seasonal_naive,2025-11-29,americano,48,48,0,0.0
seasonal_naive,2025-11-29,cappuccino,115,115,0,0.0
seasonal_naive,2025-11-29,cold_coffee,28,28,0,0.0
seasonal_naive,2025-11-29,croissant,39,39,0,0.0
seasonal_naive,2025-11-29,espresso,121,121,0,0.0
seasonal_naive,2025-11-29,hot_chocolate,42,42,0,0.0
seasonal_naive,2025-11-29,iced_latte,24,24,0,0.0
seasonal_naive,2025-11-29,latte,101,101,0,0.0
seasonal_naive,2025-11-29,masala_chai,56,56,0,0.0
seasonal_naive,2025-11-29,sandwich,47,23,24,4320.0
seasonal_naive,2025-11-30,americano,45,45,0,0.0
seasonal_naive,2025-11-30,cappuccino,95,95,0,0.0
seasonal_naive,2025-11-30,cold_coffee,32,32,0,0.0
seasonal_naive,2025-11-30,croissant,71,63,8,1008.0
seasonal_naive,2025-11-30,espresso,69,69,0,0.0
seasonal_naive,2025-11-30,hot_chocolate,49,49,0,0.0
seasonal_naive,2025-11-30,iced_latte,38,38,0,0.0
seasonal_naive,2025-11-30,latte,84,84,0,0.0
seasonal_naive,2025-11-30,masala_chai,136,136,0,0.0
seasonal_naive,2025-11-30,sandwich,49,49,0,0.0
seasonal_naive,2025-12-01,americano,40,40,0,0.0
seasonal_naive,2025-12-01,cappuccino,62,62,0,0.0
seasonal_naive,2025-12-01,cold_coffee,30,30,0,0.0
seasonal_naive,2025-12-01,croissant,43,9,34,4760.0
seasonal_naive,2025-12-01,espresso,42,42,0,0.0
seasonal_naive,2025-12-01,hot_chocolate,45,45,0,0.0
seasonal_naive,2025-12-01,iced_latte,39,39,0,0.0
seasonal_naive,2025-12-01,latte,76,76,0,0.0
seasonal_naive,2025-12-01,masala_chai,57,57,0,0.0
seasonal_naive,2025-12-01,sandwich,46,22,24,4320.0
seasonal_naive,2025-12-02,americano,36,36,0,0.0
seasonal_naive,2025-12-02,cappuccino,64,64,0,0.0
seasonal_naive,2025-12-02,cold_coffee,36,36,0,0.0
seasonal_naive,2025-12-02,croissant,28,18,10,1400.0
seasonal_naive,2025-12-02,espresso,70,70,0,0.0
seasonal_naive,2025-12-02,hot_chocolate,24,24,0,0.0
seasonal_naive,2025-12-02,iced_latte,19,19,0,0.0
seasonal_naive,2025-12-02,latte,75,75,0,0.0
seasonal_naive,2025-12-02,masala_chai,72,72,0,0.0
seasonal_naive,2025-12-02,sandwich,41,41,0,0.0
seasonal_naive,2025-12-03,americano,47,47,0,0.0
seasonal_naive,2025-12-03,cappuccino,60,60,0,0.0
seasonal_naive,2025-12-03,cold_coffee,57,57,0,0.0
seasonal_naive,2025-12-03,croissant,41,28,13,1820.0
seasonal_naive,2025-12-03,espresso,61,61,0,0.0
seasonal_naive,2025-12-03,hot_chocolate,38,38,0,0.0
seasonal_naive,2025-12-03,iced_latte,33,33,0,0.0
seasonal_naive,2025-12-03,latte,93,93,0,0.0
seasonal_naive,2025-12-03,masala_chai,76,76,0,0.0
seasonal_naive,2025-12-03,sandwich,44,44,0,0.0
seasonal_naive,2025-12-04,americano,22,22,0,0.0
seasonal_naive,2025-12-04,cappuccino,51,51,0,0.0
seasonal_naive,2025-12-04,cold_coffee,26,26,0,0.0
seasonal_naive,2025-12-04,croissant,40,37,3,420.0
seasonal_naive,2025-12-04,espresso,69,69,0,0.0
seasonal_naive,2025-12-04,hot_chocolate,36,36,0,0.0
seasonal_naive,2025-12-04,iced_latte,27,27,0,0.0
seasonal_naive,2025-12-04,latte,62,62,0,0.0
seasonal_naive,2025-12-04,masala_chai,106,106,0,0.0
seasonal_naive,2025-12-04,sandwich,36,33,3,540.0
seasonal_naive,2025-12-05,americano,65,65,0,0.0
seasonal_naive,2025-12-05,cappuccino,76,76,0,0.0
seasonal_naive,2025-12-05,cold_coffee,43,43,0,0.0
seasonal_naive,2025-12-05,croissant,43,28,15,2100.0
seasonal_naive,2025-12-05,espresso,91,91,0,0.0
seasonal_naive,2025-12-05,hot_chocolate,50,50,0,0.0
seasonal_naive,2025-12-05,iced_latte,27,27,0,0.0
seasonal_naive,2025-12-05,latte,79,79,0,0.0
seasonal_naive,2025-12-05,masala_chai,82,82,0,0.0
seasonal_naive,2025-12-05,sandwich,44,43,1,180.0
seasonal_naive,2025-12-06,americano,38,38,0,0.0
seasonal_naive,2025-12-06,cappuccino,64,64,0,0.0
seasonal_naive,2025-12-06,cold_coffee,60,60,0,0.0
seasonal_naive,2025-12-06,croissant,35,35,0,0.0
seasonal_naive,2025-12-06,espresso,67,67,0,0.0
seasonal_naive,2025-12-06,hot_chocolate,43,43,0,0.0
seasonal_naive,2025-12-06,iced_latte,47,47,0,0.0
seasonal_naive,2025-12-06,latte,87,87,0,0.0
seasonal_naive,2025-12-06,masala_chai,99,99,0,0.0
seasonal_naive,2025-12-06,sandwich,41,41,0,0.0
seasonal_naive,2025-12-07,americano,51,51,0,0.0
seasonal_naive,2025-12-07,cappuccino,73,73,0,0.0
seasonal_naive,2025-12-07,cold_coffee,49,49,0,0.0
seasonal_naive,2025-12-07,croissant,32,30,2,280.0
seasonal_naive,2025-12-07,espresso,61,61,0,0.0
seasonal_naive,2025-12-07,hot_chocolate,23,23,0,0.0
seasonal_naive,2025-12-07,iced_latte,46,46,0,0.0
seasonal_naive,2025-12-07,latte,80,80,0,0.0
seasonal_naive,2025-12-07,masala_chai,63,63,0,0.0
seasonal_naive,2025-12-07,sandwich,33,33,0,0.0
seasonal_naive,2025-12-08,americano,27,27,0,0.0
seasonal_naive,2025-12-08,cappuccino,52,52,0,0.0
seasonal_naive,2025-12-08,cold_coffee,37,37,0,0.0
seasonal_naive,2025-12-08,croissant,22,22,0,0.0
seasonal_naive,2025-12-08,espresso,60,60,0,0.0
seasonal_naive,2025-12-08,hot_chocolate,20,20,0,0.0
seasonal_naive,2025-12-08,iced_latte,39,39,0,0.0
seasonal_naive,2025-12-08,latte,64,64,0,0.0
seasonal_naive,2025-12-08,masala_chai,57,57,0,0.0
seasonal_naive,2025-12-08,sandwich,54,53,1,162.0
seasonal_naive,2025-12-09,americano,27,27,0,0.0
seasonal_naive,2025-12-09,cappuccino,62,62,0,0.0
seasonal_naive,2025-12-09,cold_coffee,51,51,0,0.0
seasonal_naive,2025-12-09,croissant,28,28,0,0.0
seasonal_naive,2025-12-09,espresso,61,61,0,0.0
seasonal_naive,2025-12-09,hot_chocolate,23,23,0,0.0
seasonal_naive,2025-12-09,iced_latte,31,31,0,0.0
seasonal_naive,2025-12-09,latte,58,58,0,0.0
seasonal_naive,2025-12-09,masala_chai,53,53,0,0.0
seasonal_naive,2025-12-09,sandwich,35,33,2,360.0
seasonal_naive,2025-12-10,americano,39,39,0,0.0
seasonal_naive,2025-12-10,cappuccino,83,83,0,0.0
seasonal_naive,2025-12-10,cold_coffee,60,60,0,0.0
seasonal_naive,2025-12-10,croissant,35,33,2,280.0
seasonal_naive,2025-12-10,espresso,52,52,0,0.0
seasonal_naive,2025-12-10,hot_chocolate,27,27,0,0.0
seasonal_naive,2025-12-10,iced_latte,54,54,0,0.0
seasonal_naive,2025-12-10,latte,67,67,0,0.0
seasonal_naive,2025-12-10,masala_chai,62,62,0,0.0
seasonal_naive,2025-12-10,sandwich,35,35,0,0.0
seasonal_naive,2025-12-11,americano,63,63,0,0.0
seasonal_naive,2025-12-11,cappuccino,61,61,0,0.0
seasonal_naive,2025-12-11,cold_coffee,43,43,0,0.0
seasonal_naive,2025-12-11,croissant,43,37,6,840.0
seasonal_naive,2025-12-11,espresso,57,57,0,0.0
seasonal_naive,2025-12-11,hot_chocolate,25,25,0,0.0
seasonal_naive,2025-12-11,iced_latte,26,26,0,0.0
seasonal_naive,2025-12-11,latte,102,102,0,0.0
seasonal_naive,2025-12-11,masala_chai,52,52,0,0.0
seasonal_naive,2025-12-11,sandwich,29,29,0,0.0
seasonal_naive,2025-12-12,americano,49,49,0,0.0
seasonal_naive,2025-12-12,cappuccino,50,50,0,0.0
seasonal_naive,2025-12-12,cold_coffee,44,44,0,0.0
seasonal_naive,2025-12-12,croissant,44,37,7,980.0
seasonal_naive,2025-12-12,espresso,56,56,0,0.0
seasonal_naive,2025-12-12,hot_chocolate,24,24,0,0.0
seasonal_naive,2025-12-12,iced_latte,27,27,0,0.0
seasonal_naive,2025-12-12,latte,46,46,0,0.0
seasonal_naive,2025-12-12,masala_chai,42,42,0,0.0
seasonal_naive,2025-12-12,sandwich,33,33,0,0.0
seasonal_naive,2025-12-13,americano,30,30,0,0.0
seasonal_naive,2025-12-13,cappuccino,68,68,0,0.0
seasonal_naive,2025-12-13,cold_coffee,56,56,0,0.0
seasonal_naive,2025-12-13,croissant,26,26,0,0.0
seasonal_naive,2025-12-13,espresso,68,68,0,0.0
seasonal_naive,2025-12-13,hot_chocolate,35,35,0,0.0
seasonal_naive,2025-12-13,iced_latte,48,48,0,0.0
seasonal_naive,2025-12-13,latte,78,78,0,0.0
seasonal_naive,2025-12-13,masala_chai,51,51,0,0.0
seasonal_naive,2025-12-13,sandwich,38,38,0,0.0
seasonal_naive,2025-12-14,americano,44,44,0,0.0
seasonal_naive,2025-12-14,cappuccino,70,70,0,0.0
seasonal_naive,2025-12-14,cold_coffee,46,46,0,0.0
seasonal_naive,2025-12-14,croissant,67,67,0,0.0
seasonal_naive,2025-12-14,espresso,58,58,0,0.0
seasonal_naive,2025-12-14,hot_chocolate,34,34,0,0.0
seasonal_naive,2025-12-14,iced_latte,29,29,0,0.0
seasonal_naive,2025-12-14,latte,91,91,0,0.0
seasonal_naive,2025-12-14,masala_chai,75,75,0,0.0
seasonal_naive,2025-12-14,sandwich,41,41,0,0.0
seasonal_naive,2025-12-15,americano,58,58,0,0.0
seasonal_naive,2025-12-15,cappuccino,63,63,0,0.0
seasonal_naive,2025-12-15,cold_coffee,38,38,0,0.0
seasonal_naive,2025-12-15,croissant,30,0,30,4200.0
seasonal_naive,2025-12-15,espresso,76,76,0,0.0
seasonal_naive,2025-12-15,hot_chocolate,42,42,0,0.0
seasonal_naive,2025-12-15,iced_latte,28,28,0,0.0
seasonal_naive,2025-12-15,latte,99,99,0,0.0
seasonal_naive,2025-12-15,masala_chai,68,68,0,0.0
seasonal_naive,2025-12-15,sandwich,27,27,0,0.0
seasonal_naive,2025-12-16,americano,28,28,0,0.0
seasonal_naive,2025-12-16,cappuccino,57,57,0,0.0
seasonal_naive,2025-12-16,cold_coffee,53,53,0,0.0
seasonal_naive,2025-12-16,croissant,34,27,7,980.0
seasonal_naive,2025-12-16,espresso,60,60,0,0.0
seasonal_naive,2025-12-16,hot_chocolate,34,34,0,0.0
seasonal_naive,2025-12-16,iced_latte,22,22,0,0.0
seasonal_naive,2025-12-16,latte,78,78,0,0.0
seasonal_naive,2025-12-16,masala_chai,77,77,0,0.0
seasonal_naive,2025-12-16,sandwich,32,32,0,0.0
seasonal_naive,2025-12-17,americano,37,37,0,0.0
seasonal_naive,2025-12-17,cappuccino,81,81,0,0.0
seasonal_naive,2025-12-17,cold_coffee,47,47,0,0.0
seasonal_naive,2025-12-17,croissant,31,28,3,420.0
seasonal_naive,2025-12-17,espresso,66,66,0,0.0
seasonal_naive,2025-12-17,hot_chocolate,26,26,0,0.0
seasonal_naive,2025-12-17,iced_latte,36,36,0,0.0
seasonal_naive,2025-12-17,latte,72,72,0,0.0
seasonal_naive,2025-12-17,masala_chai,58,58,0,0.0
seasonal_naive,2025-12-17,sandwich,35,34,1,180.0
seasonal_naive,2025-12-18,americano,48,48,0,0.0
seasonal_naive,2025-12-18,cappuccino,70,70,0,0.0
seasonal_naive,2025-12-18,cold_coffee,56,56,0,0.0
seasonal_naive,2025-12-18,croissant,24,24,0,0.0
seasonal_naive,2025-12-18,espresso,49,49,0,0.0
seasonal_naive,2025-12-18,hot_chocolate,28,28,0,0.0
seasonal_naive,2025-12-18,iced_latte,37,37,0,0.0
seasonal_naive,2025-12-18,latte,64,64,0,0.0
seasonal_naive,2025-12-18,masala_chai,44,44,0,0.0
seasonal_naive,2025-12-18,sandwich,40,28,12,2160.0
seasonal_naive,2025-12-19,americano,43,43,0,0.0
seasonal_naive,2025-12-19,cappuccino,92,92,0,0.0
seasonal_naive,2025-12-19,cold_coffee,43,43,0,0.0
seasonal_naive,2025-12-19,croissant,38,38,0,0.0
seasonal_naive,2025-12-19,espresso,89,89,0,0.0
seasonal_naive,2025-12-19,hot_chocolate,21,21,0,0.0
seasonal_naive,2025-12-19,iced_latte,55,55,0,0.0
seasonal_naive,2025-12-19,latte,81,81,0,0.0
seasonal_naive,2025-12-19,masala_chai,51,51,0,0.0
seasonal_naive,2025-12-19,sandwich,51,28,23,4140.0
seasonal_naive,2025-12-20,americano,48,48,0,0.0
seasonal_naive,2025-12-20,cappuccino,67,67,0,0.0
seasonal_naive,2025-12-20,cold_coffee,50,50,0,0.0
seasonal_naive,2025-12-20,croissant,38,31,7,980.0
seasonal_naive,2025-12-20,espresso,59,59,0,0.0
seasonal_naive,2025-12-20,hot_chocolate,35,35,0,0.0
seasonal_naive,2025-12-20,iced_latte,39,39,0,0.0
seasonal_naive,2025-12-20,latte,97,97,0,0.0
seasonal_naive,2025-12-20,masala_chai,71,71,0,0.0
seasonal_naive,2025-12-20,sandwich,38,38,0,0.0
seasonal_naive,2025-12-21,americano,69,69,0,0.0
seasonal_naive,2025-12-21,cappuccino,79,79,0,0.0
seasonal_naive,2025-12-21,cold_coffee,48,48,0,0.0
seasonal_naive,2025-12-21,croissant,36,18,18,2520.0
seasonal_naive,2025-12-21,espresso,62,62,0,0.0
seasonal_naive,2025-12-21,hot_chocolate,37,37,0,0.0
seasonal_naive,2025-12-21,iced_latte,34,34,0,0.0
seasonal_naive,2025-12-21,latte,79,79,0,0.0
seasonal_naive,2025-12-21,masala_chai,49,49,0,0.0
seasonal_naive,2025-12-21,sandwich,47,28,19,3420.0
seasonal_naive,2025-12-22,americano,74,74,0,0.0
seasonal_naive,2025-12-22,cappuccino,89,89,0,0.0
seasonal_naive,2025-12-22,cold_coffee,49,49,0,0.0
seasonal_naive,2025-12-22,croissant,48,28,20,2800.0
seasonal_naive,2025-12-22,espresso,79,79,0,0.0
seasonal_naive,2025-12-22,hot_chocolate,37,37,0,0.0
seasonal_naive,2025-12-22,iced_latte,38,38,0,0.0
seasonal_naive,2025-12-22,latte,95,95,0,0.0
seasonal_naive,2025-12-22,masala_chai,60,60,0,0.0
seasonal_naive,2025-12-22,sandwich,29,24,5,900.0
seasonal_naive,2025-12-23,americano,30,30,0,0.0
seasonal_naive,2025-12-23,cappuccino,69,69,0,0.0
seasonal_naive,2025-12-23,cold_coffee,41,41,0,0.0
seasonal_naive,2025-12-23,croissant,44,28,16,2240.0
seasonal_naive,2025-12-23,espresso,68,68,0,0.0
seasonal_naive,2025-12-23,hot_chocolate,36,36,0,0.0
seasonal_naive,2025-12-23,iced_latte,25,25,0,0.0
seasonal_naive,2025-12-23,latte,66,66,0,0.0
seasonal_naive,2025-12-23,masala_chai,63,63,0,0.0
seasonal_naive,2025-12-23,sandwich,42,28,14,2520.0
seasonal_naive,2025-12-24,americano,45,45,0,0.0
seasonal_naive,2025-12-24,cappuccino,71,71,0,0.0
seasonal_naive,2025-12-24,cold_coffee,58,58,0,0.0
seasonal_naive,2025-12-24,croissant,33,28,5,700.0
seasonal_naive,2025-12-24,espresso,76,76,0,0.0
seasonal_naive,2025-12-24,hot_chocolate,51,51,0,0.0
seasonal_naive,2025-12-24,iced_latte,39,39,0,0.0
seasonal_naive,2025-12-24,latte,69,69,0,0.0
seasonal_naive,2025-12-24,masala_chai,77,77,0,0.0
seasonal_naive,2025-12-24,sandwich,65,33,32,5760.0
seasonal_naive,2025-12-25,americano,31,31,0,0.0
seasonal_naive,2025-12-25,cappuccino,80,80,0,0.0
seasonal_naive,2025-12-25,cold_coffee,48,48,0,0.0
seasonal_naive,2025-12-25,croissant,33,18,15,2100.0
seasonal_naive,2025-12-25,espresso,49,49,0,0.0
seasonal_naive,2025-12-25,hot_chocolate,24,24,0,0.0
seasonal_naive,2025-12-25,iced_latte,31,31,0,0.0
seasonal_naive,2025-12-25,latte,49,49,0,0.0
seasonal_naive,2025-12-25,masala_chai,34,34,0,0.0
seasonal_naive,2025-12-25,sandwich,25,25,0,0.0
seasonal_naive,2025-12-26,americano,59,59,0,0.0
seasonal_naive,2025-12-26,cappuccino,91,91,0,0.0
seasonal_naive,2025-12-26,cold_coffee,44,44,0,0.0
seasonal_naive,2025-12-26,croissant,41,37,4,560.0
seasonal_naive,2025-12-26,espresso,63,63,0,0.0
seasonal_naive,2025-12-26,hot_chocolate,45,45,0,0.0
seasonal_naive,2025-12-26,iced_latte,35,35,0,0.0
seasonal_naive,2025-12-26,latte,64,64,0,0.0
seasonal_naive,2025-12-26,masala_chai,81,81,0,0.0
seasonal_naive,2025-12-26,sandwich,34,34,0,0.0
seasonal_naive,2025-12-27,americano,40,40,0,0.0
seasonal_naive,2025-12-27,cappuccino,89,89,0,0.0
seasonal_naive,2025-12-27,cold_coffee,61,61,0,0.0
seasonal_naive,2025-12-27,croissant,43,37,6,840.0
seasonal_naive,2025-12-27,espresso,59,59,0,0.0
seasonal_naive,2025-12-27,hot_chocolate,52,52,0,0.0
seasonal_naive,2025-12-27,iced_latte,44,44,0,0.0
seasonal_naive,2025-12-27,latte,130,130,0,0.0
seasonal_naive,2025-12-27,masala_chai,83,83,0,0.0
seasonal_naive,2025-12-27,sandwich,37,37,0,0.0
seasonal_naive,2025-12-28,americano,52,52,0,0.0
seasonal_naive,2025-12-28,cappuccino,79,79,0,0.0
seasonal_naive,2025-12-28,cold_coffee,57,57,0,0.0
seasonal_naive,2025-12-28,croissant,92,65,27,3402.0
seasonal_naive,2025-12-28,espresso,91,91,0,0.0
seasonal_naive,2025-12-28,hot_chocolate,70,70,0,0.0
seasonal_naive,2025-12-28,iced_latte,57,57,0,0.0
seasonal_naive,2025-12-28,latte,119,119,0,0.0
seasonal_naive,2025-12-28,masala_chai,66,66,0,0.0
seasonal_naive,2025-12-28,sandwich,65,41,24,4320.0
seasonal_naive,2025-12-29,americano,50,50,0,0.0
seasonal_naive,2025-12-29,cappuccino,54,54,0,0.0
seasonal_naive,2025-12-29,cold_coffee,44,44,0,0.0
seasonal_naive,2025-12-29,croissant,35,18,17,2380.0
seasonal_naive,2025-12-29,espresso,80,80,0,0.0
seasonal_naive,2025-12-29,hot_chocolate,14,14,0,0.0
seasonal_naive,2025-12-29,iced_latte,30,30,0,0.0
seasonal_naive,2025-12-29,latte,115,115,0,0.0
seasonal_naive,2025-12-29,masala_chai,56,56,0,0.0
seasonal_naive,2025-12-29,sandwich,33,28,5,900.0
seasonal_naive,2025-12-30,americano,47,47,0,0.0
seasonal_naive,2025-12-30,cappuccino,94,94,0,0.0
seasonal_naive,2025-12-30,cold_coffee,85,85,0,0.0
seasonal_naive,2025-12-30,croissant,43,37,6,840.0
seasonal_naive,2025-12-30,espresso,105,105,0,0.0
seasonal_naive,2025-12-30,hot_chocolate,57,57,0,0.0
seasonal_naive,2025-12-30,iced_latte,77,77,0,0.0
seasonal_naive,2025-12-30,latte,106,106,0,0.0
seasonal_naive,2025-12-30,masala_chai,70,70,0,0.0
seasonal_naive,2025-12-30,sandwich,79,38,41,7380.0
seasonal_naive,2025-12-31,americano,57,57,0,0.0
seasonal_naive,2025-12-31,cappuccino,118,118,0,0.0
seasonal_naive,2025-12-31,cold_coffee,42,42,0,0.0
seasonal_naive,2025-12-31,croissant,72,28,44,6160.0
seasonal_naive,2025-12-31,espresso,62,62,0,0.0
seasonal_naive,2025-12-31,hot_chocolate,49,49,0,0.0
seasonal_naive,2025-12-31,iced_latte,32,32,0,0.0
seasonal_naive,2025-12-31,latte,122,122,0,0.0
seasonal_naive,2025-12-31,masala_chai,137,137,0,0.0
seasonal_naive,2025-12-31,sandwich,62,61,1,180.0
ml,2025-07-20,americano,50,50,0,0.0
ml,2025-07-20,cappuccino,80,80,0,0.0
ml,2025-07-20,cold_coffee,46,46,0,0.0
ml,2025-07-20,croissant,26,26,0,0.0
ml,2025-07-20,espresso,72,72,0,0.0
ml,2025-07-20,hot_chocolate,38,38,0,0.0
ml,2025-07-20,iced_latte,37,37,0,0.0
ml,2025-07-20,latte,66,66,0,0.0
ml,2025-07-20,masala_chai,55,55,0,0.0
ml,2025-07-20,sandwich,54,40,14,2520.0
ml,2025-07-21,americano,26,26,0,0.0
ml,2025-07-21,cappuccino,52,52,0,0.0
ml,2025-07-21,cold_coffee,41,41,0,0.0
ml,2025-07-21,croissant,26,26,0,0.0
ml,2025-07-21,espresso,66,66,0,0.0
ml,2025-07-21,hot_chocolate,33,33,0,0.0
ml,2025-07-21,iced_latte,44,44,0,0.0
ml,2025-07-21,latte,83,83,0,0.0
ml,2025-07-21,masala_chai,62,62,0,0.0
ml,2025-07-21,sandwich,29,29,0,0.0
ml,2025-07-22,americano,49,49,0,0.0
ml,2025-07-22,cappuccino,57,57,0,0.0
ml,2025-07-22,cold_coffee,22,22,0,0.0
ml,2025-07-22,croissant,20,20,0,0.0
ml,2025-07-22,espresso,73,73,0,0.0
ml,2025-07-22,hot_chocolate,27,27,0,0.0
ml,2025-07-22,iced_latte,30,30,0,0.0
ml,2025-07-22,latte,66,66,0,0.0
ml,2025-07-22,masala_chai,60,60,0,0.0
ml,2025-07-22,sandwich,42,42,0,0.0
ml,2025-07-23,americano,44,44,0,0.0
ml,2025-07-23,cappuccino,61,58,3,450.0
ml,2025-07-23,cold_coffee,25,25,0,0.0
ml,2025-07-23,croissant,27,27,0,0.0
ml,2025-07-23,espresso,42,0,42,3780.0
ml,2025-07-23,hot_chocolate,37,0,37,6290.0
ml,2025-07-23,iced_latte,26,26,0,0.0
ml,2025-07-23,latte,67,0,67,10720.0
ml,2025-07-23,masala_chai,71,0,71,5680.0
ml,2025-07-23,sandwich,43,37,6,1080.0
ml,2025-07-24,americano,24,24,0,0.0
ml,2025-07-24,cappuccino,67,67,0,0.0
ml,2025-07-24,cold_coffee,23,23,0,0.0
ml,2025-07-24,croissant,38,38,0,0.0
ml,2025-07-24,espresso,97,97,0,0.0
ml,2025-07-24,hot_chocolate,19,19,0,0.0
ml,2025-07-24,iced_latte,22,22,0,0.0
ml,2025-07-24,latte,48,48,0,0.0
ml,2025-07-24,masala_chai,67,67,0,0.0
ml,2025-07-24,sandwich,28,28,0,0.0
ml,2025-07-25,americano,59,59,0,0.0
ml,2025-07-25,cappuccino,48,48,0,0.0
ml,2025-07-25,cold_coffee,57,57,0,0.0
ml,2025-07-25,croissant,24,24,0,0.0
ml,2025-07-25,espresso,52,52,0,0.0
ml,2025-07-25,hot_chocolate,40,40,0,0.0
ml,2025-07-25,iced_latte,39,39,0,0.0
ml,2025-07-25,latte,87,87,0,0.0
ml,2025-07-25,masala_chai,102,102,0,0.0
ml,2025-07-25,sandwich,32,32,0,0.0
ml,2025-07-26,americano,42,42,0,0.0
ml,2025-07-26,cappuccino,74,74,0,0.0
ml,2025-07-26,cold_coffee,51,51,0,0.0
ml,2025-07-26,croissant,42,42,0,0.0
ml,2025-07-26,espresso,79,79,0,0.0
ml,2025-07-26,hot_chocolate,65,65,0,0.0
ml,2025-07-26,iced_latte,48,48,0,0.0
ml,2025-07-26,latte,61,61,0,0.0
ml,2025-07-26,masala_chai,92,92,0,0.0
ml,2025-07-26,sandwich,36,36,0,0.0
ml,2025-07-27,americano,43,43,0,0.0
ml,2025-07-27,cappuccino,114,114,0,0.0
ml,2025-07-27,cold_coffee,60,60,0,0.0
ml,2025-07-27,croissant,32,32,0,0.0
ml,2025-07-27,espresso,94,94,0,0.0
ml,2025-07-27,hot_chocolate,51,51,0,0.0
ml,2025-07-27,iced_latte,47,47,0,0.0
ml,2025-07-27,latte,95,95,0,0.0
ml,2025-07-27,masala_chai,84,84,0,0.0
ml,2025-07-27,sandwich,36,36,0,0.0
ml,2025-07-28,americano,50,50,0,0.0
ml,2025-07-28,cappuccino,47,47,0,0.0
ml,2025-07-28,cold_coffee,50,50,0,0.0
ml,2025-07-28,croissant,24,24,0,0.0
ml,2025-07-28,espresso,58,58,0,0.0
ml,2025-07-28,hot_chocolate,22,22,0,0.0
ml,2025-07-28,iced_latte,14,14,0,0.0
ml,2025-07-28,latte,74,74,0,0.0
ml,2025-07-28,masala_chai,59,59,0,0.0
ml,2025-07-28,sandwich,36,36,0,0.0
ml,2025-07-29,americano,53,53,0,0.0
ml,2025-07-29,cappuccino,72,72,0,0.0
ml,2025-07-29,cold_coffee,45,45,0,0.0
ml,2025-07-29,croissant,35,35,0,0.0
ml,2025-07-29,espresso,95,95,0,0.0
ml,2025-07-29,hot_chocolate,44,44,0,0.0
ml,2025-07-29,iced_latte,40,40,0,0.0
ml,2025-07-29,latte,77,77,0,0.0
ml,2025-07-29,masala_chai,78,78,0,0.0
ml,2025-07-29,sandwich,47,40,7,1260.0
ml,2025-07-30,americano,44,44,0,0.0
ml,2025-07-30,cappuccino,66,66,0,0.0
ml,2025-07-30,cold_coffee,42,42,0,0.0
ml,2025-07-30,croissant,32,28,4,560.0
ml,2025-07-30,espresso,50,50,0,0.0
ml,2025-07-30,hot_chocolate,26,26,0,0.0
ml,2025-07-30,iced_latte,38,38,0,0.0
ml,2025-07-30,latte,77,77,0,0.0
ml,2025-07-30,masala_chai,48,48,0,0.0
ml,2025-07-30,sandwich,41,38,3,540.0
ml,2025-07-31,americano,44,44,0,0.0
ml,2025-07-31,cappuccino,69,69,0,0.0
ml,2025-07-31,cold_coffee,58,58,0,0.0
ml,2025-07-31,croissant,40,28,12,1680.0
ml,2025-07-31,espresso,67,67,0,0.0
ml,2025-07-31,hot_chocolate,33,33,0,0.0
ml,2025-07-31,iced_latte,37,37,0,0.0
ml,2025-07-31,latte,114,114,0,0.0
ml,2025-07-31,masala_chai,59,59,0,0.0
ml,2025-07-31,sandwich,31,31,0,0.0
ml,2025-08-01,americano,62,62,0,0.0
ml,2025-08-01,cappuccino,98,98,0,0.0
ml,2025-08-01,cold_coffee,61,61,0,0.0
ml,2025-08-01,croissant,48,28,20,2800.0
ml,2025-08-01,espresso,74,74,0,0.0
ml,2025-08-01,hot_chocolate,39,39,0,0.0
ml,2025-08-01,iced_latte,47,47,0,0.0
ml,2025-08-01,latte,89,89,0,0.0
ml,2025-08-01,masala_chai,82,82,0,0.0
ml,2025-08-01,sandwich,39,39,0,0.0
ml,2025-08-02,americano,40,40,0,0.0
ml,2025-08-02,cappuccino,46,46,0,0.0
ml,2025-08-02,cold_coffee,53,53,0,0.0
ml,2025-08-02,croissant,53,37,16,2240.0
ml,2025-08-02,espresso,74,74,0,0.0
ml,2025-08-02,hot_chocolate,50,50,0,0.0
ml,2025-08-02,iced_latte,50,50,0,0.0
ml,2025-08-02,latte,80,80,0,0.0
ml,2025-08-02,masala_chai,58,58,0,0.0
ml,2025-08-02,sandwich,46,46,0,0.0
ml,2025-08-03,americano,64,64,0,0.0
ml,2025-08-03,cappuccino,84,84,0,0.0
ml,2025-08-03,cold_coffee,111,111,0,0.0
ml,2025-08-03,croissant,69,37,32,4480.0
ml,2025-08-03,espresso,62,62,0,0.0
ml,2025-08-03,hot_chocolate,44,44,0,0.0
ml,2025-08-03,iced_latte,56,56,0,0.0
ml,2025-08-03,latte,90,90,0,0.0
ml,2025-08-03,masala_chai,104,104,0,0.0
ml,2025-08-03,sandwich,49,39,10,1800.0
ml,2025-08-04,americano,31,31,0,0.0
ml,2025-08-04,cappuccino,46,46,0,0.0
ml,2025-08-04,cold_coffee,32,32,0,0.0
ml,2025-08-04,croissant,36,28,8,1120.0
ml,2025-08-04,espresso,61,61,0,0.0
ml,2025-08-04,hot_chocolate,33,33,0,0.0
ml,2025-08-04,iced_latte,32,32,0,0.0
ml,2025-08-04,latte,68,68,0,0.0
ml,2025-08-04,masala_chai,74,74,0,0.0
ml,2025-08-04,sandwich,38,33,5,900.0
ml,2025-08-05,americano,33,33,0,0.0
ml,2025-08-05,cappuccino,61,61,0,0.0
ml,2025-08-05,cold_coffee,50,50,0,0.0
ml,2025-08-05,croissant,23,23,0,0.0
ml,2025-08-05,espresso,53,53,0,0.0
ml,2025-08-05,hot_chocolate,28,28,0,0.0
ml,2025-08-05,iced_latte,24,24,0,0.0
ml,2025-08-05,latte,75,75,0,0.0
ml,2025-08-05,masala_chai,34,34,0,0.0
ml,2025-08-05,sandwich,27,27,0,0.0
ml,2025-08-06,americano,30,30,0,0.0
ml,2025-08-06,cappuccino,74,74,0,0.0
ml,2025-08-06,cold_coffee,41,41,0,0.0
ml,2025-08-06,croissant,38,32,6,840.0
ml,2025-08-06,espresso,67,67,0,0.0
ml,2025-08-06,hot_chocolate,35,35,0,0.0
ml,2025-08-06,iced_latte,48,48,0,0.0
ml,2025-08-06,latte,85,85,0,0.0
ml,2025-08-06,masala_chai,78,78,0,0.0
ml,2025-08-06,sandwich,34,34,0,0.0
ml,2025-08-07,americano,45,45,0,0.0
ml,2025-08-07,cappuccino,56,56,0,0.0
ml,2025-08-07,cold_coffee,60,60,0,0.0
ml,2025-08-07,croissant,16,16,0,0.0
ml,2025-08-07,espresso,41,41,0,0.0
ml,2025-08-07,hot_chocolate,22,22,0,0.0
ml,2025-08-07,iced_latte,36,36,0,0.0
ml,2025-08-07,latte,49,49,0,0.0
ml,2025-08-07,masala_chai,37,37,0,0.0
ml,2025-08-07,sandwich,27,27,0,0.0
ml,2025-08-08,americano,45,45,0,0.0
ml,2025-08-08,cappuccino,92,92,0,0.0
ml,2025-08-08,cold_coffee,47,47,0,0.0
ml,2025-08-08,croissant,32,32,0,0.0
ml,2025-08-08,espresso,74,74,0,0.0
ml,2025-08-08,hot_chocolate,30,30,0,0.0
ml,2025-08-08,iced_latte,43,43,0,0.0
ml,2025-08-08,latte,64,64,0,0.0
ml,2025-08-08,masala_chai,72,72,0,0.0
ml,2025-08-08,sandwich,35,35,0,0.0
ml,2025-08-09,americano,40,40,0,0.0
ml,2025-08-09,cappuccino,58,58,0,0.0
ml,2025-08-09,cold_coffee,66,66,0,0.0
ml,2025-08-09,croissant,46,35,11,1540.0
ml,2025-08-09,espresso,86,86,0,0.0
ml,2025-08-09,hot_chocolate,98,98,0,0.0
ml,2025-08-09,iced_latte,31,31,0,0.0
ml,2025-08-09,latte,77,77,0,0.0
ml,2025-08-09,masala_chai,60,60,0,0.0
ml,2025-08-09,sandwich,45,43,2,360.0
ml,2025-08-10,americano,24,24,0,0.0
ml,2025-08-10,cappuccino,108,108,0,0.0
ml,2025-08-10,cold_coffee,54,54,0,0.0
ml,2025-08-10,croissant,45,37,8,1120.0
ml,2025-08-10,espresso,67,67,0,0.0
ml,2025-08-10,hot_chocolate,38,38,0,0.0
ml,2025-08-10,iced_latte,41,41,0,0.0
ml,2025-08-10,latte,76,76,0,0.0
ml,2025-08-10,masala_chai,84,84,0,0.0
ml,2025-08-10,sandwich,47,37,10,1800.0
ml,2025-08-11,americano,34,34,0,0.0
ml,2025-08-11,cappuccino,104,104,0,0.0
ml,2025-08-11,cold_coffee,32,32,0,0.0
ml,2025-08-11,croissant,45,28,17,2380.0
ml,2025-08-11,espresso,80,80,0,0.0
ml,2025-08-11,hot_chocolate,42,42,0,0.0
ml,2025-08-11,iced_latte,17,17,0,0.0
ml,2025-08-11,latte,119,119,0,0.0
ml,2025-08-11,masala_chai,100,100,0,0.0
ml,2025-08-11,sandwich,26,26,0,0.0
ml,2025-08-12,americano,45,45,0,0.0
ml,2025-08-12,cappuccino,86,86,0,0.0
ml,2025-08-12,cold_coffee,50,50,0,0.0
ml,2025-08-12,croissant,34,28,6,840.0
ml,2025-08-12,espresso,52,52,0,0.0
ml,2025-08-12,hot_chocolate,39,39,0,0.0
ml,2025-08-12,iced_latte,22,22,0,0.0
ml,2025-08-12,latte,54,54,0,0.0
ml,2025-08-12,masala_chai,70,70,0,0.0
ml,2025-08-12,sandwich,50,40,10,1800.0
ml,2025-08-13,americano,49,49,0,0.0
ml,2025-08-13,cappuccino,71,71,0,0.0
ml,2025-08-13,cold_coffee,45,45,0,0.0
ml,2025-08-13,croissant,41,37,4,560.0
ml,2025-08-13,espresso,92,92,0,0.0
ml,2025-08-13,hot_chocolate,31,31,0,0.0
ml,2025-08-13,iced_latte,22,22,0,0.0
ml,2025-08-13,latte,75,75,0,0.0
ml,2025-08-13,masala_chai,106,106,0,0.0
ml,2025-08-13,sandwich,48,38,10,1800.0
ml,2025-08-14,americano,44,44,0,0.0
ml,2025-08-14,cappuccino,127,127,0,0.0
ml,2025-08-14,cold_coffee,34,34,0,0.0
ml,2025-08-14,croissant,30,30,0,0.0
ml,2025-08-14,espresso,95,95,0,0.0
ml,2025-08-14,hot_chocolate,46,46,0,0.0
ml,2025-08-14,iced_latte,20,20,0,0.0
ml,2025-08-14,latte,106,106,0,0.0
ml,2025-08-14,masala_chai,111,111,0,0.0
ml,2025-08-14,sandwich,50,43,7,1260.0
ml,2025-08-15,americano,24,24,0,0.0
ml,2025-08-15,cappuccino,67,67,0,0.0
ml,2025-08-15,cold_coffee,59,59,0,0.0
ml,2025-08-15,croissant,25,25,0,0.0
ml,2025-08-15,espresso,38,38,0,0.0
ml,2025-08-15,hot_chocolate,42,42,0,0.0
ml,2025-08-15,iced_latte,32,32,0,0.0
ml,2025-08-15,latte,80,80,0,0.0
ml,2025-08-15,masala_chai,70,70,0,0.0
ml,2025-08-15,sandwich,32,32,0,0.0
ml,2025-08-16,americano,30,30,0,0.0
ml,2025-08-16,cappuccino,62,62,0,0.0
ml,2025-08-16,cold_coffee,70,70,0,0.0
ml,2025-08-16,croissant,23,23,0,0.0
ml,2025-08-16,espresso,76,76,0,0.0
ml,2025-08-16,hot_chocolate,51,51,0,0.0
ml,2025-08-16,iced_latte,40,40,0,0.0
ml,2025-08-16,latte,80,80,0,0.0
ml,2025-08-16,masala_chai,62,62,0,0.0
ml,2025-08-16,sandwich,58,48,10,1800.0
ml,2025-08-17,americano,77,77,0,0.0
ml,2025-08-17,cappuccino,104,104,0,0.0
ml,2025-08-17,cold_coffee,38,38,0,0.0
ml,2025-08-17,croissant,57,57,0,0.0
ml,2025-08-17,espresso,77,77,0,0.0
ml,2025-08-17,hot_chocolate,55,55,0,0.0
ml,2025-08-17,iced_latte,30,30,0,0.0
ml,2025-08-17,latte,142,142,0,0.0
ml,2025-08-17,masala_chai,152,152,0,0.0
ml,2025-08-17,sandwich,55,42,13,2340.0
ml,2025-08-18,americano,46,46,0,0.0
ml,2025-08-18,cappuccino,104,104,0,0.0
ml,2025-08-18,cold_coffee,28,28,0,0.0
ml,2025-08-18,croissant,30,13,17,2380.0
ml,2025-08-18,espresso,53,53,0,0.0
ml,2025-08-18,hot_chocolate,35,35,0,0.0
ml,2025-08-18,iced_latte,29,29,0,0.0
ml,2025-08-18,latte,95,95,0,0.0
ml,2025-08-18,masala_chai,67,67,0,0.0
ml,2025-08-18,sandwich,57,38,19,3420.0
ml,2025-08-19,americano,32,32,0,0.0
ml,2025-08-19,cappuccino,56,56,0,0.0
ml,2025-08-19,cold_coffee,38,38,0,0.0
ml,2025-08-19,croissant,48,28,20,2800.0
ml,2025-08-19,espresso,65,65,0,0.0
ml,2025-08-19,hot_chocolate,29,29,0,0.0
ml,2025-08-19,iced_latte,17,17,0,0.0
ml,2025-08-19,latte,50,50,0,0.0
ml,2025-08-19,masala_chai,58,58,0,0.0
ml,2025-08-19,sandwich,27,27,0,0.0
ml,2025-08-20,americano,24,24,0,0.0
ml,2025-08-20,cappuccino,65,65,0,0.0
ml,2025-08-20,cold_coffee,15,15,0,0.0
ml,2025-08-20,croissant,32,28,4,560.0
ml,2025-08-20,espresso,73,73,0,0.0
ml,2025-08-20,hot_chocolate,21,21,0,0.0
ml,2025-08-20,iced_latte,24,24,0,0.0
ml,2025-08-20,latte,48,48,0,0.0
ml,2025-08-20,masala_chai,43,43,0,0.0
ml,2025-08-20,sandwich,31,31,0,0.0
ml,2025-08-21,americano,59,59,0,0.0
ml,2025-08-21,cappuccino,46,46,0,0.0
ml,2025-08-21,cold_coffee,51,51,0,0.0
ml,2025-08-21,croissant,48,37,11,1540.0
ml,2025-08-21,espresso,55,55,0,0.0
ml,2025-08-21,hot_chocolate,32,32,0,0.0
ml,2025-08-21,iced_latte,37,37,0,0.0
ml,2025-08-21,latte,67,67,0,0.0
ml,2025-08-21,masala_chai,70,70,0,0.0
ml,2025-08-21,sandwich,41,41,0,0.0
ml,2025-08-22,americano,52,52,0,0.0
ml,2025-08-22,cappuccino,59,59,0,0.0
ml,2025-08-22,cold_coffee,30,30,0,0.0
ml,2025-08-22,croissant,51,37,14,1960.0
ml,2025-08-22,espresso,64,64,0,0.0
ml,2025-08-22,hot_chocolate,43,43,0,0.0
ml,2025-08-22,iced_latte,41,41,0,0.0
ml,2025-08-22,latte,89,89,0,0.0
ml,2025-08-22,masala_chai,72,72,0,0.0
ml,2025-08-22,sandwich,33,33,0,0.0
ml,2025-08-23,americano,67,67,0,0.0
ml,2025-08-23,cappuccino,76,76,0,0.0
ml,2025-08-23,cold_coffee,69,69,0,0.0
ml,2025-08-23,croissant,38,37,1,140.0
ml,2025-08-23,espresso,49,49,0,0.0
ml,2025-08-23,hot_chocolate,30,30,0,0.0
ml,2025-08-23,iced_latte,36,36,0,0.0
ml,2025-08-23,latte,93,93,0,0.0
ml,2025-08-23,masala_chai,70,70,0,0.0
ml,2025-08-23,sandwich,59,57,2,360.0
ml,2025-08-24,americano,47,47,0,0.0
ml,2025-08-24,cappuccino,66,66,0,0.0
ml,2025-08-24,cold_coffee,33,33,0,0.0
ml,2025-08-24,croissant,31,31,0,0.0
ml,2025-08-24,espresso,74,74,0,0.0
ml,2025-08-24,hot_chocolate,24,24,0,0.0
ml,2025-08-24,iced_latte,42,42,0,0.0
ml,2025-08-24,latte,80,80,0,0.0
ml,2025-08-24,masala_chai,51,51,0,0.0
ml,2025-08-24,sandwich,35,35,0,0.0
ml,2025-08-25,americano,49,49,0,0.0
ml,2025-08-25,cappuccino,66,66,0,0.0
ml,2025-08-25,cold_coffee,35,35,0,0.0
ml,2025-08-25,croissant,30,30,0,0.0
ml,2025-08-25,espresso,39,39,0,0.0
ml,2025-08-25,hot_chocolate,30,30,0,0.0
ml,2025-08-25,iced_latte,18,18,0,0.0
ml,2025-08-25,latte,88,88,0,0.0
ml,2025-08-25,masala_chai,58,58,0,0.0
ml,2025-08-25,sandwich,29,29,0,0.0
ml,2025-08-26,americano,35,35,0,0.0
ml,2025-08-26,cappuccino,79,79,0,0.0
ml,2025-08-26,cold_coffee,41,41,0,0.0
ml,2025-08-26,croissant,23,23,0,0.0
ml,2025-08-26,espresso,105,105,0,0.0
ml,2025-08-26,hot_chocolate,42,42,0,0.0
ml,2025-08-26,iced_latte,37,37,0,0.0
ml,2025-08-26,latte,88,88,0,0.0
ml,2025-08-26,masala_chai,67,67,0,0.0
ml,2025-08-26,sandwich,55,49,6,1080.0
ml,2025-08-27,americano,41,41,0,0.0
ml,2025-08-27,cappuccino,48,48,0,0.0
ml,2025-08-27,cold_coffee,43,43,0,0.0
ml,2025-08-27,croissant,35,35,0,0.0
ml,2025-08-27,espresso,84,84,0,0.0
ml,2025-08-27,hot_chocolate,33,33,0,0.0
ml,2025-08-27,iced_latte,33,33,0,0.0
ml,2025-08-27,latte,43,43,0,0.0
ml,2025-08-27,masala_chai,58,58,0,0.0
ml,2025-08-27,sandwich,16,16,0,0.0
ml,2025-08-28,americano,55,55,0,0.0
ml,2025-08-28,cappuccino,50,50,0,0.0
ml,2025-08-28,cold_coffee,24,24,0,0.0
ml,2025-08-28,croissant,29,29,0,0.0
ml,2025-08-28,espresso,98,98,0,0.0
ml,2025-08-28,hot_chocolate,22,22,0,0.0
ml,2025-08-28,iced_latte,35,35,0,0.0
ml,2025-08-28,latte,121,121,0,0.0
ml,2025-08-28,masala_chai,60,60,0,0.0
ml,2025-08-28,sandwich,42,42,0,0.0
ml,2025-08-29,americano,55,55,0,0.0
ml,2025-08-29,cappuccino,90,90,0,0.0
ml,2025-08-29,cold_coffee,43,43,0,0.0
ml,2025-08-29,croissant,42,42,0,0.0
ml,2025-08-29,espresso,94,94,0,0.0
ml,2025-08-29,hot_chocolate,40,40,0,0.0
ml,2025-08-29,iced_latte,41,41,0,0.0
ml,2025-08-29,latte,106,106,0,0.0
ml,2025-08-29,masala_chai,99,99,0,0.0
ml,2025-08-29,sandwich,42,41,1,180.0
ml,2025-08-30,americano,46,46,0,0.0
ml,2025-08-30,cappuccino,61,61,0,0.0
ml,2025-08-30,cold_coffee,87,87,0,0.0
ml,2025-08-30,croissant,58,51,7,980.0
ml,2025-08-30,espresso,121,121,0,0.0
ml,2025-08-30,hot_chocolate,64,64,0,0.0
ml,2025-08-30,iced_latte,38,38,0,0.0
ml,2025-08-30,latte,85,85,0,0.0
ml,2025-08-30,masala_chai,80,80,0,0.0
ml,2025-08-30,sandwich,45,45,0,0.0
ml,2025-08-31,americano,59,59,0,0.0
ml,2025-08-31,cappuccino,107,107,0,0.0
ml,2025-08-31,cold_coffee,83,83,0,0.0
ml,2025-08-31,croissant,39,39,0,0.0
ml,2025-08-31,espresso,84,84,0,0.0
ml,2025-08-31,hot_chocolate,34,34,0,0.0
ml,2025-08-31,iced_latte,48,48,0,0.0
ml,2025-08-31,latte,134,134,0,0.0
ml,2025-08-31,masala_chai,103,103,0,0.0
ml,2025-08-31,sandwich,53,53,0,0.0
ml,2025-09-01,americano,41,41,0,0.0
ml,2025-09-01,cappuccino,97,97,0,0.0
ml,2025-09-01,cold_coffee,51,51,0,0.0
ml,2025-09-01,croissant,22,22,0,0.0
ml,2025-09-01,espresso,119,119,0,0.0
ml,2025-09-01,hot_chocolate,19,19,0,0.0
ml,2025-09-01,iced_latte,29,29,0,0.0
ml,2025-09-01,latte,60,60,0,0.0
ml,2025-09-01,masala_chai,124,124,0,0.0
ml,2025-09-01,sandwich,45,34,11,1980.0
ml,2025-09-02,americano,39,39,0,0.0
ml,2025-09-02,cappuccino,92,92,0,0.0
ml,2025-09-02,cold_coffee,31,31,0,0.0
ml,2025-09-02,croissant,31,31,0,0.0
ml,2025-09-02,espresso,77,77,0,0.0
ml,2025-09-02,hot_chocolate,59,59,0,0.0
ml,2025-09-02,iced_latte,28,28,0,0.0
ml,2025-09-02,latte,83,83,0,0.0
ml,2025-09-02,masala_chai,98,98,0,0.0
ml,2025-09-02,sandwich,46,38,8,1440.0
ml,2025-09-03,americano,49,49,0,0.0
ml,2025-09-03,cappuccino,83,83,0,0.0
ml,2025-09-03,cold_coffee,47,47,0,0.0
ml,2025-09-03,croissant,40,37,3,420.0
ml,2025-09-03,espresso,78,78,0,0.0
ml,2025-09-03,hot_chocolate,47,47,0,0.0
ml,2025-09-03,iced_latte,38,38,0,0.0
ml,2025-09-03,latte,100,100,0,0.0
ml,2025-09-03,masala_chai,93,93,0,0.0
ml,2025-09-03,sandwich,37,37,0,0.0
ml,2025-09-04,americano,63,63,0,0.0
ml,2025-09-04,cappuccino,91,91,0,0.0
ml,2025-09-04,cold_coffee,39,39,0,0.0
ml,2025-09-04,croissant,46,28,18,2520.0
ml,2025-09-04,espresso,85,85,0,0.0
ml,2025-09-04,hot_chocolate,32,32,0,0.0
ml,2025-09-04,iced_latte,46,46,0,0.0
ml,2025-09-04,latte,98,98,0,0.0
ml,2025-09-04,masala_chai,101,101,0,0.0
ml,2025-09-04,sandwich,54,38,16,2880.0
ml,2025-09-05,americano,44,44,0,0.0
ml,2025-09-05,cappuccino,67,67,0,0.0
ml,2025-09-05,cold_coffee,54,54,0,0.0
ml,2025-09-05,croissant,30,30,0,0.0
ml,2025-09-05,espresso,81,81,0,0.0
ml,2025-09-05,hot_chocolate,41,41,0,0.0
ml,2025-09-05,iced_latte,30,30,0,0.0
ml,2025-09-05,latte,86,86,0,0.0
ml,2025-09-05,masala_chai,96,96,0,0.0
ml,2025-09-05,sandwich,42,42,0,0.0
ml,2025-09-06,americano,27,27,0,0.0
ml,2025-09-06,cappuccino,95,95,0,0.0
ml,2025-09-06,cold_coffee,50,50,0,0.0
ml,2025-09-06,croissant,65,44,21,2940.0
ml,2025-09-06,espresso,73,73,0,0.0
ml,2025-09-06,hot_chocolate,42,42,0,0.0
ml,2025-09-06,iced_latte,36,36,0,0.0
ml,2025-09-06,latte,89,89,0,0.0
ml,2025-09-06,masala_chai,91,91,0,0.0
ml,2025-09-06,sandwich,57,48,9,1620.0
ml,2025-09-07,americano,44,44,0,0.0
ml,2025-09-07,cappuccino,65,65,0,0.0
ml,2025-09-07,cold_coffee,75,75,0,0.0
ml,2025-09-07,croissant,36,36,0,0.0
ml,2025-09-07,espresso,58,58,0,0.0
ml,2025-09-07,hot_chocolate,32,32,0,0.0
ml,2025-09-07,iced_latte,62,62,0,0.0
ml,2025-09-07,latte,60,60,0,0.0
ml,2025-09-07,masala_chai,63,63,0,0.0
ml,2025-09-07,sandwich,34,34,0,0.0
ml,2025-09-08,americano,45,45,0,0.0
ml,2025-09-08,cappuccino,64,64,0,0.0
ml,2025-09-08,cold_coffee,35,35,0,0.0
ml,2025-09-08,croissant,30,30,0,0.0
ml,2025-09-08,espresso,62,62,0,0.0
ml,2025-09-08,hot_chocolate,19,19,0,0.0
ml,2025-09-08,iced_latte,17,17,0,0.0
ml,2025-09-08,latte,57,57,0,0.0
ml,2025-09-08,masala_chai,49,49,0,0.0
ml,2025-09-08,sandwich,31,31,0,0.0
ml,2025-09-09,americano,46,46,0,0.0
ml,2025-09-09,cappuccino,69,69,0,0.0
ml,2025-09-09,cold_coffee,47,47,0,0.0
ml,2025-09-09,croissant,39,39,0,0.0
ml,2025-09-09,espresso,79,79,0,0.0
ml,2025-09-09,hot_chocolate,32,32,0,0.0
ml,2025-09-09,iced_latte,53,53,0,0.0
ml,2025-09-09,latte,82,82,0,0.0
ml,2025-09-09,masala_chai,66,66,0,0.0
ml,2025-09-09,sandwich,46,46,0,0.0
ml,2025-09-10,americano,25,25,0,0.0
ml,2025-09-10,cappuccino,69,69,0,0.0
ml,2025-09-10,cold_coffee,36,36,0,0.0
ml,2025-09-10,croissant,17,17,0,0.0
ml,2025-09-10,espresso,47,47,0,0.0
ml,2025-09-10,hot_chocolate,40,40,0,0.0
ml,2025-09-10,iced_latte,43,43,0,0.0
ml,2025-09-10,latte,67,67,0,0.0
ml,2025-09-10,masala_chai,55,55,0,0.0
ml,2025-09-10,sandwich,39,39,0,0.0
ml,2025-09-11,americano,62,62,0,0.0
ml,2025-09-11,cappuccino,49,49,0,0.0
ml,2025-09-11,cold_coffee,44,44,0,0.0
ml,2025-09-11,croissant,34,34,0,0.0
ml,2025-09-11,espresso,71,71,0,0.0
ml,2025-09-11,hot_chocolate,25,25,0,0.0
ml,2025-09-11,iced_latte,29,29,0,0.0
ml,2025-09-11,latte,58,58,0,0.0
ml,2025-09-11,masala_chai,68,68,0,0.0
ml,2025-09-11,sandwich,40,40,0,0.0
ml,2025-09-12,americano,57,57,0,0.0
ml,2025-09-12,cappuccino,101,101,0,0.0
ml,2025-09-12,cold_coffee,45,45,0,0.0
ml,2025-09-12,croissant,46,46,0,0.0
ml,2025-09-12,espresso,54,54,0,0.0
ml,2025-09-12,hot_chocolate,19,19,0,0.0
ml,2025-09-12,iced_latte,30,30,0,0.0
ml,2025-09-12,latte,54,54,0,0.0
ml,2025-09-12,masala_chai,60,60,0,0.0
ml,2025-09-12,sandwich,42,42,0,0.0
ml,2025-09-13,americano,44,44,0,0.0
ml,2025-09-13,cappuccino,58,58,0,0.0
ml,2025-09-13,cold_coffee,45,45,0,0.0
ml,2025-09-13,croissant,32,32,0,0.0
ml,2025-09-13,espresso,57,57,0,0.0
ml,2025-09-13,hot_chocolate,44,44,0,0.0
ml,2025-09-13,iced_latte,36,36,0,0.0
ml,2025-09-13,latte,69,69,0,0.0
ml,2025-09-13,masala_chai,63,63,0,0.0
ml,2025-09-13,sandwich,40,40,0,0.0
ml,2025-09-14,americano,57,57,0,0.0
ml,2025-09-14,cappuccino,73,73,0,0.0
ml,2025-09-14,cold_coffee,84,84,0,0.0
ml,2025-09-14,croissant,43,43,0,0.0
ml,2025-09-14,espresso,75,75,0,0.0
ml,2025-09-14,hot_chocolate,38,38,0,0.0
ml,2025-09-14,iced_latte,39,39,0,0.0
ml,2025-09-14,latte,80,80,0,0.0
ml,2025-09-14,masala_chai,64,64,0,0.0
ml,2025-09-14,sandwich,56,56,0,0.0
ml,2025-09-15,americano,33,33,0,0.0
ml,2025-09-15,cappuccino,53,53,0,0.0
ml,2025-09-15,cold_coffee,32,32,0,0.0
ml,2025-09-15,croissant,33,33,0,0.0
ml,2025-09-15,espresso,57,57,0,0.0
ml,2025-09-15,hot_chocolate,28,28,0,0.0
ml,2025-09-15,iced_latte,30,30,0,0.0
ml,2025-09-15,latte,64,64,0,0.0
ml,2025-09-15,masala_chai,59,59,0,0.0
ml,2025-09-15,sandwich,28,28,0,0.0
ml,2025-09-16,americano,39,39,0,0.0
ml,2025-09-16,cappuccino,42,42,0,0.0
ml,2025-09-16,cold_coffee,15,15,0,0.0
ml,2025-09-16,croissant,30,30,0,0.0
ml,2025-09-16,espresso,46,46,0,0.0
ml,2025-09-16,hot_chocolate,41,41,0,0.0
ml,2025-09-16,iced_latte,25,25,0,0.0
ml,2025-09-16,latte,68,68,0,0.0
ml,2025-09-16,masala_chai,52,52,0,0.0
ml,2025-09-16,sandwich,33,33,0,0.0
ml,2025-09-17,americano,27,27,0,0.0
ml,2025-09-17,cappuccino,57,57,0,0.0
ml,2025-09-17,cold_coffee,45,45,0,0.0
ml,2025-09-17,croissant,44,40,4,560.0
ml,2025-09-17,espresso,79,79,0,0.0
ml,2025-09-17,hot_chocolate,38,38,0,0.0
ml,2025-09-17,iced_latte,42,42,0,0.0
ml,2025-09-17,latte,58,58,0,0.0
ml,2025-09-17,masala_chai,80,80,0,0.0
ml,2025-09-17,sandwich,40,40,0,0.0
ml,2025-09-18,americano,53,53,0,0.0
ml,2025-09-18,cappuccino,52,52,0,0.0
ml,2025-09-18,cold_coffee,47,47,0,0.0
ml,2025-09-18,croissant,31,31,0,0.0
ml,2025-09-18,espresso,68,68,0,0.0
ml,2025-09-18,hot_chocolate,42,42,0,0.0
ml,2025-09-18,iced_latte,24,24,0,0.0
ml,2025-09-18,latte,98,98,0,0.0
ml,2025-09-18,masala_chai,57,57,0,0.0
ml,2025-09-18,sandwich,37,37,0,0.0
ml,2025-09-19,americano,46,46,0,0.0
ml,2025-09-19,cappuccino,75,75,0,0.0
ml,2025-09-19,cold_coffee,36,36,0,0.0
ml,2025-09-19,croissant,41,41,0,0.0
ml,2025-09-19,espresso,83,83,0,0.0
ml,2025-09-19,hot_chocolate,61,61,0,0.0
ml,2025-09-19,iced_latte,43,43,0,0.0
ml,2025-09-19,latte,105,105,0,0.0
ml,2025-09-19,masala_chai,87,87,0,0.0
ml,2025-09-19,sandwich,33,33,0,0.0
ml,2025-09-20,americano,40,40,0,0.0
ml,2025-09-20,cappuccino,49,49,0,0.0
ml,2025-09-20,cold_coffee,49,49,0,0.0
ml,2025-09-20,croissant,41,39,2,280.0
ml,2025-09-20,espresso,68,68,0,0.0
ml,2025-09-20,hot_chocolate,61,61,0,0.0
ml,2025-09-20,iced_latte,40,40,0,0.0
ml,2025-09-20,latte,93,93,0,0.0
ml,2025-09-20,masala_chai,68,68,0,0.0
ml,2025-09-20,sandwich,55,55,0,0.0
ml,2025-09-21,americano,51,51,0,0.0
ml,2025-09-21,cappuccino,109,109,0,0.0
ml,2025-09-21,cold_coffee,47,47,0,0.0
ml,2025-09-21,croissant,56,37,19,2660.0
ml,2025-09-21,espresso,123,123,0,0.0
ml,2025-09-21,hot_chocolate,31,31,0,0.0
ml,2025-09-21,iced_latte,37,37,0,0.0
ml,2025-09-21,latte,73,73,0,0.0
ml,2025-09-21,masala_chai,67,67,0,0.0
ml,2025-09-21,sandwich,30,30,0,0.0
ml,2025-09-22,americano,25,25,0,0.0
ml,2025-09-22,cappuccino,42,42,0,0.0
ml,2025-09-22,cold_coffee,64,64,0,0.0
ml,2025-09-22,croissant,41,28,13,1820.0
ml,2025-09-22,espresso,55,55,0,0.0
ml,2025-09-22,hot_chocolate,40,40,0,0.0
ml,2025-09-22,iced_latte,28,28,0,0.0
ml,2025-09-22,latte,55,55,0,0.0
ml,2025-09-22,masala_chai,85,85,0,0.0
ml,2025-09-22,sandwich,36,36,0,0.0
ml,2025-09-23,americano,50,50,0,0.0
ml,2025-09-23,cappuccino,70,70,0,0.0
ml,2025-09-23,cold_coffee,37,37,0,0.0
ml,2025-09-23,croissant,41,37,4,560.0
ml,2025-09-23,espresso,70,70,0,0.0
ml,2025-09-23,hot_chocolate,38,38,0,0.0
ml,2025-09-23,iced_latte,32,32,0,0.0
ml,2025-09-23,latte,59,59,0,0.0
ml,2025-09-23,masala_chai,99,99,0,0.0
ml,2025-09-23,sandwich,42,40,2,360.0
ml,2025-09-24,americano,62,62,0,0.0
ml,2025-09-24,cappuccino,79,79,0,0.0
ml,2025-09-24,cold_coffee,32,32,0,0.0
ml,2025-09-24,croissant,40,37,3,420.0
ml,2025-09-24,espresso,60,60,0,0.0
ml,2025-09-24,hot_chocolate,65,65,0,0.0
ml,2025-09-24,iced_latte,26,26,0,0.0
ml,2025-09-24,latte,72,72,0,0.0
ml,2025-09-24,masala_chai,66,66,0,0.0
ml,2025-09-24,sandwich,42,38,4,720.0
ml,2025-09-25,americano,33,33,0,0.0
ml,2025-09-25,cappuccino,44,44,0,0.0
ml,2025-09-25,cold_coffee,36,36,0,0.0
ml,2025-09-25,croissant,30,30,0,0.0
ml,2025-09-25,espresso,50,50,0,0.0
ml,2025-09-25,hot_chocolate,31,31,0,0.0
ml,2025-09-25,iced_latte,29,29,0,0.0
ml,2025-09-25,latte,62,62,0,0.0
ml,2025-09-25,masala_chai,49,49,0,0.0
ml,2025-09-25,sandwich,34,34,0,0.0
ml,2025-09-26,americano,63,63,0,0.0
ml,2025-09-26,cappuccino,89,89,0,0.0
ml,2025-09-26,cold_coffee,36,36,0,0.0
ml,2025-09-26,croissant,33,33,0,0.0
ml,2025-09-26,espresso,70,70,0,0.0
ml,2025-09-26,hot_chocolate,19,19,0,0.0
ml,2025-09-26,iced_latte,36,36,0,0.0
ml,2025-09-26,latte,64,64,0,0.0
ml,2025-09-26,masala_chai,70,70,0,0.0
ml,2025-09-26,sandwich,47,47,0,0.0
ml,2025-09-27,americano,50,50,0,0.0
ml,2025-09-27,cappuccino,62,62,0,0.0
ml,2025-09-27,cold_coffee,67,67,0,0.0
ml,2025-09-27,croissant,52,48,4,560.0
ml,2025-09-27,espresso,94,94,0,0.0
ml,2025-09-27,hot_chocolate,34,34,0,0.0
ml,2025-09-27,iced_latte,28,28,0,0.0
ml,2025-09-27,latte,56,56,0,0.0
ml,2025-09-27,masala_chai,78,78,0,0.0
ml,2025-09-27,sandwich,53,46,7,1260.0
ml,2025-09-28,americano,65,65,0,0.0
ml,2025-09-28,cappuccino,115,115,0,0.0
ml,2025-09-28,cold_coffee,55,55,0,0.0
ml,2025-09-28,croissant,55,37,18,2520.0
ml,2025-09-28,espresso,84,84,0,0.0
ml,2025-09-28,hot_chocolate,43,43,0,0.0
ml,2025-09-28,iced_latte,55,55,0,0.0
ml,2025-09-28,latte,75,75,0,0.0
ml,2025-09-28,masala_chai,68,68,0,0.0
ml,2025-09-28,sandwich,38,38,0,0.0
ml,2025-09-29,americano,27,27,0,0.0
ml,2025-09-29,cappuccino,53,53,0,0.0
ml,2025-09-29,cold_coffee,52,52,0,0.0
ml,2025-09-29,croissant,23,23,0,0.0
ml,2025-09-29,espresso,47,47,0,0.0
ml,2025-09-29,hot_chocolate,29,29,0,0.0
ml,2025-09-29,iced_latte,42,42,0,0.0
ml,2025-09-29,latte,73,73,0,0.0
ml,2025-09-29,masala_chai,68,68,0,0.0
ml,2025-09-29,sandwich,30,30,0,0.0
ml,2025-09-30,americano,32,32,0,0.0
ml,2025-09-30,cappuccino,56,56,0,0.0
ml,2025-09-30,cold_coffee,45,45,0,0.0
ml,2025-09-30,croissant,29,29,0,0.0
ml,2025-09-30,espresso,72,72,0,0.0
ml,2025-09-30,hot_chocolate,22,22,0,0.0
ml,2025-09-30,iced_latte,41,41,0,0.0
ml,2025-09-30,latte,70,70,0,0.0
ml,2025-09-30,masala_chai,71,71,0,0.0
ml,2025-09-30,sandwich,42,42,0,0.0
ml,2025-10-01,americano,44,44,0,0.0
ml,2025-10-01,cappuccino,62,62,0,0.0
ml,2025-10-01,cold_coffee,65,65,0,0.0
ml,2025-10-01,croissant,38,38,0,0.0
ml,2025-10-01,espresso,105,105,0,0.0
ml,2025-10-01,hot_chocolate,26,26,0,0.0
ml,2025-10-01,iced_latte,38,38,0,0.0
ml,2025-10-01,latte,58,58,0,0.0
ml,2025-10-01,masala_chai,56,56,0,0.0
ml,2025-10-01,sandwich,34,34,0,0.0
ml,2025-10-02,americano,46,46,0,0.0
ml,2025-10-02,cappuccino,50,50,0,0.0
ml,2025-10-02,cold_coffee,49,49,0,0.0
ml,2025-10-02,croissant,52,49,3,378.0
ml,2025-10-02,espresso,72,72,0,0.0
ml,2025-10-02,hot_chocolate,29,29,0,0.0
ml,2025-10-02,iced_latte,27,27,0,0.0
ml,2025-10-02,latte,69,69,0,0.0
ml,2025-10-02,masala_chai,53,53,0,0.0
ml,2025-10-02,sandwich,38,38,0,0.0
ml,2025-10-03,americano,68,68,0,0.0
ml,2025-10-03,cappuccino,89,89,0,0.0
ml,2025-10-03,cold_coffee,48,48,0,0.0
ml,2025-10-03,croissant,37,37,0,0.0
ml,2025-10-03,espresso,58,58,0,0.0
ml,2025-10-03,hot_chocolate,41,41,0,0.0
ml,2025-10-03,iced_latte,57,57,0,0.0
ml,2025-10-03,latte,100,100,0,0.0
ml,2025-10-03,masala_chai,64,64,0,0.0
ml,2025-10-03,sandwich,58,49,9,1620.0
ml,2025-10-04,americano,36,36,0,0.0
ml,2025-10-04,cappuccino,77,77,0,0.0
ml,2025-10-04,cold_coffee,56,56,0,0.0
ml,2025-10-04,croissant,26,26,0,0.0
ml,2025-10-04,espresso,86,86,0,0.0
ml,2025-10-04,hot_chocolate,35,35,0,0.0
ml,2025-10-04,iced_latte,43,43,0,0.0
ml,2025-10-04,latte,90,90,0,0.0
ml,2025-10-04,masala_chai,83,83,0,0.0
ml,2025-10-04,sandwich,53,48,5,900.0
ml,2025-10-05,americano,68,68,0,0.0
ml,2025-10-05,cappuccino,93,93,0,0.0
ml,2025-10-05,cold_coffee,69,69,0,0.0
ml,2025-10-05,croissant,42,42,0,0.0
ml,2025-10-05,espresso,45,45,0,0.0
ml,2025-10-05,hot_chocolate,39,39,0,0.0
ml,2025-10-05,iced_latte,52,52,0,0.0
ml,2025-10-05,latte,70,70,0,0.0
ml,2025-10-05,masala_chai,61,61,0,0.0
ml,2025-10-05,sandwich,41,41,0,0.0
ml,2025-10-06,americano,48,48,0,0.0
ml,2025-10-06,cappuccino,95,95,0,0.0
ml,2025-10-06,cold_coffee,44,44,0,0.0
ml,2025-10-06,croissant,33,33,0,0.0
ml,2025-10-06,espresso,60,60,0,0.0
ml,2025-10-06,hot_chocolate,11,11,0,0.0
ml,2025-10-06,iced_latte,20,20,0,0.0
ml,2025-10-06,latte,85,85,0,0.0
ml,2025-10-06,masala_chai,39,39,0,0.0
ml,2025-10-06,sandwich,48,39,9,1620.0
ml,2025-10-07,americano,62,62,0,0.0
ml,2025-10-07,cappuccino,60,60,0,0.0
ml,2025-10-07,cold_coffee,41,41,0,0.0
ml,2025-10-07,croissant,46,28,18,2520.0
ml,2025-10-07,espresso,59,59,0,0.0
ml,2025-10-07,hot_chocolate,31,31,0,0.0
ml,2025-10-07,iced_latte,35,35,0,0.0
ml,2025-10-07,latte,73,73,0,0.0
ml,2025-10-07,masala_chai,92,92,0,0.0
ml,2025-10-07,sandwich,50,37,13,2340.0
ml,2025-10-08,americano,29,29,0,0.0
ml,2025-10-08,cappuccino,36,36,0,0.0
ml,2025-10-08,cold_coffee,42,42,0,0.0
ml,2025-10-08,croissant,35,28,7,980.0
ml,2025-10-08,espresso,46,46,0,0.0
ml,2025-10-08,hot_chocolate,28,28,0,0.0
ml,2025-10-08,iced_latte,55,55,0,0.0
ml,2025-10-08,latte,60,60,0,0.0
ml,2025-10-08,masala_chai,76,76,0,0.0
ml,2025-10-08,sandwich,27,27,0,0.0
ml,2025-10-09,americano,30,30,0,0.0
ml,2025-10-09,cappuccino,83,83,0,0.0
ml,2025-10-09,cold_coffee,35,35,0,0.0
ml,2025-10-09,croissant,28,28,0,0.0
ml,2025-10-09,espresso,53,53,0,0.0
ml,2025-10-09,hot_chocolate,27,27,0,0.0
ml,2025-10-09,iced_latte,41,41,0,0.0
ml,2025-10-09,latte,72,72,0,0.0
ml,2025-10-09,masala_chai,33,33,0,0.0
ml,2025-10-09,sandwich,49,49,0,0.0
ml,2025-10-10,americano,55,55,0,0.0
ml,2025-10-10,cappuccino,72,72,0,0.0
ml,2025-10-10,cold_coffee,41,41,0,0.0
ml,2025-10-10,croissant,32,32,0,0.0
ml,2025-10-10,espresso,57,57,0,0.0
ml,2025-10-10,hot_chocolate,39,39,0,0.0
ml,2025-10-10,iced_latte,33,33,0,0.0
ml,2025-10-10,latte,55,55,0,0.0
ml,2025-10-10,masala_chai,73,73,0,0.0
ml,2025-10-10,sandwich,37,37,0,0.0
ml,2025-10-11,americano,47,47,0,0.0
ml,2025-10-11,cappuccino,88,88,0,0.0
ml,2025-10-11,cold_coffee,77,77,0,0.0
ml,2025-10-11,croissant,32,32,0,0.0
ml,2025-10-11,espresso,80,80,0,0.0
ml,2025-10-11,hot_chocolate,21,21,0,0.0
ml,2025-10-11,iced_latte,33,33,0,0.0
ml,2025-10-11,latte,58,58,0,0.0
ml,2025-10-11,masala_chai,58,58,0,0.0
ml,2025-10-11,sandwich,40,40,0,0.0
ml,2025-10-12,americano,80,80,0,0.0
ml,2025-10-12,cappuccino,64,64,0,0.0
ml,2025-10-12,cold_coffee,72,72,0,0.0
ml,2025-10-12,croissant,59,56,3,420.0
ml,2025-10-12,espresso,67,67,0,0.0
ml,2025-10-12,hot_chocolate,35,35,0,0.0
ml,2025-10-12,iced_latte,56,56,0,0.0
ml,2025-10-12,latte,89,89,0,0.0
ml,2025-10-12,masala_chai,79,79,0,0.0
ml,2025-10-12,sandwich,60,60,0,0.0
ml,2025-10-13,americano,35,35,0,0.0
ml,2025-10-13,cappuccino,49,49,0,0.0
ml,2025-10-13,cold_coffee,29,29,0,0.0
ml,2025-10-13,croissant,43,19,24,3360.0
ml,2025-10-13,espresso,55,55,0,0.0
ml,2025-10-13,hot_chocolate,19,19,0,0.0
ml,2025-10-13,iced_latte,39,39,0,0.0
ml,2025-10-13,latte,70,70,0,0.0
ml,2025-10-13,masala_chai,41,41,0,0.0
ml,2025-10-13,sandwich,28,23,5,900.0
ml,2025-10-14,americano,67,67,0,0.0
ml,2025-10-14,cappuccino,111,111,0,0.0
ml,2025-10-14,cold_coffee,55,55,0,0.0
ml,2025-10-14,croissant,49,37,12,1680.0
ml,2025-10-14,espresso,113,113,0,0.0
ml,2025-10-14,hot_chocolate,31,31,0,0.0
ml,2025-10-14,iced_latte,40,40,0,0.0
ml,2025-10-14,latte,86,86,0,0.0
ml,2025-10-14,masala_chai,98,98,0,0.0
ml,2025-10-14,sandwich,48,43,5,900.0
ml,2025-10-15,americano,58,58,0,0.0
ml,2025-10-15,cappuccino,88,88,0,0.0
ml,2025-10-15,cold_coffee,39,39,0,0.0
ml,2025-10-15,croissant,50,46,4,504.0
ml,2025-10-15,espresso,59,59,0,0.0
ml,2025-10-15,hot_chocolate,30,30,0,0.0
ml,2025-10-15,iced_latte,30,30,0,0.0
ml,2025-10-15,latte,77,77,0,0.0
ml,2025-10-15,masala_chai,64,64,0,0.0
ml,2025-10-15,sandwich,40,37,3,540.0
ml,2025-10-16,americano,32,32,0,0.0
ml,2025-10-16,cappuccino,61,61,0,0.0
ml,2025-10-16,cold_coffee,46,46,0,0.0
ml,2025-10-16,croissant,22,22,0,0.0
ml,2025-10-16,espresso,51,51,0,0.0
ml,2025-10-16,hot_chocolate,30,30,0,0.0
ml,2025-10-16,iced_latte,33,33,0,0.0
ml,2025-10-16,latte,48,48,0,0.0
ml,2025-10-16,masala_chai,52,52,0,0.0
ml,2025-10-16,sandwich,41,41,0,0.0
ml,2025-10-17,americano,69,69,0,0.0
ml,2025-10-17,cappuccino,73,73,0,0.0
ml,2025-10-17,cold_coffee,36,36,0,0.0
ml,2025-10-17,croissant,36,36,0,0.0
ml,2025-10-17,espresso,89,89,0,0.0
ml,2025-10-17,hot_chocolate,29,29,0,0.0
ml,2025-10-17,iced_latte,32,32,0,0.0
ml,2025-10-17,latte,83,83,0,0.0
ml,2025-10-17,masala_chai,59,59,0,0.0
ml,2025-10-17,sandwich,42,42,0,0.0
ml,2025-10-18,americano,66,66,0,0.0
ml,2025-10-18,cappuccino,83,83,0,0.0
ml,2025-10-18,cold_coffee,71,71,0,0.0
ml,2025-10-18,croissant,73,53,20,2800.0
ml,2025-10-18,espresso,63,63,0,0.0
ml,2025-10-18,hot_chocolate,54,54,0,0.0
ml,2025-10-18,iced_latte,53,53,0,0.0
ml,2025-10-18,latte,126,126,0,0.0
ml,2025-10-18,masala_chai,101,101,0,0.0
ml,2025-10-18,sandwich,55,55,0,0.0
ml,2025-10-19,americano,57,57,0,0.0
ml,2025-10-19,cappuccino,74,74,0,0.0
ml,2025-10-19,cold_coffee,66,66,0,0.0
ml,2025-10-19,croissant,57,56,1,140.0
ml,2025-10-19,espresso,132,132,0,0.0
ml,2025-10-19,hot_chocolate,33,33,0,0.0
ml,2025-10-19,iced_latte,47,47,0,0.0
ml,2025-10-19,latte,64,64,0,0.0
ml,2025-10-19,masala_chai,91,91,0,0.0
ml,2025-10-19,sandwich,66,66,0,0.0
ml,2025-10-20,americano,39,39,0,0.0
ml,2025-10-20,cappuccino,54,54,0,0.0
ml,2025-10-20,cold_coffee,41,41,0,0.0
ml,2025-10-20,croissant,22,22,0,0.0
ml,2025-10-20,espresso,57,57,0,0.0
ml,2025-10-20,hot_chocolate,47,47,0,0.0
ml,2025-10-20,iced_latte,32,32,0,0.0
ml,2025-10-20,latte,55,55,0,0.0
ml,2025-10-20,masala_chai,75,75,0,0.0
ml,2025-10-20,sandwich,30,28,2,360.0
ml,2025-10-21,americano,51,51,0,0.0
ml,2025-10-21,cappuccino,66,66,0,0.0
ml,2025-10-21,cold_coffee,40,40,0,0.0
ml,2025-10-21,croissant,55,43,12,1680.0
ml,2025-10-21,espresso,80,80,0,0.0
ml,2025-10-21,hot_chocolate,38,38,0,0.0
ml,2025-10-21,iced_latte,18,18,0,0.0
ml,2025-10-21,latte,83,83,0,0.0
ml,2025-10-21,masala_chai,65,65,0,0.0
ml,2025-10-21,sandwich,36,36,0,0.0
ml,2025-10-22,americano,45,45,0,0.0
ml,2025-10-22,cappuccino,84,84,0,0.0
ml,2025-10-22,cold_coffee,32,32,0,0.0
ml,2025-10-22,croissant,43,37,6,840.0
ml,2025-10-22,espresso,52,52,0,0.0
ml,2025-10-22,hot_chocolate,38,38,0,0.0
ml,2025-10-22,iced_latte,28,28,0,0.0
ml,2025-10-22,latte,81,81,0,0.0
ml,2025-10-22,masala_chai,89,89,0,0.0
ml,2025-10-22,sandwich,23,23,0,0.0
ml,2025-10-23,americano,34,34,0,0.0
ml,2025-10-23,cappuccino,63,63,0,0.0
ml,2025-10-23,cold_coffee,40,40,0,0.0
ml,2025-10-23,croissant,45,45,0,0.0
ml,2025-10-23,espresso,50,50,0,0.0
ml,2025-10-23,hot_chocolate,42,42,0,0.0
ml,2025-10-23,iced_latte,24,24,0,0.0
ml,2025-10-23,latte,77,77,0,0.0
ml,2025-10-23,masala_chai,66,66,0,0.0
ml,2025-10-23,sandwich,25,25,0,0.0
ml,2025-10-24,americano,32,32,0,0.0
ml,2025-10-24,cappuccino,74,74,0,0.0
ml,2025-10-24,cold_coffee,45,45,0,0.0
ml,2025-10-24,croissant,36,36,0,0.0
ml,2025-10-24,espresso,75,75,0,0.0
ml,2025-10-24,hot_chocolate,22,22,0,0.0
ml,2025-10-24,iced_latte,39,39,0,0.0
ml,2025-10-24,latte,73,73,0,0.0
ml,2025-10-24,masala_chai,55,55,0,0.0
ml,2025-10-24,sandwich,46,46,0,0.0
ml,2025-10-25,americano,41,41,0,0.0
ml,2025-10-25,cappuccino,82,82,0,0.0
ml,2025-10-25,cold_coffee,48,48,0,0.0
ml,2025-10-25,croissant,55,48,7,980.0
ml,2025-10-25,espresso,56,56,0,0.0
ml,2025-10-25,hot_chocolate,25,25,0,0.0
ml,2025-10-25,iced_latte,48,48,0,0.0
ml,2025-10-25,latte,92,92,0,0.0
ml,2025-10-25,masala_chai,62,62,0,0.0
ml,2025-10-25,sandwich,25,25,0,0.0
ml,2025-10-26,americano,33,33,0,0.0
ml,2025-10-26,cappuccino,69,69,0,0.0
ml,2025-10-26,cold_coffee,68,68,0,0.0
ml,2025-10-26,croissant,46,46,0,0.0
ml,2025-10-26,espresso,80,80,0,0.0
ml,2025-10-26,hot_chocolate,29,29,0,0.0
ml,2025-10-26,iced_latte,49,49,0,0.0
ml,2025-10-26,latte,72,72,0,0.0
ml,2025-10-26,masala_chai,55,55,0,0.0
ml,2025-10-26,sandwich,49,49,0,0.0
ml,2025-10-27,americano,57,57,0,0.0
ml,2025-10-27,cappuccino,75,75,0,0.0
ml,2025-10-27,cold_coffee,31,31,0,0.0
ml,2025-10-27,croissant,43,38,5,700.0
ml,2025-10-27,espresso,40,40,0,0.0
ml,2025-10-27,hot_chocolate,31,31,0,0.0
ml,2025-10-27,iced_latte,30,30,0,0.0
ml,2025-10-27,latte,49,49,0,0.0
ml,2025-10-27,masala_chai,74,74,0,0.0
ml,2025-10-27,sandwich,50,30,20,3600.0
ml,2025-10-28,americano,56,56,0,0.0
ml,2025-10-28,cappuccino,55,55,0,0.0
ml,2025-10-28,cold_coffee,38,38,0,0.0
ml,2025-10-28,croissant,40,37,3,420.0
ml,2025-10-28,espresso,59,59,0,0.0
ml,2025-10-28,hot_chocolate,48,48,0,0.0
ml,2025-10-28,iced_latte,14,14,0,0.0
ml,2025-10-28,latte,36,36,0,0.0
ml,2025-10-28,masala_chai,69,69,0,0.0
ml,2025-10-28,sandwich,46,46,0,0.0
ml,2025-10-29,americano,36,36,0,0.0
ml,2025-10-29,cappuccino,53,53,0,0.0
ml,2025-10-29,cold_coffee,32,32,0,0.0
ml,2025-10-29,croissant,34,34,0,0.0
ml,2025-10-29,espresso,83,83,0,0.0
ml,2025-10-29,hot_chocolate,23,23,0,0.0
ml,2025-10-29,iced_latte,41,41,0,0.0
ml,2025-10-29,latte,85,85,0,0.0
ml,2025-10-29,masala_chai,37,37,0,0.0
ml,2025-10-29,sandwich,39,38,1,180.0
ml,2025-10-30,americano,61,61,0,0.0
ml,2025-10-30,cappuccino,65,65,0,0.0
ml,2025-10-30,cold_coffee,41,41,0,0.0
ml,2025-10-30,croissant,43,43,0,0.0
ml,2025-10-30,espresso,66,66,0,0.0
ml,2025-10-30,hot_chocolate,27,27,0,0.0
ml,2025-10-30,iced_latte,40,40,0,0.0
ml,2025-10-30,latte,81,81,0,0.0
ml,2025-10-30,masala_chai,65,65,0,0.0
ml,2025-10-30,sandwich,41,41,0,0.0
ml,2025-10-31,americano,45,45,0,0.0
ml,2025-10-31,cappuccino,86,86,0,0.0
ml,2025-10-31,cold_coffee,62,62,0,0.0
ml,2025-10-31,croissant,43,43,0,0.0
ml,2025-10-31,espresso,57,57,0,0.0
ml,2025-10-31,hot_chocolate,29,29,0,0.0
ml,2025-10-31,iced_latte,65,65,0,0.0
ml,2025-10-31,latte,83,83,0,0.0
ml,2025-10-31,masala_chai,49,49,0,0.0
ml,2025-10-31,sandwich,41,41,0,0.0
ml,2025-11-01,americano,55,55,0,0.0
ml,2025-11-01,cappuccino,97,97,0,0.0
ml,2025-11-01,cold_coffee,66,66,0,0.0
ml,2025-11-01,croissant,50,46,4,560.0
ml,2025-11-01,espresso,78,78,0,0.0
ml,2025-11-01,hot_chocolate,42,42,0,0.0
ml,2025-11-01,iced_latte,39,39,0,0.0
ml,2025-11-01,latte,122,122,0,0.0
ml,2025-11-01,masala_chai,84,84,0,0.0
ml,2025-11-01,sandwich,55,50,5,900.0
ml,2025-11-02,americano,61,61,0,0.0
ml,2025-11-02,cappuccino,88,88,0,0.0
ml,2025-11-02,cold_coffee,87,87,0,0.0
ml,2025-11-02,croissant,52,47,5,700.0
ml,2025-11-02,espresso,87,87,0,0.0
ml,2025-11-02,hot_chocolate,30,30,0,0.0
ml,2025-11-02,iced_latte,41,41,0,0.0
ml,2025-11-02,latte,107,107,0,0.0
ml,2025-11-02,masala_chai,61,61,0,0.0
ml,2025-11-02,sandwich,50,43,7,1260.0
ml,2025-11-03,americano,26,26,0,0.0
ml,2025-11-03,cappuccino,83,83,0,0.0
ml,2025-11-03,cold_coffee,66,66,0,0.0
ml,2025-11-03,croissant,23,23,0,0.0
ml,2025-11-03,espresso,97,97,0,0.0
ml,2025-11-03,hot_chocolate,27,27,0,0.0
ml,2025-11-03,iced_latte,16,16,0,0.0
ml,2025-11-03,latte,39,39,0,0.0
ml,2025-11-03,masala_chai,45,45,0,0.0
ml,2025-11-03,sandwich,23,23,0,0.0
ml,2025-11-04,americano,45,45,0,0.0
ml,2025-11-04,cappuccino,59,59,0,0.0
ml,2025-11-04,cold_coffee,46,46,0,0.0
ml,2025-11-04,croissant,26,26,0,0.0
ml,2025-11-04,espresso,69,69,0,0.0
ml,2025-11-04,hot_chocolate,15,15,0,0.0
ml,2025-11-04,iced_latte,33,33,0,0.0
ml,2025-11-04,latte,85,85,0,0.0
ml,2025-11-04,masala_chai,64,64,0,0.0
ml,2025-11-04,sandwich,37,37,0,0.0
ml,2025-11-05,americano,25,25,0,0.0
ml,2025-11-05,cappuccino,64,64,0,0.0
ml,2025-11-05,cold_coffee,52,52,0,0.0
ml,2025-11-05,croissant,32,32,0,0.0
ml,2025-11-05,espresso,69,69,0,0.0
ml,2025-11-05,hot_chocolate,37,37,0,0.0
ml,2025-11-05,iced_latte,47,47,0,0.0
ml,2025-11-05,latte,55,55,0,0.0
ml,2025-11-05,masala_chai,101,101,0,0.0
ml,2025-11-05,sandwich,41,39,2,360.0
ml,2025-11-06,americano,35,35,0,0.0
ml,2025-11-06,cappuccino,36,36,0,0.0
ml,2025-11-06,cold_coffee,36,36,0,0.0
ml,2025-11-06,croissant,40,39,1,140.0
ml,2025-11-06,espresso,54,54,0,0.0
ml,2025-11-06,hot_chocolate,58,58,0,0.0
ml,2025-11-06,iced_latte,21,21,0,0.0
ml,2025-11-06,latte,48,48,0,0.0
ml,2025-11-06,masala_chai,81,81,0,0.0
ml,2025-11-06,sandwich,29,29,0,0.0
ml,2025-11-07,americano,47,47,0,0.0
ml,2025-11-07,cappuccino,78,78,0,0.0
ml,2025-11-07,cold_coffee,50,50,0,0.0
ml,2025-11-07,croissant,50,37,13,1820.0
ml,2025-11-07,espresso,87,87,0,0.0
ml,2025-11-07,hot_chocolate,52,52,0,0.0
ml,2025-11-07,iced_latte,51,51,0,0.0
ml,2025-11-07,latte,96,96,0,0.0
ml,2025-11-07,masala_chai,81,81,0,0.0
ml,2025-11-07,sandwich,40,40,0,0.0
ml,2025-11-08,americano,57,57,0,0.0
ml,2025-11-08,cappuccino,48,48,0,0.0
ml,2025-11-08,cold_coffee,44,44,0,0.0
ml,2025-11-08,croissant,59,46,13,1820.0
ml,2025-11-08,espresso,65,65,0,0.0
ml,2025-11-08,hot_chocolate,46,46,0,0.0
ml,2025-11-08,iced_latte,66,66,0,0.0
ml,2025-11-08,latte,94,94,0,0.0
ml,2025-11-08,masala_chai,53,53,0,0.0
ml,2025-11-08,sandwich,26,26,0,0.0
ml,2025-11-09,americano,92,92,0,0.0
ml,2025-11-09,cappuccino,81,81,0,0.0
ml,2025-11-09,cold_coffee,69,69,0,0.0
ml,2025-11-09,croissant,47,47,0,0.0
ml,2025-11-09,espresso,74,74,0,0.0
ml,2025-11-09,hot_chocolate,53,53,0,0.0
ml,2025-11-09,iced_latte,41,41,0,0.0
ml,2025-11-09,latte,67,67,0,0.0
ml,2025-11-09,masala_chai,70,70,0,0.0
ml,2025-11-09,sandwich,37,37,0,0.0
ml,2025-11-10,americano,51,51,0,0.0
ml,2025-11-10,cappuccino,50,50,0,0.0
ml,2025-11-10,cold_coffee,68,68,0,0.0
ml,2025-11-10,croissant,33,33,0,0.0
ml,2025-11-10,espresso,60,60,0,0.0
ml,2025-11-10,hot_chocolate,22,22,0,0.0
ml,2025-11-10,iced_latte,32,32,0,0.0
ml,2025-11-10,latte,59,59,0,0.0
ml,2025-11-10,masala_chai,67,67,0,0.0
ml,2025-11-10,sandwich,49,43,6,1080.0
ml,2025-11-11,americano,44,44,0,0.0
ml,2025-11-11,cappuccino,63,63,0,0.0
ml,2025-11-11,cold_coffee,53,53,0,0.0
ml,2025-11-11,croissant,58,41,17,2380.0
ml,2025-11-11,espresso,53,53,0,0.0
ml,2025-11-11,hot_chocolate,26,26,0,0.0
ml,2025-11-11,iced_latte,37,37,0,0.0
ml,2025-11-11,latte,65,65,0,0.0
ml,2025-11-11,masala_chai,51,51,0,0.0
ml,2025-11-11,sandwich,44,33,11,1980.0
ml,2025-11-12,americano,41,41,0,0.0
ml,2025-11-12,cappuccino,62,62,0,0.0
ml,2025-11-12,cold_coffee,54,54,0,0.0
ml,2025-11-12,croissant,36,36,0,0.0
ml,2025-11-12,espresso,89,89,0,0.0
ml,2025-11-12,hot_chocolate,35,35,0,0.0
ml,2025-11-12,iced_latte,32,32,0,0.0
ml,2025-11-12,latte,52,52,0,0.0
ml,2025-11-12,masala_chai,52,52,0,0.0
ml,2025-11-12,sandwich,29,29,0,0.0
ml,2025-11-13,americano,44,44,0,0.0
ml,2025-11-13,cappuccino,70,70,0,0.0
ml,2025-11-13,cold_coffee,47,47,0,0.0
ml,2025-11-13,croissant,26,26,0,0.0
ml,2025-11-13,espresso,57,57,0,0.0
ml,2025-11-13,hot_chocolate,21,21,0,0.0
ml,2025-11-13,iced_latte,42,42,0,0.0
ml,2025-11-13,latte,61,61,0,0.0
ml,2025-11-13,masala_chai,84,84,0,0.0
ml,2025-11-13,sandwich,25,25,0,0.0
ml,2025-11-14,americano,63,63,0,0.0
ml,2025-11-14,cappuccino,57,57,0,0.0
ml,2025-11-14,cold_coffee,86,86,0,0.0
ml,2025-11-14,croissant,30,30,0,0.0
ml,2025-11-14,espresso,61,61,0,0.0
ml,2025-11-14,hot_chocolate,43,43,0,0.0
ml,2025-11-14,iced_latte,34,34,0,0.0
ml,2025-11-14,latte,81,81,0,0.0
ml,2025-11-14,masala_chai,75,75,0,0.0
ml,2025-11-14,sandwich,50,50,0,0.0
ml,2025-11-15,americano,53,53,0,0.0
ml,2025-11-15,cappuccino,61,61,0,0.0
ml,2025-11-15,cold_coffee,67,67,0,0.0
ml,2025-11-15,croissant,69,65,4,560.0
ml,2025-11-15,espresso,72,72,0,0.0
ml,2025-11-15,hot_chocolate,32,32,0,0.0
ml,2025-11-15,iced_latte,67,67,0,0.0
ml,2025-11-15,latte,81,81,0,0.0
ml,2025-11-15,masala_chai,81,81,0,0.0
ml,2025-11-15,sandwich,31,31,0,0.0
ml,2025-11-16,americano,39,39,0,0.0
ml,2025-11-16,cappuccino,50,50,0,0.0
ml,2025-11-16,cold_coffee,81,81,0,0.0
ml,2025-11-16,croissant,61,28,33,4620.0
ml,2025-11-16,espresso,75,75,0,0.0
ml,2025-11-16,hot_chocolate,45,45,0,0.0
ml,2025-11-16,iced_latte,63,63,0,0.0
ml,2025-11-16,latte,88,88,0,0.0
ml,2025-11-16,masala_chai,70,70,0,0.0
ml,2025-11-16,sandwich,61,53,8,1440.0
ml,2025-11-17,americano,44,44,0,0.0
ml,2025-11-17,cappuccino,51,51,0,0.0
ml,2025-11-17,cold_coffee,35,35,0,0.0
ml,2025-11-17,croissant,33,33,0,0.0
ml,2025-11-17,espresso,77,77,0,0.0
ml,2025-11-17,hot_chocolate,23,23,0,0.0
ml,2025-11-17,iced_latte,29,29,0,0.0
ml,2025-11-17,latte,82,82,0,0.0
ml,2025-11-17,masala_chai,35,35,0,0.0
ml,2025-11-17,sandwich,24,24,0,0.0
ml,2025-11-18,americano,48,48,0,0.0
ml,2025-11-18,cappuccino,59,59,0,0.0
ml,2025-11-18,cold_coffee,27,27,0,0.0
ml,2025-11-18,croissant,36,36,0,0.0
ml,2025-11-18,espresso,82,82,0,0.0
ml,2025-11-18,hot_chocolate,34,34,0,0.0
ml,2025-11-18,iced_latte,27,27,0,0.0
ml,2025-11-18,latte,76,76,0,0.0
ml,2025-11-18,masala_chai,64,64,0,0.0
ml,2025-11-18,sandwich,19,19,0,0.0
ml,2025-11-19,americano,54,54,0,0.0
ml,2025-11-19,cappuccino,74,74,0,0.0
ml,2025-11-19,cold_coffee,36,36,0,0.0
ml,2025-11-19,croissant,35,35,0,0.0
ml,2025-11-19,espresso,55,55,0,0.0
ml,2025-11-19,hot_chocolate,36,36,0,0.0
ml,2025-11-19,iced_latte,43,43,0,0.0
ml,2025-11-19,latte,53,53,0,0.0
ml,2025-11-19,masala_chai,65,65,0,0.0
ml,2025-11-19,sandwich,24,24,0,0.0
ml,2025-11-20,americano,58,58,0,0.0
ml,2025-11-20,cappuccino,79,79,0,0.0
ml,2025-11-20,cold_coffee,71,71,0,0.0
ml,2025-11-20,croissant,28,28,0,0.0
ml,2025-11-20,espresso,72,72,0,0.0
ml,2025-11-20,hot_chocolate,31,31,0,0.0
ml,2025-11-20,iced_latte,37,37,0,0.0
ml,2025-11-20,latte,102,102,0,0.0
ml,2025-11-20,masala_chai,52,52,0,0.0
ml,2025-11-20,sandwich,56,51,5,900.0
ml,2025-11-21,americano,35,35,0,0.0
ml,2025-11-21,cappuccino,54,54,0,0.0
ml,2025-11-21,cold_coffee,37,37,0,0.0
ml,2025-11-21,croissant,31,31,0,0.0
ml,2025-11-21,espresso,69,69,0,0.0
ml,2025-11-21,hot_chocolate,48,48,0,0.0
ml,2025-11-21,iced_latte,42,42,0,0.0
ml,2025-11-21,latte,61,61,0,0.0
ml,2025-11-21,masala_chai,92,92,0,0.0
ml,2025-11-21,sandwich,38,28,10,1800.0
ml,2025-11-22,americano,28,28,0,0.0
ml,2025-11-22,cappuccino,69,69,0,0.0
ml,2025-11-22,cold_coffee,38,38,0,0.0
ml,2025-11-22,croissant,48,48,0,0.0
ml,2025-11-22,espresso,74,74,0,0.0
ml,2025-11-22,hot_chocolate,36,36,0,0.0
ml,2025-11-22,iced_latte,34,34,0,0.0
ml,2025-11-22,latte,76,76,0,0.0
ml,2025-11-22,masala_chai,59,59,0,0.0
ml,2025-11-22,sandwich,34,34,0,0.0
ml,2025-11-23,americano,53,53,0,0.0
ml,2025-11-23,cappuccino,106,106,0,0.0
ml,2025-11-23,cold_coffee,58,58,0,0.0
ml,2025-11-23,croissant,31,31,0,0.0
ml,2025-11-23,espresso,49,49,0,0.0
ml,2025-11-23,hot_chocolate,40,40,0,0.0
ml,2025-11-23,iced_latte,51,51,0,0.0
ml,2025-11-23,latte,76,76,0,0.0
ml,2025-11-23,masala_chai,69,69,0,0.0
ml,2025-11-23,sandwich,46,46,0,0.0
ml,2025-11-24,americano,40,40,0,0.0
ml,2025-11-24,cappuccino,79,79,0,0.0
ml,2025-11-24,cold_coffee,29,29,0,0.0
ml,2025-11-24,croissant,44,44,0,0.0
ml,2025-11-24,espresso,46,46,0,0.0
ml,2025-11-24,hot_chocolate,22,22,0,0.0
ml,2025-11-24,iced_latte,47,47,0,0.0
ml,2025-11-24,latte,70,70,0,0.0
ml,2025-11-24,masala_chai,45,45,0,0.0
ml,2025-11-24,sandwich,27,27,0,0.0
ml,2025-11-25,americano,48,48,0,0.0
ml,2025-11-25,cappuccino,60,60,0,0.0
ml,2025-11-25,cold_coffee,50,50,0,0.0
ml,2025-11-25,croissant,25,25,0,0.0
ml,2025-11-25,espresso,42,42,0,0.0
ml,2025-11-25,hot_chocolate,36,36,0,0.0
ml,2025-11-25,iced_latte,42,42,0,0.0
ml,2025-11-25,latte,75,75,0,0.0
ml,2025-11-25,masala_chai,79,79,0,0.0
ml,2025-11-25,sandwich,56,49,7,1260.0
ml,2025-11-26,americano,35,35,0,0.0
ml,2025-11-26,cappuccino,59,59,0,0.0
ml,2025-11-26,cold_coffee,43,43,0,0.0
ml,2025-11-26,croissant,40,40,0,0.0
ml,2025-11-26,espresso,45,45,0,0.0
ml,2025-11-26,hot_chocolate,28,28,0,0.0
ml,2025-11-26,iced_latte,27,27,0,0.0
ml,2025-11-26,latte,80,80,0,0.0
ml,2025-11-26,masala_chai,53,53,0,0.0
ml,2025-11-26,sandwich,37,28,9,1620.0
ml,2025-11-27,americano,34,34,0,0.0
ml,2025-11-27,cappuccino,55,55,0,0.0
ml,2025-11-27,cold_coffee,36,36,0,0.0
ml,2025-11-27,croissant,38,38,0,0.0
ml,2025-11-27,espresso,42,42,0,0.0
ml,2025-11-27,hot_chocolate,35,35,0,0.0
ml,2025-11-27,iced_latte,30,30,0,0.0
ml,2025-11-27,latte,81,81,0,0.0
ml,2025-11-27,masala_chai,84,84,0,0.0
ml,2025-11-27,sandwich,44,38,6,1080.0
ml,2025-11-28,americano,84,84,0,0.0
ml,2025-11-28,cappuccino,79,79,0,0.0
ml,2025-11-28,cold_coffee,49,49,0,0.0
ml,2025-11-28,croissant,34,34,0,0.0
ml,2025-11-28,espresso,82,82,0,0.0
ml,2025-11-28,hot_chocolate,44,44,0,0.0
ml,2025-11-28,iced_latte,17,17,0,0.0
ml,2025-11-28,latte,97,97,0,0.0
ml,2025-11-28,masala_chai,76,76,0,0.0
ml,2025-11-28,sandwich,46,43,3,540.0
ml,2025-11-29,americano,48,48,0,0.0
ml,2025-11-29,cappuccino,115,115,0,0.0
ml,2025-11-29,cold_coffee,28,28,0,0.0
ml,2025-11-29,croissant,39,39,0,0.0
ml,2025-11-29,espresso,121,121,0,0.0
ml,2025-11-29,hot_chocolate,42,42,0,0.0
ml,2025-11-29,iced_latte,24,24,0,0.0
ml,2025-11-29,latte,101,101,0,0.0
ml,2025-11-29,masala_chai,56,56,0,0.0
ml,2025-11-29,sandwich,47,42,5,900.0
ml,2025-11-30,americano,45,45,0,0.0
ml,2025-11-30,cappuccino,95,95,0,0.0
ml,2025-11-30,cold_coffee,32,32,0,0.0
ml,2025-11-30,croissant,71,66,5,630.0
ml,2025-11-30,espresso,69,69,0,0.0
ml,2025-11-30,hot_chocolate,49,49,0,0.0
ml,2025-11-30,iced_latte,38,38,0,0.0
ml,2025-11-30,latte,84,84,0,0.0
ml,2025-11-30,masala_chai,136,136,0,0.0
ml,2025-11-30,sandwich,49,47,2,360.0
ml,2025-12-01,americano,40,40,0,0.0
ml,2025-12-01,cappuccino,62,62,0,0.0
ml,2025-12-01,cold_coffee,30,30,0,0.0
ml,2025-12-01,croissant,43,27,16,2240.0
ml,2025-12-01,espresso,42,42,0,0.0
ml,2025-12-01,hot_chocolate,45,45,0,0.0
ml,2025-12-01,iced_latte,39,39,0,0.0
ml,2025-12-01,latte,76,76,0,0.0
ml,2025-12-01,masala_chai,57,57,0,0.0
ml,2025-12-01,sandwich,46,38,8,1440.0
ml,2025-12-02,americano,36,36,0,0.0
ml,2025-12-02,cappuccino,64,64,0,0.0
ml,2025-12-02,cold_coffee,36,36,0,0.0
ml,2025-12-02,croissant,28,28,0,0.0
ml,2025-12-02,espresso,70,70,0,0.0
ml,2025-12-02,hot_chocolate,24,24,0,0.0
ml,2025-12-02,iced_latte,19,19,0,0.0
ml,2025-12-02,latte,75,75,0,0.0
ml,2025-12-02,masala_chai,72,72,0,0.0
ml,2025-12-02,sandwich,41,41,0,0.0
ml,2025-12-03,americano,47,47,0,0.0
ml,2025-12-03,cappuccino,60,60,0,0.0
ml,2025-12-03,cold_coffee,57,57,0,0.0
ml,2025-12-03,croissant,41,41,0,0.0
ml,2025-12-03,espresso,61,61,0,0.0
ml,2025-12-03,hot_chocolate,38,38,0,0.0
ml,2025-12-03,iced_latte,33,33,0,0.0
ml,2025-12-03,latte,93,93,0,0.0
ml,2025-12-03,masala_chai,76,76,0,0.0
ml,2025-12-03,sandwich,44,44,0,0.0
ml,2025-12-04,americano,22,22,0,0.0
ml,2025-12-04,cappuccino,51,51,0,0.0
ml,2025-12-04,cold_coffee,26,26,0,0.0
ml,2025-12-04,croissant,40,33,7,980.0
ml,2025-12-04,espresso,69,69,0,0.0
ml,2025-12-04,hot_chocolate,36,36,0,0.0
ml,2025-12-04,iced_latte,27,27,0,0.0
ml,2025-12-04,latte,62,62,0,0.0
ml,2025-12-04,masala_chai,106,106,0,0.0
ml,2025-12-04,sandwich,36,36,0,0.0
ml,2025-12-05,americano,65,65,0,0.0
ml,2025-12-05,cappuccino,76,76,0,0.0
ml,2025-12-05,cold_coffee,43,43,0,0.0
ml,2025-12-05,croissant,43,37,6,840.0
ml,2025-12-05,espresso,91,91,0,0.0
ml,2025-12-05,hot_chocolate,50,50,0,0.0
ml,2025-12-05,iced_latte,27,27,0,0.0
ml,2025-12-05,latte,79,79,0,0.0
ml,2025-12-05,masala_chai,82,82,0,0.0
ml,2025-12-05,sandwich,44,44,0,0.0
ml,2025-12-06,americano,38,38,0,0.0
ml,2025-12-06,cappuccino,64,64,0,0.0
ml,2025-12-06,cold_coffee,60,60,0,0.0
ml,2025-12-06,croissant,35,35,0,0.0
ml,2025-12-06,espresso,67,67,0,0.0
ml,2025-12-06,hot_chocolate,43,43,0,0.0
ml,2025-12-06,iced_latte,47,47,0,0.0
ml,2025-12-06,latte,87,87,0,0.0
ml,2025-12-06,masala_chai,99,99,0,0.0
ml,2025-12-06,sandwich,41,38,3,540.0
ml,2025-12-07,americano,51,51,0,0.0
ml,2025-12-07,cappuccino,73,73,0,0.0
ml,2025-12-07,cold_coffee,49,49,0,0.0
ml,2025-12-07,croissant,32,32,0,0.0
ml,2025-12-07,espresso,61,61,0,0.0
ml,2025-12-07,hot_chocolate,23,23,0,0.0
ml,2025-12-07,iced_latte,46,46,0,0.0
ml,2025-12-07,latte,80,80,0,0.0
ml,2025-12-07,masala_chai,63,63,0,0.0
ml,2025-12-07,sandwich,33,33,0,0.0
ml,2025-12-08,americano,27,27,0,0.0
ml,2025-12-08,cappuccino,52,52,0,0.0
ml,2025-12-08,cold_coffee,37,37,0,0.0
ml,2025-12-08,croissant,22,22,0,0.0
ml,2025-12-08,espresso,60,60,0,0.0
ml,2025-12-08,hot_chocolate,20,20,0,0.0
ml,2025-12-08,iced_latte,39,39,0,0.0
ml,2025-12-08,latte,64,64,0,0.0
ml,2025-12-08,masala_chai,57,57,0,0.0
ml,2025-12-08,sandwich,54,54,0,0.0
ml,2025-12-09,americano,27,27,0,0.0
ml,2025-12-09,cappuccino,62,62,0,0.0
ml,2025-12-09,cold_coffee,51,51,0,0.0
ml,2025-12-09,croissant,28,28,0,0.0
ml,2025-12-09,espresso,61,61,0,0.0
ml,2025-12-09,hot_chocolate,23,23,0,0.0
ml,2025-12-09,iced_latte,31,31,0,0.0
ml,2025-12-09,latte,58,58,0,0.0
ml,2025-12-09,masala_chai,53,53,0,0.0
ml,2025-12-09,sandwich,35,35,0,0.0
ml,2025-12-10,americano,39,39,0,0.0
ml,2025-12-10,cappuccino,83,83,0,0.0
ml,2025-12-10,cold_coffee,60,60,0,0.0
ml,2025-12-10,croissant,35,35,0,0.0
ml,2025-12-10,espresso,52,52,0,0.0
ml,2025-12-10,hot_chocolate,27,27,0,0.0
ml,2025-12-10,iced_latte,54,54,0,0.0
ml,2025-12-10,latte,67,67,0,0.0
ml,2025-12-10,masala_chai,62,62,0,0.0
ml,2025-12-10,sandwich,35,35,0,0.0
ml,2025-12-11,americano,63,63,0,0.0
ml,2025-12-11,cappuccino,61,61,0,0.0
ml,2025-12-11,cold_coffee,43,43,0,0.0
ml,2025-12-11,croissant,43,34,9,1260.0
ml,2025-12-11,espresso,57,57,0,0.0
ml,2025-12-11,hot_chocolate,25,25,0,0.0
ml,2025-12-11,iced_latte,26,26,0,0.0
ml,2025-12-11,latte,102,102,0,0.0
ml,2025-12-11,masala_chai,52,52,0,0.0
ml,2025-12-11,sandwich,29,29,0,0.0
ml,2025-12-12,americano,49,49,0,0.0
ml,2025-12-12,cappuccino,50,50,0,0.0
ml,2025-12-12,cold_coffee,44,44,0,0.0
ml,2025-12-12,croissant,44,37,7,980.0
ml,2025-12-12,espresso,56,56,0,0.0
ml,2025-12-12,hot_chocolate,24,24,0,0.0
ml,2025-12-12,iced_latte,27,27,0,0.0
ml,2025-12-12,latte,46,46,0,0.0
ml,2025-12-12,masala_chai,42,42,0,0.0
ml,2025-12-12,sandwich,33,33,0,0.0
ml,2025-12-13,americano,30,30,0,0.0
ml,2025-12-13,cappuccino,68,68,0,0.0
ml,2025-12-13,cold_coffee,56,56,0,0.0
ml,2025-12-13,croissant,26,26,0,0.0
ml,2025-12-13,espresso,68,68,0,0.0
ml,2025-12-13,hot_chocolate,35,35,0,0.0
ml,2025-12-13,iced_latte,48,48,0,0.0
ml,2025-12-13,latte,78,78,0,0.0
ml,2025-12-13,masala_chai,51,51,0,0.0
ml,2025-12-13,sandwich,38,38,0,0.0
ml,2025-12-14,americano,44,44,0,0.0
ml,2025-12-14,cappuccino,70,70,0,0.0
ml,2025-12-14,cold_coffee,46,46,0,0.0
ml,2025-12-14,croissant,67,66,1,140.0
ml,2025-12-14,espresso,58,58,0,0.0
ml,2025-12-14,hot_chocolate,34,34,0,0.0
ml,2025-12-14,iced_latte,29,29,0,0.0
ml,2025-12-14,latte,91,91,0,0.0
ml,2025-12-14,masala_chai,75,75,0,0.0
ml,2025-12-14,sandwich,41,41,0,0.0
ml,2025-12-15,americano,58,58,0,0.0
ml,2025-12-15,cappuccino,63,63,0,0.0
ml,2025-12-15,cold_coffee,38,38,0,0.0
ml,2025-12-15,croissant,30,19,11,1540.0
ml,2025-12-15,espresso,76,76,0,0.0
ml,2025-12-15,hot_chocolate,42,42,0,0.0
ml,2025-12-15,iced_latte,28,28,0,0.0
ml,2025-12-15,latte,99,99,0,0.0
ml,2025-12-15,masala_chai,68,68,0,0.0
ml,2025-12-15,sandwich,27,27,0,0.0
ml,2025-12-16,americano,28,28,0,0.0
ml,2025-12-16,cappuccino,57,57,0,0.0
ml,2025-12-16,cold_coffee,53,53,0,0.0
ml,2025-12-16,croissant,34,34,0,0.0
ml,2025-12-16,espresso,60,60,0,0.0
ml,2025-12-16,hot_chocolate,34,34,0,0.0
ml,2025-12-16,iced_latte,22,22,0,0.0
ml,2025-12-16,latte,78,78,0,0.0
ml,2025-12-16,masala_chai,77,77,0,0.0
ml,2025-12-16,sandwich,32,32,0,0.0
ml,2025-12-17,americano,37,37,0,0.0
ml,2025-12-17,cappuccino,81,81,0,0.0
ml,2025-12-17,cold_coffee,47,47,0,0.0
ml,2025-12-17,croissant,31,31,0,0.0
ml,2025-12-17,espresso,66,66,0,0.0
ml,2025-12-17,hot_chocolate,26,26,0,0.0
ml,2025-12-17,iced_latte,36,36,0,0.0
ml,2025-12-17,latte,72,72,0,0.0
ml,2025-12-17,masala_chai,58,58,0,0.0
ml,2025-12-17,sandwich,35,35,0,0.0
ml,2025-12-18,americano,48,48,0,0.0
ml,2025-12-18,cappuccino,70,70,0,0.0
ml,2025-12-18,cold_coffee,56,56,0,0.0
ml,2025-12-18,croissant,24,24,0,0.0
ml,2025-12-18,espresso,49,49,0,0.0
ml,2025-12-18,hot_chocolate,28,28,0,0.0
ml,2025-12-18,iced_latte,37,37,0,0.0
ml,2025-12-18,latte,64,64,0,0.0
ml,2025-12-18,masala_chai,44,44,0,0.0
ml,2025-12-18,sandwich,40,40,0,0.0
ml,2025-12-19,americano,43,43,0,0.0
ml,2025-12-19,cappuccino,92,92,0,0.0
ml,2025-12-19,cold_coffee,43,43,0,0.0
ml,2025-12-19,croissant,38,38,0,0.0
ml,2025-12-19,espresso,89,89,0,0.0
ml,2025-12-19,hot_chocolate,21,21,0,0.0
ml,2025-12-19,iced_latte,55,55,0,0.0
ml,2025-12-19,latte,81,81,0,0.0
ml,2025-12-19,masala_chai,51,51,0,0.0
ml,2025-12-19,sandwich,51,44,7,1260.0
ml,2025-12-20,americano,48,48,0,0.0
ml,2025-12-20,cappuccino,67,67,0,0.0
ml,2025-12-20,cold_coffee,50,50,0,0.0
ml,2025-12-20,croissant,38,38,0,0.0
ml,2025-12-20,espresso,59,59,0,0.0
ml,2025-12-20,hot_chocolate,35,35,0,0.0
ml,2025-12-20,iced_latte,39,39,0,0.0
ml,2025-12-20,latte,97,97,0,0.0
ml,2025-12-20,masala_chai,71,71,0,0.0
ml,2025-12-20,sandwich,38,38,0,0.0
ml,2025-12-21,americano,69,69,0,0.0
ml,2025-12-21,cappuccino,79,79,0,0.0
ml,2025-12-21,cold_coffee,48,48,0,0.0
ml,2025-12-21,croissant,36,36,0,0.0
ml,2025-12-21,espresso,62,62,0,0.0
ml,2025-12-21,hot_chocolate,37,37,0,0.0
ml,2025-12-21,iced_latte,34,34,0,0.0
ml,2025-12-21,latte,79,79,0,0.0
ml,2025-12-21,masala_chai,49,49,0,0.0
ml,2025-12-21,sandwich,47,47,0,0.0
ml,2025-12-22,americano,74,74,0,0.0
ml,2025-12-22,cappuccino,89,89,0,0.0
ml,2025-12-22,cold_coffee,49,49,0,0.0
ml,2025-12-22,croissant,48,39,9,1260.0
ml,2025-12-22,espresso,79,79,0,0.0
ml,2025-12-22,hot_chocolate,37,37,0,0.0
ml,2025-12-22,iced_latte,38,38,0,0.0
ml,2025-12-22,latte,95,95,0,0.0
ml,2025-12-22,masala_chai,60,60,0,0.0
ml,2025-12-22,sandwich,29,29,0,0.0
ml,2025-12-23,americano,30,30,0,0.0
ml,2025-12-23,cappuccino,69,69,0,0.0
ml,2025-12-23,cold_coffee,41,41,0,0.0
ml,2025-12-23,croissant,44,37,7,980.0
ml,2025-12-23,espresso,68,68,0,0.0
ml,2025-12-23,hot_chocolate,36,36,0,0.0
ml,2025-12-23,iced_latte,25,25,0,0.0
ml,2025-12-23,latte,66,66,0,0.0
ml,2025-12-23,masala_chai,63,63,0,0.0
ml,2025-12-23,sandwich,42,42,0,0.0
ml,2025-12-24,americano,45,45,0,0.0
ml,2025-12-24,cappuccino,71,71,0,0.0
ml,2025-12-24,cold_coffee,58,58,0,0.0
ml,2025-12-24,croissant,33,33,0,0.0
ml,2025-12-24,espresso,76,76,0,0.0
ml,2025-12-24,hot_chocolate,51,51,0,0.0
ml,2025-12-24,iced_latte,39,39,0,0.0
ml,2025-12-24,latte,69,69,0,0.0
ml,2025-12-24,masala_chai,77,77,0,0.0
ml,2025-12-24,sandwich,65,47,18,3240.0
ml,2025-12-25,americano,31,31,0,0.0
ml,2025-12-25,cappuccino,80,80,0,0.0
ml,2025-12-25,cold_coffee,48,48,0,0.0
ml,2025-12-25,croissant,33,32,1,140.0
ml,2025-12-25,espresso,49,49,0,0.0
ml,2025-12-25,hot_chocolate,24,24,0,0.0
ml,2025-12-25,iced_latte,31,31,0,0.0
ml,2025-12-25,latte,49,49,0,0.0
ml,2025-12-25,masala_chai,34,34,0,0.0
ml,2025-12-25,sandwich,25,25,0,0.0
ml,2025-12-26,americano,59,59,0,0.0
ml,2025-12-26,cappuccino,91,91,0,0.0
ml,2025-12-26,cold_coffee,44,44,0,0.0
ml,2025-12-26,croissant,41,37,4,560.0
ml,2025-12-26,espresso,63,63,0,0.0
ml,2025-12-26,hot_chocolate,45,45,0,0.0
ml,2025-12-26,iced_latte,35,35,0,0.0
ml,2025-12-26,latte,64,64,0,0.0
ml,2025-12-26,masala_chai,81,81,0,0.0
ml,2025-12-26,sandwich,34,34,0,0.0
ml,2025-12-27,americano,40,40,0,0.0
ml,2025-12-27,cappuccino,89,89,0,0.0
ml,2025-12-27,cold_coffee,61,61,0,0.0
ml,2025-12-27,croissant,43,37,6,840.0
ml,2025-12-27,espresso,59,59,0,0.0
ml,2025-12-27,hot_chocolate,52,52,0,0.0
ml,2025-12-27,iced_latte,44,44,0,0.0
ml,2025-12-27,latte,130,130,0,0.0
ml,2025-12-27,masala_chai,83,83,0,0.0
ml,2025-12-27,sandwich,37,37,0,0.0
ml,2025-12-28,americano,52,52,0,0.0
ml,2025-12-28,cappuccino,79,79,0,0.0
ml,2025-12-28,cold_coffee,57,57,0,0.0
ml,2025-12-28,croissant,92,56,36,4536.0
ml,2025-12-28,espresso,91,91,0,0.0
ml,2025-12-28,hot_chocolate,70,70,0,0.0
ml,2025-12-28,iced_latte,57,57,0,0.0
ml,2025-12-28,latte,119,119,0,0.0
ml,2025-12-28,masala_chai,66,66,0,0.0
ml,2025-12-28,sandwich,65,50,15,2700.0
ml,2025-12-29,americano,50,50,0,0.0
ml,2025-12-29,cappuccino,54,54,0,0.0
ml,2025-12-29,cold_coffee,44,44,0,0.0
ml,2025-12-29,croissant,35,35,0,0.0
ml,2025-12-29,espresso,80,80,0,0.0
ml,2025-12-29,hot_chocolate,14,14,0,0.0
ml,2025-12-29,iced_latte,30,30,0,0.0
ml,2025-12-29,latte,115,115,0,0.0
ml,2025-12-29,masala_chai,56,56,0,0.0
ml,2025-12-29,sandwich,33,33,0,0.0
ml,2025-12-30,americano,47,47,0,0.0
ml,2025-12-30,cappuccino,94,94,0,0.0
ml,2025-12-30,cold_coffee,85,85,0,0.0
ml,2025-12-30,croissant,43,39,4,560.0
ml,2025-12-30,espresso,105,105,0,0.0
ml,2025-12-30,hot_chocolate,57,57,0,0.0
ml,2025-12-30,iced_latte,77,77,0,0.0
ml,2025-12-30,latte,106,106,0,0.0
ml,2025-12-30,masala_chai,70,70,0,0.0
ml,2025-12-30,sandwich,79,43,36,6480.0
ml,2025-12-31,americano,57,57,0,0.0
ml,2025-12-31,cappuccino,118,118,0,0.0
ml,2025-12-31,cold_coffee,42,42,0,0.0
ml,2025-12-31,croissant,72,37,35,4900.0
ml,2025-12-31,espresso,62,62,0,0.0
ml,2025-12-31,hot_chocolate,49,49,0,0.0
ml,2025-12-31,iced_latte,32,32,0,0.0
ml,2025-12-31,latte,122,122,0,0.0
ml,2025-12-31,masala_chai,137,137,0,0.0
ml,2025-12-31,sandwich,62,42,20,3600.0
