policy,date,material,quantity,arrival,cost
manual,2025-07-20,coffee_beans,56000.0,2025-07-23,67200.0
manual,2025-07-20,milk,115000.0,2025-07-21,6900.0
manual,2025-07-20,sugar,28000.0,2025-07-22,1260.0
manual,2025-07-20,chocolate_syrup,9000.0,2025-07-22,2700.0
manual,2025-07-20,tea_leaves,2500.0,2025-07-23,1500.0
manual,2025-07-20,ice,60000.0,2025-07-21,600.0
manual,2025-07-20,croissant_dough,50.0,2025-07-21,2250.0
manual,2025-07-20,bread,110.0,2025-07-21,880.0
manual,2025-07-20,cup_hot,3300.0,2025-07-24,13200.0
manual,2025-07-20,cup_cold,900.0,2025-07-24,4500.0
manual,2025-07-21,coffee_beans,8000.0,2025-07-24,9600.0
manual,2025-07-21,milk,57000.0,2025-07-22,3420.0
manual,2025-07-21,sugar,3000.0,2025-07-23,135.0
manual,2025-07-21,chocolate_syrup,1500.0,2025-07-23,450.0
manual,2025-07-21,tea_leaves,500.0,2025-07-24,300.0
manual,2025-07-21,ice,9000.0,2025-07-22,90.0
manual,2025-07-21,croissant_dough,40.0,2025-07-22,1800.0
manual,2025-07-21,bread,100.0,2025-07-22,800.0
manual,2025-07-21,cup_hot,400.0,2025-07-25,1600.0
manual,2025-07-21,cup_cold,100.0,2025-07-25,500.0
manual,2025-07-22,coffee_beans,8000.0,2025-07-25,9600.0
manual,2025-07-22,milk,57000.0,2025-07-23,3420.0
manual,2025-07-22,sugar,4000.0,2025-07-24,180.0
manual,2025-07-22,chocolate_syrup,1000.0,2025-07-24,300.0
manual,2025-07-22,tea_leaves,500.0,2025-07-25,300.0
manual,2025-07-22,ice,11000.0,2025-07-23,110.0
manual,2025-07-22,croissant_dough,20.0,2025-07-23,900.0
manual,2025-07-22,bread,60.0,2025-07-23,480.0
manual,2025-07-22,cup_hot,500.0,2025-07-26,2000.0
manual,2025-07-22,cup_cold,100.0,2025-07-26,500.0
manual,2025-07-23,coffee_beans,6000.0,2025-07-26,7200.0
manual,2025-07-23,milk,46000.0,2025-07-24,2760.0
manual,2025-07-23,sugar,2000.0,2025-07-25,90.0
manual,2025-07-23,chocolate_syrup,500.0,2025-07-25,150.0
manual,2025-07-23,ice,7000.0,2025-07-24,70.0
manual,2025-07-23,croissant_dough,40.0,2025-07-24,1800.0
manual,2025-07-23,bread,90.0,2025-07-24,720.0
manual,2025-07-23,cup_hot,500.0,2025-07-27,2000.0
manual,2025-07-23,cup_cold,100.0,2025-07-27,500.0
manual,2025-07-24,coffee_beans,3000.0,2025-07-27,3600.0
manual,2025-07-24,milk,69000.0,2025-07-25,4140.0
manual,2025-07-24,sugar,1000.0,2025-07-26,45.0
manual,2025-07-24,ice,13000.0,2025-07-25,130.0
manual,2025-07-24,croissant_dough,40.0,2025-07-25,1800.0
manual,2025-07-24,bread,90.0,2025-07-25,720.0
manual,2025-07-24,cup_hot,400.0,2025-07-28,1600.0
manual,2025-07-24,cup_cold,100.0,2025-07-28,500.0
manual,2025-07-25,coffee_beans,5000.0,2025-07-28,6000.0
manual,2025-07-25,milk,76000.0,2025-07-26,4560.0
manual,2025-07-25,sugar,3000.0,2025-07-27,135.0
manual,2025-07-25,chocolate_syrup,1000.0,2025-07-27,300.0
manual,2025-07-25,tea_leaves,500.0,2025-07-28,300.0
manual,2025-07-25,ice,13000.0,2025-07-26,130.0
manual,2025-07-25,croissant_dough,40.0,2025-07-26,1800.0
manual,2025-07-25,bread,60.0,2025-07-26,480.0
manual,2025-07-25,cup_hot,300.0,2025-07-29,1200.0
manual,2025-07-25,cup_cold,100.0,2025-07-29,500.0
manual,2025-07-26,coffee_beans,6000.0,2025-07-29,7200.0
manual,2025-07-26,milk,65000.0,2025-07-27,3900.0
manual,2025-07-26,sugar,3000.0,2025-07-28,135.0
manual,2025-07-26,chocolate_syrup,1000.0,2025-07-28,300.0
manual,2025-07-26,tea_leaves,500.0,2025-07-29,300.0
manual,2025-07-26,ice,13000.0,2025-07-27,130.0
manual,2025-07-26,croissant_dough,20.0,2025-07-27,900.0
manual,2025-07-26,bread,70.0,2025-07-27,560.0
manual,2025-07-26,cup_hot,400.0,2025-07-30,1600.0
manual,2025-07-26,cup_cold,100.0,2025-07-30,500.0
manual,2025-07-27,milk,29000.0,2025-07-28,1740.0
manual,2025-07-27,chocolate_syrup,2000.0,2025-07-29,600.0
manual,2025-07-27,tea_leaves,500.0,2025-07-30,300.0
manual,2025-07-27,croissant_dough,30.0,2025-07-28,1350.0
manual,2025-07-27,bread,70.0,2025-07-28,560.0
manual,2025-07-27,cup_hot,200.0,2025-07-31,800.0
manual,2025-07-28,coffee_beans,6000.0,2025-07-31,7200.0
manual,2025-07-28,milk,79000.0,2025-07-29,4740.0
manual,2025-07-28,sugar,3000.0,2025-07-30,135.0
manual,2025-07-28,chocolate_syrup,2000.0,2025-07-30,600.0
manual,2025-07-28,ice,11000.0,2025-07-29,110.0
manual,2025-07-28,croissant_dough,40.0,2025-07-29,1800.0
manual,2025-07-28,bread,70.0,2025-07-29,560.0
manual,2025-07-28,cup_hot,500.0,2025-08-01,2000.0
manual,2025-07-29,coffee_beans,6000.0,2025-08-01,7200.0
manual,2025-07-29,milk,48000.0,2025-07-30,2880.0
manual,2025-07-29,sugar,3000.0,2025-07-31,135.0
manual,2025-07-29,chocolate_syrup,500.0,2025-07-31,150.0
manual,2025-07-29,tea_leaves,500.0,2025-08-01,300.0
manual,2025-07-29,ice,10000.0,2025-07-30,100.0
manual,2025-07-29,croissant_dough,20.0,2025-07-30,900.0
manual,2025-07-29,bread,80.0,2025-07-30,640.0
manual,2025-07-29,cup_hot,300.0,2025-08-02,1200.0
manual,2025-07-30,coffee_beans,7000.0,2025-08-02,8400.0
manual,2025-07-30,milk,63000.0,2025-07-31,3780.0
manual,2025-07-30,sugar,4000.0,2025-08-01,180.0
manual,2025-07-30,chocolate_syrup,1500.0,2025-08-01,450.0
manual,2025-07-30,ice,11000.0,2025-07-31,110.0
manual,2025-07-30,croissant_dough,40.0,2025-07-31,1800.0
manual,2025-07-30,bread,100.0,2025-07-31,800.0
manual,2025-07-30,cup_hot,500.0,2025-08-03,2000.0
manual,2025-07-31,coffee_beans,6000.0,2025-08-03,7200.0
manual,2025-07-31,milk,53000.0,2025-08-01,3180.0
manual,2025-07-31,sugar,3000.0,2025-08-02,135.0
manual,2025-07-31,chocolate_syrup,500.0,2025-08-02,150.0
manual,2025-07-31,tea_leaves,500.0,2025-08-03,300.0
manual,2025-07-31,ice,10000.0,2025-08-01,100.0
manual,2025-07-31,croissant_dough,40.0,2025-08-01,1800.0
manual,2025-07-31,bread,90.0,2025-08-01,720.0
manual,2025-07-31,cup_hot,300.0,2025-08-04,1200.0
manual,2025-07-31,cup_cold,100.0,2025-08-04,500.0
manual,2025-08-01,coffee_beans,7000.0,2025-08-04,8400.0
manual,2025-08-01,milk,68000.0,2025-08-02,4080.0
manual,2025-08-01,sugar,3000.0,2025-08-03,135.0
manual,2025-08-01,chocolate_syrup,1000.0,2025-08-03,300.0
manual,2025-08-01,ice,10000.0,2025-08-02,100.0
manual,2025-08-01,croissant_dough,40.0,2025-08-02,1800.0
manual,2025-08-01,bread,60.0,2025-08-02,480.0
manual,2025-08-01,cup_hot,400.0,2025-08-05,1600.0
manual,2025-08-01,cup_cold,100.0,2025-08-05,500.0
manual,2025-08-02,coffee_beans,8000.0,2025-08-05,9600.0
manual,2025-08-02,milk,74000.0,2025-08-03,4440.0
manual,2025-08-02,sugar,4000.0,2025-08-04,180.0
manual,2025-08-02,chocolate_syrup,1500.0,2025-08-04,450.0
manual,2025-08-02,tea_leaves,500.0,2025-08-05,300.0
manual,2025-08-02,ice,11000.0,2025-08-03,110.0
manual,2025-08-02,croissant_dough,40.0,2025-08-03,1800.0
manual,2025-08-02,bread,80.0,2025-08-03,640.0
manual,2025-08-02,cup_hot,400.0,2025-08-06,1600.0
manual,2025-08-02,cup_cold,100.0,2025-08-06,500.0
manual,2025-08-03,coffee_beans,19000.0,2025-08-06,22800.0
manual,2025-08-03,milk,105000.0,2025-08-04,6300.0
manual,2025-08-03,sugar,9000.0,2025-08-05,405.0
manual,2025-08-03,chocolate_syrup,2000.0,2025-08-05,600.0
manual,2025-08-03,ice,28000.0,2025-08-04,280.0
manual,2025-08-03,croissant_dough,50.0,2025-08-04,2250.0
manual,2025-08-03,bread,110.0,2025-08-04,880.0
manual,2025-08-03,cup_hot,800.0,2025-08-07,3200.0
manual,2025-08-03,cup_cold,400.0,2025-08-07,2000.0
manual,2025-08-04,coffee_beans,8000.0,2025-08-07,9600.0
manual,2025-08-04,milk,87000.0,2025-08-05,5220.0
manual,2025-08-04,sugar,5000.0,2025-08-06,225.0
manual,2025-08-04,chocolate_syrup,1000.0,2025-08-06,300.0
manual,2025-08-04,tea_leaves,500.0,2025-08-07,300.0
manual,2025-08-04,ice,19000.0,2025-08-05,190.0
manual,2025-08-04,croissant_dough,50.0,2025-08-05,2250.0
manual,2025-08-04,bread,90.0,2025-08-05,720.0
manual,2025-08-04,cup_hot,500.0,2025-08-08,2000.0
manual,2025-08-04,cup_cold,200.0,2025-08-08,1000.0
manual,2025-08-05,coffee_beans,5000.0,2025-08-08,6000.0
manual,2025-08-05,milk,49000.0,2025-08-06,2940.0
manual,2025-08-05,sugar,3000.0,2025-08-07,135.0
manual,2025-08-05,chocolate_syrup,1000.0,2025-08-07,300.0
manual,2025-08-05,ice,8000.0,2025-08-06,80.0
manual,2025-08-05,croissant_dough,40.0,2025-08-06,1800.0
manual,2025-08-05,bread,80.0,2025-08-06,640.0
manual,2025-08-05,cup_hot,300.0,2025-08-09,1200.0
manual,2025-08-06,coffee_beans,6000.0,2025-08-09,7200.0
manual,2025-08-06,milk,51000.0,2025-08-07,3060.0
manual,2025-08-06,sugar,2000.0,2025-08-08,90.0
manual,2025-08-06,chocolate_syrup,1000.0,2025-08-08,300.0
manual,2025-08-06,tea_leaves,500.0,2025-08-09,300.0
manual,2025-08-06,ice,8000.0,2025-08-07,80.0
manual,2025-08-06,croissant_dough,30.0,2025-08-07,1350.0
manual,2025-08-06,bread,60.0,2025-08-07,480.0
manual,2025-08-06,cup_hot,300.0,2025-08-10,1200.0
manual,2025-08-06,cup_cold,100.0,2025-08-10,500.0
manual,2025-08-07,coffee_beans,6000.0,2025-08-10,7200.0
manual,2025-08-07,milk,63000.0,2025-08-08,3780.0
manual,2025-08-07,sugar,4000.0,2025-08-09,180.0
manual,2025-08-07,chocolate_syrup,1000.0,2025-08-09,300.0
manual,2025-08-07,ice,11000.0,2025-08-08,110.0
manual,2025-08-07,croissant_dough,40.0,2025-08-08,1800.0
manual,2025-08-07,bread,70.0,2025-08-08,560.0
manual,2025-08-07,cup_hot,400.0,2025-08-11,1600.0
manual,2025-08-07,cup_cold,100.0,2025-08-11,500.0
manual,2025-08-08,coffee_beans,5000.0,2025-08-11,6000.0
manual,2025-08-08,milk,68000.0,2025-08-09,4080.0
manual,2025-08-08,sugar,3000.0,2025-08-10,135.0
manual,2025-08-08,chocolate_syrup,1000.0,2025-08-10,300.0
manual,2025-08-08,tea_leaves,500.0,2025-08-11,300.0
manual,2025-08-08,ice,12000.0,2025-08-09,120.0
manual,2025-08-08,croissant_dough,30.0,2025-08-09,1350.0
manual,2025-08-08,bread,80.0,2025-08-09,640.0
manual,2025-08-08,cup_hot,200.0,2025-08-12,800.0
manual,2025-08-08,cup_cold,100.0,2025-08-12,500.0
manual,2025-08-09,coffee_beans,7000.0,2025-08-12,8400.0
manual,2025-08-09,milk,76000.0,2025-08-10,4560.0
manual,2025-08-09,sugar,3000.0,2025-08-11,135.0
manual,2025-08-09,chocolate_syrup,1000.0,2025-08-11,300.0
manual,2025-08-09,ice,13000.0,2025-08-10,130.0
manual,2025-08-09,croissant_dough,40.0,2025-08-10,1800.0
manual,2025-08-09,bread,70.0,2025-08-10,560.0
manual,2025-08-09,cup_hot,400.0,2025-08-13,1600.0
manual,2025-08-09,cup_cold,100.0,2025-08-13,500.0
manual,2025-08-10,milk,61000.0,2025-08-11,3660.0
manual,2025-08-10,sugar,3000.0,2025-08-12,135.0
manual,2025-08-10,chocolate_syrup,4000.0,2025-08-12,1200.0
manual,2025-08-10,ice,14000.0,2025-08-11,140.0
manual,2025-08-10,croissant_dough,50.0,2025-08-11,2250.0
manual,2025-08-10,bread,80.0,2025-08-11,640.0
manual,2025-08-10,cup_cold,100.0,2025-08-14,500.0
manual,2025-08-11,coffee_beans,7000.0,2025-08-14,8400.0
manual,2025-08-11,milk,69000.0,2025-08-12,4140.0
manual,2025-08-11,sugar,4000.0,2025-08-13,180.0
manual,2025-08-11,chocolate_syrup,1000.0,2025-08-13,300.0
manual,2025-08-11,tea_leaves,500.0,2025-08-14,300.0
manual,2025-08-11,ice,13000.0,2025-08-12,130.0
manual,2025-08-11,croissant_dough,40.0,2025-08-12,1800.0
manual,2025-08-11,bread,100.0,2025-08-12,800.0
manual,2025-08-11,cup_hot,400.0,2025-08-15,1600.0
manual,2025-08-11,cup_cold,100.0,2025-08-15,500.0
manual,2025-08-12,coffee_beans,7000.0,2025-08-15,8400.0
manual,2025-08-12,milk,72000.0,2025-08-13,4320.0
manual,2025-08-12,sugar,4000.0,2025-08-14,180.0
manual,2025-08-12,chocolate_syrup,1500.0,2025-08-14,450.0
manual,2025-08-12,tea_leaves,500.0,2025-08-15,300.0
manual,2025-08-12,ice,13000.0,2025-08-13,130.0
manual,2025-08-12,croissant_dough,50.0,2025-08-13,2250.0
manual,2025-08-12,bread,60.0,2025-08-13,480.0
manual,2025-08-12,cup_hot,500.0,2025-08-16,2000.0
manual,2025-08-12,cup_cold,100.0,2025-08-16,500.0
manual,2025-08-13,coffee_beans,5000.0,2025-08-16,6000.0
manual,2025-08-13,milk,56000.0,2025-08-14,3360.0
manual,2025-08-13,sugar,3000.0,2025-08-15,135.0
manual,2025-08-13,chocolate_syrup,1000.0,2025-08-15,300.0
manual,2025-08-13,ice,8000.0,2025-08-14,80.0
manual,2025-08-13,croissant_dough,40.0,2025-08-14,1800.0
manual,2025-08-13,bread,100.0,2025-08-14,800.0
manual,2025-08-13,cup_hot,400.0,2025-08-17,1600.0
manual,2025-08-14,coffee_beans,7000.0,2025-08-17,8400.0
manual,2025-08-14,milk,59000.0,2025-08-15,3540.0
manual,2025-08-14,sugar,3000.0,2025-08-16,135.0
manual,2025-08-14,chocolate_syrup,1000.0,2025-08-16,300.0
manual,2025-08-14,tea_leaves,500.0,2025-08-17,300.0
manual,2025-08-14,ice,8000.0,2025-08-15,80.0
manual,2025-08-14,croissant_dough,40.0,2025-08-15,1800.0
manual,2025-08-14,bread,90.0,2025-08-15,720.0
manual,2025-08-14,cup_hot,400.0,2025-08-18,1600.0
manual,2025-08-14,cup_cold,100.0,2025-08-18,500.0
manual,2025-08-15,coffee_beans,8000.0,2025-08-18,9600.0
manual,2025-08-15,milk,75000.0,2025-08-16,4500.0
manual,2025-08-15,sugar,4000.0,2025-08-17,180.0
manual,2025-08-15,chocolate_syrup,1500.0,2025-08-17,450.0
manual,2025-08-15,tea_leaves,500.0,2025-08-18,300.0
manual,2025-08-15,ice,11000.0,2025-08-16,110.0
manual,2025-08-15,croissant_dough,40.0,2025-08-16,1800.0
manual,2025-08-15,bread,100.0,2025-08-16,800.0
manual,2025-08-15,cup_hot,500.0,2025-08-19,2000.0
manual,2025-08-15,cup_cold,100.0,2025-08-19,500.0
manual,2025-08-16,coffee_beans,5000.0,2025-08-19,6000.0
manual,2025-08-16,milk,63000.0,2025-08-17,3780.0
manual,2025-08-16,sugar,4000.0,2025-08-18,180.0
manual,2025-08-16,chocolate_syrup,1500.0,2025-08-18,450.0
manual,2025-08-16,tea_leaves,500.0,2025-08-19,300.0
manual,2025-08-16,ice,13000.0,2025-08-17,130.0
manual,2025-08-16,croissant_dough,20.0,2025-08-17,900.0
manual,2025-08-16,bread,70.0,2025-08-17,560.0
manual,2025-08-16,cup_hot,400.0,2025-08-20,1600.0
manual,2025-08-16,cup_cold,100.0,2025-08-20,500.0
manual,2025-08-17,coffee_beans,12000.0,2025-08-20,14400.0
manual,2025-08-17,milk,91000.0,2025-08-18,5460.0
manual,2025-08-17,sugar,7000.0,2025-08-19,315.0
manual,2025-08-17,chocolate_syrup,1500.0,2025-08-19,450.0
manual,2025-08-17,tea_leaves,1000.0,2025-08-20,600.0
manual,2025-08-17,ice,3000.0,2025-08-18,30.0
manual,2025-08-17,croissant_dough,30.0,2025-08-18,1350.0
manual,2025-08-17,bread,120.0,2025-08-18,960.0
manual,2025-08-17,cup_hot,1200.0,2025-08-21,4800.0
manual,2025-08-18,coffee_beans,8000.0,2025-08-21,9600.0
manual,2025-08-18,milk,88000.0,2025-08-19,5280.0
manual,2025-08-18,sugar,5000.0,2025-08-20,225.0
manual,2025-08-18,chocolate_syrup,1500.0,2025-08-20,450.0
manual,2025-08-18,tea_leaves,1000.0,2025-08-21,600.0
manual,2025-08-18,ice,11000.0,2025-08-19,110.0
manual,2025-08-18,croissant_dough,50.0,2025-08-19,2250.0
manual,2025-08-18,bread,110.0,2025-08-19,880.0
manual,2025-08-18,cup_hot,600.0,2025-08-22,2400.0
manual,2025-08-19,coffee_beans,7000.0,2025-08-22,8400.0
manual,2025-08-19,milk,63000.0,2025-08-20,3780.0
manual,2025-08-19,sugar,3000.0,2025-08-21,135.0
manual,2025-08-19,chocolate_syrup,1500.0,2025-08-21,450.0
manual,2025-08-19,ice,11000.0,2025-08-20,110.0
manual,2025-08-19,croissant_dough,40.0,2025-08-20,1800.0
manual,2025-08-19,bread,110.0,2025-08-20,880.0
manual,2025-08-19,cup_hot,400.0,2025-08-23,1600.0
manual,2025-08-20,coffee_beans,5000.0,2025-08-23,6000.0
manual,2025-08-20,milk,43000.0,2025-08-21,2580.0
manual,2025-08-20,sugar,2000.0,2025-08-22,90.0
manual,2025-08-20,chocolate_syrup,500.0,2025-08-22,150.0
manual,2025-08-20,tea_leaves,500.0,2025-08-23,300.0
manual,2025-08-20,ice,10000.0,2025-08-21,100.0
manual,2025-08-20,croissant_dough,50.0,2025-08-21,2250.0
manual,2025-08-20,bread,60.0,2025-08-21,480.0
manual,2025-08-20,cup_hot,300.0,2025-08-24,1200.0
manual,2025-08-21,coffee_beans,4000.0,2025-08-24,4800.0
manual,2025-08-21,milk,53000.0,2025-08-22,3180.0
manual,2025-08-21,sugar,3000.0,2025-08-23,135.0
manual,2025-08-21,chocolate_syrup,1000.0,2025-08-23,300.0
manual,2025-08-21,ice,8000.0,2025-08-22,80.0
manual,2025-08-21,croissant_dough,40.0,2025-08-22,1800.0
manual,2025-08-21,bread,70.0,2025-08-22,560.0
manual,2025-08-21,cup_hot,300.0,2025-08-25,1200.0
manual,2025-08-21,cup_cold,100.0,2025-08-25,500.0
manual,2025-08-22,coffee_beans,6000.0,2025-08-25,7200.0
manual,2025-08-22,milk,79000.0,2025-08-23,4740.0
manual,2025-08-22,sugar,3000.0,2025-08-24,135.0
manual,2025-08-22,chocolate_syrup,1000.0,2025-08-24,300.0
manual,2025-08-22,tea_leaves,500.0,2025-08-25,300.0
manual,2025-08-22,ice,11000.0,2025-08-23,110.0
manual,2025-08-22,croissant_dough,50.0,2025-08-23,2250.0
manual,2025-08-22,bread,100.0,2025-08-23,800.0
manual,2025-08-22,cup_hot,300.0,2025-08-26,1200.0
manual,2025-08-22,cup_cold,100.0,2025-08-26,500.0
manual,2025-08-23,coffee_beans,7000.0,2025-08-26,8400.0
manual,2025-08-23,milk,80000.0,2025-08-24,4800.0
manual,2025-08-23,sugar,3000.0,2025-08-25,135.0
manual,2025-08-23,chocolate_syrup,1000.0,2025-08-25,300.0
manual,2025-08-23,ice,11000.0,2025-08-24,110.0
manual,2025-08-23,croissant_dough,40.0,2025-08-24,1800.0
manual,2025-08-23,bread,70.0,2025-08-24,560.0
manual,2025-08-23,cup_hot,400.0,2025-08-27,1600.0
manual,2025-08-24,coffee_beans,1000.0,2025-08-27,1200.0
manual,2025-08-24,milk,30000.0,2025-08-25,1800.0
manual,2025-08-24,ice,2000.0,2025-08-25,20.0
manual,2025-08-24,croissant_dough,60.0,2025-08-25,2700.0
manual,2025-08-24,bread,120.0,2025-08-25,960.0
manual,2025-08-25,coffee_beans,6000.0,2025-08-28,7200.0
manual,2025-08-25,milk,53000.0,2025-08-26,3180.0
manual,2025-08-25,sugar,1000.0,2025-08-27,45.0
manual,2025-08-25,ice,9000.0,2025-08-26,90.0
manual,2025-08-25,croissant_dough,40.0,2025-08-26,1800.0
manual,2025-08-25,bread,70.0,2025-08-26,560.0
manual,2025-08-25,cup_hot,300.0,2025-08-29,1200.0
manual,2025-08-25,cup_cold,100.0,2025-08-29,500.0
manual,2025-08-26,coffee_beans,6000.0,2025-08-29,7200.0
manual,2025-08-26,milk,58000.0,2025-08-27,3480.0
manual,2025-08-26,sugar,3000.0,2025-08-28,135.0
manual,2025-08-26,chocolate_syrup,500.0,2025-08-28,150.0
manual,2025-08-26,tea_leaves,500.0,2025-08-29,300.0
manual,2025-08-26,ice,8000.0,2025-08-27,80.0
manual,2025-08-26,croissant_dough,30.0,2025-08-27,1350.0
manual,2025-08-26,bread,70.0,2025-08-27,560.0
manual,2025-08-26,cup_hot,400.0,2025-08-30,1600.0
manual,2025-08-27,coffee_beans,7000.0,2025-08-30,8400.0
manual,2025-08-27,milk,70000.0,2025-08-28,4200.0
manual,2025-08-27,sugar,4000.0,2025-08-29,180.0
manual,2025-08-27,chocolate_syrup,1500.0,2025-08-29,450.0
manual,2025-08-27,ice,10000.0,2025-08-28,100.0
manual,2025-08-27,croissant_dough,50.0,2025-08-28,2250.0
manual,2025-08-27,bread,110.0,2025-08-28,880.0
manual,2025-08-27,cup_hot,400.0,2025-08-31,1600.0
manual,2025-08-27,cup_cold,100.0,2025-08-31,500.0
manual,2025-08-28,coffee_beans,5000.0,2025-08-31,6000.0
manual,2025-08-28,milk,70000.0,2025-08-29,4200.0
manual,2025-08-28,sugar,2000.0,2025-08-30,90.0
manual,2025-08-28,chocolate_syrup,1000.0,2025-08-30,300.0
manual,2025-08-28,tea_leaves,500.0,2025-08-31,300.0
manual,2025-08-28,ice,9000.0,2025-08-29,90.0
manual,2025-08-28,croissant_dough,40.0,2025-08-29,1800.0
manual,2025-08-28,bread,50.0,2025-08-29,400.0
manual,2025-08-28,cup_hot,300.0,2025-09-01,1200.0
manual,2025-08-28,cup_cold,100.0,2025-09-01,500.0
manual,2025-08-29,coffee_beans,8000.0,2025-09-01,9600.0
manual,2025-08-29,milk,56000.0,2025-08-30,3360.0
manual,2025-08-29,sugar,3000.0,2025-08-31,135.0
manual,2025-08-29,chocolate_syrup,500.0,2025-08-31,150.0
manual,2025-08-29,ice,10000.0,2025-08-30,100.0
manual,2025-08-29,croissant_dough,30.0,2025-08-30,1350.0
manual,2025-08-29,bread,80.0,2025-08-30,640.0
manual,2025-08-29,cup_hot,400.0,2025-09-02,1600.0
manual,2025-08-29,cup_cold,100.0,2025-09-02,500.0
manual,2025-08-30,coffee_beans,7000.0,2025-09-02,8400.0
manual,2025-08-30,milk,73000.0,2025-08-31,4380.0
manual,2025-08-30,sugar,4000.0,2025-09-01,180.0
manual,2025-08-30,chocolate_syrup,1500.0,2025-09-01,450.0
manual,2025-08-30,tea_leaves,500.0,2025-09-02,300.0
manual,2025-08-30,ice,9000.0,2025-08-31,90.0
manual,2025-08-30,croissant_dough,50.0,2025-08-31,2250.0
manual,2025-08-30,bread,100.0,2025-08-31,800.0
manual,2025-08-30,cup_hot,500.0,2025-09-03,2000.0
manual,2025-08-31,coffee_beans,15000.0,2025-09-03,18000.0
manual,2025-08-31,milk,83000.0,2025-09-01,4980.0
manual,2025-08-31,sugar,5000.0,2025-09-02,225.0
manual,2025-08-31,chocolate_syrup,2000.0,2025-09-02,600.0
manual,2025-08-31,ice,24000.0,2025-09-01,240.0
manual,2025-08-31,croissant_dough,40.0,2025-09-01,1800.0
manual,2025-08-31,bread,60.0,2025-09-01,480.0
manual,2025-08-31,cup_hot,600.0,2025-09-04,2400.0
manual,2025-08-31,cup_cold,300.0,2025-09-04,1500.0
manual,2025-09-01,coffee_beans,10000.0,2025-09-04,12000.0
manual,2025-09-01,milk,90000.0,2025-09-02,5400.0
manual,2025-09-01,sugar,5000.0,2025-09-03,225.0
manual,2025-09-01,chocolate_syrup,1000.0,2025-09-03,300.0
manual,2025-09-01,tea_leaves,500.0,2025-09-04,300.0
manual,2025-09-01,ice,16000.0,2025-09-02,160.0
manual,2025-09-01,croissant_dough,40.0,2025-09-02,1800.0
manual,2025-09-01,bread,100.0,2025-09-02,800.0
manual,2025-09-01,cup_hot,600.0,2025-09-05,2400.0
manual,2025-09-01,cup_cold,200.0,2025-09-05,1000.0
manual,2025-09-02,coffee_beans,7000.0,2025-09-05,8400.0
manual,2025-09-02,milk,61000.0,2025-09-03,3660.0
manual,2025-09-02,sugar,4000.0,2025-09-04,180.0
manual,2025-09-02,chocolate_syrup,1000.0,2025-09-04,300.0
manual,2025-09-02,tea_leaves,500.0,2025-09-05,300.0
manual,2025-09-02,ice,9000.0,2025-09-03,90.0
manual,2025-09-02,croissant_dough,30.0,2025-09-03,1350.0
manual,2025-09-02,bread,100.0,2025-09-03,800.0
manual,2025-09-02,cup_hot,500.0,2025-09-06,2000.0
manual,2025-09-03,coffee_beans,7000.0,2025-09-06,8400.0
manual,2025-09-03,milk,68000.0,2025-09-04,4080.0
manual,2025-09-03,sugar,4000.0,2025-09-05,180.0
manual,2025-09-03,chocolate_syrup,1500.0,2025-09-05,450.0
manual,2025-09-03,tea_leaves,500.0,2025-09-06,300.0
manual,2025-09-03,ice,7000.0,2025-09-04,70.0
manual,2025-09-03,croissant_dough,30.0,2025-09-04,1350.0
manual,2025-09-03,bread,90.0,2025-09-04,720.0
manual,2025-09-03,cup_hot,400.0,2025-09-07,1600.0
manual,2025-09-03,cup_cold,100.0,2025-09-07,500.0
manual,2025-09-04,coffee_beans,7000.0,2025-09-07,8400.0
manual,2025-09-04,milk,72000.0,2025-09-05,4320.0
manual,2025-09-04,sugar,4000.0,2025-09-06,180.0
manual,2025-09-04,chocolate_syrup,1500.0,2025-09-06,450.0
manual,2025-09-04,ice,10000.0,2025-09-05,100.0
manual,2025-09-04,croissant_dough,40.0,2025-09-05,1800.0
manual,2025-09-04,bread,80.0,2025-09-05,640.0
manual,2025-09-04,cup_hot,500.0,2025-09-08,2000.0
manual,2025-09-04,cup_cold,100.0,2025-09-08,500.0
manual,2025-09-05,coffee_beans,8000.0,2025-09-08,9600.0
manual,2025-09-05,milk,69000.0,2025-09-06,4140.0
manual,2025-09-05,sugar,4000.0,2025-09-07,180.0
manual,2025-09-05,chocolate_syrup,1000.0,2025-09-07,300.0
manual,2025-09-05,tea_leaves,500.0,2025-09-08,300.0
manual,2025-09-05,ice,10000.0,2025-09-06,100.0
manual,2025-09-05,croissant_dough,50.0,2025-09-06,2250.0
manual,2025-09-05,bread,100.0,2025-09-06,800.0
manual,2025-09-05,cup_hot,500.0,2025-09-09,2000.0
manual,2025-09-05,cup_cold,100.0,2025-09-09,500.0
manual,2025-09-06,coffee_beans,7000.0,2025-09-09,8400.0
manual,2025-09-06,milk,66000.0,2025-09-07,3960.0
manual,2025-09-06,sugar,3000.0,2025-09-08,135.0
manual,2025-09-06,chocolate_syrup,1500.0,2025-09-08,450.0
manual,2025-09-06,tea_leaves,500.0,2025-09-09,300.0
manual,2025-09-06,ice,10000.0,2025-09-07,100.0
manual,2025-09-06,croissant_dough,30.0,2025-09-07,1350.0
manual,2025-09-06,bread,100.0,2025-09-07,800.0
manual,2025-09-06,cup_hot,400.0,2025-09-10,1600.0
manual,2025-09-06,cup_cold,100.0,2025-09-10,500.0
manual,2025-09-07,coffee_beans,15000.0,2025-09-10,18000.0
manual,2025-09-07,milk,123000.0,2025-09-08,7380.0
manual,2025-09-07,sugar,12000.0,2025-09-09,540.0
manual,2025-09-07,chocolate_syrup,2500.0,2025-09-09,750.0
manual,2025-09-07,tea_leaves,2000.0,2025-09-10,1200.0
manual,2025-09-07,ice,18000.0,2025-09-08,180.0
manual,2025-09-07,croissant_dough,60.0,2025-09-08,2700.0
manual,2025-09-07,bread,130.0,2025-09-08,1040.0
manual,2025-09-07,cup_hot,1300.0,2025-09-11,5200.0
manual,2025-09-07,cup_cold,200.0,2025-09-11,1000.0
manual,2025-09-08,coffee_beans,6000.0,2025-09-11,7200.0
manual,2025-09-08,milk,64000.0,2025-09-09,3840.0
manual,2025-09-08,sugar,4000.0,2025-09-10,180.0
manual,2025-09-08,chocolate_syrup,1000.0,2025-09-10,300.0
manual,2025-09-08,tea_leaves,500.0,2025-09-11,300.0
manual,2025-09-08,ice,16000.0,2025-09-09,160.0
manual,2025-09-08,croissant_dough,50.0,2025-09-09,2250.0
manual,2025-09-08,bread,100.0,2025-09-09,800.0
manual,2025-09-08,cup_hot,300.0,2025-09-12,1200.0
manual,2025-09-08,cup_cold,100.0,2025-09-12,500.0
manual,2025-09-09,coffee_beans,6000.0,2025-09-12,7200.0
manual,2025-09-09,milk,42000.0,2025-09-10,2520.0
manual,2025-09-09,sugar,2000.0,2025-09-11,90.0
manual,2025-09-09,chocolate_syrup,500.0,2025-09-11,150.0
manual,2025-09-09,ice,6000.0,2025-09-10,60.0
manual,2025-09-09,croissant_dough,30.0,2025-09-10,1350.0
manual,2025-09-09,bread,60.0,2025-09-10,480.0
manual,2025-09-09,cup_hot,300.0,2025-09-13,1200.0
manual,2025-09-09,cup_cold,100.0,2025-09-13,500.0
manual,2025-09-10,coffee_beans,6000.0,2025-09-13,7200.0
manual,2025-09-10,milk,64000.0,2025-09-11,3840.0
manual,2025-09-10,sugar,4000.0,2025-09-12,180.0
manual,2025-09-10,chocolate_syrup,1000.0,2025-09-12,300.0
manual,2025-09-10,ice,12000.0,2025-09-11,120.0
manual,2025-09-10,croissant_dough,50.0,2025-09-11,2250.0
manual,2025-09-10,bread,100.0,2025-09-11,800.0
manual,2025-09-10,cup_hot,400.0,2025-09-14,1600.0
manual,2025-09-10,cup_cold,100.0,2025-09-14,500.0
manual,2025-09-11,coffee_beans,6000.0,2025-09-14,7200.0
manual,2025-09-11,milk,85000.0,2025-09-12,5100.0
manual,2025-09-11,sugar,3000.0,2025-09-13,135.0
manual,2025-09-11,chocolate_syrup,1000.0,2025-09-13,300.0
manual,2025-09-11,tea_leaves,500.0,2025-09-14,300.0
manual,2025-09-11,ice,9000.0,2025-09-12,90.0
manual,2025-09-11,croissant_dough,30.0,2025-09-12,1350.0
manual,2025-09-11,bread,100.0,2025-09-12,800.0
manual,2025-09-11,cup_hot,300.0,2025-09-15,1200.0
manual,2025-09-11,cup_cold,100.0,2025-09-15,500.0
manual,2025-09-12,coffee_beans,6000.0,2025-09-15,7200.0
manual,2025-09-12,milk,85000.0,2025-09-13,5100.0
manual,2025-09-12,sugar,3000.0,2025-09-14,135.0
manual,2025-09-12,chocolate_syrup,1000.0,2025-09-14,300.0
manual,2025-09-12,tea_leaves,500.0,2025-09-15,300.0
manual,2025-09-12,ice,10000.0,2025-09-13,100.0
manual,2025-09-12,croissant_dough,40.0,2025-09-13,1800.0
manual,2025-09-12,bread,80.0,2025-09-13,640.0
manual,2025-09-12,cup_hot,400.0,2025-09-16,1600.0
manual,2025-09-13,coffee_beans,6000.0,2025-09-16,7200.0
manual,2025-09-13,milk,64000.0,2025-09-14,3840.0
manual,2025-09-13,sugar,3000.0,2025-09-15,135.0
manual,2025-09-13,chocolate_syrup,500.0,2025-09-15,150.0
manual,2025-09-13,ice,12000.0,2025-09-14,120.0
manual,2025-09-13,croissant_dough,50.0,2025-09-14,2250.0
manual,2025-09-13,bread,90.0,2025-09-14,720.0
manual,2025-09-13,cup_hot,300.0,2025-09-17,1200.0
manual,2025-09-13,cup_cold,100.0,2025-09-17,500.0
manual,2025-09-14,milk,2000.0,2025-09-15,120.0
manual,2025-09-14,ice,12000.0,2025-09-15,120.0
manual,2025-09-14,croissant_dough,10.0,2025-09-15,450.0
manual,2025-09-14,bread,30.0,2025-09-15,240.0
manual,2025-09-14,cup_cold,100.0,2025-09-18,500.0
manual,2025-09-15,milk,66000.0,2025-09-16,3960.0
manual,2025-09-15,chocolate_syrup,500.0,2025-09-17,150.0
manual,2025-09-15,ice,12000.0,2025-09-16,120.0
manual,2025-09-15,croissant_dough,50.0,2025-09-16,2250.0
manual,2025-09-15,bread,100.0,2025-09-16,800.0
manual,2025-09-15,cup_cold,100.0,2025-09-19,500.0
manual,2025-09-16,coffee_beans,1000.0,2025-09-19,1200.0
manual,2025-09-16,milk,66000.0,2025-09-17,3960.0
manual,2025-09-16,chocolate_syrup,500.0,2025-09-18,150.0
manual,2025-09-16,ice,12000.0,2025-09-17,120.0
manual,2025-09-16,croissant_dough,30.0,2025-09-17,1350.0
manual,2025-09-16,bread,80.0,2025-09-17,640.0
manual,2025-09-16,cup_cold,100.0,2025-09-20,500.0
manual,2025-09-17,coffee_beans,4000.0,2025-09-20,4800.0
manual,2025-09-17,milk,66000.0,2025-09-18,3960.0
manual,2025-09-17,sugar,2000.0,2025-09-19,90.0
manual,2025-09-17,chocolate_syrup,1500.0,2025-09-19,450.0
manual,2025-09-17,ice,6000.0,2025-09-18,60.0
manual,2025-09-17,croissant_dough,40.0,2025-09-18,1800.0
manual,2025-09-17,bread,70.0,2025-09-18,560.0
manual,2025-09-18,coffee_beans,6000.0,2025-09-21,7200.0
manual,2025-09-18,milk,64000.0,2025-09-19,3840.0
manual,2025-09-18,sugar,3000.0,2025-09-20,135.0
manual,2025-09-18,chocolate_syrup,1000.0,2025-09-20,300.0
manual,2025-09-18,ice,12000.0,2025-09-19,120.0
manual,2025-09-18,croissant_dough,40.0,2025-09-19,1800.0
manual,2025-09-18,bread,90.0,2025-09-19,720.0
manual,2025-09-18,cup_cold,100.0,2025-09-22,500.0
manual,2025-09-19,coffee_beans,6000.0,2025-09-22,7200.0
manual,2025-09-19,milk,59000.0,2025-09-20,3540.0
manual,2025-09-19,sugar,3000.0,2025-09-21,135.0
manual,2025-09-19,chocolate_syrup,1500.0,2025-09-21,450.0
manual,2025-09-19,ice,9000.0,2025-09-20,90.0
manual,2025-09-19,croissant_dough,40.0,2025-09-20,1800.0
manual,2025-09-19,bread,70.0,2025-09-20,560.0
manual,2025-09-19,cup_hot,400.0,2025-09-23,1600.0
manual,2025-09-19,cup_cold,100.0,2025-09-23,500.0
manual,2025-09-20,coffee_beans,7000.0,2025-09-23,8400.0
manual,2025-09-20,milk,73000.0,2025-09-21,4380.0
manual,2025-09-20,sugar,4000.0,2025-09-22,180.0
manual,2025-09-20,chocolate_syrup,2000.0,2025-09-22,600.0
manual,2025-09-20,ice,10000.0,2025-09-21,100.0
manual,2025-09-20,croissant_dough,40.0,2025-09-21,1800.0
manual,2025-09-20,bread,70.0,2025-09-21,560.0
manual,2025-09-20,cup_hot,500.0,2025-09-24,2000.0
manual,2025-09-21,coffee_beans,8000.0,2025-09-24,9600.0
manual,2025-09-21,milk,89000.0,2025-09-22,5340.0
manual,2025-09-21,sugar,5000.0,2025-09-23,225.0
manual,2025-09-21,chocolate_syrup,6000.0,2025-09-23,1800.0
manual,2025-09-21,tea_leaves,500.0,2025-09-24,300.0
manual,2025-09-21,ice,10000.0,2025-09-22,100.0
manual,2025-09-21,croissant_dough,50.0,2025-09-22,2250.0
manual,2025-09-21,bread,110.0,2025-09-22,880.0
manual,2025-09-21,cup_hot,800.0,2025-09-25,3200.0
manual,2025-09-21,cup_cold,100.0,2025-09-25,500.0
manual,2025-09-22,coffee_beans,8000.0,2025-09-25,9600.0
manual,2025-09-22,milk,63000.0,2025-09-23,3780.0
manual,2025-09-22,sugar,4000.0,2025-09-24,180.0
manual,2025-09-22,chocolate_syrup,1000.0,2025-09-24,300.0
manual,2025-09-22,tea_leaves,500.0,2025-09-25,300.0
manual,2025-09-22,ice,11000.0,2025-09-23,110.0
manual,2025-09-22,croissant_dough,50.0,2025-09-23,2250.0
manual,2025-09-22,bread,80.0,2025-09-23,640.0
manual,2025-09-22,cup_hot,400.0,2025-09-26,1600.0
manual,2025-09-22,cup_cold,100.0,2025-09-26,500.0
manual,2025-09-23,coffee_beans,5000.0,2025-09-26,6000.0
manual,2025-09-23,milk,55000.0,2025-09-24,3300.0
manual,2025-09-23,sugar,3000.0,2025-09-25,135.0
manual,2025-09-23,chocolate_syrup,1000.0,2025-09-25,300.0
manual,2025-09-23,ice,12000.0,2025-09-24,120.0
manual,2025-09-23,croissant_dough,40.0,2025-09-24,1800.0
manual,2025-09-23,bread,80.0,2025-09-24,640.0
manual,2025-09-23,cup_hot,300.0,2025-09-27,1200.0
manual,2025-09-23,cup_cold,100.0,2025-09-27,500.0
manual,2025-09-24,coffee_beans,6000.0,2025-09-27,7200.0
manual,2025-09-24,milk,57000.0,2025-09-25,3420.0
manual,2025-09-24,sugar,3000.0,2025-09-26,135.0
manual,2025-09-24,chocolate_syrup,1000.0,2025-09-26,300.0
manual,2025-09-24,tea_leaves,500.0,2025-09-27,300.0
manual,2025-09-24,ice,11000.0,2025-09-25,110.0
manual,2025-09-24,croissant_dough,50.0,2025-09-25,2250.0
manual,2025-09-24,bread,90.0,2025-09-25,720.0
manual,2025-09-24,cup_hot,400.0,2025-09-28,1600.0
manual,2025-09-25,coffee_beans,6000.0,2025-09-28,7200.0
manual,2025-09-25,milk,61000.0,2025-09-26,3660.0
manual,2025-09-25,sugar,4000.0,2025-09-27,180.0
manual,2025-09-25,chocolate_syrup,2000.0,2025-09-27,600.0
manual,2025-09-25,tea_leaves,500.0,2025-09-28,300.0
manual,2025-09-25,ice,7000.0,2025-09-26,70.0
manual,2025-09-25,croissant_dough,40.0,2025-09-26,1800.0
manual,2025-09-25,bread,90.0,2025-09-26,720.0
manual,2025-09-25,cup_hot,400.0,2025-09-29,1600.0
manual,2025-09-25,cup_cold,100.0,2025-09-29,500.0
manual,2025-09-26,coffee_beans,5000.0,2025-09-29,6000.0
manual,2025-09-26,milk,51000.0,2025-09-27,3060.0
manual,2025-09-26,sugar,2000.0,2025-09-28,90.0
manual,2025-09-26,chocolate_syrup,1000.0,2025-09-28,300.0
manual,2025-09-26,ice,11000.0,2025-09-27,110.0
manual,2025-09-26,croissant_dough,30.0,2025-09-27,1350.0
manual,2025-09-26,bread,70.0,2025-09-27,560.0
manual,2025-09-26,cup_hot,300.0,2025-09-30,1200.0
manual,2025-09-26,cup_cold,100.0,2025-09-30,500.0
manual,2025-09-27,coffee_beans,6000.0,2025-09-30,7200.0
manual,2025-09-27,milk,63000.0,2025-09-28,3780.0
manual,2025-09-27,sugar,3000.0,2025-09-29,135.0
manual,2025-09-27,chocolate_syrup,1000.0,2025-09-29,300.0
manual,2025-09-27,tea_leaves,500.0,2025-09-30,300.0
manual,2025-09-27,ice,9000.0,2025-09-28,90.0
manual,2025-09-27,croissant_dough,40.0,2025-09-28,1800.0
manual,2025-09-27,bread,100.0,2025-09-28,800.0
manual,2025-09-27,cup_hot,400.0,2025-10-01,1600.0
manual,2025-09-28,coffee_beans,8000.0,2025-10-01,9600.0
manual,2025-09-28,milk,40000.0,2025-09-29,2400.0
manual,2025-09-28,sugar,3000.0,2025-09-30,135.0
manual,2025-09-28,tea_leaves,500.0,2025-10-01,300.0
manual,2025-09-28,ice,6000.0,2025-09-29,60.0
manual,2025-09-28,croissant_dough,60.0,2025-09-29,2700.0
manual,2025-09-28,bread,110.0,2025-09-29,880.0
manual,2025-09-28,cup_hot,500.0,2025-10-02,2000.0
manual,2025-09-28,cup_cold,100.0,2025-10-02,500.0
manual,2025-09-29,coffee_beans,8000.0,2025-10-02,9600.0
manual,2025-09-29,milk,73000.0,2025-09-30,4380.0
manual,2025-09-29,sugar,4000.0,2025-10-01,180.0
manual,2025-09-29,ice,13000.0,2025-09-30,130.0
manual,2025-09-29,croissant_dough,50.0,2025-09-30,2250.0
manual,2025-09-29,bread,80.0,2025-09-30,640.0
manual,2025-09-29,cup_hot,500.0,2025-10-03,2000.0
manual,2025-09-29,cup_cold,100.0,2025-10-03,500.0
manual,2025-09-30,coffee_beans,5000.0,2025-10-03,6000.0
manual,2025-09-30,milk,56000.0,2025-10-01,3360.0
manual,2025-09-30,sugar,3000.0,2025-10-02,135.0
manual,2025-09-30,chocolate_syrup,500.0,2025-10-02,150.0
manual,2025-09-30,tea_leaves,500.0,2025-10-03,300.0
manual,2025-09-30,ice,11000.0,2025-10-01,110.0
manual,2025-09-30,croissant_dough,30.0,2025-10-01,1350.0
manual,2025-09-30,bread,70.0,2025-10-01,560.0
manual,2025-09-30,cup_hot,300.0,2025-10-04,1200.0
manual,2025-09-30,cup_cold,100.0,2025-10-04,500.0
manual,2025-10-01,coffee_beans,6000.0,2025-10-04,7200.0
manual,2025-10-01,milk,53000.0,2025-10-02,3180.0
manual,2025-10-01,sugar,3000.0,2025-10-03,135.0
manual,2025-10-01,chocolate_syrup,1000.0,2025-10-03,300.0
manual,2025-10-01,tea_leaves,500.0,2025-10-04,300.0
manual,2025-10-01,ice,10000.0,2025-10-02,100.0
manual,2025-10-01,croissant_dough,30.0,2025-10-02,1350.0
manual,2025-10-01,bread,80.0,2025-10-02,640.0
manual,2025-10-01,cup_hot,300.0,2025-10-05,1200.0
manual,2025-10-01,cup_cold,100.0,2025-10-05,500.0
manual,2025-10-02,coffee_beans,7000.0,2025-10-05,8400.0
manual,2025-10-02,milk,55000.0,2025-10-03,3300.0
manual,2025-10-02,sugar,3000.0,2025-10-04,135.0
manual,2025-10-02,chocolate_syrup,500.0,2025-10-04,150.0
manual,2025-10-02,ice,12000.0,2025-10-03,120.0
manual,2025-10-02,croissant_dough,50.0,2025-10-03,2250.0
manual,2025-10-02,bread,80.0,2025-10-03,640.0
manual,2025-10-02,cup_hot,400.0,2025-10-06,1600.0
manual,2025-10-02,cup_cold,100.0,2025-10-06,500.0
manual,2025-10-03,coffee_beans,6000.0,2025-10-06,7200.0
manual,2025-10-03,milk,50000.0,2025-10-04,3000.0
manual,2025-10-03,sugar,3000.0,2025-10-05,135.0
manual,2025-10-03,chocolate_syrup,1000.0,2025-10-05,300.0
manual,2025-10-03,ice,9000.0,2025-10-04,90.0
manual,2025-10-03,croissant_dough,60.0,2025-10-04,2700.0
manual,2025-10-03,bread,80.0,2025-10-04,640.0
manual,2025-10-03,cup_hot,300.0,2025-10-07,1200.0
manual,2025-10-03,cup_cold,100.0,2025-10-07,500.0
manual,2025-10-04,coffee_beans,8000.0,2025-10-07,9600.0
manual,2025-10-04,milk,72000.0,2025-10-05,4320.0
manual,2025-10-04,sugar,4000.0,2025-10-06,180.0
manual,2025-10-04,chocolate_syrup,1500.0,2025-10-06,450.0
manual,2025-10-04,tea_leaves,500.0,2025-10-07,300.0
manual,2025-10-04,ice,12000.0,2025-10-05,120.0
manual,2025-10-04,croissant_dough,40.0,2025-10-05,1800.0
manual,2025-10-04,bread,110.0,2025-10-05,880.0
manual,2025-10-04,cup_hot,400.0,2025-10-08,1600.0
manual,2025-10-04,cup_cold,100.0,2025-10-08,500.0
manual,2025-10-05,coffee_beans,14000.0,2025-10-08,16800.0
manual,2025-10-05,milk,92000.0,2025-10-06,5520.0
manual,2025-10-05,sugar,6000.0,2025-10-07,270.0
manual,2025-10-05,ice,32000.0,2025-10-06,320.0
manual,2025-10-05,croissant_dough,20.0,2025-10-06,900.0
manual,2025-10-05,bread,110.0,2025-10-06,880.0
manual,2025-10-05,cup_hot,500.0,2025-10-09,2000.0
manual,2025-10-05,cup_cold,300.0,2025-10-09,1500.0
manual,2025-10-06,coffee_beans,7000.0,2025-10-09,8400.0
manual,2025-10-06,milk,69000.0,2025-10-07,4140.0
manual,2025-10-06,sugar,4000.0,2025-10-08,180.0
manual,2025-10-06,chocolate_syrup,500.0,2025-10-08,150.0
manual,2025-10-06,tea_leaves,500.0,2025-10-09,300.0
manual,2025-10-06,ice,14000.0,2025-10-07,140.0
manual,2025-10-06,croissant_dough,40.0,2025-10-07,1800.0
manual,2025-10-06,bread,80.0,2025-10-07,640.0
manual,2025-10-06,cup_hot,400.0,2025-10-10,1600.0
manual,2025-10-06,cup_cold,100.0,2025-10-10,500.0
manual,2025-10-07,coffee_beans,7000.0,2025-10-10,8400.0
manual,2025-10-07,milk,53000.0,2025-10-08,3180.0
manual,2025-10-07,sugar,3000.0,2025-10-09,135.0
manual,2025-10-07,chocolate_syrup,500.0,2025-10-09,150.0
manual,2025-10-07,ice,7000.0,2025-10-08,70.0
manual,2025-10-07,croissant_dough,40.0,2025-10-08,1800.0
manual,2025-10-07,bread,110.0,2025-10-08,880.0
manual,2025-10-07,cup_hot,300.0,2025-10-11,1200.0
manual,2025-10-07,cup_cold,100.0,2025-10-11,500.0
manual,2025-10-08,coffee_beans,6000.0,2025-10-11,7200.0
manual,2025-10-08,milk,56000.0,2025-10-09,3360.0
manual,2025-10-08,sugar,3000.0,2025-10-10,135.0
manual,2025-10-08,chocolate_syrup,1000.0,2025-10-10,300.0
manual,2025-10-08,tea_leaves,500.0,2025-10-11,300.0
manual,2025-10-08,ice,9000.0,2025-10-09,90.0
manual,2025-10-08,croissant_dough,50.0,2025-10-09,2250.0
manual,2025-10-08,bread,100.0,2025-10-09,800.0
manual,2025-10-08,cup_hot,400.0,2025-10-12,1600.0
manual,2025-10-08,cup_cold,100.0,2025-10-12,500.0
manual,2025-10-09,coffee_beans,5000.0,2025-10-12,6000.0
manual,2025-10-09,milk,52000.0,2025-10-10,3120.0
manual,2025-10-09,sugar,4000.0,2025-10-11,180.0
manual,2025-10-09,chocolate_syrup,500.0,2025-10-11,150.0
manual,2025-10-09,ice,12000.0,2025-10-10,120.0
manual,2025-10-09,croissant_dough,40.0,2025-10-10,1800.0
manual,2025-10-09,bread,60.0,2025-10-10,480.0
manual,2025-10-09,cup_hot,300.0,2025-10-13,1200.0
manual,2025-10-09,cup_cold,100.0,2025-10-13,500.0
manual,2025-10-10,coffee_beans,6000.0,2025-10-13,7200.0
manual,2025-10-10,milk,64000.0,2025-10-11,3840.0
manual,2025-10-10,sugar,2000.0,2025-10-12,90.0
manual,2025-10-10,chocolate_syrup,1000.0,2025-10-12,300.0
manual,2025-10-10,tea_leaves,500.0,2025-10-13,300.0
manual,2025-10-10,ice,13000.0,2025-10-11,130.0
manual,2025-10-10,croissant_dough,30.0,2025-10-11,1350.0
manual,2025-10-10,bread,100.0,2025-10-11,800.0
manual,2025-10-10,cup_hot,300.0,2025-10-14,1200.0
manual,2025-10-10,cup_cold,100.0,2025-10-14,500.0
manual,2025-10-11,coffee_beans,6000.0,2025-10-14,7200.0
manual,2025-10-11,milk,69000.0,2025-10-12,4140.0
manual,2025-10-11,sugar,3000.0,2025-10-13,135.0
manual,2025-10-11,chocolate_syrup,1500.0,2025-10-13,450.0
manual,2025-10-11,ice,14000.0,2025-10-12,140.0
manual,2025-10-11,croissant_dough,30.0,2025-10-12,1350.0
manual,2025-10-11,bread,80.0,2025-10-12,640.0
manual,2025-10-11,cup_hot,300.0,2025-10-15,1200.0
manual,2025-10-12,coffee_beans,1000.0,2025-10-15,1200.0
manual,2025-10-12,milk,38000.0,2025-10-13,2280.0
manual,2025-10-12,sugar,1000.0,2025-10-14,45.0
manual,2025-10-12,ice,8000.0,2025-10-13,80.0
manual,2025-10-12,croissant_dough,40.0,2025-10-13,1800.0
manual,2025-10-12,bread,90.0,2025-10-13,720.0
manual,2025-10-12,cup_cold,100.0,2025-10-16,500.0
manual,2025-10-13,coffee_beans,8000.0,2025-10-16,9600.0
manual,2025-10-13,milk,71000.0,2025-10-14,4260.0
manual,2025-10-13,sugar,4000.0,2025-10-15,180.0
manual,2025-10-13,tea_leaves,500.0,2025-10-16,300.0
manual,2025-10-13,ice,12000.0,2025-10-14,120.0
manual,2025-10-13,croissant_dough,50.0,2025-10-14,2250.0
manual,2025-10-13,bread,110.0,2025-10-14,880.0
manual,2025-10-13,cup_hot,400.0,2025-10-17,1600.0
manual,2025-10-13,cup_cold,100.0,2025-10-17,500.0
manual,2025-10-14,coffee_beans,5000.0,2025-10-17,6000.0
manual,2025-10-14,milk,45000.0,2025-10-15,2700.0
manual,2025-10-14,sugar,3000.0,2025-10-16,135.0
manual,2025-10-14,chocolate_syrup,1000.0,2025-10-16,300.0
manual,2025-10-14,ice,13000.0,2025-10-15,130.0
manual,2025-10-14,croissant_dough,50.0,2025-10-15,2250.0
manual,2025-10-14,bread,70.0,2025-10-15,560.0
manual,2025-10-14,cup_hot,300.0,2025-10-18,1200.0
manual,2025-10-14,cup_cold,100.0,2025-10-18,500.0
manual,2025-10-15,coffee_beans,8000.0,2025-10-18,9600.0
manual,2025-10-15,milk,72000.0,2025-10-16,4320.0
manual,2025-10-15,sugar,4000.0,2025-10-17,180.0
manual,2025-10-15,chocolate_syrup,500.0,2025-10-17,150.0
manual,2025-10-15,tea_leaves,500.0,2025-10-18,300.0
manual,2025-10-15,ice,11000.0,2025-10-16,110.0
manual,2025-10-15,croissant_dough,50.0,2025-10-16,2250.0
manual,2025-10-15,bread,100.0,2025-10-16,800.0
manual,2025-10-15,cup_hot,500.0,2025-10-19,2000.0
manual,2025-10-15,cup_cold,100.0,2025-10-19,500.0
manual,2025-10-16,coffee_beans,7000.0,2025-10-19,8400.0
manual,2025-10-16,milk,57000.0,2025-10-17,3420.0
manual,2025-10-16,sugar,3000.0,2025-10-18,135.0
manual,2025-10-16,chocolate_syrup,1000.0,2025-10-18,300.0
manual,2025-10-16,ice,8000.0,2025-10-17,80.0
manual,2025-10-16,croissant_dough,50.0,2025-10-17,2250.0
manual,2025-10-16,bread,90.0,2025-10-17,720.0
manual,2025-10-16,cup_hot,400.0,2025-10-20,1600.0
manual,2025-10-17,coffee_beans,5000.0,2025-10-20,6000.0
manual,2025-10-17,milk,48000.0,2025-10-18,2880.0
manual,2025-10-17,sugar,3000.0,2025-10-19,135.0
manual,2025-10-17,chocolate_syrup,1000.0,2025-10-19,300.0
manual,2025-10-17,tea_leaves,500.0,2025-10-20,300.0
manual,2025-10-17,ice,11000.0,2025-10-18,110.0
manual,2025-10-17,croissant_dough,20.0,2025-10-18,900.0
manual,2025-10-17,bread,90.0,2025-10-18,720.0
manual,2025-10-17,cup_hot,300.0,2025-10-21,1200.0
manual,2025-10-17,cup_cold,100.0,2025-10-21,500.0
manual,2025-10-18,coffee_beans,7000.0,2025-10-21,8400.0
manual,2025-10-18,milk,56000.0,2025-10-19,3360.0
manual,2025-10-18,sugar,3000.0,2025-10-20,135.0
manual,2025-10-18,chocolate_syrup,1000.0,2025-10-20,300.0
manual,2025-10-18,ice,12000.0,2025-10-19,120.0
manual,2025-10-18,croissant_dough,40.0,2025-10-19,1800.0
manual,2025-10-18,bread,90.0,2025-10-19,720.0
manual,2025-10-18,cup_hot,400.0,2025-10-22,1600.0
manual,2025-10-18,cup_cold,100.0,2025-10-22,500.0
manual,2025-10-19,coffee_beans,19000.0,2025-10-22,22800.0
manual,2025-10-19,milk,120000.0,2025-10-20,7200.0
manual,2025-10-19,sugar,9000.0,2025-10-21,405.0
manual,2025-10-19,chocolate_syrup,3000.0,2025-10-21,900.0
manual,2025-10-19,tea_leaves,1500.0,2025-10-22,900.0
manual,2025-10-19,ice,15000.0,2025-10-20,150.0
manual,2025-10-19,croissant_dough,70.0,2025-10-20,3150.0
manual,2025-10-19,bread,120.0,2025-10-20,960.0
manual,2025-10-19,cup_hot,1400.0,2025-10-23,5600.0
manual,2025-10-19,cup_cold,100.0,2025-10-23,500.0
manual,2025-10-20,coffee_beans,8000.0,2025-10-23,9600.0
manual,2025-10-20,milk,65000.0,2025-10-21,3900.0
manual,2025-10-20,sugar,4000.0,2025-10-22,180.0
manual,2025-10-20,chocolate_syrup,1000.0,2025-10-22,300.0
manual,2025-10-20,ice,13000.0,2025-10-21,130.0
manual,2025-10-20,croissant_dough,60.0,2025-10-21,2700.0
manual,2025-10-20,bread,110.0,2025-10-21,880.0
manual,2025-10-20,cup_hot,400.0,2025-10-24,1600.0
manual,2025-10-20,cup_cold,100.0,2025-10-24,500.0
manual,2025-10-21,coffee_beans,5000.0,2025-10-24,6000.0
manual,2025-10-21,milk,54000.0,2025-10-22,3240.0
manual,2025-10-21,sugar,3000.0,2025-10-23,135.0
manual,2025-10-21,chocolate_syrup,1500.0,2025-10-23,450.0
manual,2025-10-21,tea_leaves,500.0,2025-10-24,300.0
manual,2025-10-21,ice,9000.0,2025-10-22,90.0
manual,2025-10-21,croissant_dough,20.0,2025-10-22,900.0
manual,2025-10-21,bread,70.0,2025-10-22,560.0
manual,2025-10-21,cup_hot,400.0,2025-10-25,1600.0
manual,2025-10-21,cup_cold,100.0,2025-10-25,500.0
manual,2025-10-22,coffee_beans,6000.0,2025-10-25,7200.0
manual,2025-10-22,milk,55000.0,2025-10-23,3300.0
manual,2025-10-22,sugar,3000.0,2025-10-24,135.0
manual,2025-10-22,chocolate_syrup,1500.0,2025-10-24,450.0
manual,2025-10-22,tea_leaves,500.0,2025-10-25,300.0
manual,2025-10-22,ice,11000.0,2025-10-23,110.0
manual,2025-10-22,croissant_dough,60.0,2025-10-23,2700.0
manual,2025-10-22,bread,70.0,2025-10-23,560.0
manual,2025-10-22,cup_hot,400.0,2025-10-26,1600.0
manual,2025-10-22,cup_cold,100.0,2025-10-26,500.0
manual,2025-10-23,coffee_beans,6000.0,2025-10-26,7200.0
manual,2025-10-23,milk,60000.0,2025-10-24,3600.0
manual,2025-10-23,sugar,3000.0,2025-10-25,135.0
manual,2025-10-23,chocolate_syrup,1000.0,2025-10-25,300.0
manual,2025-10-23,ice,11000.0,2025-10-24,110.0
manual,2025-10-23,croissant_dough,50.0,2025-10-24,2250.0
manual,2025-10-23,bread,90.0,2025-10-24,720.0
manual,2025-10-23,cup_hot,400.0,2025-10-27,1600.0
manual,2025-10-24,coffee_beans,6000.0,2025-10-27,7200.0
manual,2025-10-24,milk,72000.0,2025-10-25,4320.0
manual,2025-10-24,sugar,3000.0,2025-10-26,135.0
manual,2025-10-24,chocolate_syrup,1500.0,2025-10-26,450.0
manual,2025-10-24,tea_leaves,500.0,2025-10-27,300.0
manual,2025-10-24,ice,8000.0,2025-10-25,80.0
manual,2025-10-24,croissant_dough,50.0,2025-10-25,2250.0
manual,2025-10-24,bread,70.0,2025-10-25,560.0
manual,2025-10-24,cup_hot,300.0,2025-10-28,1200.0
manual,2025-10-24,cup_cold,100.0,2025-10-28,500.0
manual,2025-10-25,coffee_beans,6000.0,2025-10-28,7200.0
manual,2025-10-25,milk,65000.0,2025-10-26,3900.0
manual,2025-10-25,sugar,3000.0,2025-10-27,135.0
manual,2025-10-25,chocolate_syrup,500.0,2025-10-27,150.0
manual,2025-10-25,ice,12000.0,2025-10-26,120.0
manual,2025-10-25,croissant_dough,40.0,2025-10-26,1800.0
manual,2025-10-25,bread,100.0,2025-10-26,800.0
manual,2025-10-25,cup_hot,300.0,2025-10-29,1200.0
manual,2025-10-25,cup_cold,100.0,2025-10-29,500.0
manual,2025-10-26,milk,38000.0,2025-10-27,2280.0
manual,2025-10-26,chocolate_syrup,1500.0,2025-10-28,450.0
manual,2025-10-26,ice,5000.0,2025-10-27,50.0
manual,2025-10-26,croissant_dough,50.0,2025-10-27,2250.0
manual,2025-10-26,bread,20.0,2025-10-27,160.0
manual,2025-10-27,coffee_beans,4000.0,2025-10-30,4800.0
manual,2025-10-27,milk,62000.0,2025-10-28,3720.0
manual,2025-10-27,sugar,4000.0,2025-10-29,180.0
manual,2025-10-27,chocolate_syrup,1000.0,2025-10-29,300.0
manual,2025-10-27,tea_leaves,500.0,2025-10-30,300.0
manual,2025-10-27,ice,11000.0,2025-10-28,110.0
manual,2025-10-27,croissant_dough,50.0,2025-10-28,2250.0
manual,2025-10-27,bread,100.0,2025-10-28,800.0
manual,2025-10-27,cup_hot,300.0,2025-10-31,1200.0
manual,2025-10-27,cup_cold,100.0,2025-10-31,500.0
manual,2025-10-28,coffee_beans,5000.0,2025-10-31,6000.0
manual,2025-10-28,milk,49000.0,2025-10-29,2940.0
manual,2025-10-28,sugar,3000.0,2025-10-30,135.0
manual,2025-10-28,chocolate_syrup,1000.0,2025-10-30,300.0
manual,2025-10-28,ice,11000.0,2025-10-29,110.0
manual,2025-10-28,croissant_dough,40.0,2025-10-29,1800.0
manual,2025-10-28,bread,90.0,2025-10-29,720.0
manual,2025-10-28,cup_hot,300.0,2025-11-01,1200.0
manual,2025-10-29,coffee_beans,5000.0,2025-11-01,6000.0
manual,2025-10-29,milk,66000.0,2025-10-30,3960.0
manual,2025-10-29,sugar,2000.0,2025-10-31,90.0
manual,2025-10-29,chocolate_syrup,1500.0,2025-10-31,450.0
manual,2025-10-29,tea_leaves,500.0,2025-11-01,300.0
manual,2025-10-29,ice,9000.0,2025-10-30,90.0
manual,2025-10-29,croissant_dough,50.0,2025-10-30,2250.0
manual,2025-10-29,bread,90.0,2025-10-30,720.0
manual,2025-10-29,cup_hot,400.0,2025-11-02,1600.0
manual,2025-10-29,cup_cold,100.0,2025-11-02,500.0
manual,2025-10-30,coffee_beans,6000.0,2025-11-02,7200.0
manual,2025-10-30,milk,65000.0,2025-10-31,3900.0
manual,2025-10-30,sugar,3000.0,2025-11-01,135.0
manual,2025-10-30,chocolate_syrup,1000.0,2025-11-01,300.0
manual,2025-10-30,ice,11000.0,2025-10-31,110.0
manual,2025-10-30,croissant_dough,30.0,2025-10-31,1350.0
manual,2025-10-30,bread,90.0,2025-10-31,720.0
manual,2025-10-30,cup_hot,300.0,2025-11-03,1200.0
manual,2025-10-31,coffee_beans,7000.0,2025-11-03,8400.0
manual,2025-10-31,milk,57000.0,2025-11-01,3420.0
manual,2025-10-31,sugar,3000.0,2025-11-02,135.0
manual,2025-10-31,chocolate_syrup,500.0,2025-11-02,150.0
manual,2025-10-31,tea_leaves,500.0,2025-11-03,300.0
manual,2025-10-31,ice,11000.0,2025-11-01,110.0
manual,2025-10-31,croissant_dough,50.0,2025-11-01,2250.0
manual,2025-10-31,bread,80.0,2025-11-01,640.0
manual,2025-10-31,cup_hot,400.0,2025-11-04,1600.0
manual,2025-10-31,cup_cold,100.0,2025-11-04,500.0
manual,2025-11-01,coffee_beans,7000.0,2025-11-04,8400.0
manual,2025-11-01,milk,68000.0,2025-11-02,4080.0
manual,2025-11-01,sugar,4000.0,2025-11-03,180.0
manual,2025-11-01,chocolate_syrup,1000.0,2025-11-03,300.0
manual,2025-11-01,ice,15000.0,2025-11-02,150.0
manual,2025-11-01,croissant_dough,50.0,2025-11-02,2250.0
manual,2025-11-01,bread,90.0,2025-11-02,720.0
manual,2025-11-01,cup_hot,300.0,2025-11-05,1200.0
manual,2025-11-01,cup_cold,200.0,2025-11-05,1000.0
manual,2025-11-02,coffee_beans,11000.0,2025-11-05,13200.0
manual,2025-11-02,milk,80000.0,2025-11-03,4800.0
manual,2025-11-02,sugar,4000.0,2025-11-04,180.0
manual,2025-11-02,ice,22000.0,2025-11-03,220.0
manual,2025-11-02,croissant_dough,50.0,2025-11-03,2250.0
manual,2025-11-02,bread,120.0,2025-11-03,960.0
manual,2025-11-02,cup_hot,300.0,2025-11-06,1200.0
manual,2025-11-02,cup_cold,200.0,2025-11-06,1000.0
manual,2025-11-03,coffee_beans,9000.0,2025-11-06,10800.0
manual,2025-11-03,milk,76000.0,2025-11-04,4560.0
manual,2025-11-03,sugar,4000.0,2025-11-05,180.0
manual,2025-11-03,chocolate_syrup,500.0,2025-11-05,150.0
manual,2025-11-03,ice,14000.0,2025-11-04,140.0
manual,2025-11-03,croissant_dough,50.0,2025-11-04,2250.0
manual,2025-11-03,bread,120.0,2025-11-04,960.0
manual,2025-11-03,cup_hot,500.0,2025-11-07,2000.0
manual,2025-11-03,cup_cold,100.0,2025-11-07,500.0
manual,2025-11-04,coffee_beans,6000.0,2025-11-07,7200.0
manual,2025-11-04,milk,49000.0,2025-11-05,2940.0
manual,2025-11-04,sugar,3000.0,2025-11-06,135.0
manual,2025-11-04,chocolate_syrup,1000.0,2025-11-06,300.0
manual,2025-11-04,tea_leaves,500.0,2025-11-07,300.0
manual,2025-11-04,ice,10000.0,2025-11-05,100.0
manual,2025-11-04,croissant_dough,30.0,2025-11-05,1350.0
manual,2025-11-04,bread,50.0,2025-11-05,400.0
manual,2025-11-04,cup_hot,300.0,2025-11-08,1200.0
manual,2025-11-04,cup_cold,100.0,2025-11-08,500.0
manual,2025-11-05,coffee_beans,6000.0,2025-11-08,7200.0
manual,2025-11-05,milk,53000.0,2025-11-06,3180.0
manual,2025-11-05,sugar,3000.0,2025-11-07,135.0
manual,2025-11-05,chocolate_syrup,500.0,2025-11-07,150.0
manual,2025-11-05,ice,9000.0,2025-11-06,90.0
manual,2025-11-05,croissant_dough,40.0,2025-11-06,1800.0
manual,2025-11-05,bread,70.0,2025-11-06,560.0
manual,2025-11-05,cup_hot,400.0,2025-11-09,1600.0
manual,2025-11-05,cup_cold,100.0,2025-11-09,500.0
manual,2025-11-06,coffee_beans,6000.0,2025-11-09,7200.0
manual,2025-11-06,milk,61000.0,2025-11-07,3660.0
manual,2025-11-06,sugar,4000.0,2025-11-08,180.0
manual,2025-11-06,chocolate_syrup,1000.0,2025-11-08,300.0
manual,2025-11-06,tea_leaves,500.0,2025-11-09,300.0
manual,2025-11-06,ice,12000.0,2025-11-07,120.0
manual,2025-11-06,croissant_dough,50.0,2025-11-07,2250.0
manual,2025-11-06,bread,120.0,2025-11-07,960.0
manual,2025-11-06,cup_hot,300.0,2025-11-10,1200.0
manual,2025-11-06,cup_cold,100.0,2025-11-10,500.0
manual,2025-11-07,coffee_beans,4000.0,2025-11-10,4800.0
manual,2025-11-07,milk,49000.0,2025-11-08,2940.0
manual,2025-11-07,sugar,2000.0,2025-11-09,90.0
manual,2025-11-07,chocolate_syrup,2000.0,2025-11-09,600.0
manual,2025-11-07,tea_leaves,500.0,2025-11-10,300.0
manual,2025-11-07,ice,7000.0,2025-11-08,70.0
manual,2025-11-07,croissant_dough,40.0,2025-11-08,1800.0
manual,2025-11-07,bread,60.0,2025-11-08,480.0
manual,2025-11-07,cup_hot,400.0,2025-11-11,1600.0
manual,2025-11-07,cup_cold,100.0,2025-11-11,500.0
manual,2025-11-08,coffee_beans,8000.0,2025-11-11,9600.0
manual,2025-11-08,milk,73000.0,2025-11-09,4380.0
manual,2025-11-08,sugar,4000.0,2025-11-10,180.0
manual,2025-11-08,chocolate_syrup,1500.0,2025-11-10,450.0
manual,2025-11-08,ice,12000.0,2025-11-09,120.0
manual,2025-11-08,croissant_dough,50.0,2025-11-09,2250.0
manual,2025-11-08,bread,80.0,2025-11-09,640.0
manual,2025-11-08,cup_hot,400.0,2025-11-12,1600.0
manual,2025-11-08,cup_cold,100.0,2025-11-12,500.0
manual,2025-11-09,coffee_beans,6000.0,2025-11-12,7200.0
manual,2025-11-09,milk,77000.0,2025-11-10,4620.0
manual,2025-11-09,sugar,6000.0,2025-11-11,270.0
manual,2025-11-09,chocolate_syrup,4000.0,2025-11-11,1200.0
manual,2025-11-09,tea_leaves,1000.0,2025-11-12,600.0
manual,2025-11-09,ice,18000.0,2025-11-10,180.0
manual,2025-11-09,croissant_dough,60.0,2025-11-10,2700.0
manual,2025-11-09,bread,40.0,2025-11-10,320.0
manual,2025-11-09,cup_hot,500.0,2025-11-13,2000.0
manual,2025-11-09,cup_cold,200.0,2025-11-13,1000.0
manual,2025-11-10,coffee_beans,8000.0,2025-11-13,9600.0
manual,2025-11-10,milk,69000.0,2025-11-11,4140.0
manual,2025-11-10,sugar,4000.0,2025-11-12,180.0
manual,2025-11-10,chocolate_syrup,1500.0,2025-11-12,450.0
manual,2025-11-10,ice,13000.0,2025-11-11,130.0
manual,2025-11-10,croissant_dough,50.0,2025-11-11,2250.0
manual,2025-11-10,bread,80.0,2025-11-11,640.0
manual,2025-11-10,cup_hot,400.0,2025-11-14,1600.0
manual,2025-11-10,cup_cold,100.0,2025-11-14,500.0
manual,2025-11-11,coffee_beans,6000.0,2025-11-14,7200.0
manual,2025-11-11,milk,53000.0,2025-11-12,3180.0
manual,2025-11-11,sugar,3000.0,2025-11-13,135.0
manual,2025-11-11,chocolate_syrup,1000.0,2025-11-13,300.0
manual,2025-11-11,tea_leaves,500.0,2025-11-14,300.0
manual,2025-11-11,ice,12000.0,2025-11-12,120.0
manual,2025-11-11,croissant_dough,30.0,2025-11-12,1350.0
manual,2025-11-11,bread,90.0,2025-11-12,720.0
manual,2025-11-11,cup_hot,300.0,2025-11-15,1200.0
manual,2025-11-11,cup_cold,100.0,2025-11-15,500.0
manual,2025-11-12,coffee_beans,5000.0,2025-11-15,6000.0
manual,2025-11-12,milk,53000.0,2025-11-13,3180.0
manual,2025-11-12,sugar,3000.0,2025-11-14,135.0
manual,2025-11-12,chocolate_syrup,500.0,2025-11-14,150.0
manual,2025-11-12,ice,10000.0,2025-11-13,100.0
manual,2025-11-12,croissant_dough,60.0,2025-11-13,2700.0
manual,2025-11-12,bread,90.0,2025-11-13,720.0
manual,2025-11-12,cup_hot,300.0,2025-11-16,1200.0
manual,2025-11-12,cup_cold,100.0,2025-11-16,500.0
manual,2025-11-13,coffee_beans,7000.0,2025-11-16,8400.0
manual,2025-11-13,milk,51000.0,2025-11-14,3060.0
manual,2025-11-13,sugar,3000.0,2025-11-15,135.0
manual,2025-11-13,chocolate_syrup,1500.0,2025-11-15,450.0
manual,2025-11-13,tea_leaves,500.0,2025-11-16,300.0
manual,2025-11-13,ice,10000.0,2025-11-14,100.0
manual,2025-11-13,croissant_dough,50.0,2025-11-14,2250.0
manual,2025-11-13,bread,60.0,2025-11-14,480.0
manual,2025-11-13,cup_hot,400.0,2025-11-17,1600.0
manual,2025-11-13,cup_cold,100.0,2025-11-17,500.0
manual,2025-11-14,coffee_beans,5000.0,2025-11-17,6000.0
manual,2025-11-14,milk,66000.0,2025-11-15,3960.0
manual,2025-11-14,sugar,3000.0,2025-11-16,135.0
manual,2025-11-14,chocolate_syrup,500.0,2025-11-16,150.0
manual,2025-11-14,ice,11000.0,2025-11-15,110.0
manual,2025-11-14,croissant_dough,20.0,2025-11-15,900.0
manual,2025-11-14,bread,60.0,2025-11-15,480.0
manual,2025-11-14,cup_hot,300.0,2025-11-18,1200.0
manual,2025-11-15,coffee_beans,8000.0,2025-11-18,9600.0
manual,2025-11-15,milk,69000.0,2025-11-16,4140.0
manual,2025-11-15,sugar,4000.0,2025-11-17,180.0
manual,2025-11-15,chocolate_syrup,1500.0,2025-11-17,450.0
manual,2025-11-15,tea_leaves,500.0,2025-11-18,300.0
manual,2025-11-15,ice,13000.0,2025-11-16,130.0
manual,2025-11-15,croissant_dough,40.0,2025-11-16,1800.0
manual,2025-11-15,bread,90.0,2025-11-16,720.0
manual,2025-11-15,cup_hot,400.0,2025-11-19,1600.0
manual,2025-11-15,cup_cold,200.0,2025-11-19,1000.0
manual,2025-11-16,coffee_beans,9000.0,2025-11-19,10800.0
manual,2025-11-16,milk,67000.0,2025-11-17,4020.0
manual,2025-11-16,sugar,4000.0,2025-11-18,180.0
manual,2025-11-16,tea_leaves,500.0,2025-11-19,300.0
manual,2025-11-16,ice,26000.0,2025-11-17,260.0
manual,2025-11-16,croissant_dough,60.0,2025-11-17,2700.0
manual,2025-11-16,bread,90.0,2025-11-17,720.0
manual,2025-11-16,cup_hot,300.0,2025-11-20,1200.0
manual,2025-11-16,cup_cold,200.0,2025-11-20,1000.0
manual,2025-11-17,coffee_beans,7000.0,2025-11-20,8400.0
manual,2025-11-17,milk,73000.0,2025-11-18,4380.0
manual,2025-11-17,sugar,5000.0,2025-11-19,225.0
manual,2025-11-17,chocolate_syrup,1000.0,2025-11-19,300.0
manual,2025-11-17,ice,17000.0,2025-11-18,170.0
manual,2025-11-17,croissant_dough,50.0,2025-11-18,2250.0
manual,2025-11-17,bread,100.0,2025-11-18,800.0
manual,2025-11-17,cup_hot,400.0,2025-11-21,1600.0
manual,2025-11-17,cup_cold,200.0,2025-11-21,1000.0
manual,2025-11-18,coffee_beans,6000.0,2025-11-21,7200.0
manual,2025-11-18,milk,47000.0,2025-11-19,2820.0
manual,2025-11-18,sugar,2000.0,2025-11-20,90.0
manual,2025-11-18,chocolate_syrup,1000.0,2025-11-20,300.0
manual,2025-11-18,ice,7000.0,2025-11-19,70.0
manual,2025-11-18,croissant_dough,40.0,2025-11-19,1800.0
manual,2025-11-18,bread,60.0,2025-11-19,480.0
manual,2025-11-18,cup_hot,300.0,2025-11-22,1200.0
manual,2025-11-18,cup_cold,100.0,2025-11-22,500.0
manual,2025-11-19,coffee_beans,6000.0,2025-11-22,7200.0
manual,2025-11-19,milk,51000.0,2025-11-20,3060.0
manual,2025-11-19,sugar,3000.0,2025-11-21,135.0
manual,2025-11-19,chocolate_syrup,1000.0,2025-11-21,300.0
manual,2025-11-19,tea_leaves,500.0,2025-11-22,300.0
manual,2025-11-19,ice,8000.0,2025-11-20,80.0
manual,2025-11-19,croissant_dough,40.0,2025-11-20,1800.0
manual,2025-11-19,bread,40.0,2025-11-20,320.0
manual,2025-11-19,cup_hot,400.0,2025-11-23,1600.0
manual,2025-11-20,coffee_beans,6000.0,2025-11-23,7200.0
manual,2025-11-20,milk,53000.0,2025-11-21,3180.0
manual,2025-11-20,sugar,3000.0,2025-11-22,135.0
manual,2025-11-20,chocolate_syrup,1000.0,2025-11-22,300.0
manual,2025-11-20,ice,15000.0,2025-11-21,150.0
manual,2025-11-20,croissant_dough,40.0,2025-11-21,1800.0
manual,2025-11-20,bread,100.0,2025-11-21,800.0
manual,2025-11-20,cup_hot,400.0,2025-11-24,1600.0
manual,2025-11-20,cup_cold,100.0,2025-11-24,500.0
manual,2025-11-21,coffee_beans,8000.0,2025-11-24,9600.0
manual,2025-11-21,milk,69000.0,2025-11-22,4140.0
manual,2025-11-21,sugar,4000.0,2025-11-23,180.0
manual,2025-11-21,chocolate_syrup,1000.0,2025-11-23,300.0
manual,2025-11-21,tea_leaves,500.0,2025-11-24,300.0
manual,2025-11-21,ice,14000.0,2025-11-22,140.0
manual,2025-11-21,croissant_dough,40.0,2025-11-22,1800.0
manual,2025-11-21,bread,100.0,2025-11-22,800.0
manual,2025-11-21,cup_hot,400.0,2025-11-25,1600.0
manual,2025-11-21,cup_cold,100.0,2025-11-25,500.0
manual,2025-11-22,coffee_beans,5000.0,2025-11-25,6000.0
manual,2025-11-22,milk,70000.0,2025-11-23,4200.0
manual,2025-11-22,sugar,3000.0,2025-11-24,135.0
manual,2025-11-22,chocolate_syrup,1500.0,2025-11-24,450.0
manual,2025-11-22,tea_leaves,500.0,2025-11-25,300.0
manual,2025-11-22,ice,15000.0,2025-11-23,150.0
manual,2025-11-22,croissant_dough,40.0,2025-11-23,1800.0
manual,2025-11-22,bread,80.0,2025-11-23,640.0
manual,2025-11-22,cup_hot,300.0,2025-11-26,1200.0
manual,2025-11-22,cup_cold,100.0,2025-11-26,500.0
manual,2025-11-23,coffee_beans,4000.0,2025-11-26,4800.0
manual,2025-11-23,milk,47000.0,2025-11-24,2820.0
manual,2025-11-23,chocolate_syrup,1500.0,2025-11-25,450.0
manual,2025-11-23,ice,3000.0,2025-11-24,30.0
manual,2025-11-23,croissant_dough,40.0,2025-11-24,1800.0
manual,2025-11-23,bread,60.0,2025-11-24,480.0
manual,2025-11-23,cup_hot,400.0,2025-11-27,1600.0
manual,2025-11-24,coffee_beans,7000.0,2025-11-27,8400.0
manual,2025-11-24,milk,71000.0,2025-11-25,4260.0
manual,2025-11-24,sugar,4000.0,2025-11-26,180.0
manual,2025-11-24,chocolate_syrup,1500.0,2025-11-26,450.0
manual,2025-11-24,ice,13000.0,2025-11-25,130.0
manual,2025-11-24,croissant_dough,30.0,2025-11-25,1350.0
manual,2025-11-24,bread,100.0,2025-11-25,800.0
manual,2025-11-24,cup_hot,400.0,2025-11-28,1600.0
manual,2025-11-25,coffee_beans,6000.0,2025-11-28,7200.0
manual,2025-11-25,milk,52000.0,2025-11-26,3120.0
manual,2025-11-25,sugar,3000.0,2025-11-27,135.0
manual,2025-11-25,chocolate_syrup,500.0,2025-11-27,150.0
manual,2025-11-25,tea_leaves,500.0,2025-11-28,300.0
manual,2025-11-25,ice,12000.0,2025-11-26,120.0
manual,2025-11-25,croissant_dough,50.0,2025-11-26,2250.0
manual,2025-11-25,bread,60.0,2025-11-26,480.0
manual,2025-11-25,cup_hot,300.0,2025-11-29,1200.0
manual,2025-11-26,coffee_beans,6000.0,2025-11-29,7200.0
manual,2025-11-26,milk,60000.0,2025-11-27,3600.0
manual,2025-11-26,sugar,4000.0,2025-11-28,180.0
manual,2025-11-26,chocolate_syrup,1000.0,2025-11-28,300.0
manual,2025-11-26,ice,11000.0,2025-11-27,110.0
manual,2025-11-26,croissant_dough,30.0,2025-11-27,1350.0
manual,2025-11-26,bread,100.0,2025-11-27,800.0
manual,2025-11-26,cup_hot,400.0,2025-11-30,1600.0
manual,2025-11-26,cup_cold,100.0,2025-11-30,500.0
manual,2025-11-27,coffee_beans,5000.0,2025-11-30,6000.0
manual,2025-11-27,milk,52000.0,2025-11-28,3120.0
manual,2025-11-27,sugar,3000.0,2025-11-29,135.0
manual,2025-11-27,chocolate_syrup,1000.0,2025-11-29,300.0
manual,2025-11-27,tea_leaves,500.0,2025-11-30,300.0
manual,2025-11-27,ice,11000.0,2025-11-28,110.0
manual,2025-11-27,croissant_dough,40.0,2025-11-28,1800.0
manual,2025-11-27,bread,90.0,2025-11-28,720.0
manual,2025-11-27,cup_hot,300.0,2025-12-01,1200.0
manual,2025-11-27,cup_cold,100.0,2025-12-01,500.0
manual,2025-11-28,coffee_beans,6000.0,2025-12-01,7200.0
manual,2025-11-28,milk,56000.0,2025-11-29,3360.0
manual,2025-11-28,sugar,3000.0,2025-11-30,135.0
manual,2025-11-28,chocolate_syrup,1000.0,2025-11-30,300.0
manual,2025-11-28,ice,12000.0,2025-11-29,120.0
manual,2025-11-28,croissant_dough,40.0,2025-11-29,1800.0
manual,2025-11-28,bread,90.0,2025-11-29,720.0
manual,2025-11-28,cup_hot,300.0,2025-12-02,1200.0
manual,2025-11-28,cup_cold,100.0,2025-12-02,500.0
manual,2025-11-29,coffee_beans,7000.0,2025-12-02,8400.0
manual,2025-11-29,milk,64000.0,2025-11-30,3840.0
manual,2025-11-29,sugar,3000.0,2025-12-01,135.0
manual,2025-11-29,chocolate_syrup,1500.0,2025-12-01,450.0
manual,2025-11-29,tea_leaves,500.0,2025-12-02,300.0
manual,2025-11-29,ice,13000.0,2025-11-30,130.0
manual,2025-11-29,croissant_dough,40.0,2025-11-30,1800.0
manual,2025-11-29,bread,100.0,2025-11-30,800.0
manual,2025-11-29,cup_hot,500.0,2025-12-03,2000.0
manual,2025-11-30,coffee_beans,8000.0,2025-12-03,9600.0
manual,2025-11-30,milk,74000.0,2025-12-01,4440.0
manual,2025-11-30,sugar,4000.0,2025-12-02,180.0
manual,2025-11-30,chocolate_syrup,1500.0,2025-12-02,450.0
manual,2025-11-30,tea_leaves,500.0,2025-12-03,300.0
manual,2025-11-30,croissant_dough,30.0,2025-12-01,1350.0
manual,2025-11-30,bread,120.0,2025-12-01,960.0
manual,2025-11-30,cup_hot,700.0,2025-12-04,2800.0
manual,2025-12-01,coffee_beans,7000.0,2025-12-04,8400.0
manual,2025-12-01,milk,72000.0,2025-12-02,4320.0
manual,2025-12-01,sugar,4000.0,2025-12-03,180.0
manual,2025-12-01,chocolate_syrup,1500.0,2025-12-03,450.0
manual,2025-12-01,tea_leaves,500.0,2025-12-04,300.0
manual,2025-12-01,ice,11000.0,2025-12-02,110.0
manual,2025-12-01,croissant_dough,50.0,2025-12-02,2250.0
manual,2025-12-01,bread,100.0,2025-12-02,800.0
manual,2025-12-01,cup_hot,500.0,2025-12-05,2000.0
manual,2025-12-02,coffee_beans,5000.0,2025-12-05,6000.0
manual,2025-12-02,milk,56000.0,2025-12-03,3360.0
manual,2025-12-02,sugar,3000.0,2025-12-04,135.0
manual,2025-12-02,chocolate_syrup,1500.0,2025-12-04,450.0
manual,2025-12-02,ice,11000.0,2025-12-03,110.0
manual,2025-12-02,croissant_dough,50.0,2025-12-03,2250.0
manual,2025-12-02,bread,100.0,2025-12-03,800.0
manual,2025-12-02,cup_hot,400.0,2025-12-06,1600.0
manual,2025-12-02,cup_cold,100.0,2025-12-06,500.0
manual,2025-12-03,coffee_beans,6000.0,2025-12-06,7200.0
manual,2025-12-03,milk,50000.0,2025-12-04,3000.0
manual,2025-12-03,sugar,3000.0,2025-12-05,135.0
manual,2025-12-03,chocolate_syrup,500.0,2025-12-05,150.0
manual,2025-12-03,tea_leaves,500.0,2025-12-06,300.0
manual,2025-12-03,ice,10000.0,2025-12-04,100.0
manual,2025-12-03,croissant_dough,30.0,2025-12-04,1350.0
manual,2025-12-03,bread,90.0,2025-12-04,720.0
manual,2025-12-03,cup_hot,300.0,2025-12-07,1200.0
manual,2025-12-04,coffee_beans,6000.0,2025-12-07,7200.0
manual,2025-12-04,milk,64000.0,2025-12-05,3840.0
manual,2025-12-04,sugar,4000.0,2025-12-06,180.0
manual,2025-12-04,chocolate_syrup,1500.0,2025-12-06,450.0
manual,2025-12-04,ice,11000.0,2025-12-05,110.0
manual,2025-12-04,croissant_dough,40.0,2025-12-05,1800.0
manual,2025-12-04,bread,90.0,2025-12-05,720.0
manual,2025-12-04,cup_hot,400.0,2025-12-08,1600.0
manual,2025-12-04,cup_cold,100.0,2025-12-08,500.0
manual,2025-12-05,coffee_beans,5000.0,2025-12-08,6000.0
manual,2025-12-05,milk,51000.0,2025-12-06,3060.0
manual,2025-12-05,sugar,3000.0,2025-12-07,135.0
manual,2025-12-05,chocolate_syrup,1000.0,2025-12-07,300.0
manual,2025-12-05,tea_leaves,500.0,2025-12-08,300.0
manual,2025-12-05,ice,10000.0,2025-12-06,100.0
manual,2025-12-05,croissant_dough,40.0,2025-12-06,1800.0
manual,2025-12-05,bread,80.0,2025-12-06,640.0
manual,2025-12-05,cup_hot,300.0,2025-12-09,1200.0
manual,2025-12-05,cup_cold,100.0,2025-12-09,500.0
manual,2025-12-06,coffee_beans,7000.0,2025-12-09,8400.0
manual,2025-12-06,milk,68000.0,2025-12-07,4080.0
manual,2025-12-06,sugar,3000.0,2025-12-08,135.0
manual,2025-12-06,chocolate_syrup,1500.0,2025-12-08,450.0
manual,2025-12-06,tea_leaves,500.0,2025-12-09,300.0
manual,2025-12-06,ice,11000.0,2025-12-07,110.0
manual,2025-12-06,croissant_dough,50.0,2025-12-07,2250.0
manual,2025-12-06,bread,90.0,2025-12-07,720.0
manual,2025-12-06,cup_hot,500.0,2025-12-10,2000.0
manual,2025-12-07,coffee_beans,3000.0,2025-12-10,3600.0
manual,2025-12-07,milk,74000.0,2025-12-08,4440.0
manual,2025-12-07,sugar,6000.0,2025-12-09,270.0
manual,2025-12-07,chocolate_syrup,3000.0,2025-12-09,900.0
manual,2025-12-07,tea_leaves,1500.0,2025-12-10,900.0
manual,2025-12-07,ice,9000.0,2025-12-08,90.0
manual,2025-12-07,croissant_dough,60.0,2025-12-08,2700.0
manual,2025-12-07,bread,90.0,2025-12-08,720.0
manual,2025-12-07,cup_hot,600.0,2025-12-11,2400.0
manual,2025-12-07,cup_cold,100.0,2025-12-11,500.0
manual,2025-12-08,coffee_beans,7000.0,2025-12-11,8400.0
manual,2025-12-08,milk,59000.0,2025-12-09,3540.0
manual,2025-12-08,sugar,3000.0,2025-12-10,135.0
manual,2025-12-08,chocolate_syrup,500.0,2025-12-10,150.0
manual,2025-12-08,tea_leaves,500.0,2025-12-11,300.0
manual,2025-12-08,ice,11000.0,2025-12-09,110.0
manual,2025-12-08,croissant_dough,30.0,2025-12-09,1350.0
manual,2025-12-08,bread,70.0,2025-12-09,560.0
manual,2025-12-08,cup_hot,300.0,2025-12-12,1200.0
manual,2025-12-08,cup_cold,100.0,2025-12-12,500.0
manual,2025-12-09,coffee_beans,5000.0,2025-12-12,6000.0
manual,2025-12-09,milk,47000.0,2025-12-10,2820.0
manual,2025-12-09,sugar,3000.0,2025-12-11,135.0
manual,2025-12-09,chocolate_syrup,500.0,2025-12-11,150.0
manual,2025-12-09,ice,9000.0,2025-12-10,90.0
manual,2025-12-09,croissant_dough,30.0,2025-12-10,1350.0
manual,2025-12-09,bread,120.0,2025-12-10,960.0
manual,2025-12-09,cup_hot,300.0,2025-12-13,1200.0
manual,2025-12-09,cup_cold,100.0,2025-12-13,500.0
manual,2025-12-10,coffee_beans,5000.0,2025-12-13,6000.0
manual,2025-12-10,milk,50000.0,2025-12-11,3000.0
manual,2025-12-10,sugar,3000.0,2025-12-12,135.0
manual,2025-12-10,chocolate_syrup,1000.0,2025-12-12,300.0
manual,2025-12-10,tea_leaves,500.0,2025-12-13,300.0
manual,2025-12-10,ice,10000.0,2025-12-11,100.0
manual,2025-12-10,croissant_dough,60.0,2025-12-11,2700.0
manual,2025-12-10,bread,70.0,2025-12-11,560.0
manual,2025-12-10,cup_hot,300.0,2025-12-14,1200.0
manual,2025-12-10,cup_cold,100.0,2025-12-14,500.0
manual,2025-12-11,coffee_beans,7000.0,2025-12-14,8400.0
manual,2025-12-11,milk,64000.0,2025-12-12,3840.0
manual,2025-12-11,sugar,3000.0,2025-12-13,135.0
manual,2025-12-11,chocolate_syrup,500.0,2025-12-13,150.0
manual,2025-12-11,ice,13000.0,2025-12-12,130.0
manual,2025-12-11,croissant_dough,30.0,2025-12-12,1350.0
manual,2025-12-11,bread,80.0,2025-12-12,640.0
manual,2025-12-11,cup_hot,400.0,2025-12-15,1600.0
manual,2025-12-11,cup_cold,100.0,2025-12-15,500.0
manual,2025-12-12,coffee_beans,6000.0,2025-12-15,7200.0
manual,2025-12-12,milk,73000.0,2025-12-13,4380.0
manual,2025-12-12,sugar,3000.0,2025-12-14,135.0
manual,2025-12-12,chocolate_syrup,1000.0,2025-12-14,300.0
manual,2025-12-12,tea_leaves,500.0,2025-12-15,300.0
manual,2025-12-12,ice,8000.0,2025-12-13,80.0
manual,2025-12-12,croissant_dough,50.0,2025-12-13,2250.0
manual,2025-12-12,bread,80.0,2025-12-13,640.0
manual,2025-12-12,cup_hot,300.0,2025-12-16,1200.0
manual,2025-12-12,cup_cold,100.0,2025-12-16,500.0
manual,2025-12-13,coffee_beans,5000.0,2025-12-16,6000.0
manual,2025-12-13,milk,59000.0,2025-12-14,3540.0
manual,2025-12-13,sugar,3000.0,2025-12-15,135.0
manual,2025-12-13,chocolate_syrup,500.0,2025-12-15,150.0
manual,2025-12-13,ice,9000.0,2025-12-14,90.0
manual,2025-12-13,croissant_dough,50.0,2025-12-14,2250.0
manual,2025-12-13,bread,70.0,2025-12-14,560.0
manual,2025-12-13,cup_hot,300.0,2025-12-17,1200.0
manual,2025-12-14,coffee_beans,6000.0,2025-12-17,7200.0
manual,2025-12-14,milk,27000.0,2025-12-15,1620.0
manual,2025-12-14,ice,26000.0,2025-12-15,260.0
manual,2025-12-14,bread,40.0,2025-12-15,320.0
manual,2025-12-14,cup_cold,300.0,2025-12-18,1500.0
manual,2025-12-15,coffee_beans,6000.0,2025-12-18,7200.0
manual,2025-12-15,milk,61000.0,2025-12-16,3660.0
manual,2025-12-15,sugar,2000.0,2025-12-17,90.0
manual,2025-12-15,ice,8000.0,2025-12-16,80.0
manual,2025-12-15,croissant_dough,50.0,2025-12-16,2250.0
manual,2025-12-15,bread,90.0,2025-12-16,720.0
manual,2025-12-15,cup_cold,100.0,2025-12-19,500.0
manual,2025-12-16,coffee_beans,7000.0,2025-12-19,8400.0
manual,2025-12-16,milk,61000.0,2025-12-17,3660.0
manual,2025-12-16,sugar,3000.0,2025-12-18,135.0
manual,2025-12-16,ice,8000.0,2025-12-17,80.0
manual,2025-12-16,croissant_dough,40.0,2025-12-17,1800.0
manual,2025-12-16,bread,60.0,2025-12-17,480.0
manual,2025-12-16,cup_hot,200.0,2025-12-20,800.0
manual,2025-12-16,cup_cold,100.0,2025-12-20,500.0
manual,2025-12-17,coffee_beans,5000.0,2025-12-20,6000.0
manual,2025-12-17,milk,56000.0,2025-12-18,3360.0
manual,2025-12-17,sugar,3000.0,2025-12-19,135.0
manual,2025-12-17,ice,9000.0,2025-12-18,90.0
manual,2025-12-17,croissant_dough,40.0,2025-12-18,1800.0
manual,2025-12-17,bread,70.0,2025-12-18,560.0
manual,2025-12-17,cup_hot,300.0,2025-12-21,1200.0
manual,2025-12-17,cup_cold,100.0,2025-12-21,500.0
manual,2025-12-18,coffee_beans,6000.0,2025-12-21,7200.0
manual,2025-12-18,milk,57000.0,2025-12-19,3420.0
manual,2025-12-18,sugar,3000.0,2025-12-20,135.0
manual,2025-12-18,chocolate_syrup,500.0,2025-12-20,150.0
manual,2025-12-18,ice,12000.0,2025-12-19,120.0
manual,2025-12-18,croissant_dough,30.0,2025-12-19,1350.0
manual,2025-12-18,bread,70.0,2025-12-19,560.0
manual,2025-12-18,cup_hot,400.0,2025-12-22,1600.0
manual,2025-12-19,coffee_beans,6000.0,2025-12-22,7200.0
manual,2025-12-19,milk,54000.0,2025-12-20,3240.0
manual,2025-12-19,sugar,3000.0,2025-12-21,135.0
manual,2025-12-19,chocolate_syrup,500.0,2025-12-21,150.0
manual,2025-12-19,ice,13000.0,2025-12-20,130.0
manual,2025-12-19,croissant_dough,30.0,2025-12-20,1350.0
manual,2025-12-19,bread,90.0,2025-12-20,720.0
manual,2025-12-19,cup_hot,300.0,2025-12-23,1200.0
manual,2025-12-19,cup_cold,100.0,2025-12-23,500.0
manual,2025-12-20,coffee_beans,8000.0,2025-12-23,9600.0
manual,2025-12-20,milk,61000.0,2025-12-21,3660.0
manual,2025-12-20,sugar,4000.0,2025-12-22,180.0
manual,2025-12-20,chocolate_syrup,1000.0,2025-12-22,300.0
manual,2025-12-20,ice,12000.0,2025-12-21,120.0
manual,2025-12-20,croissant_dough,40.0,2025-12-21,1800.0
manual,2025-12-20,bread,100.0,2025-12-21,800.0
manual,2025-12-20,cup_hot,400.0,2025-12-24,1600.0
manual,2025-12-20,cup_cold,100.0,2025-12-24,500.0
manual,2025-12-21,coffee_beans,12000.0,2025-12-24,14400.0
manual,2025-12-21,milk,93000.0,2025-12-22,5580.0
manual,2025-12-21,sugar,6000.0,2025-12-23,270.0
manual,2025-12-21,chocolate_syrup,3000.0,2025-12-23,900.0
manual,2025-12-21,tea_leaves,500.0,2025-12-24,300.0
manual,2025-12-21,ice,10000.0,2025-12-22,100.0
manual,2025-12-21,croissant_dough,50.0,2025-12-22,2250.0
manual,2025-12-21,bread,90.0,2025-12-22,720.0
manual,2025-12-21,cup_hot,1000.0,2025-12-25,4000.0
manual,2025-12-21,cup_cold,100.0,2025-12-25,500.0
manual,2025-12-22,coffee_beans,7000.0,2025-12-25,8400.0
manual,2025-12-22,milk,59000.0,2025-12-23,3540.0
manual,2025-12-22,sugar,4000.0,2025-12-24,180.0
manual,2025-12-22,chocolate_syrup,1000.0,2025-12-24,300.0
manual,2025-12-22,tea_leaves,500.0,2025-12-25,300.0
manual,2025-12-22,ice,11000.0,2025-12-23,110.0
manual,2025-12-22,croissant_dough,40.0,2025-12-23,1800.0
manual,2025-12-22,bread,100.0,2025-12-23,800.0
manual,2025-12-22,cup_hot,300.0,2025-12-26,1200.0
manual,2025-12-22,cup_cold,100.0,2025-12-26,500.0
manual,2025-12-23,coffee_beans,8000.0,2025-12-26,9600.0
manual,2025-12-23,milk,66000.0,2025-12-24,3960.0
manual,2025-12-23,sugar,3000.0,2025-12-25,135.0
manual,2025-12-23,chocolate_syrup,1500.0,2025-12-25,450.0
manual,2025-12-23,ice,11000.0,2025-12-24,110.0
manual,2025-12-23,croissant_dough,50.0,2025-12-24,2250.0
manual,2025-12-23,bread,60.0,2025-12-24,480.0
manual,2025-12-23,cup_hot,500.0,2025-12-27,2000.0
manual,2025-12-23,cup_cold,100.0,2025-12-27,500.0
manual,2025-12-24,coffee_beans,5000.0,2025-12-27,6000.0
manual,2025-12-24,milk,53000.0,2025-12-25,3180.0
manual,2025-12-24,sugar,3000.0,2025-12-26,135.0
manual,2025-12-24,chocolate_syrup,1000.0,2025-12-26,300.0
manual,2025-12-24,tea_leaves,500.0,2025-12-27,300.0
manual,2025-12-24,ice,7000.0,2025-12-25,70.0
manual,2025-12-24,croissant_dough,50.0,2025-12-25,2250.0
manual,2025-12-24,bread,90.0,2025-12-25,720.0
manual,2025-12-24,cup_hot,300.0,2025-12-28,1200.0
manual,2025-12-25,coffee_beans,7000.0,2025-12-28,8400.0
manual,2025-12-25,milk,65000.0,2025-12-26,3900.0
manual,2025-12-25,sugar,4000.0,2025-12-27,180.0
manual,2025-12-25,chocolate_syrup,1500.0,2025-12-27,450.0
manual,2025-12-25,ice,12000.0,2025-12-26,120.0
manual,2025-12-25,croissant_dough,30.0,2025-12-26,1350.0
manual,2025-12-25,bread,100.0,2025-12-26,800.0
manual,2025-12-25,cup_hot,400.0,2025-12-29,1600.0
manual,2025-12-25,cup_cold,100.0,2025-12-29,500.0
manual,2025-12-26,coffee_beans,5000.0,2025-12-29,6000.0
manual,2025-12-26,milk,48000.0,2025-12-27,2880.0
manual,2025-12-26,sugar,3000.0,2025-12-28,135.0
manual,2025-12-26,chocolate_syrup,1000.0,2025-12-28,300.0
manual,2025-12-26,tea_leaves,500.0,2025-12-29,300.0
manual,2025-12-26,ice,9000.0,2025-12-27,90.0
manual,2025-12-26,croissant_dough,40.0,2025-12-27,1800.0
manual,2025-12-26,bread,60.0,2025-12-27,480.0
manual,2025-12-26,cup_hot,300.0,2025-12-30,1200.0
manual,2025-12-26,cup_cold,100.0,2025-12-30,500.0
manual,2025-12-27,coffee_beans,7000.0,2025-12-30,8400.0
manual,2025-12-27,milk,63000.0,2025-12-28,3780.0
manual,2025-12-27,sugar,3000.0,2025-12-29,135.0
manual,2025-12-27,chocolate_syrup,1000.0,2025-12-29,300.0
manual,2025-12-27,ice,12000.0,2025-12-28,120.0
manual,2025-12-27,croissant_dough,40.0,2025-12-28,1800.0
manual,2025-12-27,bread,70.0,2025-12-28,560.0
manual,2025-12-27,cup_hot,400.0,2025-12-31,1600.0
manual,2025-12-27,cup_cold,100.0,2025-12-31,500.0
manual,2025-12-28,coffee_beans,11000.0,2025-12-31,13200.0
manual,2025-12-28,milk,97000.0,2025-12-29,5820.0
manual,2025-12-28,sugar,6000.0,2025-12-30,270.0
manual,2025-12-28,chocolate_syrup,5000.0,2025-12-30,1500.0
manual,2025-12-28,tea_leaves,500.0,2025-12-31,300.0
manual,2025-12-28,ice,12000.0,2025-12-29,120.0
manual,2025-12-28,croissant_dough,60.0,2025-12-29,2700.0
manual,2025-12-28,bread,90.0,2025-12-29,720.0
manual,2025-12-28,cup_hot,800.0,2026-01-01,3200.0
manual,2025-12-28,cup_cold,100.0,2026-01-01,500.0
manual,2025-12-29,coffee_beans,8000.0,2026-01-01,9600.0
manual,2025-12-29,milk,83000.0,2025-12-30,4980.0
manual,2025-12-29,sugar,4000.0,2025-12-31,180.0
manual,2025-12-29,chocolate_syrup,2000.0,2025-12-31,600.0
manual,2025-12-29,tea_leaves,500.0,2026-01-01,300.0
manual,2025-12-29,ice,14000.0,2025-12-30,140.0
manual,2025-12-29,croissant_dough,50.0,2025-12-30,2250.0
manual,2025-12-29,bread,110.0,2025-12-30,880.0
manual,2025-12-29,cup_hot,500.0,2026-01-02,2000.0
manual,2025-12-29,cup_cold,100.0,2026-01-02,500.0
manual,2025-12-30,coffee_beans,7000.0,2026-01-02,8400.0
manual,2025-12-30,milk,57000.0,2025-12-31,3420.0
manual,2025-12-30,sugar,3000.0,2026-01-01,135.0
manual,2025-12-30,chocolate_syrup,500.0,2026-01-01,150.0
manual,2025-12-30,ice,8000.0,2025-12-31,80.0
manual,2025-12-30,croissant_dough,30.0,2025-12-31,1350.0
manual,2025-12-30,bread,80.0,2025-12-31,640.0
manual,2025-12-30,cup_hot,400.0,2026-01-03,1600.0
manual,2025-12-30,cup_cold,100.0,2026-01-03,500.0
manual,2025-12-31,coffee_beans,9000.0,2026-01-03,10800.0
manual,2025-12-31,milk,90000.0,2026-01-01,5400.0
manual,2025-12-31,sugar,5000.0,2026-01-02,225.0
manual,2025-12-31,chocolate_syrup,1500.0,2026-01-02,450.0
manual,2025-12-31,tea_leaves,500.0,2026-01-03,300.0
manual,2025-12-31,ice,20000.0,2026-01-01,200.0
manual,2025-12-31,croissant_dough,50.0,2026-01-01,2250.0
manual,2025-12-31,bread,110.0,2026-01-01,880.0
manual,2025-12-31,cup_hot,400.0,2026-01-04,1600.0
manual,2025-12-31,cup_cold,200.0,2026-01-04,1000.0
seasonal_naive,2025-07-20,coffee_beans,52000.0,2025-07-23,62400.0
seasonal_naive,2025-07-20,milk,54000.0,2025-07-21,3240.0
seasonal_naive,2025-07-20,sugar,24000.0,2025-07-22,1080.0
seasonal_naive,2025-07-20,chocolate_syrup,8500.0,2025-07-22,2550.0
seasonal_naive,2025-07-20,tea_leaves,2500.0,2025-07-23,1500.0
seasonal_naive,2025-07-20,ice,43000.0,2025-07-21,430.0
seasonal_naive,2025-07-20,croissant_dough,30.0,2025-07-21,1350.0
seasonal_naive,2025-07-20,bread,60.0,2025-07-21,480.0
seasonal_naive,2025-07-20,cup_hot,3100.0,2025-07-24,12400.0
seasonal_naive,2025-07-20,cup_cold,800.0,2025-07-24,4000.0
seasonal_naive,2025-07-21,milk,45000.0,2025-07-22,2700.0
seasonal_naive,2025-07-21,ice,10000.0,2025-07-22,100.0
seasonal_naive,2025-07-21,croissant_dough,30.0,2025-07-22,1350.0
seasonal_naive,2025-07-21,bread,80.0,2025-07-22,640.0
seasonal_naive,2025-07-21,cup_hot,400.0,2025-07-25,1600.0
seasonal_naive,2025-07-21,cup_cold,100.0,2025-07-25,500.0
seasonal_naive,2025-07-22,coffee_beans,12000.0,2025-07-25,14400.0
seasonal_naive,2025-07-22,milk,70000.0,2025-07-23,4200.0
seasonal_naive,2025-07-22,sugar,6000.0,2025-07-24,270.0
seasonal_naive,2025-07-22,chocolate_syrup,2000.0,2025-07-24,600.0
seasonal_naive,2025-07-22,ice,10000.0,2025-07-23,100.0
seasonal_naive,2025-07-22,bread,90.0,2025-07-23,720.0
seasonal_naive,2025-07-22,cup_hot,500.0,2025-07-26,2000.0
seasonal_naive,2025-07-22,cup_cold,100.0,2025-07-26,500.0
seasonal_naive,2025-07-23,coffee_beans,8000.0,2025-07-26,9600.0
seasonal_naive,2025-07-23,milk,66000.0,2025-07-24,3960.0
seasonal_naive,2025-07-23,sugar,3000.0,2025-07-25,135.0
seasonal_naive,2025-07-23,tea_leaves,1000.0,2025-07-26,600.0
seasonal_naive,2025-07-23,ice,7000.0,2025-07-24,70.0
seasonal_naive,2025-07-23,croissant_dough,40.0,2025-07-24,1800.0
seasonal_naive,2025-07-23,bread,60.0,2025-07-24,480.0
seasonal_naive,2025-07-23,cup_hot,400.0,2025-07-27,1600.0
seasonal_naive,2025-07-23,cup_cold,100.0,2025-07-27,500.0
seasonal_naive,2025-07-24,milk,38000.0,2025-07-25,2280.0
seasonal_naive,2025-07-24,ice,6000.0,2025-07-25,60.0
seasonal_naive,2025-07-24,croissant_dough,30.0,2025-07-25,1350.0
seasonal_naive,2025-07-24,bread,120.0,2025-07-25,960.0
seasonal_naive,2025-07-25,coffee_beans,9000.0,2025-07-28,10800.0
seasonal_naive,2025-07-25,milk,48000.0,2025-07-26,2880.0
seasonal_naive,2025-07-25,sugar,4000.0,2025-07-27,180.0
seasonal_naive,2025-07-25,chocolate_syrup,2000.0,2025-07-27,600.0
seasonal_naive,2025-07-25,ice,5000.0,2025-07-26,50.0
seasonal_naive,2025-07-25,croissant_dough,50.0,2025-07-26,2250.0
seasonal_naive,2025-07-25,bread,80.0,2025-07-26,640.0
seasonal_naive,2025-07-25,cup_hot,700.0,2025-07-29,2800.0
seasonal_naive,2025-07-26,milk,44000.0,2025-07-27,2640.0
seasonal_naive,2025-07-26,sugar,4000.0,2025-07-28,180.0
seasonal_naive,2025-07-26,ice,11000.0,2025-07-27,110.0
seasonal_naive,2025-07-26,croissant_dough,40.0,2025-07-27,1800.0
seasonal_naive,2025-07-26,bread,10.0,2025-07-27,80.0
seasonal_naive,2025-07-26,cup_cold,200.0,2025-07-30,1000.0
seasonal_naive,2025-07-27,milk,32000.0,2025-07-28,1920.0
seasonal_naive,2025-07-27,chocolate_syrup,2500.0,2025-07-29,750.0
seasonal_naive,2025-07-27,tea_leaves,500.0,2025-07-30,300.0
seasonal_naive,2025-07-27,ice,1000.0,2025-07-28,10.0
seasonal_naive,2025-07-27,bread,60.0,2025-07-28,480.0
seasonal_naive,2025-07-28,coffee_beans,10000.0,2025-07-31,12000.0
seasonal_naive,2025-07-28,milk,64000.0,2025-07-29,3840.0
seasonal_naive,2025-07-28,chocolate_syrup,1500.0,2025-07-30,450.0
seasonal_naive,2025-07-28,tea_leaves,500.0,2025-07-31,300.0
seasonal_naive,2025-07-28,ice,10000.0,2025-07-29,100.0
seasonal_naive,2025-07-28,croissant_dough,20.0,2025-07-29,900.0
seasonal_naive,2025-07-28,bread,80.0,2025-07-29,640.0
seasonal_naive,2025-07-28,cup_hot,900.0,2025-08-01,3600.0
seasonal_naive,2025-07-29,milk,56000.0,2025-07-30,3360.0
seasonal_naive,2025-07-29,sugar,5000.0,2025-07-31,225.0
seasonal_naive,2025-07-29,ice,14000.0,2025-07-30,140.0
seasonal_naive,2025-07-29,croissant_dough,20.0,2025-07-30,900.0
seasonal_naive,2025-07-29,bread,90.0,2025-07-30,720.0
seasonal_naive,2025-07-30,coffee_beans,13000.0,2025-08-02,15600.0
seasonal_naive,2025-07-30,milk,86000.0,2025-07-31,5160.0
seasonal_naive,2025-07-30,sugar,3000.0,2025-08-01,135.0
seasonal_naive,2025-07-30,chocolate_syrup,2000.0,2025-08-01,600.0
seasonal_naive,2025-07-30,tea_leaves,1000.0,2025-08-02,600.0
seasonal_naive,2025-07-30,ice,7000.0,2025-07-31,70.0
seasonal_naive,2025-07-30,croissant_dough,40.0,2025-07-31,1800.0
seasonal_naive,2025-07-30,bread,50.0,2025-07-31,400.0
seasonal_naive,2025-07-30,cup_hot,900.0,2025-08-03,3600.0
seasonal_naive,2025-07-30,cup_cold,200.0,2025-08-03,1000.0
seasonal_naive,2025-07-31,coffee_beans,8000.0,2025-08-03,9600.0
seasonal_naive,2025-07-31,milk,61000.0,2025-08-01,3660.0
seasonal_naive,2025-07-31,sugar,4000.0,2025-08-02,180.0
seasonal_naive,2025-07-31,ice,9000.0,2025-08-01,90.0
seasonal_naive,2025-07-31,croissant_dough,20.0,2025-08-01,900.0
seasonal_naive,2025-07-31,bread,60.0,2025-08-01,480.0
seasonal_naive,2025-08-01,coffee_beans,8000.0,2025-08-04,9600.0
seasonal_naive,2025-08-01,milk,84000.0,2025-08-02,5040.0
seasonal_naive,2025-08-01,sugar,5000.0,2025-08-03,225.0
seasonal_naive,2025-08-01,chocolate_syrup,3500.0,2025-08-03,1050.0
seasonal_naive,2025-08-01,ice,11000.0,2025-08-02,110.0
seasonal_naive,2025-08-01,croissant_dough,40.0,2025-08-02,1800.0
seasonal_naive,2025-08-01,bread,70.0,2025-08-02,560.0
seasonal_naive,2025-08-01,cup_hot,700.0,2025-08-05,2800.0
seasonal_naive,2025-08-01,cup_cold,300.0,2025-08-05,1500.0
seasonal_naive,2025-08-02,coffee_beans,7000.0,2025-08-05,8400.0
seasonal_naive,2025-08-02,milk,54000.0,2025-08-03,3240.0
seasonal_naive,2025-08-02,sugar,4000.0,2025-08-04,180.0
seasonal_naive,2025-08-02,tea_leaves,500.0,2025-08-05,300.0
seasonal_naive,2025-08-02,ice,12000.0,2025-08-03,120.0
seasonal_naive,2025-08-02,croissant_dough,20.0,2025-08-03,900.0
seasonal_naive,2025-08-02,bread,110.0,2025-08-03,880.0
seasonal_naive,2025-08-02,cup_hot,400.0,2025-08-06,1600.0
seasonal_naive,2025-08-03,coffee_beans,16000.0,2025-08-06,19200.0
seasonal_naive,2025-08-03,milk,77000.0,2025-08-04,4620.0
seasonal_naive,2025-08-03,sugar,7000.0,2025-08-05,315.0
seasonal_naive,2025-08-03,chocolate_syrup,1500.0,2025-08-05,450.0
seasonal_naive,2025-08-03,ice,27000.0,2025-08-04,270.0
seasonal_naive,2025-08-03,croissant_dough,20.0,2025-08-04,900.0
seasonal_naive,2025-08-03,bread,40.0,2025-08-04,320.0
seasonal_naive,2025-08-03,cup_hot,700.0,2025-08-07,2800.0
seasonal_naive,2025-08-03,cup_cold,300.0,2025-08-07,1500.0
seasonal_naive,2025-08-04,milk,75000.0,2025-08-05,4500.0
seasonal_naive,2025-08-04,sugar,4000.0,2025-08-06,180.0
seasonal_naive,2025-08-04,ice,19000.0,2025-08-05,190.0
seasonal_naive,2025-08-04,croissant_dough,30.0,2025-08-05,1350.0
seasonal_naive,2025-08-04,bread,90.0,2025-08-05,720.0
seasonal_naive,2025-08-05,coffee_beans,13000.0,2025-08-08,15600.0
seasonal_naive,2025-08-05,milk,75000.0,2025-08-06,4500.0
seasonal_naive,2025-08-05,sugar,3000.0,2025-08-07,135.0
seasonal_naive,2025-08-05,chocolate_syrup,2500.0,2025-08-07,750.0
seasonal_naive,2025-08-05,tea_leaves,1000.0,2025-08-08,600.0
seasonal_naive,2025-08-05,ice,8000.0,2025-08-06,80.0
seasonal_naive,2025-08-05,croissant_dough,30.0,2025-08-06,1350.0
seasonal_naive,2025-08-05,bread,80.0,2025-08-06,640.0
seasonal_naive,2025-08-05,cup_hot,800.0,2025-08-09,3200.0
seasonal_naive,2025-08-05,cup_cold,300.0,2025-08-09,1500.0
seasonal_naive,2025-08-06,milk,50000.0,2025-08-07,3000.0
seasonal_naive,2025-08-06,sugar,3000.0,2025-08-08,135.0
seasonal_naive,2025-08-06,ice,9000.0,2025-08-07,90.0
seasonal_naive,2025-08-06,croissant_dough,40.0,2025-08-07,1800.0
seasonal_naive,2025-08-06,bread,30.0,2025-08-07,240.0
seasonal_naive,2025-08-07,coffee_beans,13000.0,2025-08-10,15600.0
seasonal_naive,2025-08-07,milk,90000.0,2025-08-08,5400.0
seasonal_naive,2025-08-07,sugar,5000.0,2025-08-09,225.0
seasonal_naive,2025-08-07,chocolate_syrup,2000.0,2025-08-09,600.0
seasonal_naive,2025-08-07,ice,10000.0,2025-08-08,100.0
seasonal_naive,2025-08-07,croissant_dough,50.0,2025-08-08,2250.0
seasonal_naive,2025-08-07,bread,70.0,2025-08-08,560.0
seasonal_naive,2025-08-07,cup_hot,800.0,2025-08-11,3200.0
seasonal_naive,2025-08-08,coffee_beans,6000.0,2025-08-11,7200.0
seasonal_naive,2025-08-08,milk,27000.0,2025-08-09,1620.0
seasonal_naive,2025-08-08,tea_leaves,500.0,2025-08-11,300.0
seasonal_naive,2025-08-08,ice,11000.0,2025-08-09,110.0
seasonal_naive,2025-08-08,croissant_dough,30.0,2025-08-09,1350.0
seasonal_naive,2025-08-08,bread,90.0,2025-08-09,720.0
seasonal_naive,2025-08-08,cup_cold,200.0,2025-08-12,1000.0
seasonal_naive,2025-08-09,milk,50000.0,2025-08-10,3000.0
seasonal_naive,2025-08-09,sugar,6000.0,2025-08-11,270.0
seasonal_naive,2025-08-09,chocolate_syrup,2500.0,2025-08-11,750.0
seasonal_naive,2025-08-09,ice,11000.0,2025-08-10,110.0
seasonal_naive,2025-08-09,croissant_dough,20.0,2025-08-10,900.0
seasonal_naive,2025-08-09,bread,70.0,2025-08-10,560.0
seasonal_naive,2025-08-09,cup_hot,500.0,2025-08-13,2000.0
seasonal_naive,2025-08-10,milk,67000.0,2025-08-11,4020.0
seasonal_naive,2025-08-10,chocolate_syrup,3000.0,2025-08-12,900.0
seasonal_naive,2025-08-10,ice,12000.0,2025-08-11,120.0
seasonal_naive,2025-08-10,croissant_dough,30.0,2025-08-11,1350.0
seasonal_naive,2025-08-10,bread,80.0,2025-08-11,640.0
seasonal_naive,2025-08-10,cup_cold,200.0,2025-08-14,1000.0
seasonal_naive,2025-08-11,coffee_beans,9000.0,2025-08-14,10800.0
seasonal_naive,2025-08-11,milk,34000.0,2025-08-12,2040.0
seasonal_naive,2025-08-11,sugar,4000.0,2025-08-13,180.0
seasonal_naive,2025-08-11,tea_leaves,500.0,2025-08-14,300.0
seasonal_naive,2025-08-11,ice,11000.0,2025-08-12,110.0
seasonal_naive,2025-08-11,croissant_dough,20.0,2025-08-12,900.0
seasonal_naive,2025-08-11,bread,50.0,2025-08-12,400.0
seasonal_naive,2025-08-12,coffee_beans,8000.0,2025-08-15,9600.0
seasonal_naive,2025-08-12,milk,83000.0,2025-08-13,4980.0
seasonal_naive,2025-08-12,sugar,5000.0,2025-08-14,225.0
seasonal_naive,2025-08-12,chocolate_syrup,2000.0,2025-08-14,600.0
seasonal_naive,2025-08-12,ice,6000.0,2025-08-13,60.0
seasonal_naive,2025-08-12,croissant_dough,30.0,2025-08-13,1350.0
seasonal_naive,2025-08-12,bread,50.0,2025-08-13,400.0
seasonal_naive,2025-08-12,cup_hot,800.0,2025-08-16,3200.0
seasonal_naive,2025-08-13,coffee_beans,7000.0,2025-08-16,8400.0
seasonal_naive,2025-08-13,milk,80000.0,2025-08-14,4800.0
seasonal_naive,2025-08-13,sugar,3000.0,2025-08-15,135.0
seasonal_naive,2025-08-13,tea_leaves,1000.0,2025-08-16,600.0
seasonal_naive,2025-08-13,ice,8000.0,2025-08-14,80.0
seasonal_naive,2025-08-13,croissant_dough,10.0,2025-08-14,450.0
seasonal_naive,2025-08-13,bread,50.0,2025-08-14,400.0
seasonal_naive,2025-08-13,cup_hot,500.0,2025-08-17,2000.0
seasonal_naive,2025-08-13,cup_cold,200.0,2025-08-17,1000.0
seasonal_naive,2025-08-14,coffee_beans,6000.0,2025-08-17,7200.0
seasonal_naive,2025-08-14,milk,78000.0,2025-08-15,4680.0
seasonal_naive,2025-08-14,sugar,3000.0,2025-08-16,135.0
seasonal_naive,2025-08-14,chocolate_syrup,2000.0,2025-08-16,600.0
seasonal_naive,2025-08-14,ice,8000.0,2025-08-15,80.0
seasonal_naive,2025-08-14,croissant_dough,30.0,2025-08-15,1350.0
seasonal_naive,2025-08-14,bread,70.0,2025-08-15,560.0
seasonal_naive,2025-08-14,cup_hot,500.0,2025-08-18,2000.0
seasonal_naive,2025-08-14,cup_cold,200.0,2025-08-18,1000.0
seasonal_naive,2025-08-15,coffee_beans,11000.0,2025-08-18,13200.0
seasonal_naive,2025-08-15,milk,77000.0,2025-08-16,4620.0
seasonal_naive,2025-08-15,sugar,6000.0,2025-08-17,270.0
seasonal_naive,2025-08-15,chocolate_syrup,4000.0,2025-08-17,1200.0
seasonal_naive,2025-08-15,tea_leaves,1000.0,2025-08-18,600.0
seasonal_naive,2025-08-15,ice,9000.0,2025-08-16,90.0
seasonal_naive,2025-08-15,croissant_dough,40.0,2025-08-16,1800.0
seasonal_naive,2025-08-15,bread,90.0,2025-08-16,720.0
seasonal_naive,2025-08-15,cup_hot,600.0,2025-08-19,2400.0
seasonal_naive,2025-08-16,milk,53000.0,2025-08-17,3180.0
seasonal_naive,2025-08-16,sugar,5000.0,2025-08-18,225.0
seasonal_naive,2025-08-16,chocolate_syrup,1500.0,2025-08-18,450.0
seasonal_naive,2025-08-16,ice,11000.0,2025-08-17,110.0
seasonal_naive,2025-08-16,croissant_dough,70.0,2025-08-17,3150.0
seasonal_naive,2025-08-16,bread,100.0,2025-08-17,800.0
seasonal_naive,2025-08-17,coffee_beans,13000.0,2025-08-20,15600.0
seasonal_naive,2025-08-17,milk,67000.0,2025-08-18,4020.0
seasonal_naive,2025-08-17,sugar,4000.0,2025-08-19,180.0
seasonal_naive,2025-08-17,tea_leaves,1000.0,2025-08-20,600.0
seasonal_naive,2025-08-17,bread,50.0,2025-08-18,400.0
seasonal_naive,2025-08-17,cup_hot,1200.0,2025-08-21,4800.0
seasonal_naive,2025-08-18,coffee_beans,9000.0,2025-08-21,10800.0
seasonal_naive,2025-08-18,milk,94000.0,2025-08-19,5640.0
seasonal_naive,2025-08-18,sugar,5000.0,2025-08-20,225.0
seasonal_naive,2025-08-18,chocolate_syrup,1500.0,2025-08-20,450.0
seasonal_naive,2025-08-18,tea_leaves,1000.0,2025-08-21,600.0
seasonal_naive,2025-08-18,ice,14000.0,2025-08-19,140.0
seasonal_naive,2025-08-18,croissant_dough,30.0,2025-08-19,1350.0
seasonal_naive,2025-08-18,bread,100.0,2025-08-19,800.0
seasonal_naive,2025-08-18,cup_hot,800.0,2025-08-22,3200.0
seasonal_naive,2025-08-19,coffee_beans,7000.0,2025-08-22,8400.0
seasonal_naive,2025-08-19,milk,54000.0,2025-08-20,3240.0
seasonal_naive,2025-08-19,sugar,2000.0,2025-08-21,90.0
seasonal_naive,2025-08-19,ice,6000.0,2025-08-20,60.0
seasonal_naive,2025-08-19,croissant_dough,40.0,2025-08-20,1800.0
seasonal_naive,2025-08-19,bread,100.0,2025-08-20,800.0
seasonal_naive,2025-08-20,milk,56000.0,2025-08-21,3360.0
seasonal_naive,2025-08-20,sugar,4000.0,2025-08-22,180.0
seasonal_naive,2025-08-20,chocolate_syrup,2000.0,2025-08-22,600.0
seasonal_naive,2025-08-20,tea_leaves,500.0,2025-08-23,300.0
seasonal_naive,2025-08-20,ice,6000.0,2025-08-21,60.0
seasonal_naive,2025-08-20,croissant_dough,30.0,2025-08-21,1350.0
seasonal_naive,2025-08-20,bread,50.0,2025-08-21,400.0
seasonal_naive,2025-08-20,cup_hot,500.0,2025-08-24,2000.0
seasonal_naive,2025-08-20,cup_cold,200.0,2025-08-24,1000.0
seasonal_naive,2025-08-21,coffee_beans,9000.0,2025-08-24,10800.0
seasonal_naive,2025-08-21,milk,48000.0,2025-08-22,2880.0
seasonal_naive,2025-08-21,ice,10000.0,2025-08-22,100.0
seasonal_naive,2025-08-21,croissant_dough,20.0,2025-08-22,900.0
seasonal_naive,2025-08-21,bread,30.0,2025-08-22,240.0
seasonal_naive,2025-08-22,coffee_beans,5000.0,2025-08-25,6000.0
seasonal_naive,2025-08-22,milk,51000.0,2025-08-23,3060.0
seasonal_naive,2025-08-22,sugar,5000.0,2025-08-24,225.0
seasonal_naive,2025-08-22,chocolate_syrup,2000.0,2025-08-24,600.0
seasonal_naive,2025-08-22,ice,8000.0,2025-08-23,80.0
seasonal_naive,2025-08-22,croissant_dough,20.0,2025-08-23,900.0
seasonal_naive,2025-08-22,bread,120.0,2025-08-23,960.0
seasonal_naive,2025-08-22,cup_hot,600.0,2025-08-26,2400.0
seasonal_naive,2025-08-23,coffee_beans,8000.0,2025-08-26,9600.0
seasonal_naive,2025-08-23,milk,56000.0,2025-08-24,3360.0
seasonal_naive,2025-08-23,sugar,3000.0,2025-08-25,135.0
seasonal_naive,2025-08-23,tea_leaves,500.0,2025-08-26,300.0
seasonal_naive,2025-08-23,ice,9000.0,2025-08-24,90.0
seasonal_naive,2025-08-23,croissant_dough,40.0,2025-08-24,1800.0
seasonal_naive,2025-08-23,bread,90.0,2025-08-24,720.0
seasonal_naive,2025-08-23,cup_hot,400.0,2025-08-27,1600.0
seasonal_naive,2025-08-23,cup_cold,200.0,2025-08-27,1000.0
seasonal_naive,2025-08-24,milk,34000.0,2025-08-25,2040.0
seasonal_naive,2025-08-24,ice,5000.0,2025-08-25,50.0
seasonal_naive,2025-08-24,croissant_dough,30.0,2025-08-25,1350.0
seasonal_naive,2025-08-24,bread,120.0,2025-08-25,960.0
seasonal_naive,2025-08-25,coffee_beans,5000.0,2025-08-28,6000.0
seasonal_naive,2025-08-25,milk,15000.0,2025-08-26,900.0
seasonal_naive,2025-08-25,ice,9000.0,2025-08-26,90.0
seasonal_naive,2025-08-25,croissant_dough,40.0,2025-08-26,1800.0
seasonal_naive,2025-08-25,bread,40.0,2025-08-26,320.0
seasonal_naive,2025-08-26,coffee_beans,5000.0,2025-08-29,6000.0
seasonal_naive,2025-08-26,milk,49000.0,2025-08-27,2940.0
seasonal_naive,2025-08-26,sugar,3000.0,2025-08-28,135.0
seasonal_naive,2025-08-26,ice,6000.0,2025-08-27,60.0
seasonal_naive,2025-08-26,croissant_dough,30.0,2025-08-27,1350.0
seasonal_naive,2025-08-26,bread,20.0,2025-08-27,160.0
seasonal_naive,2025-08-26,cup_hot,600.0,2025-08-30,2400.0
seasonal_naive,2025-08-27,coffee_beans,8000.0,2025-08-30,9600.0
seasonal_naive,2025-08-27,milk,87000.0,2025-08-28,5220.0
seasonal_naive,2025-08-27,sugar,4000.0,2025-08-29,180.0
seasonal_naive,2025-08-27,chocolate_syrup,3000.0,2025-08-29,900.0
seasonal_naive,2025-08-27,tea_leaves,500.0,2025-08-30,300.0
seasonal_naive,2025-08-27,ice,9000.0,2025-08-28,90.0
seasonal_naive,2025-08-27,croissant_dough,30.0,2025-08-28,1350.0
seasonal_naive,2025-08-27,bread,80.0,2025-08-28,640.0
seasonal_naive,2025-08-27,cup_hot,500.0,2025-08-31,2000.0
seasonal_naive,2025-08-27,cup_cold,200.0,2025-08-31,1000.0
seasonal_naive,2025-08-28,coffee_beans,8000.0,2025-08-31,9600.0
seasonal_naive,2025-08-28,milk,96000.0,2025-08-29,5760.0
seasonal_naive,2025-08-28,sugar,4000.0,2025-08-30,180.0
seasonal_naive,2025-08-28,ice,9000.0,2025-08-29,90.0
seasonal_naive,2025-08-28,croissant_dough,50.0,2025-08-29,2250.0
seasonal_naive,2025-08-28,bread,60.0,2025-08-29,480.0
seasonal_naive,2025-08-28,cup_hot,700.0,2025-09-01,2800.0
seasonal_naive,2025-08-29,coffee_beans,10000.0,2025-09-01,12000.0
seasonal_naive,2025-08-29,milk,69000.0,2025-08-30,4140.0
seasonal_naive,2025-08-29,sugar,4000.0,2025-08-31,180.0
seasonal_naive,2025-08-29,chocolate_syrup,2000.0,2025-08-31,600.0
seasonal_naive,2025-08-29,tea_leaves,1000.0,2025-09-01,600.0
seasonal_naive,2025-08-29,ice,7000.0,2025-08-30,70.0
seasonal_naive,2025-08-29,croissant_dough,30.0,2025-08-30,1350.0
seasonal_naive,2025-08-29,bread,120.0,2025-08-30,960.0
seasonal_naive,2025-08-29,cup_hot,500.0,2025-09-02,2000.0
seasonal_naive,2025-08-30,coffee_beans,9000.0,2025-09-02,10800.0
seasonal_naive,2025-08-30,milk,56000.0,2025-08-31,3360.0
seasonal_naive,2025-08-30,sugar,6000.0,2025-09-01,270.0
seasonal_naive,2025-08-30,chocolate_syrup,2000.0,2025-09-01,600.0
seasonal_naive,2025-08-30,ice,10000.0,2025-08-31,100.0
seasonal_naive,2025-08-30,croissant_dough,50.0,2025-08-31,2250.0
seasonal_naive,2025-08-30,bread,110.0,2025-08-31,880.0
seasonal_naive,2025-08-30,cup_cold,200.0,2025-09-03,1000.0
seasonal_naive,2025-08-31,coffee_beans,8000.0,2025-09-03,9600.0
seasonal_naive,2025-08-31,milk,28000.0,2025-09-01,1680.0
seasonal_naive,2025-08-31,ice,24000.0,2025-09-01,240.0
seasonal_naive,2025-08-31,croissant_dough,10.0,2025-09-01,450.0
seasonal_naive,2025-08-31,cup_hot,700.0,2025-09-04,2800.0
seasonal_naive,2025-08-31,cup_cold,200.0,2025-09-04,1000.0
seasonal_naive,2025-09-01,coffee_beans,9000.0,2025-09-04,10800.0
seasonal_naive,2025-09-01,milk,94000.0,2025-09-02,5640.0
seasonal_naive,2025-09-01,sugar,7000.0,2025-09-03,315.0
seasonal_naive,2025-09-01,chocolate_syrup,2500.0,2025-09-03,750.0
seasonal_naive,2025-09-01,ice,15000.0,2025-09-02,150.0
seasonal_naive,2025-09-01,croissant_dough,20.0,2025-09-02,900.0
seasonal_naive,2025-09-01,bread,110.0,2025-09-02,880.0
seasonal_naive,2025-09-01,cup_hot,600.0,2025-09-05,2400.0
seasonal_naive,2025-09-02,coffee_beans,9000.0,2025-09-05,10800.0
seasonal_naive,2025-09-02,milk,81000.0,2025-09-03,4860.0
seasonal_naive,2025-09-02,sugar,4000.0,2025-09-04,180.0
seasonal_naive,2025-09-02,tea_leaves,1500.0,2025-09-05,900.0
seasonal_naive,2025-09-02,ice,9000.0,2025-09-03,90.0
seasonal_naive,2025-09-02,croissant_dough,30.0,2025-09-03,1350.0
seasonal_naive,2025-09-02,bread,30.0,2025-09-03,240.0
seasonal_naive,2025-09-02,cup_hot,600.0,2025-09-06,2400.0
seasonal_naive,2025-09-02,cup_cold,200.0,2025-09-06,1000.0
seasonal_naive,2025-09-03,coffee_beans,7000.0,2025-09-06,8400.0
seasonal_naive,2025-09-03,milk,82000.0,2025-09-04,4920.0
seasonal_naive,2025-09-03,sugar,3000.0,2025-09-05,135.0
seasonal_naive,2025-09-03,chocolate_syrup,2000.0,2025-09-05,600.0
seasonal_naive,2025-09-03,ice,7000.0,2025-09-04,70.0
seasonal_naive,2025-09-03,croissant_dough,30.0,2025-09-04,1350.0
seasonal_naive,2025-09-03,bread,80.0,2025-09-04,640.0
seasonal_naive,2025-09-03,cup_hot,600.0,2025-09-07,2400.0
seasonal_naive,2025-09-03,cup_cold,100.0,2025-09-07,500.0
seasonal_naive,2025-09-04,coffee_beans,10000.0,2025-09-07,12000.0
seasonal_naive,2025-09-04,milk,80000.0,2025-09-05,4800.0
seasonal_naive,2025-09-04,sugar,5000.0,2025-09-06,225.0
seasonal_naive,2025-09-04,chocolate_syrup,1500.0,2025-09-06,450.0
seasonal_naive,2025-09-04,tea_leaves,1000.0,2025-09-07,600.0
seasonal_naive,2025-09-04,ice,10000.0,2025-09-05,100.0
seasonal_naive,2025-09-04,croissant_dough,40.0,2025-09-05,1800.0
seasonal_naive,2025-09-04,bread,80.0,2025-09-05,640.0
seasonal_naive,2025-09-05,coffee_beans,7000.0,2025-09-08,8400.0
seasonal_naive,2025-09-05,milk,66000.0,2025-09-06,3960.0
seasonal_naive,2025-09-05,sugar,6000.0,2025-09-07,270.0
seasonal_naive,2025-09-05,chocolate_syrup,2500.0,2025-09-07,750.0
seasonal_naive,2025-09-05,ice,10000.0,2025-09-06,100.0
seasonal_naive,2025-09-05,croissant_dough,60.0,2025-09-06,2700.0
seasonal_naive,2025-09-05,bread,90.0,2025-09-06,720.0
seasonal_naive,2025-09-05,cup_hot,900.0,2025-09-09,3600.0
seasonal_naive,2025-09-05,cup_cold,200.0,2025-09-09,1000.0
seasonal_naive,2025-09-06,coffee_beans,5000.0,2025-09-09,6000.0
seasonal_naive,2025-09-06,milk,54000.0,2025-09-07,3240.0
seasonal_naive,2025-09-06,ice,10000.0,2025-09-07,100.0
seasonal_naive,2025-09-06,croissant_dough,20.0,2025-09-07,900.0
seasonal_naive,2025-09-06,bread,70.0,2025-09-07,560.0
seasonal_naive,2025-09-07,coffee_beans,16000.0,2025-09-10,19200.0
seasonal_naive,2025-09-07,milk,119000.0,2025-09-08,7140.0
seasonal_naive,2025-09-07,sugar,14000.0,2025-09-09,630.0
seasonal_naive,2025-09-07,chocolate_syrup,1500.0,2025-09-09,450.0
seasonal_naive,2025-09-07,tea_leaves,2500.0,2025-09-10,1500.0
seasonal_naive,2025-09-07,ice,17000.0,2025-09-08,170.0
seasonal_naive,2025-09-07,croissant_dough,40.0,2025-09-08,1800.0
seasonal_naive,2025-09-07,bread,90.0,2025-09-08,720.0
seasonal_naive,2025-09-07,cup_hot,1600.0,2025-09-11,6400.0
seasonal_naive,2025-09-07,cup_cold,300.0,2025-09-11,1500.0
seasonal_naive,2025-09-08,milk,42000.0,2025-09-09,2520.0
seasonal_naive,2025-09-08,chocolate_syrup,1500.0,2025-09-10,450.0
seasonal_naive,2025-09-08,ice,16000.0,2025-09-09,160.0
seasonal_naive,2025-09-08,croissant_dough,30.0,2025-09-09,1350.0
seasonal_naive,2025-09-08,bread,90.0,2025-09-09,720.0
seasonal_naive,2025-09-09,coffee_beans,10000.0,2025-09-12,12000.0
seasonal_naive,2025-09-09,milk,44000.0,2025-09-10,2640.0
seasonal_naive,2025-09-09,sugar,5000.0,2025-09-11,225.0
seasonal_naive,2025-09-09,chocolate_syrup,1500.0,2025-09-11,450.0
seasonal_naive,2025-09-09,ice,6000.0,2025-09-10,60.0
seasonal_naive,2025-09-09,croissant_dough,30.0,2025-09-10,1350.0
seasonal_naive,2025-09-09,bread,80.0,2025-09-10,640.0
seasonal_naive,2025-09-09,cup_hot,600.0,2025-09-13,2400.0
seasonal_naive,2025-09-10,coffee_beans,7000.0,2025-09-13,8400.0
seasonal_naive,2025-09-10,milk,65000.0,2025-09-11,3900.0
seasonal_naive,2025-09-10,ice,12000.0,2025-09-11,120.0
seasonal_naive,2025-09-10,croissant_dough,40.0,2025-09-11,1800.0
seasonal_naive,2025-09-10,bread,110.0,2025-09-11,880.0
seasonal_naive,2025-09-10,cup_cold,200.0,2025-09-14,1000.0
seasonal_naive,2025-09-11,milk,75000.0,2025-09-12,4500.0
seasonal_naive,2025-09-11,sugar,6000.0,2025-09-13,270.0
seasonal_naive,2025-09-11,chocolate_syrup,1500.0,2025-09-13,450.0
seasonal_naive,2025-09-11,ice,9000.0,2025-09-12,90.0
seasonal_naive,2025-09-11,croissant_dough,20.0,2025-09-12,900.0
seasonal_naive,2025-09-11,bread,70.0,2025-09-12,560.0
seasonal_naive,2025-09-11,cup_hot,700.0,2025-09-15,2800.0
seasonal_naive,2025-09-11,cup_cold,200.0,2025-09-15,1000.0
seasonal_naive,2025-09-12,coffee_beans,13000.0,2025-09-15,15600.0
seasonal_naive,2025-09-12,milk,62000.0,2025-09-13,3720.0
seasonal_naive,2025-09-12,tea_leaves,1000.0,2025-09-15,600.0
seasonal_naive,2025-09-12,ice,9000.0,2025-09-13,90.0
seasonal_naive,2025-09-12,croissant_dough,60.0,2025-09-13,2700.0
seasonal_naive,2025-09-12,bread,90.0,2025-09-13,720.0
seasonal_naive,2025-09-13,coffee_beans,7000.0,2025-09-16,8400.0
seasonal_naive,2025-09-13,milk,56000.0,2025-09-14,3360.0
seasonal_naive,2025-09-13,sugar,7000.0,2025-09-15,315.0
seasonal_naive,2025-09-13,chocolate_syrup,1500.0,2025-09-15,450.0
seasonal_naive,2025-09-13,ice,8000.0,2025-09-14,80.0
seasonal_naive,2025-09-13,croissant_dough,40.0,2025-09-14,1800.0
seasonal_naive,2025-09-13,bread,110.0,2025-09-14,880.0
seasonal_naive,2025-09-13,cup_hot,700.0,2025-09-17,2800.0
seasonal_naive,2025-09-14,ice,9000.0,2025-09-15,90.0
seasonal_naive,2025-09-14,cup_cold,200.0,2025-09-18,1000.0
seasonal_naive,2025-09-15,milk,47000.0,2025-09-16,2820.0
seasonal_naive,2025-09-15,ice,14000.0,2025-09-16,140.0
seasonal_naive,2025-09-15,croissant_dough,40.0,2025-09-16,1800.0
seasonal_naive,2025-09-15,bread,90.0,2025-09-16,720.0
seasonal_naive,2025-09-16,milk,56000.0,2025-09-17,3360.0
seasonal_naive,2025-09-16,chocolate_syrup,1500.0,2025-09-18,450.0
seasonal_naive,2025-09-16,ice,8000.0,2025-09-17,80.0
seasonal_naive,2025-09-16,croissant_dough,10.0,2025-09-17,450.0
seasonal_naive,2025-09-16,bread,80.0,2025-09-17,640.0
seasonal_naive,2025-09-17,milk,57000.0,2025-09-18,3420.0
seasonal_naive,2025-09-17,ice,4000.0,2025-09-18,40.0
seasonal_naive,2025-09-17,croissant_dough,30.0,2025-09-18,1350.0
seasonal_naive,2025-09-17,bread,60.0,2025-09-18,480.0
seasonal_naive,2025-09-17,cup_cold,200.0,2025-09-21,1000.0
seasonal_naive,2025-09-18,coffee_beans,12000.0,2025-09-21,14400.0
seasonal_naive,2025-09-18,milk,64000.0,2025-09-19,3840.0
seasonal_naive,2025-09-18,sugar,6000.0,2025-09-20,270.0
seasonal_naive,2025-09-18,chocolate_syrup,2000.0,2025-09-20,600.0
seasonal_naive,2025-09-18,ice,11000.0,2025-09-19,110.0
seasonal_naive,2025-09-18,croissant_dough,40.0,2025-09-19,1800.0
seasonal_naive,2025-09-18,bread,80.0,2025-09-19,640.0
seasonal_naive,2025-09-19,coffee_beans,7000.0,2025-09-22,8400.0
seasonal_naive,2025-09-19,milk,54000.0,2025-09-20,3240.0
seasonal_naive,2025-09-19,chocolate_syrup,2000.0,2025-09-21,600.0
seasonal_naive,2025-09-19,ice,8000.0,2025-09-20,80.0
seasonal_naive,2025-09-19,croissant_dough,30.0,2025-09-20,1350.0
seasonal_naive,2025-09-19,bread,80.0,2025-09-20,640.0
seasonal_naive,2025-09-19,cup_hot,700.0,2025-09-23,2800.0
seasonal_naive,2025-09-19,cup_cold,200.0,2025-09-23,1000.0
seasonal_naive,2025-09-20,coffee_beans,6000.0,2025-09-23,7200.0
seasonal_naive,2025-09-20,milk,79000.0,2025-09-21,4740.0
seasonal_naive,2025-09-20,sugar,8000.0,2025-09-22,360.0
seasonal_naive,2025-09-20,chocolate_syrup,2000.0,2025-09-22,600.0
seasonal_naive,2025-09-20,ice,9000.0,2025-09-21,90.0
seasonal_naive,2025-09-20,croissant_dough,30.0,2025-09-21,1350.0
seasonal_naive,2025-09-20,bread,60.0,2025-09-21,480.0
seasonal_naive,2025-09-21,coffee_beans,7000.0,2025-09-24,8400.0
seasonal_naive,2025-09-21,milk,58000.0,2025-09-22,3480.0
seasonal_naive,2025-09-21,sugar,4000.0,2025-09-23,180.0
seasonal_naive,2025-09-21,chocolate_syrup,4500.0,2025-09-23,1350.0
seasonal_naive,2025-09-21,tea_leaves,1000.0,2025-09-24,600.0
seasonal_naive,2025-09-21,ice,8000.0,2025-09-22,80.0
seasonal_naive,2025-09-21,croissant_dough,40.0,2025-09-22,1800.0
seasonal_naive,2025-09-21,bread,50.0,2025-09-22,400.0
seasonal_naive,2025-09-21,cup_hot,1000.0,2025-09-25,4000.0
seasonal_naive,2025-09-22,coffee_beans,6000.0,2025-09-25,7200.0
seasonal_naive,2025-09-22,milk,53000.0,2025-09-23,3180.0
seasonal_naive,2025-09-22,ice,11000.0,2025-09-23,110.0
seasonal_naive,2025-09-22,croissant_dough,30.0,2025-09-23,1350.0
seasonal_naive,2025-09-22,bread,60.0,2025-09-23,480.0
seasonal_naive,2025-09-23,coffee_beans,6000.0,2025-09-26,7200.0
seasonal_naive,2025-09-23,milk,83000.0,2025-09-24,4980.0
seasonal_naive,2025-09-23,sugar,6000.0,2025-09-25,270.0
seasonal_naive,2025-09-23,chocolate_syrup,2500.0,2025-09-25,750.0
seasonal_naive,2025-09-23,ice,9000.0,2025-09-24,90.0
seasonal_naive,2025-09-23,croissant_dough,40.0,2025-09-24,1800.0
seasonal_naive,2025-09-23,bread,80.0,2025-09-24,640.0
seasonal_naive,2025-09-23,cup_hot,900.0,2025-09-27,3600.0
seasonal_naive,2025-09-23,cup_cold,200.0,2025-09-27,1000.0
seasonal_naive,2025-09-24,coffee_beans,9000.0,2025-09-27,10800.0
seasonal_naive,2025-09-24,milk,77000.0,2025-09-25,4620.0
seasonal_naive,2025-09-24,sugar,4000.0,2025-09-26,180.0
seasonal_naive,2025-09-24,tea_leaves,1000.0,2025-09-27,600.0
seasonal_naive,2025-09-24,ice,8000.0,2025-09-25,80.0
seasonal_naive,2025-09-24,croissant_dough,30.0,2025-09-25,1350.0
seasonal_naive,2025-09-24,bread,70.0,2025-09-25,560.0
seasonal_naive,2025-09-24,cup_cold,100.0,2025-09-28,500.0
seasonal_naive,2025-09-25,coffee_beans,7000.0,2025-09-28,8400.0
seasonal_naive,2025-09-25,milk,74000.0,2025-09-26,4440.0
seasonal_naive,2025-09-25,sugar,4000.0,2025-09-27,180.0
seasonal_naive,2025-09-25,chocolate_syrup,4000.0,2025-09-27,1200.0
seasonal_naive,2025-09-25,ice,7000.0,2025-09-26,70.0
seasonal_naive,2025-09-25,croissant_dough,40.0,2025-09-26,1800.0
seasonal_naive,2025-09-25,bread,60.0,2025-09-26,480.0
seasonal_naive,2025-09-25,cup_hot,1000.0,2025-09-29,4000.0
seasonal_naive,2025-09-25,cup_cold,100.0,2025-09-29,500.0
seasonal_naive,2025-09-26,milk,34000.0,2025-09-27,2040.0
seasonal_naive,2025-09-26,chocolate_syrup,1500.0,2025-09-28,450.0
seasonal_naive,2025-09-26,ice,8000.0,2025-09-27,80.0
seasonal_naive,2025-09-26,croissant_dough,40.0,2025-09-27,1800.0
seasonal_naive,2025-09-26,bread,110.0,2025-09-27,880.0
seasonal_naive,2025-09-27,coffee_beans,10000.0,2025-09-30,12000.0
seasonal_naive,2025-09-27,milk,24000.0,2025-09-28,1440.0
seasonal_naive,2025-09-27,sugar,6000.0,2025-09-29,270.0
seasonal_naive,2025-09-27,ice,8000.0,2025-09-28,80.0
seasonal_naive,2025-09-27,croissant_dough,40.0,2025-09-28,1800.0
seasonal_naive,2025-09-27,bread,110.0,2025-09-28,880.0
seasonal_naive,2025-09-27,cup_cold,100.0,2025-10-01,500.0
seasonal_naive,2025-09-28,coffee_beans,7000.0,2025-10-01,8400.0
seasonal_naive,2025-09-28,milk,66000.0,2025-09-29,3960.0
seasonal_naive,2025-09-28,tea_leaves,1500.0,2025-10-01,900.0
seasonal_naive,2025-09-28,ice,7000.0,2025-09-29,70.0
seasonal_naive,2025-09-28,croissant_dough,40.0,2025-09-29,1800.0
seasonal_naive,2025-09-28,bread,20.0,2025-09-29,160.0
seasonal_naive,2025-09-28,cup_hot,900.0,2025-10-02,3600.0
seasonal_naive,2025-09-29,coffee_beans,6000.0,2025-10-02,7200.0
seasonal_naive,2025-09-29,milk,55000.0,2025-09-30,3300.0
seasonal_naive,2025-09-29,sugar,5000.0,2025-10-01,225.0
seasonal_naive,2025-09-29,ice,13000.0,2025-09-30,130.0
seasonal_naive,2025-09-29,croissant_dough,40.0,2025-09-30,1800.0
seasonal_naive,2025-09-29,bread,80.0,2025-09-30,640.0
seasonal_naive,2025-09-29,cup_cold,200.0,2025-10-03,1000.0
seasonal_naive,2025-09-30,milk,54000.0,2025-10-01,3240.0
seasonal_naive,2025-09-30,sugar,4000.0,2025-10-02,180.0
seasonal_naive,2025-09-30,chocolate_syrup,1500.0,2025-10-02,450.0
seasonal_naive,2025-09-30,ice,11000.0,2025-10-01,110.0
seasonal_naive,2025-09-30,croissant_dough,30.0,2025-10-01,1350.0
seasonal_naive,2025-09-30,bread,80.0,2025-10-01,640.0
seasonal_naive,2025-09-30,cup_hot,700.0,2025-10-04,2800.0
seasonal_naive,2025-10-01,coffee_beans,12000.0,2025-10-04,14400.0
seasonal_naive,2025-10-01,milk,54000.0,2025-10-02,3240.0
seasonal_naive,2025-10-01,ice,10000.0,2025-10-02,100.0
seasonal_naive,2025-10-01,croissant_dough,20.0,2025-10-02,900.0
seasonal_naive,2025-10-01,bread,70.0,2025-10-02,560.0
seasonal_naive,2025-10-01,cup_cold,200.0,2025-10-05,1000.0
seasonal_naive,2025-10-02,coffee_beans,7000.0,2025-10-05,8400.0
seasonal_naive,2025-10-02,milk,57000.0,2025-10-03,3420.0
seasonal_naive,2025-10-02,sugar,5000.0,2025-10-04,225.0
seasonal_naive,2025-10-02,tea_leaves,500.0,2025-10-05,300.0
seasonal_naive,2025-10-02,ice,12000.0,2025-10-03,120.0
seasonal_naive,2025-10-02,croissant_dough,30.0,2025-10-03,1350.0
seasonal_naive,2025-10-02,bread,90.0,2025-10-03,720.0
seasonal_naive,2025-10-02,cup_hot,700.0,2025-10-06,2800.0
seasonal_naive,2025-10-03,coffee_beans,9000.0,2025-10-06,10800.0
seasonal_naive,2025-10-03,milk,60000.0,2025-10-04,3600.0
seasonal_naive,2025-10-03,sugar,4000.0,2025-10-05,180.0
seasonal_naive,2025-10-03,ice,9000.0,2025-10-04,90.0
seasonal_naive,2025-10-03,croissant_dough,50.0,2025-10-04,2250.0
seasonal_naive,2025-10-03,bread,110.0,2025-10-04,880.0
seasonal_naive,2025-10-03,cup_cold,200.0,2025-10-07,1000.0
seasonal_naive,2025-10-04,coffee_beans,7000.0,2025-10-07,8400.0
seasonal_naive,2025-10-04,milk,75000.0,2025-10-05,4500.0
seasonal_naive,2025-10-04,sugar,4000.0,2025-10-06,180.0
seasonal_naive,2025-10-04,chocolate_syrup,2500.0,2025-10-06,750.0
seasonal_naive,2025-10-04,tea_leaves,1000.0,2025-10-07,600.0
seasonal_naive,2025-10-04,ice,13000.0,2025-10-05,130.0
seasonal_naive,2025-10-04,croissant_dough,60.0,2025-10-05,2700.0
seasonal_naive,2025-10-04,bread,60.0,2025-10-05,480.0
seasonal_naive,2025-10-04,cup_hot,800.0,2025-10-08,3200.0
seasonal_naive,2025-10-05,coffee_beans,9000.0,2025-10-08,10800.0
seasonal_naive,2025-10-05,milk,74000.0,2025-10-06,4440.0
seasonal_naive,2025-10-05,sugar,5000.0,2025-10-07,225.0
seasonal_naive,2025-10-05,ice,28000.0,2025-10-06,280.0
seasonal_naive,2025-10-05,bread,60.0,2025-10-06,480.0
seasonal_naive,2025-10-05,cup_cold,400.0,2025-10-09,2000.0
seasonal_naive,2025-10-06,coffee_beans,6000.0,2025-10-09,7200.0
seasonal_naive,2025-10-06,milk,46000.0,2025-10-07,2760.0
seasonal_naive,2025-10-06,sugar,3000.0,2025-10-08,135.0
seasonal_naive,2025-10-06,ice,14000.0,2025-10-07,140.0
seasonal_naive,2025-10-06,croissant_dough,30.0,2025-10-07,1350.0
seasonal_naive,2025-10-06,bread,80.0,2025-10-07,640.0
seasonal_naive,2025-10-06,cup_hot,500.0,2025-10-10,2000.0
seasonal_naive,2025-10-07,coffee_beans,7000.0,2025-10-10,8400.0
seasonal_naive,2025-10-07,milk,68000.0,2025-10-08,4080.0
seasonal_naive,2025-10-07,sugar,3000.0,2025-10-09,135.0
seasonal_naive,2025-10-07,ice,7000.0,2025-10-08,70.0
seasonal_naive,2025-10-07,croissant_dough,40.0,2025-10-08,1800.0
seasonal_naive,2025-10-07,bread,70.0,2025-10-08,560.0
seasonal_naive,2025-10-07,cup_hot,500.0,2025-10-11,2000.0
seasonal_naive,2025-10-07,cup_cold,200.0,2025-10-11,1000.0
seasonal_naive,2025-10-08,coffee_beans,8000.0,2025-10-11,9600.0
seasonal_naive,2025-10-08,milk,71000.0,2025-10-09,4260.0
seasonal_naive,2025-10-08,sugar,3000.0,2025-10-10,135.0
seasonal_naive,2025-10-08,chocolate_syrup,2500.0,2025-10-10,750.0
seasonal_naive,2025-10-08,ice,9000.0,2025-10-09,90.0
seasonal_naive,2025-10-08,croissant_dough,50.0,2025-10-09,2250.0
seasonal_naive,2025-10-08,bread,80.0,2025-10-09,640.0
seasonal_naive,2025-10-08,cup_hot,500.0,2025-10-12,2000.0
seasonal_naive,2025-10-09,coffee_beans,5000.0,2025-10-12,6000.0
seasonal_naive,2025-10-09,milk,69000.0,2025-10-10,4140.0
seasonal_naive,2025-10-09,sugar,3000.0,2025-10-11,135.0
seasonal_naive,2025-10-09,tea_leaves,1000.0,2025-10-12,600.0
seasonal_naive,2025-10-09,ice,12000.0,2025-10-10,120.0
seasonal_naive,2025-10-09,croissant_dough,30.0,2025-10-10,1350.0
seasonal_naive,2025-10-09,bread,100.0,2025-10-10,800.0
seasonal_naive,2025-10-09,cup_hot,300.0,2025-10-13,1200.0
seasonal_naive,2025-10-09,cup_cold,200.0,2025-10-13,1000.0
seasonal_naive,2025-10-10,coffee_beans,9000.0,2025-10-13,10800.0
seasonal_naive,2025-10-10,milk,60000.0,2025-10-11,3600.0
seasonal_naive,2025-10-10,sugar,4000.0,2025-10-12,180.0
seasonal_naive,2025-10-10,chocolate_syrup,2500.0,2025-10-12,750.0
seasonal_naive,2025-10-10,ice,9000.0,2025-10-11,90.0
seasonal_naive,2025-10-10,croissant_dough,10.0,2025-10-11,450.0
seasonal_naive,2025-10-10,bread,110.0,2025-10-11,880.0
seasonal_naive,2025-10-11,milk,35000.0,2025-10-12,2100.0
seasonal_naive,2025-10-11,sugar,4000.0,2025-10-13,180.0
seasonal_naive,2025-10-11,ice,8000.0,2025-10-12,80.0
seasonal_naive,2025-10-11,croissant_dough,50.0,2025-10-12,2250.0
seasonal_naive,2025-10-11,bread,60.0,2025-10-12,480.0
seasonal_naive,2025-10-11,cup_hot,600.0,2025-10-15,2400.0
seasonal_naive,2025-10-12,coffee_beans,5000.0,2025-10-15,6000.0
seasonal_naive,2025-10-12,milk,40000.0,2025-10-13,2400.0
seasonal_naive,2025-10-12,ice,6000.0,2025-10-13,60.0
seasonal_naive,2025-10-12,croissant_dough,30.0,2025-10-13,1350.0
seasonal_naive,2025-10-12,bread,80.0,2025-10-13,640.0
seasonal_naive,2025-10-12,cup_cold,100.0,2025-10-16,500.0
seasonal_naive,2025-10-13,coffee_beans,6000.0,2025-10-16,7200.0
seasonal_naive,2025-10-13,milk,55000.0,2025-10-14,3300.0
seasonal_naive,2025-10-13,sugar,3000.0,2025-10-15,135.0
seasonal_naive,2025-10-13,tea_leaves,500.0,2025-10-16,300.0
seasonal_naive,2025-10-13,ice,15000.0,2025-10-14,150.0
seasonal_naive,2025-10-13,croissant_dough,40.0,2025-10-14,1800.0
seasonal_naive,2025-10-13,bread,100.0,2025-10-14,800.0
seasonal_naive,2025-10-13,cup_hot,300.0,2025-10-17,1200.0
seasonal_naive,2025-10-14,coffee_beans,4000.0,2025-10-17,4800.0
seasonal_naive,2025-10-14,milk,46000.0,2025-10-15,2760.0
seasonal_naive,2025-10-14,sugar,3000.0,2025-10-16,135.0
seasonal_naive,2025-10-14,chocolate_syrup,2000.0,2025-10-16,600.0
seasonal_naive,2025-10-14,ice,9000.0,2025-10-15,90.0
seasonal_naive,2025-10-14,croissant_dough,30.0,2025-10-15,1350.0
seasonal_naive,2025-10-14,bread,40.0,2025-10-15,320.0
seasonal_naive,2025-10-14,cup_hot,300.0,2025-10-18,1200.0
seasonal_naive,2025-10-14,cup_cold,200.0,2025-10-18,1000.0
seasonal_naive,2025-10-15,coffee_beans,8000.0,2025-10-18,9600.0
seasonal_naive,2025-10-15,milk,75000.0,2025-10-16,4500.0
seasonal_naive,2025-10-15,sugar,4000.0,2025-10-17,180.0
seasonal_naive,2025-10-15,tea_leaves,500.0,2025-10-18,300.0
seasonal_naive,2025-10-15,ice,11000.0,2025-10-16,110.0
seasonal_naive,2025-10-15,croissant_dough,30.0,2025-10-16,1350.0
seasonal_naive,2025-10-15,bread,100.0,2025-10-16,800.0
seasonal_naive,2025-10-15,cup_hot,500.0,2025-10-19,2000.0
seasonal_naive,2025-10-15,cup_cold,100.0,2025-10-19,500.0
seasonal_naive,2025-10-16,coffee_beans,9000.0,2025-10-19,10800.0
seasonal_naive,2025-10-16,milk,74000.0,2025-10-17,4440.0
seasonal_naive,2025-10-16,sugar,3000.0,2025-10-18,135.0
seasonal_naive,2025-10-16,chocolate_syrup,2000.0,2025-10-18,600.0
seasonal_naive,2025-10-16,ice,8000.0,2025-10-17,80.0
seasonal_naive,2025-10-16,croissant_dough,30.0,2025-10-17,1350.0
seasonal_naive,2025-10-16,bread,70.0,2025-10-17,560.0
seasonal_naive,2025-10-16,cup_hot,500.0,2025-10-20,2000.0
seasonal_naive,2025-10-16,cup_cold,100.0,2025-10-20,500.0
seasonal_naive,2025-10-17,coffee_beans,7000.0,2025-10-20,8400.0
seasonal_naive,2025-10-17,milk,48000.0,2025-10-18,2880.0
seasonal_naive,2025-10-17,sugar,3000.0,2025-10-19,135.0
seasonal_naive,2025-10-17,tea_leaves,500.0,2025-10-20,300.0
seasonal_naive,2025-10-17,ice,9000.0,2025-10-18,90.0
seasonal_naive,2025-10-17,croissant_dough,30.0,2025-10-18,1350.0
seasonal_naive,2025-10-17,bread,70.0,2025-10-18,560.0
seasonal_naive,2025-10-17,cup_hot,300.0,2025-10-21,1200.0
seasonal_naive,2025-10-18,coffee_beans,7000.0,2025-10-21,8400.0
seasonal_naive,2025-10-18,milk,58000.0,2025-10-19,3480.0
seasonal_naive,2025-10-18,sugar,4000.0,2025-10-20,180.0
seasonal_naive,2025-10-18,chocolate_syrup,1500.0,2025-10-20,450.0
seasonal_naive,2025-10-18,ice,8000.0,2025-10-19,80.0
seasonal_naive,2025-10-18,croissant_dough,40.0,2025-10-19,1800.0
seasonal_naive,2025-10-18,bread,80.0,2025-10-19,640.0
seasonal_naive,2025-10-18,cup_hot,400.0,2025-10-22,1600.0
seasonal_naive,2025-10-18,cup_cold,200.0,2025-10-22,1000.0
seasonal_naive,2025-10-19,coffee_beans,17000.0,2025-10-22,20400.0
seasonal_naive,2025-10-19,milk,99000.0,2025-10-20,5940.0
seasonal_naive,2025-10-19,sugar,7000.0,2025-10-21,315.0
seasonal_naive,2025-10-19,chocolate_syrup,2500.0,2025-10-21,750.0
seasonal_naive,2025-10-19,tea_leaves,1500.0,2025-10-22,900.0
seasonal_naive,2025-10-19,ice,16000.0,2025-10-20,160.0
seasonal_naive,2025-10-19,croissant_dough,40.0,2025-10-20,1800.0
seasonal_naive,2025-10-19,bread,50.0,2025-10-20,400.0
seasonal_naive,2025-10-19,cup_hot,1200.0,2025-10-23,4800.0
seasonal_naive,2025-10-20,coffee_beans,7000.0,2025-10-23,8400.0
seasonal_naive,2025-10-20,milk,45000.0,2025-10-21,2700.0
seasonal_naive,2025-10-20,sugar,4000.0,2025-10-22,180.0
seasonal_naive,2025-10-20,ice,14000.0,2025-10-21,140.0
seasonal_naive,2025-10-20,croissant_dough,50.0,2025-10-21,2250.0
seasonal_naive,2025-10-20,bread,100.0,2025-10-21,800.0
seasonal_naive,2025-10-20,cup_hot,300.0,2025-10-24,1200.0
seasonal_naive,2025-10-20,cup_cold,200.0,2025-10-24,1000.0
seasonal_naive,2025-10-21,coffee_beans,4000.0,2025-10-24,4800.0
seasonal_naive,2025-10-21,milk,61000.0,2025-10-22,3660.0
seasonal_naive,2025-10-21,sugar,3000.0,2025-10-23,135.0
seasonal_naive,2025-10-21,chocolate_syrup,2500.0,2025-10-23,750.0
seasonal_naive,2025-10-21,tea_leaves,500.0,2025-10-24,300.0
seasonal_naive,2025-10-21,ice,8000.0,2025-10-22,80.0
seasonal_naive,2025-10-21,croissant_dough,40.0,2025-10-22,1800.0
seasonal_naive,2025-10-21,bread,80.0,2025-10-22,640.0
seasonal_naive,2025-10-21,cup_hot,500.0,2025-10-25,2000.0
seasonal_naive,2025-10-22,coffee_beans,5000.0,2025-10-25,6000.0
seasonal_naive,2025-10-22,milk,71000.0,2025-10-23,4260.0
seasonal_naive,2025-10-22,sugar,2000.0,2025-10-24,90.0
seasonal_naive,2025-10-22,chocolate_syrup,1500.0,2025-10-24,450.0
seasonal_naive,2025-10-22,ice,7000.0,2025-10-23,70.0
seasonal_naive,2025-10-22,croissant_dough,20.0,2025-10-23,900.0
seasonal_naive,2025-10-22,bread,60.0,2025-10-23,480.0
seasonal_naive,2025-10-22,cup_hot,400.0,2025-10-26,1600.0
seasonal_naive,2025-10-22,cup_cold,100.0,2025-10-26,500.0
seasonal_naive,2025-10-23,coffee_beans,8000.0,2025-10-26,9600.0
seasonal_naive,2025-10-23,milk,74000.0,2025-10-24,4440.0
seasonal_naive,2025-10-23,sugar,4000.0,2025-10-25,180.0
seasonal_naive,2025-10-23,tea_leaves,1000.0,2025-10-26,600.0
seasonal_naive,2025-10-23,ice,7000.0,2025-10-24,70.0
seasonal_naive,2025-10-23,croissant_dough,30.0,2025-10-24,1350.0
seasonal_naive,2025-10-23,bread,60.0,2025-10-24,480.0
seasonal_naive,2025-10-23,cup_hot,400.0,2025-10-27,1600.0
seasonal_naive,2025-10-23,cup_cold,200.0,2025-10-27,1000.0
seasonal_naive,2025-10-24,coffee_beans,8000.0,2025-10-27,9600.0
seasonal_naive,2025-10-24,milk,54000.0,2025-10-25,3240.0
seasonal_naive,2025-10-24,sugar,5000.0,2025-10-26,225.0
seasonal_naive,2025-10-24,chocolate_syrup,3000.0,2025-10-26,900.0
seasonal_naive,2025-10-24,ice,7000.0,2025-10-25,70.0
seasonal_naive,2025-10-24,croissant_dough,70.0,2025-10-25,3150.0
seasonal_naive,2025-10-24,bread,80.0,2025-10-25,640.0
seasonal_naive,2025-10-24,cup_hot,300.0,2025-10-28,1200.0
seasonal_naive,2025-10-25,coffee_beans,5000.0,2025-10-28,6000.0
seasonal_naive,2025-10-25,milk,70000.0,2025-10-26,4200.0
seasonal_naive,2025-10-25,sugar,4000.0,2025-10-27,180.0
seasonal_naive,2025-10-25,ice,10000.0,2025-10-26,100.0
seasonal_naive,2025-10-25,croissant_dough,60.0,2025-10-26,2700.0
seasonal_naive,2025-10-25,bread,120.0,2025-10-26,960.0
seasonal_naive,2025-10-25,cup_hot,500.0,2025-10-29,2000.0
seasonal_naive,2025-10-26,milk,18000.0,2025-10-27,1080.0
seasonal_naive,2025-10-26,chocolate_syrup,2000.0,2025-10-28,600.0
seasonal_naive,2025-10-26,ice,2000.0,2025-10-27,20.0
seasonal_naive,2025-10-26,croissant_dough,10.0,2025-10-27,450.0
seasonal_naive,2025-10-26,bread,30.0,2025-10-27,240.0
seasonal_naive,2025-10-27,milk,52000.0,2025-10-28,3120.0
seasonal_naive,2025-10-27,tea_leaves,500.0,2025-10-30,300.0
seasonal_naive,2025-10-27,ice,14000.0,2025-10-28,140.0
seasonal_naive,2025-10-27,croissant_dough,50.0,2025-10-28,2250.0
seasonal_naive,2025-10-27,bread,40.0,2025-10-28,320.0
seasonal_naive,2025-10-28,coffee_beans,9000.0,2025-10-31,10800.0
seasonal_naive,2025-10-28,milk,51000.0,2025-10-29,3060.0
seasonal_naive,2025-10-28,sugar,5000.0,2025-10-30,225.0
seasonal_naive,2025-10-28,chocolate_syrup,1500.0,2025-10-30,450.0
seasonal_naive,2025-10-28,ice,10000.0,2025-10-29,100.0
seasonal_naive,2025-10-28,croissant_dough,40.0,2025-10-29,1800.0
seasonal_naive,2025-10-28,bread,40.0,2025-10-29,320.0
seasonal_naive,2025-10-28,cup_hot,500.0,2025-11-01,2000.0
seasonal_naive,2025-10-28,cup_cold,200.0,2025-11-01,1000.0
seasonal_naive,2025-10-29,coffee_beans,5000.0,2025-11-01,6000.0
seasonal_naive,2025-10-29,milk,53000.0,2025-10-30,3180.0
seasonal_naive,2025-10-29,sugar,3000.0,2025-10-31,135.0
seasonal_naive,2025-10-29,chocolate_syrup,2000.0,2025-10-31,600.0
seasonal_naive,2025-10-29,tea_leaves,500.0,2025-11-01,300.0
seasonal_naive,2025-10-29,ice,7000.0,2025-10-30,70.0
seasonal_naive,2025-10-29,croissant_dough,40.0,2025-10-30,1800.0
seasonal_naive,2025-10-29,bread,50.0,2025-10-30,400.0
seasonal_naive,2025-10-29,cup_hot,300.0,2025-11-02,1200.0
seasonal_naive,2025-10-30,coffee_beans,7000.0,2025-11-02,8400.0
seasonal_naive,2025-10-30,milk,65000.0,2025-10-31,3900.0
seasonal_naive,2025-10-30,ice,9000.0,2025-10-31,90.0
seasonal_naive,2025-10-30,croissant_dough,30.0,2025-10-31,1350.0
seasonal_naive,2025-10-30,bread,90.0,2025-10-31,720.0
seasonal_naive,2025-10-30,cup_hot,400.0,2025-11-03,1600.0
seasonal_naive,2025-10-30,cup_cold,200.0,2025-11-03,1000.0
seasonal_naive,2025-10-31,coffee_beans,9000.0,2025-11-03,10800.0
seasonal_naive,2025-10-31,milk,54000.0,2025-11-01,3240.0
seasonal_naive,2025-10-31,sugar,6000.0,2025-11-02,270.0
seasonal_naive,2025-10-31,tea_leaves,500.0,2025-11-03,300.0
seasonal_naive,2025-10-31,ice,9000.0,2025-11-01,90.0
seasonal_naive,2025-10-31,croissant_dough,50.0,2025-11-01,2250.0
seasonal_naive,2025-10-31,bread,50.0,2025-11-01,400.0
seasonal_naive,2025-10-31,cup_hot,400.0,2025-11-04,1600.0
seasonal_naive,2025-11-01,coffee_beans,6000.0,2025-11-04,7200.0
seasonal_naive,2025-11-01,milk,68000.0,2025-11-02,4080.0
seasonal_naive,2025-11-01,sugar,4000.0,2025-11-03,180.0
seasonal_naive,2025-11-01,chocolate_syrup,1500.0,2025-11-03,450.0
seasonal_naive,2025-11-01,ice,15000.0,2025-11-02,150.0
seasonal_naive,2025-11-01,croissant_dough,60.0,2025-11-02,2700.0
seasonal_naive,2025-11-01,bread,130.0,2025-11-02,1040.0
seasonal_naive,2025-11-01,cup_hot,400.0,2025-11-05,1600.0
seasonal_naive,2025-11-01,cup_cold,200.0,2025-11-05,1000.0
seasonal_naive,2025-11-02,coffee_beans,7000.0,2025-11-05,8400.0
seasonal_naive,2025-11-02,milk,46000.0,2025-11-03,2760.0
seasonal_naive,2025-11-02,sugar,3000.0,2025-11-04,135.0
seasonal_naive,2025-11-02,ice,21000.0,2025-11-03,210.0
seasonal_naive,2025-11-02,croissant_dough,30.0,2025-11-03,1350.0
seasonal_naive,2025-11-02,bread,70.0,2025-11-03,560.0
seasonal_naive,2025-11-03,coffee_beans,8000.0,2025-11-06,9600.0
seasonal_naive,2025-11-03,milk,70000.0,2025-11-04,4200.0
seasonal_naive,2025-11-03,sugar,4000.0,2025-11-05,180.0
seasonal_naive,2025-11-03,chocolate_syrup,1500.0,2025-11-05,450.0
seasonal_naive,2025-11-03,ice,14000.0,2025-11-04,140.0
seasonal_naive,2025-11-03,croissant_dough,40.0,2025-11-04,1800.0
seasonal_naive,2025-11-03,bread,90.0,2025-11-04,720.0
seasonal_naive,2025-11-03,cup_hot,700.0,2025-11-07,2800.0
seasonal_naive,2025-11-03,cup_cold,200.0,2025-11-07,1000.0
seasonal_naive,2025-11-04,coffee_beans,8000.0,2025-11-07,9600.0
seasonal_naive,2025-11-04,milk,68000.0,2025-11-05,4080.0
seasonal_naive,2025-11-04,sugar,2000.0,2025-11-06,90.0
seasonal_naive,2025-11-04,tea_leaves,500.0,2025-11-07,300.0
seasonal_naive,2025-11-04,ice,10000.0,2025-11-05,100.0
seasonal_naive,2025-11-04,croissant_dough,30.0,2025-11-05,1350.0
seasonal_naive,2025-11-04,bread,40.0,2025-11-05,320.0
seasonal_naive,2025-11-04,cup_cold,200.0,2025-11-08,1000.0
seasonal_naive,2025-11-05,coffee_beans,9000.0,2025-11-08,10800.0
seasonal_naive,2025-11-05,milk,93000.0,2025-11-06,5580.0
seasonal_naive,2025-11-05,sugar,4000.0,2025-11-07,180.0
seasonal_naive,2025-11-05,ice,9000.0,2025-11-06,90.0
seasonal_naive,2025-11-05,croissant_dough,30.0,2025-11-06,1350.0
seasonal_naive,2025-11-05,bread,70.0,2025-11-06,560.0
seasonal_naive,2025-11-05,cup_hot,900.0,2025-11-09,3600.0
seasonal_naive,2025-11-06,coffee_beans,8000.0,2025-11-09,9600.0
seasonal_naive,2025-11-06,milk,73000.0,2025-11-07,4380.0
seasonal_naive,2025-11-06,sugar,5000.0,2025-11-08,225.0
seasonal_naive,2025-11-06,chocolate_syrup,2000.0,2025-11-08,600.0
seasonal_naive,2025-11-06,tea_leaves,1000.0,2025-11-09,600.0
seasonal_naive,2025-11-06,ice,12000.0,2025-11-07,120.0
seasonal_naive,2025-11-06,croissant_dough,40.0,2025-11-07,1800.0
seasonal_naive,2025-11-06,bread,80.0,2025-11-07,640.0
seasonal_naive,2025-11-06,cup_cold,200.0,2025-11-10,1000.0
seasonal_naive,2025-11-07,milk,42000.0,2025-11-08,2520.0
seasonal_naive,2025-11-07,sugar,4000.0,2025-11-09,180.0
seasonal_naive,2025-11-07,chocolate_syrup,2500.0,2025-11-09,750.0
seasonal_naive,2025-11-07,ice,6000.0,2025-11-08,60.0
seasonal_naive,2025-11-07,croissant_dough,50.0,2025-11-08,2250.0
seasonal_naive,2025-11-07,bread,100.0,2025-11-08,800.0
seasonal_naive,2025-11-07,cup_hot,600.0,2025-11-11,2400.0
seasonal_naive,2025-11-08,coffee_beans,10000.0,2025-11-11,12000.0
seasonal_naive,2025-11-08,milk,46000.0,2025-11-09,2760.0
seasonal_naive,2025-11-08,sugar,4000.0,2025-11-10,180.0
seasonal_naive,2025-11-08,chocolate_syrup,1500.0,2025-11-10,450.0
seasonal_naive,2025-11-08,tea_leaves,500.0,2025-11-11,300.0
seasonal_naive,2025-11-08,ice,12000.0,2025-11-09,120.0
seasonal_naive,2025-11-08,croissant_dough,40.0,2025-11-09,1800.0
seasonal_naive,2025-11-08,bread,100.0,2025-11-09,800.0
seasonal_naive,2025-11-08,cup_hot,400.0,2025-11-12,1600.0
seasonal_naive,2025-11-09,coffee_beans,6000.0,2025-11-12,7200.0
seasonal_naive,2025-11-09,milk,67000.0,2025-11-10,4020.0
seasonal_naive,2025-11-09,sugar,4000.0,2025-11-11,180.0
seasonal_naive,2025-11-09,chocolate_syrup,3000.0,2025-11-11,900.0
seasonal_naive,2025-11-09,ice,18000.0,2025-11-10,180.0
seasonal_naive,2025-11-09,croissant_dough,20.0,2025-11-10,900.0
seasonal_naive,2025-11-09,cup_hot,400.0,2025-11-13,1600.0
seasonal_naive,2025-11-09,cup_cold,300.0,2025-11-13,1500.0
seasonal_naive,2025-11-10,coffee_beans,5000.0,2025-11-13,6000.0
seasonal_naive,2025-11-10,milk,46000.0,2025-11-11,2760.0
seasonal_naive,2025-11-10,sugar,2000.0,2025-11-12,90.0
seasonal_naive,2025-11-10,tea_leaves,1000.0,2025-11-13,600.0
seasonal_naive,2025-11-10,ice,13000.0,2025-11-11,130.0
seasonal_naive,2025-11-10,croissant_dough,20.0,2025-11-11,900.0
seasonal_naive,2025-11-10,bread,70.0,2025-11-11,560.0
seasonal_naive,2025-11-11,coffee_beans,5000.0,2025-11-14,6000.0
seasonal_naive,2025-11-11,milk,76000.0,2025-11-12,4560.0
seasonal_naive,2025-11-11,sugar,4000.0,2025-11-13,180.0
seasonal_naive,2025-11-11,chocolate_syrup,2000.0,2025-11-13,600.0
seasonal_naive,2025-11-11,ice,11000.0,2025-11-12,110.0
seasonal_naive,2025-11-11,croissant_dough,30.0,2025-11-12,1350.0
seasonal_naive,2025-11-11,bread,80.0,2025-11-12,640.0
seasonal_naive,2025-11-11,cup_hot,800.0,2025-11-15,3200.0
seasonal_naive,2025-11-11,cup_cold,200.0,2025-11-15,1000.0
seasonal_naive,2025-11-12,coffee_beans,7000.0,2025-11-15,8400.0
seasonal_naive,2025-11-12,milk,68000.0,2025-11-13,4080.0
seasonal_naive,2025-11-12,sugar,3000.0,2025-11-14,135.0
seasonal_naive,2025-11-12,chocolate_syrup,2000.0,2025-11-14,600.0
seasonal_naive,2025-11-12,tea_leaves,500.0,2025-11-15,300.0
seasonal_naive,2025-11-12,ice,11000.0,2025-11-13,110.0
seasonal_naive,2025-11-12,croissant_dough,40.0,2025-11-13,1800.0
seasonal_naive,2025-11-12,bread,60.0,2025-11-13,480.0
seasonal_naive,2025-11-12,cup_hot,400.0,2025-11-16,1600.0
seasonal_naive,2025-11-13,coffee_beans,8000.0,2025-11-16,9600.0
seasonal_naive,2025-11-13,milk,63000.0,2025-11-14,3780.0
seasonal_naive,2025-11-13,sugar,3000.0,2025-11-15,135.0
seasonal_naive,2025-11-13,chocolate_syrup,2000.0,2025-11-15,600.0
seasonal_naive,2025-11-13,ice,10000.0,2025-11-14,100.0
seasonal_naive,2025-11-13,croissant_dough,50.0,2025-11-14,2250.0
seasonal_naive,2025-11-13,bread,60.0,2025-11-14,480.0
seasonal_naive,2025-11-13,cup_hot,400.0,2025-11-17,1600.0
seasonal_naive,2025-11-13,cup_cold,200.0,2025-11-17,1000.0
seasonal_naive,2025-11-14,coffee_beans,10000.0,2025-11-17,12000.0
seasonal_naive,2025-11-14,milk,55000.0,2025-11-15,3300.0
seasonal_naive,2025-11-14,sugar,4000.0,2025-11-16,180.0
seasonal_naive,2025-11-14,ice,10000.0,2025-11-15,100.0
seasonal_naive,2025-11-14,croissant_dough,50.0,2025-11-15,2250.0
seasonal_naive,2025-11-14,bread,50.0,2025-11-15,400.0
seasonal_naive,2025-11-14,cup_cold,100.0,2025-11-18,500.0
seasonal_naive,2025-11-15,coffee_beans,5000.0,2025-11-18,6000.0
seasonal_naive,2025-11-15,milk,48000.0,2025-11-16,2880.0
seasonal_naive,2025-11-15,sugar,4000.0,2025-11-17,180.0
seasonal_naive,2025-11-15,ice,14000.0,2025-11-16,140.0
seasonal_naive,2025-11-15,croissant_dough,40.0,2025-11-16,1800.0
seasonal_naive,2025-11-15,bread,100.0,2025-11-16,800.0
seasonal_naive,2025-11-15,cup_hot,600.0,2025-11-19,2400.0
seasonal_naive,2025-11-15,cup_cold,100.0,2025-11-19,500.0
seasonal_naive,2025-11-16,coffee_beans,6000.0,2025-11-19,7200.0
seasonal_naive,2025-11-16,milk,57000.0,2025-11-17,3420.0
seasonal_naive,2025-11-16,sugar,4000.0,2025-11-18,180.0
seasonal_naive,2025-11-16,chocolate_syrup,1500.0,2025-11-18,450.0
seasonal_naive,2025-11-16,tea_leaves,1000.0,2025-11-19,600.0
seasonal_naive,2025-11-16,ice,24000.0,2025-11-17,240.0
seasonal_naive,2025-11-16,croissant_dough,30.0,2025-11-17,1350.0
seasonal_naive,2025-11-16,bread,80.0,2025-11-17,640.0
seasonal_naive,2025-11-16,cup_cold,300.0,2025-11-20,1500.0
seasonal_naive,2025-11-17,coffee_beans,6000.0,2025-11-20,7200.0
seasonal_naive,2025-11-17,milk,59000.0,2025-11-18,3540.0
seasonal_naive,2025-11-17,sugar,3000.0,2025-11-19,135.0
seasonal_naive,2025-11-17,ice,17000.0,2025-11-18,170.0
seasonal_naive,2025-11-17,croissant_dough,60.0,2025-11-18,2700.0
seasonal_naive,2025-11-17,bread,90.0,2025-11-18,720.0
seasonal_naive,2025-11-17,cup_hot,500.0,2025-11-21,2000.0
seasonal_naive,2025-11-18,coffee_beans,6000.0,2025-11-21,7200.0
seasonal_naive,2025-11-18,milk,60000.0,2025-11-19,3600.0
seasonal_naive,2025-11-18,sugar,2000.0,2025-11-20,90.0
seasonal_naive,2025-11-18,ice,7000.0,2025-11-19,70.0
seasonal_naive,2025-11-18,croissant_dough,30.0,2025-11-19,1350.0
seasonal_naive,2025-11-18,bread,30.0,2025-11-19,240.0
seasonal_naive,2025-11-18,cup_hot,400.0,2025-11-22,1600.0
seasonal_naive,2025-11-18,cup_cold,200.0,2025-11-22,1000.0
seasonal_naive,2025-11-19,coffee_beans,7000.0,2025-11-22,8400.0
seasonal_naive,2025-11-19,milk,67000.0,2025-11-20,4020.0
seasonal_naive,2025-11-19,sugar,4000.0,2025-11-21,180.0
seasonal_naive,2025-11-19,chocolate_syrup,2500.0,2025-11-21,750.0
seasonal_naive,2025-11-19,tea_leaves,1000.0,2025-11-22,600.0
seasonal_naive,2025-11-19,ice,7000.0,2025-11-20,70.0
seasonal_naive,2025-11-19,croissant_dough,10.0,2025-11-20,450.0
seasonal_naive,2025-11-19,bread,20.0,2025-11-20,160.0
seasonal_naive,2025-11-19,cup_hot,500.0,2025-11-23,2000.0
seasonal_naive,2025-11-20,coffee_beans,7000.0,2025-11-23,8400.0
seasonal_naive,2025-11-20,milk,71000.0,2025-11-21,4260.0
seasonal_naive,2025-11-20,sugar,4000.0,2025-11-22,180.0
seasonal_naive,2025-11-20,ice,9000.0,2025-11-21,90.0
seasonal_naive,2025-11-20,croissant_dough,30.0,2025-11-21,1350.0
seasonal_naive,2025-11-20,bread,100.0,2025-11-21,800.0
seasonal_naive,2025-11-20,cup_hot,400.0,2025-11-24,1600.0
seasonal_naive,2025-11-20,cup_cold,200.0,2025-11-24,1000.0
seasonal_naive,2025-11-21,coffee_beans,10000.0,2025-11-24,12000.0
seasonal_naive,2025-11-21,milk,68000.0,2025-11-22,4080.0
seasonal_naive,2025-11-21,sugar,4000.0,2025-11-23,180.0
seasonal_naive,2025-11-21,chocolate_syrup,2500.0,2025-11-23,750.0
seasonal_naive,2025-11-21,ice,13000.0,2025-11-22,130.0
seasonal_naive,2025-11-21,croissant_dough,70.0,2025-11-22,3150.0
seasonal_naive,2025-11-21,bread,60.0,2025-11-22,480.0
seasonal_naive,2025-11-21,cup_hot,400.0,2025-11-25,1600.0
seasonal_naive,2025-11-22,coffee_beans,4000.0,2025-11-25,4800.0
seasonal_naive,2025-11-22,milk,43000.0,2025-11-23,2580.0
seasonal_naive,2025-11-22,sugar,3000.0,2025-11-24,135.0
seasonal_naive,2025-11-22,chocolate_syrup,2000.0,2025-11-24,600.0
seasonal_naive,2025-11-22,tea_leaves,500.0,2025-11-25,300.0
seasonal_naive,2025-11-22,ice,9000.0,2025-11-23,90.0
seasonal_naive,2025-11-22,croissant_dough,50.0,2025-11-23,2250.0
seasonal_naive,2025-11-22,bread,60.0,2025-11-23,480.0
seasonal_naive,2025-11-22,cup_hot,300.0,2025-11-26,1200.0
seasonal_naive,2025-11-22,cup_cold,100.0,2025-11-26,500.0
seasonal_naive,2025-11-23,milk,36000.0,2025-11-24,2160.0
seasonal_naive,2025-11-23,croissant_dough,30.0,2025-11-24,1350.0
seasonal_naive,2025-11-23,bread,50.0,2025-11-24,400.0
seasonal_naive,2025-11-23,cup_hot,300.0,2025-11-27,1200.0
seasonal_naive,2025-11-24,coffee_beans,8000.0,2025-11-27,9600.0
seasonal_naive,2025-11-24,milk,66000.0,2025-11-25,3960.0
seasonal_naive,2025-11-24,sugar,3000.0,2025-11-26,135.0
seasonal_naive,2025-11-24,chocolate_syrup,1500.0,2025-11-26,450.0
seasonal_naive,2025-11-24,ice,19000.0,2025-11-25,190.0
seasonal_naive,2025-11-24,bread,40.0,2025-11-25,320.0
seasonal_naive,2025-11-24,cup_hot,400.0,2025-11-28,1600.0
seasonal_naive,2025-11-25,coffee_beans,8000.0,2025-11-28,9600.0
seasonal_naive,2025-11-25,milk,63000.0,2025-11-26,3780.0
seasonal_naive,2025-11-25,sugar,3000.0,2025-11-27,135.0
seasonal_naive,2025-11-25,ice,8000.0,2025-11-26,80.0
seasonal_naive,2025-11-25,croissant_dough,30.0,2025-11-26,1350.0
seasonal_naive,2025-11-25,bread,40.0,2025-11-26,320.0
seasonal_naive,2025-11-25,cup_hot,400.0,2025-11-29,1600.0
seasonal_naive,2025-11-26,coffee_beans,6000.0,2025-11-29,7200.0
seasonal_naive,2025-11-26,milk,66000.0,2025-11-27,3960.0
seasonal_naive,2025-11-26,sugar,5000.0,2025-11-28,225.0
seasonal_naive,2025-11-26,chocolate_syrup,2000.0,2025-11-28,600.0
seasonal_naive,2025-11-26,tea_leaves,1000.0,2025-11-29,600.0
seasonal_naive,2025-11-26,ice,10000.0,2025-11-27,100.0
seasonal_naive,2025-11-26,croissant_dough,30.0,2025-11-27,1350.0
seasonal_naive,2025-11-26,bread,110.0,2025-11-27,880.0
seasonal_naive,2025-11-26,cup_hot,400.0,2025-11-30,1600.0
seasonal_naive,2025-11-26,cup_cold,200.0,2025-11-30,1000.0
seasonal_naive,2025-11-27,coffee_beans,5000.0,2025-11-30,6000.0
seasonal_naive,2025-11-27,milk,69000.0,2025-11-28,4140.0
seasonal_naive,2025-11-27,sugar,3000.0,2025-11-29,135.0
seasonal_naive,2025-11-27,ice,9000.0,2025-11-28,90.0
seasonal_naive,2025-11-27,croissant_dough,30.0,2025-11-28,1350.0
seasonal_naive,2025-11-27,bread,80.0,2025-11-28,640.0
seasonal_naive,2025-11-27,cup_cold,100.0,2025-12-01,500.0
seasonal_naive,2025-11-28,coffee_beans,4000.0,2025-12-01,4800.0
seasonal_naive,2025-11-28,milk,34000.0,2025-11-29,2040.0
seasonal_naive,2025-11-28,sugar,2000.0,2025-11-30,90.0
seasonal_naive,2025-11-28,chocolate_syrup,2500.0,2025-11-30,750.0
seasonal_naive,2025-11-28,tea_leaves,500.0,2025-12-01,300.0
seasonal_naive,2025-11-28,ice,7000.0,2025-11-29,70.0
seasonal_naive,2025-11-28,croissant_dough,50.0,2025-11-29,2250.0
seasonal_naive,2025-11-28,bread,50.0,2025-11-29,400.0
seasonal_naive,2025-11-28,cup_hot,500.0,2025-12-02,2000.0
seasonal_naive,2025-11-29,coffee_beans,8000.0,2025-12-02,9600.0
seasonal_naive,2025-11-29,milk,57000.0,2025-11-30,3420.0
seasonal_naive,2025-11-29,sugar,4000.0,2025-12-01,180.0
seasonal_naive,2025-11-29,ice,10000.0,2025-11-30,100.0
seasonal_naive,2025-11-29,croissant_dough,60.0,2025-11-30,2700.0
seasonal_naive,2025-11-29,bread,120.0,2025-11-30,960.0
seasonal_naive,2025-11-29,cup_hot,500.0,2025-12-03,2000.0
seasonal_naive,2025-11-30,coffee_beans,8000.0,2025-12-03,9600.0
seasonal_naive,2025-11-30,milk,74000.0,2025-12-01,4440.0
seasonal_naive,2025-11-30,sugar,4000.0,2025-12-02,180.0
seasonal_naive,2025-11-30,chocolate_syrup,2000.0,2025-12-02,600.0
seasonal_naive,2025-11-30,tea_leaves,500.0,2025-12-03,300.0
seasonal_naive,2025-11-30,croissant_dough,10.0,2025-12-01,450.0
seasonal_naive,2025-11-30,bread,30.0,2025-12-01,240.0
seasonal_naive,2025-11-30,cup_hot,500.0,2025-12-04,2000.0
seasonal_naive,2025-12-01,coffee_beans,5000.0,2025-12-04,6000.0
seasonal_naive,2025-12-01,milk,57000.0,2025-12-02,3420.0
seasonal_naive,2025-12-01,sugar,3000.0,2025-12-03,135.0
seasonal_naive,2025-12-01,chocolate_syrup,1500.0,2025-12-03,450.0
seasonal_naive,2025-12-01,tea_leaves,500.0,2025-12-04,300.0
seasonal_naive,2025-12-01,ice,8000.0,2025-12-02,80.0
seasonal_naive,2025-12-01,croissant_dough,20.0,2025-12-02,900.0
seasonal_naive,2025-12-01,bread,110.0,2025-12-02,880.0
seasonal_naive,2025-12-01,cup_hot,400.0,2025-12-05,1600.0
seasonal_naive,2025-12-02,coffee_beans,5000.0,2025-12-05,6000.0
seasonal_naive,2025-12-02,milk,69000.0,2025-12-03,4140.0
seasonal_naive,2025-12-02,sugar,3000.0,2025-12-04,135.0
seasonal_naive,2025-12-02,chocolate_syrup,2000.0,2025-12-04,600.0
seasonal_naive,2025-12-02,ice,9000.0,2025-12-03,90.0
seasonal_naive,2025-12-02,croissant_dough,30.0,2025-12-03,1350.0
seasonal_naive,2025-12-02,bread,70.0,2025-12-03,560.0
seasonal_naive,2025-12-02,cup_hot,500.0,2025-12-06,2000.0
seasonal_naive,2025-12-02,cup_cold,200.0,2025-12-06,1000.0
seasonal_naive,2025-12-03,coffee_beans,7000.0,2025-12-06,8400.0
seasonal_naive,2025-12-03,milk,57000.0,2025-12-04,3420.0
seasonal_naive,2025-12-03,sugar,3000.0,2025-12-05,135.0
seasonal_naive,2025-12-03,tea_leaves,1000.0,2025-12-06,600.0
seasonal_naive,2025-12-03,ice,10000.0,2025-12-04,100.0
seasonal_naive,2025-12-03,croissant_dough,40.0,2025-12-04,1800.0
seasonal_naive,2025-12-03,bread,70.0,2025-12-04,560.0
seasonal_naive,2025-12-03,cup_hot,500.0,2025-12-07,2000.0
seasonal_naive,2025-12-04,coffee_beans,10000.0,2025-12-07,12000.0
seasonal_naive,2025-12-04,milk,80000.0,2025-12-05,4800.0
seasonal_naive,2025-12-04,sugar,4000.0,2025-12-06,180.0
seasonal_naive,2025-12-04,chocolate_syrup,2000.0,2025-12-06,600.0
seasonal_naive,2025-12-04,ice,9000.0,2025-12-05,90.0
seasonal_naive,2025-12-04,croissant_dough,30.0,2025-12-05,1350.0
seasonal_naive,2025-12-04,bread,90.0,2025-12-05,720.0
seasonal_naive,2025-12-04,cup_hot,500.0,2025-12-08,2000.0
seasonal_naive,2025-12-05,coffee_beans,6000.0,2025-12-08,7200.0
seasonal_naive,2025-12-05,milk,48000.0,2025-12-06,2880.0
seasonal_naive,2025-12-05,sugar,3000.0,2025-12-07,135.0
seasonal_naive,2025-12-05,chocolate_syrup,1500.0,2025-12-07,450.0
seasonal_naive,2025-12-05,ice,8000.0,2025-12-06,80.0
seasonal_naive,2025-12-05,croissant_dough,40.0,2025-12-06,1800.0
seasonal_naive,2025-12-05,bread,90.0,2025-12-06,720.0
seasonal_naive,2025-12-05,cup_hot,300.0,2025-12-09,1200.0
seasonal_naive,2025-12-05,cup_cold,200.0,2025-12-09,1000.0
seasonal_naive,2025-12-06,coffee_beans,6000.0,2025-12-09,7200.0
seasonal_naive,2025-12-06,milk,56000.0,2025-12-07,3360.0
seasonal_naive,2025-12-06,sugar,4000.0,2025-12-08,180.0
seasonal_naive,2025-12-06,tea_leaves,500.0,2025-12-09,300.0
seasonal_naive,2025-12-06,ice,11000.0,2025-12-07,110.0
seasonal_naive,2025-12-06,croissant_dough,30.0,2025-12-07,1350.0
seasonal_naive,2025-12-06,bread,90.0,2025-12-07,720.0
seasonal_naive,2025-12-06,cup_hot,300.0,2025-12-10,1200.0
seasonal_naive,2025-12-07,milk,66000.0,2025-12-08,3960.0
seasonal_naive,2025-12-07,sugar,5000.0,2025-12-09,225.0
seasonal_naive,2025-12-07,chocolate_syrup,4000.0,2025-12-09,1200.0
seasonal_naive,2025-12-07,tea_leaves,1500.0,2025-12-10,900.0
seasonal_naive,2025-12-07,ice,9000.0,2025-12-08,90.0
seasonal_naive,2025-12-07,croissant_dough,40.0,2025-12-08,1800.0
seasonal_naive,2025-12-07,bread,90.0,2025-12-08,720.0
seasonal_naive,2025-12-07,cup_hot,600.0,2025-12-11,2400.0
seasonal_naive,2025-12-08,coffee_beans,7000.0,2025-12-11,8400.0
seasonal_naive,2025-12-08,milk,38000.0,2025-12-09,2280.0
seasonal_naive,2025-12-08,sugar,2000.0,2025-12-10,90.0
seasonal_naive,2025-12-08,ice,11000.0,2025-12-09,110.0
seasonal_naive,2025-12-08,croissant_dough,30.0,2025-12-09,1350.0
seasonal_naive,2025-12-08,bread,70.0,2025-12-09,560.0
seasonal_naive,2025-12-08,cup_cold,200.0,2025-12-12,1000.0
seasonal_naive,2025-12-09,coffee_beans,5000.0,2025-12-12,6000.0
seasonal_naive,2025-12-09,milk,54000.0,2025-12-10,3240.0
seasonal_naive,2025-12-09,sugar,3000.0,2025-12-11,135.0
seasonal_naive,2025-12-09,tea_leaves,500.0,2025-12-12,300.0
seasonal_naive,2025-12-09,ice,9000.0,2025-12-10,90.0
seasonal_naive,2025-12-09,croissant_dough,20.0,2025-12-10,900.0
seasonal_naive,2025-12-09,bread,90.0,2025-12-10,720.0
seasonal_naive,2025-12-09,cup_hot,600.0,2025-12-13,2400.0
seasonal_naive,2025-12-10,coffee_beans,7000.0,2025-12-13,8400.0
seasonal_naive,2025-12-10,milk,70000.0,2025-12-11,4200.0
seasonal_naive,2025-12-10,sugar,3000.0,2025-12-12,135.0
seasonal_naive,2025-12-10,chocolate_syrup,1500.0,2025-12-12,450.0
seasonal_naive,2025-12-10,ice,10000.0,2025-12-11,100.0
seasonal_naive,2025-12-10,croissant_dough,40.0,2025-12-11,1800.0
seasonal_naive,2025-12-10,bread,90.0,2025-12-11,720.0
seasonal_naive,2025-12-10,cup_hot,300.0,2025-12-14,1200.0
seasonal_naive,2025-12-10,cup_cold,200.0,2025-12-14,1000.0
seasonal_naive,2025-12-11,coffee_beans,6000.0,2025-12-14,7200.0
seasonal_naive,2025-12-11,milk,71000.0,2025-12-12,4260.0
seasonal_naive,2025-12-11,sugar,4000.0,2025-12-13,180.0
seasonal_naive,2025-12-11,tea_leaves,500.0,2025-12-14,300.0
seasonal_naive,2025-12-11,ice,13000.0,2025-12-12,130.0
seasonal_naive,2025-12-11,croissant_dough,40.0,2025-12-12,1800.0
seasonal_naive,2025-12-11,bread,80.0,2025-12-12,640.0
seasonal_naive,2025-12-11,cup_hot,500.0,2025-12-15,2000.0
seasonal_naive,2025-12-12,coffee_beans,9000.0,2025-12-15,10800.0
seasonal_naive,2025-12-12,milk,61000.0,2025-12-13,3660.0
seasonal_naive,2025-12-12,sugar,4000.0,2025-12-14,180.0
seasonal_naive,2025-12-12,chocolate_syrup,2000.0,2025-12-14,600.0
seasonal_naive,2025-12-12,ice,8000.0,2025-12-13,80.0
seasonal_naive,2025-12-12,croissant_dough,30.0,2025-12-13,1350.0
seasonal_naive,2025-12-12,bread,50.0,2025-12-13,400.0
seasonal_naive,2025-12-12,cup_hot,300.0,2025-12-16,1200.0
seasonal_naive,2025-12-12,cup_cold,200.0,2025-12-16,1000.0
seasonal_naive,2025-12-13,milk,29000.0,2025-12-14,1740.0
seasonal_naive,2025-12-13,sugar,3000.0,2025-12-15,135.0
seasonal_naive,2025-12-13,tea_leaves,500.0,2025-12-16,300.0
seasonal_naive,2025-12-13,ice,8000.0,2025-12-14,80.0
seasonal_naive,2025-12-13,croissant_dough,70.0,2025-12-14,3150.0
seasonal_naive,2025-12-13,bread,80.0,2025-12-14,640.0
seasonal_naive,2025-12-14,coffee_beans,7000.0,2025-12-17,8400.0
seasonal_naive,2025-12-14,milk,32000.0,2025-12-15,1920.0
seasonal_naive,2025-12-14,ice,24000.0,2025-12-15,240.0
seasonal_naive,2025-12-14,bread,70.0,2025-12-15,560.0
seasonal_naive,2025-12-14,cup_cold,400.0,2025-12-18,2000.0
seasonal_naive,2025-12-15,coffee_beans,7000.0,2025-12-18,8400.0
seasonal_naive,2025-12-15,milk,58000.0,2025-12-16,3480.0
seasonal_naive,2025-12-15,ice,9000.0,2025-12-16,90.0
seasonal_naive,2025-12-15,croissant_dough,30.0,2025-12-16,1350.0
seasonal_naive,2025-12-15,bread,70.0,2025-12-16,560.0
seasonal_naive,2025-12-16,coffee_beans,7000.0,2025-12-19,8400.0
seasonal_naive,2025-12-16,milk,55000.0,2025-12-17,3300.0
seasonal_naive,2025-12-16,sugar,5000.0,2025-12-18,225.0
seasonal_naive,2025-12-16,ice,7000.0,2025-12-17,70.0
seasonal_naive,2025-12-16,croissant_dough,30.0,2025-12-17,1350.0
seasonal_naive,2025-12-16,bread,40.0,2025-12-17,320.0
seasonal_naive,2025-12-16,cup_hot,600.0,2025-12-20,2400.0
seasonal_naive,2025-12-17,coffee_beans,6000.0,2025-12-20,7200.0
seasonal_naive,2025-12-17,milk,67000.0,2025-12-18,4020.0
seasonal_naive,2025-12-17,sugar,3000.0,2025-12-19,135.0
seasonal_naive,2025-12-17,ice,9000.0,2025-12-18,90.0
seasonal_naive,2025-12-17,croissant_dough,40.0,2025-12-18,1800.0
seasonal_naive,2025-12-17,bread,60.0,2025-12-18,480.0
seasonal_naive,2025-12-17,cup_hot,400.0,2025-12-21,1600.0
seasonal_naive,2025-12-17,cup_cold,200.0,2025-12-21,1000.0
seasonal_naive,2025-12-18,coffee_beans,6000.0,2025-12-21,7200.0
seasonal_naive,2025-12-18,milk,53000.0,2025-12-19,3180.0
seasonal_naive,2025-12-18,sugar,2000.0,2025-12-20,90.0
seasonal_naive,2025-12-18,chocolate_syrup,1500.0,2025-12-20,450.0
seasonal_naive,2025-12-18,ice,10000.0,2025-12-19,100.0
seasonal_naive,2025-12-18,croissant_dough,40.0,2025-12-19,1800.0
seasonal_naive,2025-12-18,bread,60.0,2025-12-19,480.0
seasonal_naive,2025-12-18,cup_hot,300.0,2025-12-22,1200.0
seasonal_naive,2025-12-19,coffee_beans,6000.0,2025-12-22,7200.0
seasonal_naive,2025-12-19,milk,45000.0,2025-12-20,2700.0
seasonal_naive,2025-12-19,sugar,4000.0,2025-12-21,180.0
seasonal_naive,2025-12-19,ice,11000.0,2025-12-20,110.0
seasonal_naive,2025-12-19,croissant_dough,20.0,2025-12-20,900.0
seasonal_naive,2025-12-19,bread,80.0,2025-12-20,640.0
seasonal_naive,2025-12-19,cup_hot,300.0,2025-12-23,1200.0
seasonal_naive,2025-12-20,coffee_beans,8000.0,2025-12-23,9600.0
seasonal_naive,2025-12-20,milk,69000.0,2025-12-21,4140.0
seasonal_naive,2025-12-20,sugar,4000.0,2025-12-22,180.0
seasonal_naive,2025-12-20,chocolate_syrup,1500.0,2025-12-22,450.0
seasonal_naive,2025-12-20,ice,11000.0,2025-12-21,110.0
seasonal_naive,2025-12-20,croissant_dough,20.0,2025-12-21,900.0
seasonal_naive,2025-12-20,bread,60.0,2025-12-21,480.0
seasonal_naive,2025-12-20,cup_hot,400.0,2025-12-24,1600.0
seasonal_naive,2025-12-20,cup_cold,300.0,2025-12-24,1500.0
seasonal_naive,2025-12-21,coffee_beans,10000.0,2025-12-24,12000.0
seasonal_naive,2025-12-21,milk,86000.0,2025-12-22,5160.0
seasonal_naive,2025-12-21,sugar,6000.0,2025-12-23,270.0
seasonal_naive,2025-12-21,chocolate_syrup,3000.0,2025-12-23,900.0
seasonal_naive,2025-12-21,tea_leaves,1000.0,2025-12-24,600.0
seasonal_naive,2025-12-21,ice,8000.0,2025-12-22,80.0
seasonal_naive,2025-12-21,croissant_dough,30.0,2025-12-22,1350.0
seasonal_naive,2025-12-21,bread,50.0,2025-12-22,400.0
seasonal_naive,2025-12-21,cup_hot,900.0,2025-12-25,3600.0
seasonal_naive,2025-12-22,coffee_beans,7000.0,2025-12-25,8400.0
seasonal_naive,2025-12-22,milk,54000.0,2025-12-23,3240.0
seasonal_naive,2025-12-22,sugar,3000.0,2025-12-24,135.0
seasonal_naive,2025-12-22,chocolate_syrup,1000.0,2025-12-24,300.0
seasonal_naive,2025-12-22,ice,10000.0,2025-12-23,100.0
seasonal_naive,2025-12-22,croissant_dough,30.0,2025-12-23,1350.0
seasonal_naive,2025-12-22,bread,60.0,2025-12-23,480.0
seasonal_naive,2025-12-22,cup_hot,300.0,2025-12-26,1200.0
seasonal_naive,2025-12-23,coffee_beans,7000.0,2025-12-26,8400.0
seasonal_naive,2025-12-23,milk,63000.0,2025-12-24,3780.0
seasonal_naive,2025-12-23,sugar,3000.0,2025-12-25,135.0
seasonal_naive,2025-12-23,ice,10000.0,2025-12-24,100.0
seasonal_naive,2025-12-23,croissant_dough,30.0,2025-12-24,1350.0
seasonal_naive,2025-12-23,bread,70.0,2025-12-24,560.0
seasonal_naive,2025-12-23,cup_hot,400.0,2025-12-27,1600.0
seasonal_naive,2025-12-23,cup_cold,200.0,2025-12-27,1000.0
seasonal_naive,2025-12-24,coffee_beans,7000.0,2025-12-27,8400.0
seasonal_naive,2025-12-24,milk,61000.0,2025-12-25,3660.0
seasonal_naive,2025-12-24,sugar,3000.0,2025-12-26,135.0
seasonal_naive,2025-12-24,chocolate_syrup,2000.0,2025-12-26,600.0
seasonal_naive,2025-12-24,ice,7000.0,2025-12-25,70.0
seasonal_naive,2025-12-24,croissant_dough,20.0,2025-12-25,900.0
seasonal_naive,2025-12-24,bread,80.0,2025-12-25,640.0
seasonal_naive,2025-12-24,cup_hot,400.0,2025-12-28,1600.0
seasonal_naive,2025-12-25,coffee_beans,7000.0,2025-12-28,8400.0
seasonal_naive,2025-12-25,milk,67000.0,2025-12-26,4020.0
seasonal_naive,2025-12-25,sugar,4000.0,2025-12-27,180.0
seasonal_naive,2025-12-25,chocolate_syrup,1000.0,2025-12-27,300.0
seasonal_naive,2025-12-25,tea_leaves,1000.0,2025-12-28,600.0
seasonal_naive,2025-12-25,ice,12000.0,2025-12-26,120.0
seasonal_naive,2025-12-25,croissant_dough,40.0,2025-12-26,1800.0
seasonal_naive,2025-12-25,bread,100.0,2025-12-26,800.0
seasonal_naive,2025-12-25,cup_hot,400.0,2025-12-29,1600.0
seasonal_naive,2025-12-25,cup_cold,200.0,2025-12-29,1000.0
seasonal_naive,2025-12-26,coffee_beans,6000.0,2025-12-29,7200.0
seasonal_naive,2025-12-26,milk,59000.0,2025-12-27,3540.0
seasonal_naive,2025-12-26,sugar,3000.0,2025-12-28,135.0
seasonal_naive,2025-12-26,chocolate_syrup,1000.0,2025-12-28,300.0
seasonal_naive,2025-12-26,ice,9000.0,2025-12-27,90.0
seasonal_naive,2025-12-26,croissant_dough,40.0,2025-12-27,1800.0
seasonal_naive,2025-12-26,bread,50.0,2025-12-27,400.0
seasonal_naive,2025-12-26,cup_hot,400.0,2025-12-30,1600.0
seasonal_naive,2025-12-27,coffee_beans,6000.0,2025-12-30,7200.0
seasonal_naive,2025-12-27,milk,58000.0,2025-12-28,3480.0
seasonal_naive,2025-12-27,sugar,4000.0,2025-12-29,180.0
seasonal_naive,2025-12-27,chocolate_syrup,2000.0,2025-12-29,600.0
seasonal_naive,2025-12-27,tea_leaves,500.0,2025-12-30,300.0
seasonal_naive,2025-12-27,ice,9000.0,2025-12-28,90.0
seasonal_naive,2025-12-27,croissant_dough,70.0,2025-12-28,3150.0
seasonal_naive,2025-12-27,bread,60.0,2025-12-28,480.0
seasonal_naive,2025-12-27,cup_hot,400.0,2025-12-31,1600.0
seasonal_naive,2025-12-28,coffee_beans,9000.0,2025-12-31,10800.0
seasonal_naive,2025-12-28,milk,82000.0,2025-12-29,4920.0
seasonal_naive,2025-12-28,sugar,5000.0,2025-12-30,225.0
seasonal_naive,2025-12-28,chocolate_syrup,4000.0,2025-12-30,1200.0
seasonal_naive,2025-12-28,ice,13000.0,2025-12-29,130.0
seasonal_naive,2025-12-28,croissant_dough,20.0,2025-12-29,900.0
seasonal_naive,2025-12-28,bread,60.0,2025-12-29,480.0
seasonal_naive,2025-12-28,cup_hot,700.0,2026-01-01,2800.0
seasonal_naive,2025-12-28,cup_cold,200.0,2026-01-01,1000.0
seasonal_naive,2025-12-29,coffee_beans,8000.0,2026-01-01,9600.0
seasonal_naive,2025-12-29,milk,72000.0,2025-12-30,4320.0
seasonal_naive,2025-12-29,sugar,4000.0,2025-12-31,180.0
seasonal_naive,2025-12-29,chocolate_syrup,2000.0,2025-12-31,600.0
seasonal_naive,2025-12-29,tea_leaves,500.0,2026-01-01,300.0
seasonal_naive,2025-12-29,ice,14000.0,2025-12-30,140.0
seasonal_naive,2025-12-29,croissant_dough,40.0,2025-12-30,1800.0
seasonal_naive,2025-12-29,bread,80.0,2025-12-30,640.0
seasonal_naive,2025-12-29,cup_hot,300.0,2026-01-02,1200.0
seasonal_naive,2025-12-30,coffee_beans,5000.0,2026-01-02,6000.0
seasonal_naive,2025-12-30,milk,53000.0,2025-12-31,3180.0
seasonal_naive,2025-12-30,sugar,3000.0,2026-01-01,135.0
seasonal_naive,2025-12-30,ice,8000.0,2025-12-31,80.0
seasonal_naive,2025-12-30,croissant_dough,30.0,2025-12-31,1350.0
seasonal_naive,2025-12-30,bread,130.0,2025-12-31,1040.0
seasonal_naive,2025-12-30,cup_hot,400.0,2026-01-03,1600.0
seasonal_naive,2025-12-30,cup_cold,200.0,2026-01-03,1000.0
seasonal_naive,2025-12-31,coffee_beans,10000.0,2026-01-03,12000.0
seasonal_naive,2025-12-31,milk,120000.0,2026-01-01,7200.0
seasonal_naive,2025-12-31,sugar,5000.0,2026-01-02,225.0
seasonal_naive,2025-12-31,chocolate_syrup,2500.0,2026-01-02,750.0
seasonal_naive,2025-12-31,tea_leaves,500.0,2026-01-03,300.0
seasonal_naive,2025-12-31,ice,19000.0,2026-01-01,190.0
seasonal_naive,2025-12-31,croissant_dough,30.0,2026-01-01,1350.0
seasonal_naive,2025-12-31,bread,50.0,2026-01-01,400.0
seasonal_naive,2025-12-31,cup_hot,600.0,2026-01-04,2400.0
seasonal_naive,2025-12-31,cup_cold,200.0,2026-01-04,1000.0
ml,2025-07-20,coffee_beans,51000.0,2025-07-23,61200.0
ml,2025-07-20,milk,48000.0,2025-07-21,2880.0
ml,2025-07-20,sugar,23000.0,2025-07-22,1035.0
ml,2025-07-20,chocolate_syrup,8000.0,2025-07-22,2400.0
ml,2025-07-20,tea_leaves,2500.0,2025-07-23,1500.0
ml,2025-07-20,ice,45000.0,2025-07-21,450.0
ml,2025-07-20,croissant_dough,30.0,2025-07-21,1350.0
ml,2025-07-20,bread,80.0,2025-07-21,640.0
ml,2025-07-20,cup_hot,3000.0,2025-07-24,12000.0
ml,2025-07-20,cup_cold,900.0,2025-07-24,4500.0
ml,2025-07-21,milk,48000.0,2025-07-22,2880.0
ml,2025-07-21,ice,11000.0,2025-07-22,110.0
ml,2025-07-21,croissant_dough,30.0,2025-07-22,1350.0
ml,2025-07-21,bread,80.0,2025-07-22,640.0
ml,2025-07-21,cup_hot,300.0,2025-07-25,1200.0
ml,2025-07-21,cup_cold,100.0,2025-07-25,500.0
ml,2025-07-22,coffee_beans,12000.0,2025-07-25,14400.0
ml,2025-07-22,milk,67000.0,2025-07-23,4020.0
ml,2025-07-22,sugar,6000.0,2025-07-24,270.0
ml,2025-07-22,chocolate_syrup,2000.0,2025-07-24,600.0
ml,2025-07-22,ice,10000.0,2025-07-23,100.0
ml,2025-07-22,croissant_dough,30.0,2025-07-23,1350.0
ml,2025-07-22,bread,70.0,2025-07-23,560.0
ml,2025-07-22,cup_hot,400.0,2025-07-26,1600.0
ml,2025-07-22,cup_cold,100.0,2025-07-26,500.0
ml,2025-07-23,coffee_beans,7000.0,2025-07-26,8400.0
ml,2025-07-23,milk,57000.0,2025-07-24,3420.0
ml,2025-07-23,sugar,3000.0,2025-07-25,135.0
ml,2025-07-23,tea_leaves,500.0,2025-07-26,300.0
ml,2025-07-23,ice,7000.0,2025-07-24,70.0
ml,2025-07-23,croissant_dough,20.0,2025-07-24,900.0
ml,2025-07-23,bread,80.0,2025-07-24,640.0
ml,2025-07-23,cup_hot,500.0,2025-07-27,2000.0
ml,2025-07-23,cup_cold,100.0,2025-07-27,500.0
ml,2025-07-24,milk,38000.0,2025-07-25,2280.0
ml,2025-07-24,ice,5000.0,2025-07-25,50.0
ml,2025-07-24,croissant_dough,30.0,2025-07-25,1350.0
ml,2025-07-24,bread,80.0,2025-07-25,640.0
ml,2025-07-24,cup_hot,400.0,2025-07-28,1600.0
ml,2025-07-25,coffee_beans,10000.0,2025-07-28,12000.0
ml,2025-07-25,milk,43000.0,2025-07-26,2580.0
ml,2025-07-25,sugar,4000.0,2025-07-27,180.0
ml,2025-07-25,chocolate_syrup,1500.0,2025-07-27,450.0
ml,2025-07-25,tea_leaves,500.0,2025-07-28,300.0
ml,2025-07-25,ice,7000.0,2025-07-26,70.0
ml,2025-07-25,croissant_dough,50.0,2025-07-26,2250.0
ml,2025-07-25,bread,70.0,2025-07-26,560.0
ml,2025-07-26,milk,58000.0,2025-07-27,3480.0
ml,2025-07-26,sugar,4000.0,2025-07-28,180.0
ml,2025-07-26,chocolate_syrup,1500.0,2025-07-28,450.0
ml,2025-07-26,ice,11000.0,2025-07-27,110.0
ml,2025-07-26,croissant_dough,40.0,2025-07-27,1800.0
ml,2025-07-26,bread,80.0,2025-07-27,640.0
ml,2025-07-26,cup_hot,600.0,2025-07-30,2400.0
ml,2025-07-26,cup_cold,200.0,2025-07-30,1000.0
ml,2025-07-27,coffee_beans,7000.0,2025-07-30,8400.0
ml,2025-07-27,milk,54000.0,2025-07-28,3240.0
ml,2025-07-27,chocolate_syrup,1500.0,2025-07-29,450.0
ml,2025-07-27,tea_leaves,1000.0,2025-07-30,600.0
ml,2025-07-27,ice,10000.0,2025-07-28,100.0
ml,2025-07-27,croissant_dough,20.0,2025-07-28,900.0
ml,2025-07-27,bread,60.0,2025-07-28,480.0
ml,2025-07-28,coffee_beans,7000.0,2025-07-31,8400.0
ml,2025-07-28,milk,72000.0,2025-07-29,4320.0
ml,2025-07-28,sugar,6000.0,2025-07-30,270.0
ml,2025-07-28,chocolate_syrup,1500.0,2025-07-30,450.0
ml,2025-07-28,ice,16000.0,2025-07-29,160.0
ml,2025-07-28,croissant_dough,30.0,2025-07-29,1350.0
ml,2025-07-28,bread,70.0,2025-07-29,560.0
ml,2025-07-28,cup_hot,700.0,2025-08-01,2800.0
ml,2025-07-29,milk,57000.0,2025-07-30,3420.0
ml,2025-07-29,ice,9000.0,2025-07-30,90.0
ml,2025-07-29,croissant_dough,30.0,2025-07-30,1350.0
ml,2025-07-29,bread,80.0,2025-07-30,640.0
ml,2025-07-30,coffee_beans,12000.0,2025-08-02,14400.0
ml,2025-07-30,milk,74000.0,2025-07-31,4440.0
ml,2025-07-30,sugar,6000.0,2025-08-01,270.0
ml,2025-07-30,chocolate_syrup,2000.0,2025-08-01,600.0
ml,2025-07-30,tea_leaves,500.0,2025-08-02,300.0
ml,2025-07-30,ice,8000.0,2025-07-31,80.0
ml,2025-07-30,croissant_dough,30.0,2025-07-31,1350.0
ml,2025-07-30,bread,80.0,2025-07-31,640.0
ml,2025-07-30,cup_hot,800.0,2025-08-03,3200.0
ml,2025-07-30,cup_cold,200.0,2025-08-03,1000.0
ml,2025-07-31,coffee_beans,7000.0,2025-08-03,8400.0
ml,2025-07-31,milk,64000.0,2025-08-01,3840.0
ml,2025-07-31,ice,10000.0,2025-08-01,100.0
ml,2025-07-31,croissant_dough,30.0,2025-08-01,1350.0
ml,2025-07-31,bread,80.0,2025-08-01,640.0
ml,2025-08-01,coffee_beans,7000.0,2025-08-04,8400.0
ml,2025-08-01,milk,58000.0,2025-08-02,3480.0
ml,2025-08-01,sugar,6000.0,2025-08-03,270.0
ml,2025-08-01,chocolate_syrup,2000.0,2025-08-03,600.0
ml,2025-08-01,tea_leaves,500.0,2025-08-04,300.0
ml,2025-08-01,ice,8000.0,2025-08-02,80.0
ml,2025-08-01,croissant_dough,40.0,2025-08-02,1800.0
ml,2025-08-01,bread,90.0,2025-08-02,720.0
ml,2025-08-01,cup_hot,700.0,2025-08-05,2800.0
ml,2025-08-01,cup_cold,200.0,2025-08-05,1000.0
ml,2025-08-02,coffee_beans,6000.0,2025-08-05,7200.0
ml,2025-08-02,milk,59000.0,2025-08-03,3540.0
ml,2025-08-02,sugar,4000.0,2025-08-04,180.0
ml,2025-08-02,chocolate_syrup,1000.0,2025-08-04,300.0
ml,2025-08-02,ice,11000.0,2025-08-03,110.0
ml,2025-08-02,croissant_dough,40.0,2025-08-03,1800.0
ml,2025-08-02,bread,80.0,2025-08-03,640.0
ml,2025-08-03,milk,50000.0,2025-08-04,3000.0
ml,2025-08-03,chocolate_syrup,1000.0,2025-08-05,300.0
ml,2025-08-03,ice,15000.0,2025-08-04,150.0
ml,2025-08-03,croissant_dough,30.0,2025-08-04,1350.0
ml,2025-08-03,bread,70.0,2025-08-04,560.0
ml,2025-08-03,cup_hot,500.0,2025-08-07,2000.0
ml,2025-08-03,cup_cold,200.0,2025-08-07,1000.0
ml,2025-08-04,coffee_beans,11000.0,2025-08-07,13200.0
ml,2025-08-04,milk,71000.0,2025-08-05,4260.0
ml,2025-08-04,sugar,6000.0,2025-08-06,270.0
ml,2025-08-04,chocolate_syrup,1500.0,2025-08-06,450.0
ml,2025-08-04,tea_leaves,500.0,2025-08-07,300.0
ml,2025-08-04,ice,17000.0,2025-08-05,170.0
ml,2025-08-04,croissant_dough,30.0,2025-08-05,1350.0
ml,2025-08-04,bread,70.0,2025-08-05,560.0
ml,2025-08-04,cup_hot,400.0,2025-08-08,1600.0
ml,2025-08-04,cup_cold,200.0,2025-08-08,1000.0
ml,2025-08-05,coffee_beans,6000.0,2025-08-08,7200.0
ml,2025-08-05,milk,54000.0,2025-08-06,3240.0
ml,2025-08-05,sugar,4000.0,2025-08-07,180.0
ml,2025-08-05,chocolate_syrup,1000.0,2025-08-07,300.0
ml,2025-08-05,tea_leaves,500.0,2025-08-08,300.0
ml,2025-08-05,ice,7000.0,2025-08-06,70.0
ml,2025-08-05,croissant_dough,30.0,2025-08-06,1350.0
ml,2025-08-05,bread,70.0,2025-08-06,560.0
ml,2025-08-05,cup_hot,400.0,2025-08-09,1600.0
ml,2025-08-06,coffee_beans,6000.0,2025-08-09,7200.0
ml,2025-08-06,milk,63000.0,2025-08-07,3780.0
ml,2025-08-06,sugar,3000.0,2025-08-08,135.0
ml,2025-08-06,chocolate_syrup,1500.0,2025-08-08,450.0
ml,2025-08-06,ice,8000.0,2025-08-07,80.0
ml,2025-08-06,croissant_dough,30.0,2025-08-07,1350.0
ml,2025-08-06,bread,60.0,2025-08-07,480.0
ml,2025-08-06,cup_hot,400.0,2025-08-10,1600.0
ml,2025-08-07,coffee_beans,8000.0,2025-08-10,9600.0
ml,2025-08-07,milk,68000.0,2025-08-08,4080.0
ml,2025-08-07,sugar,3000.0,2025-08-09,135.0
ml,2025-08-07,chocolate_syrup,1000.0,2025-08-09,300.0
ml,2025-08-07,tea_leaves,500.0,2025-08-10,300.0
ml,2025-08-07,ice,11000.0,2025-08-08,110.0
ml,2025-08-07,croissant_dough,30.0,2025-08-08,1350.0
ml,2025-08-07,bread,80.0,2025-08-08,640.0
ml,2025-08-07,cup_hot,500.0,2025-08-11,2000.0
ml,2025-08-07,cup_cold,200.0,2025-08-11,1000.0
ml,2025-08-08,coffee_beans,7000.0,2025-08-11,8400.0
ml,2025-08-08,milk,44000.0,2025-08-09,2640.0
ml,2025-08-08,sugar,4000.0,2025-08-10,180.0
ml,2025-08-08,chocolate_syrup,1000.0,2025-08-10,300.0
ml,2025-08-08,ice,12000.0,2025-08-09,120.0
ml,2025-08-08,croissant_dough,30.0,2025-08-09,1350.0
ml,2025-08-08,bread,70.0,2025-08-09,560.0
ml,2025-08-09,coffee_beans,6000.0,2025-08-12,7200.0
ml,2025-08-09,milk,56000.0,2025-08-10,3360.0
ml,2025-08-09,sugar,4000.0,2025-08-11,180.0
ml,2025-08-09,chocolate_syrup,1500.0,2025-08-11,450.0
ml,2025-08-09,tea_leaves,500.0,2025-08-12,300.0
ml,2025-08-09,ice,11000.0,2025-08-10,110.0
ml,2025-08-09,croissant_dough,40.0,2025-08-10,1800.0
ml,2025-08-09,bread,80.0,2025-08-10,640.0
ml,2025-08-09,cup_hot,600.0,2025-08-13,2400.0
ml,2025-08-09,cup_cold,200.0,2025-08-13,1000.0
ml,2025-08-10,coffee_beans,8000.0,2025-08-13,9600.0
ml,2025-08-10,milk,72000.0,2025-08-11,4320.0
ml,2025-08-10,sugar,4000.0,2025-08-12,180.0
ml,2025-08-10,chocolate_syrup,4000.0,2025-08-12,1200.0
ml,2025-08-10,ice,13000.0,2025-08-11,130.0
ml,2025-08-10,croissant_dough,30.0,2025-08-11,1350.0
ml,2025-08-10,bread,70.0,2025-08-11,560.0
ml,2025-08-10,cup_hot,500.0,2025-08-14,2000.0
ml,2025-08-11,milk,69000.0,2025-08-12,4140.0
ml,2025-08-11,sugar,4000.0,2025-08-13,180.0
ml,2025-08-11,tea_leaves,500.0,2025-08-14,300.0
ml,2025-08-11,ice,13000.0,2025-08-12,130.0
ml,2025-08-11,croissant_dough,30.0,2025-08-12,1350.0
ml,2025-08-11,bread,70.0,2025-08-12,560.0
ml,2025-08-11,cup_hot,400.0,2025-08-15,1600.0
ml,2025-08-11,cup_cold,200.0,2025-08-15,1000.0
ml,2025-08-12,coffee_beans,14000.0,2025-08-15,16800.0
ml,2025-08-12,milk,81000.0,2025-08-13,4860.0
ml,2025-08-12,sugar,4000.0,2025-08-14,180.0
ml,2025-08-12,chocolate_syrup,2500.0,2025-08-14,750.0
ml,2025-08-12,tea_leaves,500.0,2025-08-15,300.0
ml,2025-08-12,ice,7000.0,2025-08-13,70.0
ml,2025-08-12,croissant_dough,40.0,2025-08-13,1800.0
ml,2025-08-12,bread,80.0,2025-08-13,640.0
ml,2025-08-12,cup_hot,600.0,2025-08-16,2400.0
ml,2025-08-13,coffee_beans,7000.0,2025-08-16,8400.0
ml,2025-08-13,milk,75000.0,2025-08-14,4500.0
ml,2025-08-13,sugar,4000.0,2025-08-15,180.0
ml,2025-08-13,chocolate_syrup,1500.0,2025-08-15,450.0
ml,2025-08-13,tea_leaves,500.0,2025-08-16,300.0
ml,2025-08-13,ice,9000.0,2025-08-14,90.0
ml,2025-08-13,croissant_dough,50.0,2025-08-14,2250.0
ml,2025-08-13,bread,90.0,2025-08-14,720.0
ml,2025-08-13,cup_hot,500.0,2025-08-17,2000.0
ml,2025-08-13,cup_cold,200.0,2025-08-17,1000.0
ml,2025-08-14,coffee_beans,8000.0,2025-08-17,9600.0
ml,2025-08-14,milk,71000.0,2025-08-15,4260.0
ml,2025-08-14,sugar,4000.0,2025-08-16,180.0
ml,2025-08-14,tea_leaves,500.0,2025-08-17,300.0
ml,2025-08-14,ice,7000.0,2025-08-15,70.0
ml,2025-08-14,croissant_dough,30.0,2025-08-15,1350.0
ml,2025-08-14,bread,80.0,2025-08-15,640.0
ml,2025-08-14,cup_hot,400.0,2025-08-18,1600.0
ml,2025-08-15,coffee_beans,8000.0,2025-08-18,9600.0
ml,2025-08-15,milk,68000.0,2025-08-16,4080.0
ml,2025-08-15,sugar,4000.0,2025-08-17,180.0
ml,2025-08-15,chocolate_syrup,2000.0,2025-08-17,600.0
ml,2025-08-15,tea_leaves,500.0,2025-08-18,300.0
ml,2025-08-15,ice,5000.0,2025-08-16,50.0
ml,2025-08-15,croissant_dough,30.0,2025-08-16,1350.0
ml,2025-08-15,bread,90.0,2025-08-16,720.0
ml,2025-08-15,cup_hot,500.0,2025-08-19,2000.0
ml,2025-08-16,milk,61000.0,2025-08-17,3660.0
ml,2025-08-16,sugar,4000.0,2025-08-18,180.0
ml,2025-08-16,chocolate_syrup,1500.0,2025-08-18,450.0
ml,2025-08-16,ice,11000.0,2025-08-17,110.0
ml,2025-08-16,croissant_dough,40.0,2025-08-17,1800.0
ml,2025-08-16,bread,90.0,2025-08-17,720.0
ml,2025-08-16,cup_cold,200.0,2025-08-20,1000.0
ml,2025-08-17,coffee_beans,8000.0,2025-08-20,9600.0
ml,2025-08-17,milk,54000.0,2025-08-18,3240.0
ml,2025-08-17,chocolate_syrup,1500.0,2025-08-19,450.0
ml,2025-08-17,ice,9000.0,2025-08-18,90.0
ml,2025-08-17,croissant_dough,10.0,2025-08-18,450.0
ml,2025-08-17,bread,80.0,2025-08-18,640.0
ml,2025-08-17,cup_hot,600.0,2025-08-21,2400.0
ml,2025-08-18,coffee_beans,7000.0,2025-08-21,8400.0
ml,2025-08-18,milk,68000.0,2025-08-19,4080.0
ml,2025-08-18,sugar,6000.0,2025-08-20,270.0
ml,2025-08-18,chocolate_syrup,1500.0,2025-08-20,450.0
ml,2025-08-18,tea_leaves,1000.0,2025-08-21,600.0
ml,2025-08-18,ice,13000.0,2025-08-19,130.0
ml,2025-08-18,croissant_dough,30.0,2025-08-19,1350.0
ml,2025-08-18,bread,90.0,2025-08-19,720.0
ml,2025-08-18,cup_hot,500.0,2025-08-22,2000.0
ml,2025-08-19,coffee_beans,7000.0,2025-08-22,8400.0
ml,2025-08-19,milk,68000.0,2025-08-20,4080.0
ml,2025-08-19,sugar,3000.0,2025-08-21,135.0
ml,2025-08-19,ice,8000.0,2025-08-20,80.0
ml,2025-08-19,croissant_dough,30.0,2025-08-20,1350.0
ml,2025-08-19,bread,80.0,2025-08-20,640.0
ml,2025-08-19,cup_hot,400.0,2025-08-23,1600.0
ml,2025-08-19,cup_cold,200.0,2025-08-23,1000.0
ml,2025-08-20,coffee_beans,6000.0,2025-08-23,7200.0
ml,2025-08-20,milk,54000.0,2025-08-21,3240.0
ml,2025-08-20,chocolate_syrup,2000.0,2025-08-22,600.0
ml,2025-08-20,ice,7000.0,2025-08-21,70.0
ml,2025-08-20,croissant_dough,40.0,2025-08-21,1800.0
ml,2025-08-20,bread,60.0,2025-08-21,480.0
ml,2025-08-20,cup_hot,400.0,2025-08-24,1600.0
ml,2025-08-21,coffee_beans,6000.0,2025-08-24,7200.0
ml,2025-08-21,milk,49000.0,2025-08-22,2940.0
ml,2025-08-21,sugar,5000.0,2025-08-23,225.0
ml,2025-08-21,tea_leaves,500.0,2025-08-24,300.0
ml,2025-08-21,ice,9000.0,2025-08-22,90.0
ml,2025-08-21,croissant_dough,40.0,2025-08-22,1800.0
ml,2025-08-21,bread,70.0,2025-08-22,560.0
ml,2025-08-21,cup_cold,200.0,2025-08-25,1000.0
ml,2025-08-22,coffee_beans,8000.0,2025-08-25,9600.0
ml,2025-08-22,milk,52000.0,2025-08-23,3120.0
ml,2025-08-22,sugar,5000.0,2025-08-24,225.0
ml,2025-08-22,chocolate_syrup,2000.0,2025-08-24,600.0
ml,2025-08-22,tea_leaves,500.0,2025-08-25,300.0
ml,2025-08-22,ice,10000.0,2025-08-23,100.0
ml,2025-08-22,croissant_dough,40.0,2025-08-23,1800.0
ml,2025-08-22,bread,100.0,2025-08-23,800.0
ml,2025-08-22,cup_hot,700.0,2025-08-26,2800.0
ml,2025-08-23,milk,56000.0,2025-08-24,3360.0
ml,2025-08-23,sugar,4000.0,2025-08-25,180.0
ml,2025-08-23,chocolate_syrup,1500.0,2025-08-25,450.0
ml,2025-08-23,ice,11000.0,2025-08-24,110.0
ml,2025-08-23,croissant_dough,40.0,2025-08-24,1800.0
ml,2025-08-23,bread,90.0,2025-08-24,720.0
ml,2025-08-24,coffee_beans,12000.0,2025-08-27,14400.0
ml,2025-08-24,milk,56000.0,2025-08-25,3360.0
ml,2025-08-24,sugar,3000.0,2025-08-26,135.0
ml,2025-08-24,tea_leaves,500.0,2025-08-27,300.0
ml,2025-08-24,ice,14000.0,2025-08-25,140.0
ml,2025-08-24,croissant_dough,40.0,2025-08-25,1800.0
ml,2025-08-24,bread,80.0,2025-08-25,640.0
ml,2025-08-24,cup_hot,800.0,2025-08-28,3200.0
ml,2025-08-24,cup_cold,200.0,2025-08-28,1000.0
ml,2025-08-25,milk,44000.0,2025-08-26,2640.0
ml,2025-08-25,chocolate_syrup,1500.0,2025-08-27,450.0
ml,2025-08-25,ice,12000.0,2025-08-26,120.0
ml,2025-08-25,croissant_dough,30.0,2025-08-26,1350.0
ml,2025-08-25,bread,70.0,2025-08-26,560.0
ml,2025-08-26,coffee_beans,11000.0,2025-08-29,13200.0
ml,2025-08-26,milk,67000.0,2025-08-27,4020.0
ml,2025-08-26,sugar,5000.0,2025-08-28,225.0
ml,2025-08-26,tea_leaves,500.0,2025-08-29,300.0
ml,2025-08-26,ice,6000.0,2025-08-27,60.0
ml,2025-08-26,croissant_dough,40.0,2025-08-27,1800.0
ml,2025-08-26,bread,60.0,2025-08-27,480.0
ml,2025-08-26,cup_hot,600.0,2025-08-30,2400.0
ml,2025-08-26,cup_cold,100.0,2025-08-30,500.0
ml,2025-08-27,coffee_beans,8000.0,2025-08-30,9600.0
ml,2025-08-27,milk,78000.0,2025-08-28,4680.0
ml,2025-08-27,sugar,4000.0,2025-08-29,180.0
ml,2025-08-27,chocolate_syrup,2000.0,2025-08-29,600.0
ml,2025-08-27,ice,10000.0,2025-08-28,100.0
ml,2025-08-27,croissant_dough,20.0,2025-08-28,900.0
ml,2025-08-27,bread,80.0,2025-08-28,640.0
ml,2025-08-27,cup_hot,500.0,2025-08-31,2000.0
ml,2025-08-27,cup_cold,100.0,2025-08-31,500.0
ml,2025-08-28,coffee_beans,6000.0,2025-08-31,7200.0
ml,2025-08-28,milk,67000.0,2025-08-29,4020.0
ml,2025-08-28,sugar,3000.0,2025-08-30,135.0
ml,2025-08-28,chocolate_syrup,1500.0,2025-08-30,450.0
ml,2025-08-28,tea_leaves,500.0,2025-08-31,300.0
ml,2025-08-28,ice,9000.0,2025-08-29,90.0
ml,2025-08-28,croissant_dough,40.0,2025-08-29,1800.0
ml,2025-08-28,bread,70.0,2025-08-29,560.0
ml,2025-08-28,cup_hot,400.0,2025-09-01,1600.0
ml,2025-08-28,cup_cold,100.0,2025-09-01,500.0
ml,2025-08-29,coffee_beans,9000.0,2025-09-01,10800.0
ml,2025-08-29,milk,52000.0,2025-08-30,3120.0
ml,2025-08-29,sugar,3000.0,2025-08-31,135.0
ml,2025-08-29,ice,7000.0,2025-08-30,70.0
ml,2025-08-29,croissant_dough,50.0,2025-08-30,2250.0
ml,2025-08-29,bread,110.0,2025-08-30,880.0
ml,2025-08-29,cup_hot,400.0,2025-09-02,1600.0
ml,2025-08-30,coffee_beans,6000.0,2025-09-02,7200.0
ml,2025-08-30,milk,64000.0,2025-08-31,3840.0
ml,2025-08-30,sugar,4000.0,2025-09-01,180.0
ml,2025-08-30,chocolate_syrup,2000.0,2025-09-01,600.0
ml,2025-08-30,tea_leaves,1000.0,2025-09-02,600.0
ml,2025-08-30,ice,9000.0,2025-08-31,90.0
ml,2025-08-30,croissant_dough,50.0,2025-08-31,2250.0
ml,2025-08-30,bread,110.0,2025-08-31,880.0
ml,2025-08-30,cup_hot,400.0,2025-09-03,1600.0
ml,2025-08-30,cup_cold,200.0,2025-09-03,1000.0
ml,2025-08-31,milk,64000.0,2025-09-01,3840.0
ml,2025-08-31,sugar,3000.0,2025-09-02,135.0
ml,2025-08-31,chocolate_syrup,2000.0,2025-09-02,600.0
ml,2025-08-31,ice,7000.0,2025-09-01,70.0
ml,2025-08-31,croissant_dough,40.0,2025-09-01,1800.0
ml,2025-08-31,bread,60.0,2025-09-01,480.0
ml,2025-08-31,cup_hot,400.0,2025-09-04,1600.0
ml,2025-09-01,coffee_beans,12000.0,2025-09-04,14400.0
ml,2025-09-01,milk,68000.0,2025-09-02,4080.0
ml,2025-09-01,sugar,3000.0,2025-09-03,135.0
ml,2025-09-01,ice,13000.0,2025-09-02,130.0
ml,2025-09-01,croissant_dough,30.0,2025-09-02,1350.0
ml,2025-09-01,bread,80.0,2025-09-02,640.0
ml,2025-09-01,cup_hot,400.0,2025-09-05,1600.0
ml,2025-09-02,coffee_beans,7000.0,2025-09-05,8400.0
ml,2025-09-02,milk,63000.0,2025-09-03,3780.0
ml,2025-09-02,sugar,4000.0,2025-09-04,180.0
ml,2025-09-02,chocolate_syrup,1500.0,2025-09-04,450.0
ml,2025-09-02,tea_leaves,1000.0,2025-09-05,600.0
ml,2025-09-02,ice,9000.0,2025-09-03,90.0
ml,2025-09-02,croissant_dough,20.0,2025-09-03,900.0
ml,2025-09-02,bread,80.0,2025-09-03,640.0
ml,2025-09-02,cup_hot,500.0,2025-09-06,2000.0
ml,2025-09-02,cup_cold,200.0,2025-09-06,1000.0
ml,2025-09-03,coffee_beans,7000.0,2025-09-06,8400.0
ml,2025-09-03,milk,75000.0,2025-09-04,4500.0
ml,2025-09-03,sugar,4000.0,2025-09-05,180.0
ml,2025-09-03,chocolate_syrup,1500.0,2025-09-05,450.0
ml,2025-09-03,ice,6000.0,2025-09-04,60.0
ml,2025-09-03,croissant_dough,30.0,2025-09-04,1350.0
ml,2025-09-03,bread,80.0,2025-09-04,640.0
ml,2025-09-03,cup_hot,500.0,2025-09-07,2000.0
ml,2025-09-04,coffee_beans,9000.0,2025-09-07,10800.0
ml,2025-09-04,milk,81000.0,2025-09-05,4860.0
ml,2025-09-04,sugar,4000.0,2025-09-06,180.0
ml,2025-09-04,chocolate_syrup,1500.0,2025-09-06,450.0
ml,2025-09-04,tea_leaves,500.0,2025-09-07,300.0
ml,2025-09-04,ice,9000.0,2025-09-05,90.0
ml,2025-09-04,croissant_dough,40.0,2025-09-05,1800.0
ml,2025-09-04,bread,90.0,2025-09-05,720.0
ml,2025-09-04,cup_hot,600.0,2025-09-08,2400.0
ml,2025-09-04,cup_cold,100.0,2025-09-08,500.0
ml,2025-09-05,coffee_beans,9000.0,2025-09-08,10800.0
ml,2025-09-05,milk,67000.0,2025-09-06,4020.0
ml,2025-09-05,sugar,4000.0,2025-09-07,180.0
ml,2025-09-05,tea_leaves,500.0,2025-09-08,300.0
ml,2025-09-05,ice,11000.0,2025-09-06,110.0
ml,2025-09-05,croissant_dough,40.0,2025-09-06,1800.0
ml,2025-09-05,bread,100.0,2025-09-06,800.0
ml,2025-09-05,cup_hot,400.0,2025-09-09,1600.0
ml,2025-09-06,coffee_beans,6000.0,2025-09-09,7200.0
ml,2025-09-06,milk,58000.0,2025-09-07,3480.0
ml,2025-09-06,sugar,5000.0,2025-09-08,225.0
ml,2025-09-06,chocolate_syrup,2500.0,2025-09-08,750.0
ml,2025-09-06,ice,10000.0,2025-09-07,100.0
ml,2025-09-06,croissant_dough,50.0,2025-09-07,2250.0
ml,2025-09-06,bread,100.0,2025-09-07,800.0
ml,2025-09-06,cup_hot,400.0,2025-09-10,1600.0
ml,2025-09-06,cup_cold,200.0,2025-09-10,1000.0
ml,2025-09-07,coffee_beans,6000.0,2025-09-10,7200.0
ml,2025-09-07,milk,67000.0,2025-09-08,4020.0
ml,2025-09-07,sugar,3000.0,2025-09-09,135.0
ml,2025-09-07,tea_leaves,1000.0,2025-09-10,600.0
ml,2025-09-07,ice,10000.0,2025-09-08,100.0
ml,2025-09-07,croissant_dough,40.0,2025-09-08,1800.0
ml,2025-09-07,bread,80.0,2025-09-08,640.0
ml,2025-09-07,cup_hot,400.0,2025-09-11,1600.0
ml,2025-09-08,coffee_beans,5000.0,2025-09-11,6000.0
ml,2025-09-08,milk,51000.0,2025-09-09,3060.0
ml,2025-09-08,sugar,3000.0,2025-09-10,135.0
ml,2025-09-08,chocolate_syrup,1000.0,2025-09-10,300.0
ml,2025-09-08,ice,16000.0,2025-09-09,160.0
ml,2025-09-08,croissant_dough,40.0,2025-09-09,1800.0
ml,2025-09-08,bread,70.0,2025-09-09,560.0
ml,2025-09-08,cup_cold,200.0,2025-09-12,1000.0
ml,2025-09-09,coffee_beans,6000.0,2025-09-12,7200.0
ml,2025-09-09,milk,47000.0,2025-09-10,2820.0
ml,2025-09-09,ice,7000.0,2025-09-10,70.0
ml,2025-09-09,croissant_dough,30.0,2025-09-10,1350.0
ml,2025-09-09,bread,70.0,2025-09-10,560.0
ml,2025-09-09,cup_hot,500.0,2025-09-13,2000.0
ml,2025-09-10,coffee_beans,7000.0,2025-09-13,8400.0
ml,2025-09-10,milk,74000.0,2025-09-11,4440.0
ml,2025-09-10,sugar,6000.0,2025-09-12,270.0
ml,2025-09-10,chocolate_syrup,2000.0,2025-09-12,600.0
ml,2025-09-10,tea_leaves,500.0,2025-09-13,300.0
ml,2025-09-10,ice,12000.0,2025-09-11,120.0
ml,2025-09-10,croissant_dough,40.0,2025-09-11,1800.0
ml,2025-09-10,bread,90.0,2025-09-11,720.0
ml,2025-09-10,cup_hot,500.0,2025-09-14,2000.0
ml,2025-09-10,cup_cold,200.0,2025-09-14,1000.0
ml,2025-09-11,coffee_beans,7000.0,2025-09-14,8400.0
ml,2025-09-11,milk,66000.0,2025-09-12,3960.0
ml,2025-09-11,sugar,3000.0,2025-09-13,135.0
ml,2025-09-11,ice,11000.0,2025-09-12,110.0
ml,2025-09-11,croissant_dough,30.0,2025-09-12,1350.0
ml,2025-09-11,bread,100.0,2025-09-12,800.0
ml,2025-09-11,cup_hot,400.0,2025-09-15,1600.0
ml,2025-09-12,coffee_beans,7000.0,2025-09-15,8400.0
ml,2025-09-12,milk,42000.0,2025-09-13,2520.0
ml,2025-09-12,sugar,3000.0,2025-09-14,135.0
ml,2025-09-12,chocolate_syrup,2000.0,2025-09-14,600.0
ml,2025-09-12,tea_leaves,500.0,2025-09-15,300.0
ml,2025-09-12,ice,9000.0,2025-09-13,90.0
ml,2025-09-12,croissant_dough,50.0,2025-09-13,2250.0
ml,2025-09-12,bread,110.0,2025-09-13,880.0
ml,2025-09-12,cup_cold,200.0,2025-09-16,1000.0
ml,2025-09-13,coffee_beans,5000.0,2025-09-16,6000.0
ml,2025-09-13,milk,47000.0,2025-09-14,2820.0
ml,2025-09-13,sugar,4000.0,2025-09-15,180.0
ml,2025-09-13,ice,10000.0,2025-09-14,100.0
ml,2025-09-13,croissant_dough,50.0,2025-09-14,2250.0
ml,2025-09-13,bread,100.0,2025-09-14,800.0
ml,2025-09-13,cup_hot,600.0,2025-09-17,2400.0
ml,2025-09-14,coffee_beans,5000.0,2025-09-17,6000.0
ml,2025-09-14,milk,43000.0,2025-09-15,2580.0
ml,2025-09-14,chocolate_syrup,1000.0,2025-09-16,300.0
ml,2025-09-14,ice,10000.0,2025-09-15,100.0
ml,2025-09-14,croissant_dough,10.0,2025-09-15,450.0
ml,2025-09-14,bread,60.0,2025-09-15,480.0
ml,2025-09-14,cup_cold,200.0,2025-09-18,1000.0
ml,2025-09-15,coffee_beans,7000.0,2025-09-18,8400.0
ml,2025-09-15,milk,60000.0,2025-09-16,3600.0
ml,2025-09-15,sugar,5000.0,2025-09-17,225.0
ml,2025-09-15,chocolate_syrup,1000.0,2025-09-17,300.0
ml,2025-09-15,tea_leaves,500.0,2025-09-18,300.0
ml,2025-09-15,ice,15000.0,2025-09-16,150.0
ml,2025-09-15,croissant_dough,40.0,2025-09-16,1800.0
ml,2025-09-15,bread,90.0,2025-09-16,720.0
ml,2025-09-15,cup_hot,600.0,2025-09-19,2400.0
ml,2025-09-16,coffee_beans,5000.0,2025-09-19,6000.0
ml,2025-09-16,milk,54000.0,2025-09-17,3240.0
ml,2025-09-16,sugar,3000.0,2025-09-18,135.0
ml,2025-09-16,chocolate_syrup,1000.0,2025-09-18,300.0
ml,2025-09-16,ice,8000.0,2025-09-17,80.0
ml,2025-09-16,croissant_dough,30.0,2025-09-17,1350.0
ml,2025-09-16,bread,60.0,2025-09-17,480.0
ml,2025-09-16,cup_hot,300.0,2025-09-20,1200.0
ml,2025-09-16,cup_cold,200.0,2025-09-20,1000.0
ml,2025-09-17,coffee_beans,6000.0,2025-09-20,7200.0
ml,2025-09-17,milk,60000.0,2025-09-18,3600.0
ml,2025-09-17,sugar,3000.0,2025-09-19,135.0
ml,2025-09-17,chocolate_syrup,1500.0,2025-09-19,450.0
ml,2025-09-17,tea_leaves,500.0,2025-09-20,300.0
ml,2025-09-17,ice,6000.0,2025-09-18,60.0
ml,2025-09-17,croissant_dough,40.0,2025-09-18,1800.0
ml,2025-09-17,bread,70.0,2025-09-18,560.0
ml,2025-09-17,cup_hot,400.0,2025-09-21,1600.0
ml,2025-09-18,coffee_beans,7000.0,2025-09-21,8400.0
ml,2025-09-18,milk,65000.0,2025-09-19,3900.0
ml,2025-09-18,sugar,3000.0,2025-09-20,135.0
ml,2025-09-18,chocolate_syrup,1000.0,2025-09-20,300.0
ml,2025-09-18,tea_leaves,500.0,2025-09-21,300.0
ml,2025-09-18,ice,10000.0,2025-09-19,100.0
ml,2025-09-18,croissant_dough,40.0,2025-09-19,1800.0
ml,2025-09-18,bread,90.0,2025-09-19,720.0
ml,2025-09-18,cup_hot,500.0,2025-09-22,2000.0
ml,2025-09-18,cup_cold,200.0,2025-09-22,1000.0
ml,2025-09-19,coffee_beans,8000.0,2025-09-22,9600.0
ml,2025-09-19,milk,55000.0,2025-09-20,3300.0
ml,2025-09-19,sugar,4000.0,2025-09-21,180.0
ml,2025-09-19,chocolate_syrup,2000.0,2025-09-21,600.0
ml,2025-09-19,ice,9000.0,2025-09-20,90.0
ml,2025-09-19,croissant_dough,40.0,2025-09-20,1800.0
ml,2025-09-19,bread,100.0,2025-09-20,800.0
ml,2025-09-19,cup_hot,400.0,2025-09-23,1600.0
ml,2025-09-20,coffee_beans,7000.0,2025-09-23,8400.0
ml,2025-09-20,milk,70000.0,2025-09-21,4200.0
ml,2025-09-20,sugar,5000.0,2025-09-22,225.0
ml,2025-09-20,chocolate_syrup,2000.0,2025-09-22,600.0
ml,2025-09-20,tea_leaves,500.0,2025-09-23,300.0
ml,2025-09-20,ice,10000.0,2025-09-21,100.0
ml,2025-09-20,croissant_dough,40.0,2025-09-21,1800.0
ml,2025-09-20,bread,80.0,2025-09-21,640.0
ml,2025-09-20,cup_hot,500.0,2025-09-24,2000.0
ml,2025-09-21,milk,55000.0,2025-09-22,3300.0
ml,2025-09-21,chocolate_syrup,3000.0,2025-09-23,900.0
ml,2025-09-21,tea_leaves,500.0,2025-09-24,300.0
ml,2025-09-21,ice,7000.0,2025-09-22,70.0
ml,2025-09-21,croissant_dough,30.0,2025-09-22,1350.0
ml,2025-09-21,bread,80.0,2025-09-22,640.0
ml,2025-09-21,cup_cold,200.0,2025-09-25,1000.0
ml,2025-09-22,coffee_beans,11000.0,2025-09-25,13200.0
ml,2025-09-22,milk,53000.0,2025-09-23,3180.0
ml,2025-09-22,sugar,6000.0,2025-09-24,270.0
ml,2025-09-22,ice,12000.0,2025-09-23,120.0
ml,2025-09-22,croissant_dough,40.0,2025-09-23,1800.0
ml,2025-09-22,bread,50.0,2025-09-23,400.0
ml,2025-09-22,cup_hot,800.0,2025-09-26,3200.0
ml,2025-09-23,coffee_beans,6000.0,2025-09-26,7200.0
ml,2025-09-23,milk,63000.0,2025-09-24,3780.0
ml,2025-09-23,sugar,4000.0,2025-09-25,180.0
ml,2025-09-23,chocolate_syrup,2000.0,2025-09-25,600.0
ml,2025-09-23,tea_leaves,500.0,2025-09-26,300.0
ml,2025-09-23,ice,10000.0,2025-09-24,100.0
ml,2025-09-23,croissant_dough,40.0,2025-09-24,1800.0
ml,2025-09-23,bread,80.0,2025-09-24,640.0
ml,2025-09-24,coffee_beans,7000.0,2025-09-27,8400.0
ml,2025-09-24,milk,71000.0,2025-09-25,4260.0
ml,2025-09-24,sugar,3000.0,2025-09-26,135.0
ml,2025-09-24,tea_leaves,500.0,2025-09-27,300.0
ml,2025-09-24,ice,9000.0,2025-09-25,90.0
ml,2025-09-24,croissant_dough,40.0,2025-09-25,1800.0
ml,2025-09-24,bread,90.0,2025-09-25,720.0
ml,2025-09-24,cup_hot,800.0,2025-09-28,3200.0
ml,2025-09-24,cup_cold,200.0,2025-09-28,1000.0
ml,2025-09-25,coffee_beans,7000.0,2025-09-28,8400.0
ml,2025-09-25,milk,77000.0,2025-09-26,4620.0
ml,2025-09-25,sugar,4000.0,2025-09-27,180.0
ml,2025-09-25,chocolate_syrup,3000.0,2025-09-27,900.0
ml,2025-09-25,ice,7000.0,2025-09-26,70.0
ml,2025-09-25,croissant_dough,40.0,2025-09-26,1800.0
ml,2025-09-25,bread,90.0,2025-09-26,720.0
ml,2025-09-25,cup_hot,500.0,2025-09-29,2000.0
ml,2025-09-26,milk,44000.0,2025-09-27,2640.0
ml,2025-09-26,tea_leaves,500.0,2025-09-29,300.0
ml,2025-09-26,ice,8000.0,2025-09-27,80.0
ml,2025-09-26,croissant_dough,40.0,2025-09-27,1800.0
ml,2025-09-26,bread,90.0,2025-09-27,720.0
ml,2025-09-26,cup_cold,200.0,2025-09-30,1000.0
ml,2025-09-27,coffee_beans,11000.0,2025-09-30,13200.0
ml,2025-09-27,milk,51000.0,2025-09-28,3060.0
ml,2025-09-27,sugar,6000.0,2025-09-29,270.0
ml,2025-09-27,chocolate_syrup,2000.0,2025-09-29,600.0
ml,2025-09-27,ice,9000.0,2025-09-28,90.0
ml,2025-09-27,croissant_dough,40.0,2025-09-28,1800.0
ml,2025-09-27,bread,110.0,2025-09-28,880.0
ml,2025-09-27,cup_hot,500.0,2025-10-01,2000.0
ml,2025-09-28,milk,44000.0,2025-09-29,2640.0
ml,2025-09-28,tea_leaves,500.0,2025-10-01,300.0
ml,2025-09-28,ice,8000.0,2025-09-29,80.0
ml,2025-09-28,croissant_dough,40.0,2025-09-29,1800.0
ml,2025-09-28,bread,100.0,2025-09-29,800.0
ml,2025-09-29,coffee_beans,10000.0,2025-10-02,12000.0
ml,2025-09-29,milk,57000.0,2025-09-30,3420.0
ml,2025-09-29,sugar,4000.0,2025-10-01,180.0
ml,2025-09-29,chocolate_syrup,1500.0,2025-10-01,450.0
ml,2025-09-29,ice,12000.0,2025-09-30,120.0
ml,2025-09-29,croissant_dough,40.0,2025-09-30,1800.0
ml,2025-09-29,bread,70.0,2025-09-30,560.0
ml,2025-09-29,cup_hot,600.0,2025-10-03,2400.0
ml,2025-09-30,coffee_beans,5000.0,2025-10-03,6000.0
ml,2025-09-30,milk,65000.0,2025-10-01,3900.0
ml,2025-09-30,sugar,4000.0,2025-10-02,180.0
ml,2025-09-30,tea_leaves,500.0,2025-10-03,300.0
ml,2025-09-30,ice,11000.0,2025-10-01,110.0
ml,2025-09-30,croissant_dough,30.0,2025-10-01,1350.0
ml,2025-09-30,bread,50.0,2025-10-01,400.0
ml,2025-09-30,cup_cold,200.0,2025-10-04,1000.0
ml,2025-10-01,coffee_beans,6000.0,2025-10-04,7200.0
ml,2025-10-01,milk,61000.0,2025-10-02,3660.0
ml,2025-10-01,chocolate_syrup,1500.0,2025-10-03,450.0
ml,2025-10-01,ice,9000.0,2025-10-02,90.0
ml,2025-10-01,croissant_dough,40.0,2025-10-02,1800.0
ml,2025-10-01,bread,80.0,2025-10-02,640.0
ml,2025-10-01,cup_hot,700.0,2025-10-05,2800.0
ml,2025-10-01,cup_cold,100.0,2025-10-05,500.0
ml,2025-10-02,coffee_beans,8000.0,2025-10-05,9600.0
ml,2025-10-02,milk,59000.0,2025-10-03,3540.0
ml,2025-10-02,sugar,6000.0,2025-10-04,270.0
ml,2025-10-02,tea_leaves,500.0,2025-10-05,300.0
ml,2025-10-02,ice,11000.0,2025-10-03,110.0
ml,2025-10-02,croissant_dough,40.0,2025-10-03,1800.0
ml,2025-10-02,bread,80.0,2025-10-03,640.0
ml,2025-10-02,cup_hot,400.0,2025-10-06,1600.0
ml,2025-10-02,cup_cold,200.0,2025-10-06,1000.0
ml,2025-10-03,coffee_beans,7000.0,2025-10-06,8400.0
ml,2025-10-03,milk,44000.0,2025-10-04,2640.0
ml,2025-10-03,sugar,3000.0,2025-10-05,135.0
ml,2025-10-03,chocolate_syrup,1500.0,2025-10-05,450.0
ml,2025-10-03,ice,9000.0,2025-10-04,90.0
ml,2025-10-03,croissant_dough,50.0,2025-10-04,2250.0
ml,2025-10-03,bread,100.0,2025-10-04,800.0
ml,2025-10-04,coffee_beans,6000.0,2025-10-07,7200.0
ml,2025-10-04,milk,61000.0,2025-10-05,3660.0
ml,2025-10-04,sugar,4000.0,2025-10-06,180.0
ml,2025-10-04,chocolate_syrup,1500.0,2025-10-06,450.0
ml,2025-10-04,tea_leaves,500.0,2025-10-07,300.0
ml,2025-10-04,ice,12000.0,2025-10-05,120.0
ml,2025-10-04,croissant_dough,50.0,2025-10-05,2250.0
ml,2025-10-04,bread,100.0,2025-10-05,800.0
ml,2025-10-04,cup_hot,700.0,2025-10-08,2800.0
ml,2025-10-04,cup_cold,100.0,2025-10-08,500.0
ml,2025-10-05,coffee_beans,8000.0,2025-10-08,9600.0
ml,2025-10-05,milk,57000.0,2025-10-06,3420.0
ml,2025-10-05,sugar,4000.0,2025-10-07,180.0
ml,2025-10-05,ice,15000.0,2025-10-06,150.0
ml,2025-10-05,croissant_dough,10.0,2025-10-06,450.0
ml,2025-10-05,bread,70.0,2025-10-06,560.0
ml,2025-10-05,cup_cold,200.0,2025-10-09,1000.0
ml,2025-10-06,coffee_beans,7000.0,2025-10-09,8400.0
ml,2025-10-06,milk,59000.0,2025-10-07,3540.0
ml,2025-10-06,sugar,3000.0,2025-10-08,135.0
ml,2025-10-06,chocolate_syrup,1500.0,2025-10-08,450.0
ml,2025-10-06,tea_leaves,500.0,2025-10-09,300.0
ml,2025-10-06,ice,15000.0,2025-10-07,150.0
ml,2025-10-06,croissant_dough,30.0,2025-10-07,1350.0
ml,2025-10-06,bread,80.0,2025-10-07,640.0
ml,2025-10-06,cup_hot,700.0,2025-10-10,2800.0
ml,2025-10-07,coffee_beans,7000.0,2025-10-10,8400.0
ml,2025-10-07,milk,60000.0,2025-10-08,3600.0
ml,2025-10-07,sugar,4000.0,2025-10-09,180.0
ml,2025-10-07,ice,9000.0,2025-10-08,90.0
ml,2025-10-07,croissant_dough,30.0,2025-10-08,1350.0
ml,2025-10-07,bread,80.0,2025-10-08,640.0
ml,2025-10-07,cup_hot,400.0,2025-10-11,1600.0
ml,2025-10-07,cup_cold,200.0,2025-10-11,1000.0
ml,2025-10-08,coffee_beans,8000.0,2025-10-11,9600.0
ml,2025-10-08,milk,71000.0,2025-10-09,4260.0
ml,2025-10-08,sugar,3000.0,2025-10-10,135.0
ml,2025-10-08,chocolate_syrup,1500.0,2025-10-10,450.0
ml,2025-10-08,tea_leaves,500.0,2025-10-11,300.0
ml,2025-10-08,ice,10000.0,2025-10-09,100.0
ml,2025-10-08,croissant_dough,40.0,2025-10-09,1800.0
ml,2025-10-08,bread,100.0,2025-10-09,800.0
ml,2025-10-08,cup_hot,600.0,2025-10-12,2400.0
ml,2025-10-08,cup_cold,200.0,2025-10-12,1000.0
ml,2025-10-09,coffee_beans,8000.0,2025-10-12,9600.0
ml,2025-10-09,milk,66000.0,2025-10-10,3960.0
ml,2025-10-09,sugar,4000.0,2025-10-11,180.0
ml,2025-10-09,chocolate_syrup,1000.0,2025-10-11,300.0
ml,2025-10-09,tea_leaves,500.0,2025-10-12,300.0
ml,2025-10-09,ice,14000.0,2025-10-10,140.0
ml,2025-10-09,croissant_dough,40.0,2025-10-10,1800.0
ml,2025-10-09,bread,80.0,2025-10-10,640.0
ml,2025-10-09,cup_hot,400.0,2025-10-13,1600.0
ml,2025-10-10,coffee_beans,9000.0,2025-10-13,10800.0
ml,2025-10-10,milk,54000.0,2025-10-11,3240.0
ml,2025-10-10,sugar,4000.0,2025-10-12,180.0
ml,2025-10-10,chocolate_syrup,1500.0,2025-10-12,450.0
ml,2025-10-10,ice,10000.0,2025-10-11,100.0
ml,2025-10-10,croissant_dough,40.0,2025-10-11,1800.0
ml,2025-10-10,bread,100.0,2025-10-11,800.0
ml,2025-10-10,cup_cold,200.0,2025-10-14,1000.0
ml,2025-10-11,milk,53000.0,2025-10-12,3180.0
ml,2025-10-11,sugar,5000.0,2025-10-13,225.0
ml,2025-10-11,chocolate_syrup,1500.0,2025-10-13,450.0
ml,2025-10-11,tea_leaves,500.0,2025-10-14,300.0
ml,2025-10-11,ice,10000.0,2025-10-12,100.0
ml,2025-10-11,croissant_dough,40.0,2025-10-12,1800.0
ml,2025-10-11,bread,90.0,2025-10-12,720.0
ml,2025-10-11,cup_hot,600.0,2025-10-15,2400.0
ml,2025-10-12,coffee_beans,10000.0,2025-10-15,12000.0
ml,2025-10-12,milk,40000.0,2025-10-13,2400.0
ml,2025-10-12,ice,15000.0,2025-10-13,150.0
ml,2025-10-12,croissant_dough,20.0,2025-10-13,900.0
ml,2025-10-12,bread,50.0,2025-10-13,400.0
ml,2025-10-12,cup_cold,100.0,2025-10-16,500.0
ml,2025-10-13,coffee_beans,7000.0,2025-10-16,8400.0
ml,2025-10-13,milk,62000.0,2025-10-14,3720.0
ml,2025-10-13,sugar,4000.0,2025-10-15,180.0
ml,2025-10-13,ice,20000.0,2025-10-14,200.0
ml,2025-10-13,croissant_dough,40.0,2025-10-14,1800.0
ml,2025-10-13,bread,90.0,2025-10-14,720.0
ml,2025-10-13,cup_hot,600.0,2025-10-17,2400.0
ml,2025-10-13,cup_cold,200.0,2025-10-17,1000.0
ml,2025-10-14,milk,57000.0,2025-10-15,3420.0
ml,2025-10-14,sugar,3000.0,2025-10-16,135.0
ml,2025-10-14,tea_leaves,500.0,2025-10-17,300.0
ml,2025-10-14,ice,7000.0,2025-10-15,70.0
ml,2025-10-14,croissant_dough,50.0,2025-10-15,2250.0
ml,2025-10-14,bread,80.0,2025-10-15,640.0
ml,2025-10-15,coffee_beans,15000.0,2025-10-18,18000.0
ml,2025-10-15,milk,98000.0,2025-10-16,5880.0
ml,2025-10-15,sugar,4000.0,2025-10-17,180.0
ml,2025-10-15,chocolate_syrup,1500.0,2025-10-17,450.0
ml,2025-10-15,tea_leaves,500.0,2025-10-18,300.0
ml,2025-10-15,ice,12000.0,2025-10-16,120.0
ml,2025-10-15,croissant_dough,40.0,2025-10-16,1800.0
ml,2025-10-15,bread,90.0,2025-10-16,720.0
ml,2025-10-15,cup_hot,900.0,2025-10-19,3600.0
ml,2025-10-15,cup_cold,200.0,2025-10-19,1000.0
ml,2025-10-16,coffee_beans,8000.0,2025-10-19,9600.0
ml,2025-10-16,milk,80000.0,2025-10-17,4800.0
ml,2025-10-16,sugar,4000.0,2025-10-18,180.0
ml,2025-10-16,ice,8000.0,2025-10-17,80.0
ml,2025-10-16,croissant_dough,40.0,2025-10-17,1800.0
ml,2025-10-16,bread,90.0,2025-10-17,720.0
ml,2025-10-16,cup_hot,500.0,2025-10-20,2000.0
ml,2025-10-17,coffee_beans,6000.0,2025-10-20,7200.0
ml,2025-10-17,milk,39000.0,2025-10-18,2340.0
ml,2025-10-17,sugar,3000.0,2025-10-19,135.0
ml,2025-10-17,chocolate_syrup,2000.0,2025-10-19,600.0
ml,2025-10-17,tea_leaves,500.0,2025-10-20,300.0
ml,2025-10-17,ice,9000.0,2025-10-18,90.0
ml,2025-10-17,croissant_dough,40.0,2025-10-18,1800.0
ml,2025-10-17,bread,130.0,2025-10-18,1040.0
ml,2025-10-17,cup_cold,100.0,2025-10-21,500.0
ml,2025-10-18,coffee_beans,6000.0,2025-10-21,7200.0
ml,2025-10-18,milk,46000.0,2025-10-19,2760.0
ml,2025-10-18,sugar,3000.0,2025-10-20,135.0
ml,2025-10-18,ice,8000.0,2025-10-19,80.0
ml,2025-10-18,croissant_dough,60.0,2025-10-19,2700.0
ml,2025-10-18,bread,130.0,2025-10-19,1040.0
ml,2025-10-18,cup_hot,600.0,2025-10-22,2400.0
ml,2025-10-19,coffee_beans,8000.0,2025-10-22,9600.0
ml,2025-10-19,milk,71000.0,2025-10-20,4260.0
ml,2025-10-19,sugar,4000.0,2025-10-21,180.0
ml,2025-10-19,chocolate_syrup,2000.0,2025-10-21,600.0
ml,2025-10-19,tea_leaves,1000.0,2025-10-22,600.0
ml,2025-10-19,ice,9000.0,2025-10-20,90.0
ml,2025-10-19,croissant_dough,30.0,2025-10-20,1350.0
ml,2025-10-19,bread,50.0,2025-10-20,400.0
ml,2025-10-19,cup_hot,600.0,2025-10-23,2400.0
ml,2025-10-19,cup_cold,200.0,2025-10-23,1000.0
ml,2025-10-20,milk,40000.0,2025-10-21,2400.0
ml,2025-10-20,sugar,3000.0,2025-10-22,135.0
ml,2025-10-20,ice,14000.0,2025-10-21,140.0
ml,2025-10-20,croissant_dough,40.0,2025-10-21,1800.0
ml,2025-10-20,bread,90.0,2025-10-21,720.0
ml,2025-10-21,coffee_beans,11000.0,2025-10-24,13200.0
ml,2025-10-21,milk,65000.0,2025-10-22,3900.0
ml,2025-10-21,sugar,3000.0,2025-10-23,135.0
ml,2025-10-21,chocolate_syrup,2500.0,2025-10-23,750.0
ml,2025-10-21,tea_leaves,500.0,2025-10-24,300.0
ml,2025-10-21,ice,10000.0,2025-10-22,100.0
ml,2025-10-21,croissant_dough,40.0,2025-10-22,1800.0
ml,2025-10-21,bread,90.0,2025-10-22,720.0
ml,2025-10-21,cup_hot,700.0,2025-10-25,2800.0
ml,2025-10-21,cup_cold,200.0,2025-10-25,1000.0
ml,2025-10-22,coffee_beans,8000.0,2025-10-25,9600.0
ml,2025-10-22,milk,67000.0,2025-10-23,4020.0
ml,2025-10-22,sugar,4000.0,2025-10-24,180.0
ml,2025-10-22,chocolate_syrup,1000.0,2025-10-24,300.0
ml,2025-10-22,ice,8000.0,2025-10-23,80.0
ml,2025-10-22,croissant_dough,50.0,2025-10-23,2250.0
ml,2025-10-22,bread,90.0,2025-10-23,720.0
ml,2025-10-22,cup_hot,500.0,2025-10-26,2000.0
ml,2025-10-23,coffee_beans,8000.0,2025-10-26,9600.0
ml,2025-10-23,milk,71000.0,2025-10-24,4260.0
ml,2025-10-23,sugar,4000.0,2025-10-25,180.0
ml,2025-10-23,chocolate_syrup,1500.0,2025-10-25,450.0
ml,2025-10-23,tea_leaves,500.0,2025-10-26,300.0
ml,2025-10-23,ice,11000.0,2025-10-24,110.0
ml,2025-10-23,croissant_dough,40.0,2025-10-24,1800.0
ml,2025-10-23,bread,50.0,2025-10-24,400.0
ml,2025-10-23,cup_hot,500.0,2025-10-27,2000.0
ml,2025-10-24,coffee_beans,7000.0,2025-10-27,8400.0
ml,2025-10-24,milk,53000.0,2025-10-25,3180.0
ml,2025-10-24,sugar,4000.0,2025-10-26,180.0
ml,2025-10-24,chocolate_syrup,1500.0,2025-10-26,450.0
ml,2025-10-24,tea_leaves,500.0,2025-10-27,300.0
ml,2025-10-24,ice,9000.0,2025-10-25,90.0
ml,2025-10-24,croissant_dough,50.0,2025-10-25,2250.0
ml,2025-10-24,bread,70.0,2025-10-25,560.0
ml,2025-10-24,cup_cold,200.0,2025-10-28,1000.0
ml,2025-10-25,milk,48000.0,2025-10-26,2880.0
ml,2025-10-25,sugar,3000.0,2025-10-27,135.0
ml,2025-10-25,ice,11000.0,2025-10-26,110.0
ml,2025-10-25,croissant_dough,50.0,2025-10-26,2250.0
ml,2025-10-25,bread,110.0,2025-10-26,880.0
ml,2025-10-25,cup_hot,700.0,2025-10-29,2800.0
ml,2025-10-26,coffee_beans,9000.0,2025-10-29,10800.0
ml,2025-10-26,milk,54000.0,2025-10-27,3240.0
ml,2025-10-26,chocolate_syrup,1000.0,2025-10-28,300.0
ml,2025-10-26,ice,9000.0,2025-10-27,90.0
ml,2025-10-26,croissant_dough,40.0,2025-10-27,1800.0
ml,2025-10-27,coffee_beans,6000.0,2025-10-30,7200.0
ml,2025-10-27,milk,57000.0,2025-10-28,3420.0
ml,2025-10-27,sugar,5000.0,2025-10-29,225.0
ml,2025-10-27,tea_leaves,500.0,2025-10-30,300.0
ml,2025-10-27,ice,15000.0,2025-10-28,150.0
ml,2025-10-27,croissant_dough,40.0,2025-10-28,1800.0
ml,2025-10-27,bread,100.0,2025-10-28,800.0
ml,2025-10-27,cup_hot,500.0,2025-10-31,2000.0
ml,2025-10-27,cup_cold,200.0,2025-10-31,1000.0
ml,2025-10-28,milk,62000.0,2025-10-29,3720.0
ml,2025-10-28,sugar,3000.0,2025-10-30,135.0
ml,2025-10-28,chocolate_syrup,1500.0,2025-10-30,450.0
ml,2025-10-28,ice,7000.0,2025-10-29,70.0
ml,2025-10-28,croissant_dough,40.0,2025-10-29,1800.0
ml,2025-10-28,bread,80.0,2025-10-29,640.0
ml,2025-10-29,coffee_beans,10000.0,2025-11-01,12000.0
ml,2025-10-29,milk,56000.0,2025-10-30,3360.0
ml,2025-10-29,chocolate_syrup,2000.0,2025-10-31,600.0
ml,2025-10-29,tea_leaves,500.0,2025-11-01,300.0
ml,2025-10-29,ice,8000.0,2025-10-30,80.0
ml,2025-10-29,croissant_dough,50.0,2025-10-30,2250.0
ml,2025-10-29,bread,90.0,2025-10-30,720.0
ml,2025-10-29,cup_hot,700.0,2025-11-02,2800.0
ml,2025-10-29,cup_cold,200.0,2025-11-02,1000.0
ml,2025-10-30,coffee_beans,6000.0,2025-11-02,7200.0
ml,2025-10-30,milk,61000.0,2025-10-31,3660.0
ml,2025-10-30,sugar,5000.0,2025-11-01,225.0
ml,2025-10-30,ice,9000.0,2025-10-31,90.0
ml,2025-10-30,croissant_dough,50.0,2025-10-31,2250.0
ml,2025-10-30,bread,90.0,2025-10-31,720.0
ml,2025-10-31,coffee_beans,7000.0,2025-11-03,8400.0
ml,2025-10-31,milk,53000.0,2025-11-01,3180.0
ml,2025-10-31,sugar,4000.0,2025-11-02,180.0
ml,2025-10-31,chocolate_syrup,2000.0,2025-11-02,600.0
ml,2025-10-31,tea_leaves,500.0,2025-11-03,300.0
ml,2025-10-31,ice,9000.0,2025-11-01,90.0
ml,2025-10-31,croissant_dough,40.0,2025-11-01,1800.0
ml,2025-10-31,bread,100.0,2025-11-01,800.0
ml,2025-10-31,cup_hot,700.0,2025-11-04,2800.0
ml,2025-11-01,coffee_beans,6000.0,2025-11-04,7200.0
ml,2025-11-01,milk,53000.0,2025-11-02,3180.0
ml,2025-11-01,sugar,3000.0,2025-11-03,135.0
ml,2025-11-01,ice,13000.0,2025-11-02,130.0
ml,2025-11-01,croissant_dough,50.0,2025-11-02,2250.0
ml,2025-11-01,bread,90.0,2025-11-02,720.0
ml,2025-11-01,cup_cold,200.0,2025-11-05,1000.0
ml,2025-11-02,coffee_beans,8000.0,2025-11-05,9600.0
ml,2025-11-02,milk,67000.0,2025-11-03,4020.0
ml,2025-11-02,sugar,4000.0,2025-11-04,180.0
ml,2025-11-02,chocolate_syrup,1500.0,2025-11-04,450.0
ml,2025-11-02,tea_leaves,500.0,2025-11-05,300.0
ml,2025-11-02,ice,12000.0,2025-11-03,120.0
ml,2025-11-02,croissant_dough,40.0,2025-11-03,1800.0
ml,2025-11-02,bread,90.0,2025-11-03,720.0
ml,2025-11-02,cup_hot,700.0,2025-11-06,2800.0
ml,2025-11-03,coffee_beans,7000.0,2025-11-06,8400.0
ml,2025-11-03,milk,66000.0,2025-11-04,3960.0
ml,2025-11-03,sugar,3000.0,2025-11-05,135.0
ml,2025-11-03,chocolate_syrup,1000.0,2025-11-05,300.0
ml,2025-11-03,ice,15000.0,2025-11-04,150.0
ml,2025-11-03,croissant_dough,40.0,2025-11-04,1800.0
ml,2025-11-03,bread,80.0,2025-11-04,640.0
ml,2025-11-03,cup_hot,400.0,2025-11-07,1600.0
ml,2025-11-03,cup_cold,200.0,2025-11-07,1000.0
ml,2025-11-04,coffee_beans,6000.0,2025-11-07,7200.0
ml,2025-11-04,milk,50000.0,2025-11-05,3000.0
ml,2025-11-04,sugar,3000.0,2025-11-06,135.0
ml,2025-11-04,tea_leaves,500.0,2025-11-07,300.0
ml,2025-11-04,ice,9000.0,2025-11-05,90.0
ml,2025-11-04,croissant_dough,20.0,2025-11-05,900.0
ml,2025-11-04,bread,40.0,2025-11-05,320.0
ml,2025-11-04,cup_cold,100.0,2025-11-08,500.0
ml,2025-11-05,coffee_beans,7000.0,2025-11-08,8400.0
ml,2025-11-05,milk,64000.0,2025-11-06,3840.0
ml,2025-11-05,sugar,3000.0,2025-11-07,135.0
ml,2025-11-05,chocolate_syrup,1500.0,2025-11-07,450.0
ml,2025-11-05,ice,10000.0,2025-11-06,100.0
ml,2025-11-05,croissant_dough,30.0,2025-11-06,1350.0
ml,2025-11-05,bread,70.0,2025-11-06,560.0
ml,2025-11-05,cup_hot,800.0,2025-11-09,3200.0
ml,2025-11-05,cup_cold,200.0,2025-11-09,1000.0
ml,2025-11-06,coffee_beans,8000.0,2025-11-09,9600.0
ml,2025-11-06,milk,72000.0,2025-11-07,4320.0
ml,2025-11-06,sugar,5000.0,2025-11-08,225.0
ml,2025-11-06,chocolate_syrup,1000.0,2025-11-08,300.0
ml,2025-11-06,tea_leaves,1000.0,2025-11-09,600.0
ml,2025-11-06,ice,11000.0,2025-11-07,110.0
ml,2025-11-06,croissant_dough,40.0,2025-11-07,1800.0
ml,2025-11-06,bread,80.0,2025-11-07,640.0
ml,2025-11-06,cup_hot,400.0,2025-11-10,1600.0
ml,2025-11-07,milk,44000.0,2025-11-08,2640.0
ml,2025-11-07,sugar,3000.0,2025-11-09,135.0
ml,2025-11-07,chocolate_syrup,2000.0,2025-11-09,600.0
ml,2025-11-07,ice,8000.0,2025-11-08,80.0
ml,2025-11-07,croissant_dough,50.0,2025-11-08,2250.0
ml,2025-11-07,bread,90.0,2025-11-08,720.0
ml,2025-11-08,coffee_beans,12000.0,2025-11-11,14400.0
ml,2025-11-08,milk,73000.0,2025-11-09,4380.0
ml,2025-11-08,sugar,5000.0,2025-11-10,225.0
ml,2025-11-08,chocolate_syrup,1500.0,2025-11-10,450.0
ml,2025-11-08,tea_leaves,500.0,2025-11-11,300.0
ml,2025-11-08,ice,14000.0,2025-11-09,140.0
ml,2025-11-08,croissant_dough,50.0,2025-11-09,2250.0
ml,2025-11-08,bread,90.0,2025-11-09,720.0
ml,2025-11-08,cup_hot,700.0,2025-11-12,2800.0
ml,2025-11-08,cup_cold,200.0,2025-11-12,1000.0
ml,2025-11-09,coffee_beans,6000.0,2025-11-12,7200.0
ml,2025-11-09,milk,55000.0,2025-11-10,3300.0
ml,2025-11-09,chocolate_syrup,1500.0,2025-11-11,450.0
ml,2025-11-09,ice,12000.0,2025-11-10,120.0
ml,2025-11-09,croissant_dough,40.0,2025-11-10,1800.0
ml,2025-11-09,bread,40.0,2025-11-10,320.0
ml,2025-11-09,cup_hot,400.0,2025-11-13,1600.0
ml,2025-11-09,cup_cold,200.0,2025-11-13,1000.0
ml,2025-11-10,coffee_beans,8000.0,2025-11-13,9600.0
ml,2025-11-10,milk,63000.0,2025-11-11,3780.0
ml,2025-11-10,sugar,6000.0,2025-11-12,270.0
ml,2025-11-10,chocolate_syrup,1500.0,2025-11-12,450.0
ml,2025-11-10,ice,14000.0,2025-11-11,140.0
ml,2025-11-10,croissant_dough,40.0,2025-11-11,1800.0
ml,2025-11-10,bread,70.0,2025-11-11,560.0
ml,2025-11-10,cup_hot,400.0,2025-11-14,1600.0
ml,2025-11-11,coffee_beans,6000.0,2025-11-14,7200.0
ml,2025-11-11,milk,65000.0,2025-11-12,3900.0
ml,2025-11-11,sugar,4000.0,2025-11-13,180.0
ml,2025-11-11,tea_leaves,500.0,2025-11-14,300.0
ml,2025-11-11,ice,12000.0,2025-11-12,120.0
ml,2025-11-11,croissant_dough,40.0,2025-11-12,1800.0
ml,2025-11-11,bread,80.0,2025-11-12,640.0
ml,2025-11-11,cup_cold,200.0,2025-11-15,1000.0
ml,2025-11-12,coffee_beans,7000.0,2025-11-15,8400.0
ml,2025-11-12,milk,66000.0,2025-11-13,3960.0
ml,2025-11-12,sugar,3000.0,2025-11-14,135.0
ml,2025-11-12,chocolate_syrup,1500.0,2025-11-14,450.0
ml,2025-11-12,ice,13000.0,2025-11-13,130.0
ml,2025-11-12,croissant_dough,40.0,2025-11-13,1800.0
ml,2025-11-12,bread,80.0,2025-11-13,640.0
ml,2025-11-12,cup_hot,700.0,2025-11-16,2800.0
ml,2025-11-13,coffee_beans,7000.0,2025-11-16,8400.0
ml,2025-11-13,milk,62000.0,2025-11-14,3720.0
ml,2025-11-13,sugar,3000.0,2025-11-15,135.0
ml,2025-11-13,chocolate_syrup,1000.0,2025-11-15,300.0
ml,2025-11-13,tea_leaves,500.0,2025-11-16,300.0
ml,2025-11-13,ice,11000.0,2025-11-14,110.0
ml,2025-11-13,croissant_dough,50.0,2025-11-14,2250.0
ml,2025-11-13,bread,80.0,2025-11-14,640.0
ml,2025-11-13,cup_hot,400.0,2025-11-17,1600.0
ml,2025-11-13,cup_cold,200.0,2025-11-17,1000.0
ml,2025-11-14,coffee_beans,8000.0,2025-11-17,9600.0
ml,2025-11-14,milk,51000.0,2025-11-15,3060.0
ml,2025-11-14,sugar,4000.0,2025-11-16,180.0
ml,2025-11-14,chocolate_syrup,1000.0,2025-11-16,300.0
ml,2025-11-14,tea_leaves,500.0,2025-11-17,300.0
ml,2025-11-14,ice,11000.0,2025-11-15,110.0
ml,2025-11-14,croissant_dough,40.0,2025-11-15,1800.0
ml,2025-11-14,bread,60.0,2025-11-15,480.0
ml,2025-11-15,coffee_beans,6000.0,2025-11-18,7200.0
ml,2025-11-15,milk,63000.0,2025-11-16,3780.0
ml,2025-11-15,sugar,4000.0,2025-11-17,180.0
ml,2025-11-15,chocolate_syrup,1500.0,2025-11-17,450.0
ml,2025-11-15,ice,13000.0,2025-11-16,130.0
ml,2025-11-15,croissant_dough,30.0,2025-11-16,1350.0
ml,2025-11-15,bread,100.0,2025-11-16,800.0
ml,2025-11-15,cup_hot,700.0,2025-11-19,2800.0
ml,2025-11-15,cup_cold,200.0,2025-11-19,1000.0
ml,2025-11-16,coffee_beans,6000.0,2025-11-19,7200.0
ml,2025-11-16,milk,58000.0,2025-11-17,3480.0
ml,2025-11-16,sugar,3000.0,2025-11-18,135.0
ml,2025-11-16,tea_leaves,500.0,2025-11-19,300.0
ml,2025-11-16,ice,15000.0,2025-11-17,150.0
ml,2025-11-16,croissant_dough,40.0,2025-11-17,1800.0
ml,2025-11-16,bread,60.0,2025-11-17,480.0
ml,2025-11-17,coffee_beans,6000.0,2025-11-20,7200.0
ml,2025-11-17,milk,65000.0,2025-11-18,3900.0
ml,2025-11-17,sugar,4000.0,2025-11-19,180.0
ml,2025-11-17,chocolate_syrup,2000.0,2025-11-19,600.0
ml,2025-11-17,ice,17000.0,2025-11-18,170.0
ml,2025-11-17,croissant_dough,40.0,2025-11-18,1800.0
ml,2025-11-17,bread,80.0,2025-11-18,640.0
ml,2025-11-17,cup_hot,700.0,2025-11-21,2800.0
ml,2025-11-17,cup_cold,300.0,2025-11-21,1500.0
ml,2025-11-18,coffee_beans,7000.0,2025-11-21,8400.0
ml,2025-11-18,milk,54000.0,2025-11-19,3240.0
ml,2025-11-18,sugar,3000.0,2025-11-20,135.0
ml,2025-11-18,tea_leaves,500.0,2025-11-21,300.0
ml,2025-11-18,ice,8000.0,2025-11-19,80.0
ml,2025-11-18,croissant_dough,40.0,2025-11-19,1800.0
ml,2025-11-18,bread,70.0,2025-11-19,560.0
ml,2025-11-18,cup_hot,400.0,2025-11-22,1600.0
ml,2025-11-19,coffee_beans,7000.0,2025-11-22,8400.0
ml,2025-11-19,milk,63000.0,2025-11-20,3780.0
ml,2025-11-19,chocolate_syrup,2000.0,2025-11-21,600.0
ml,2025-11-19,ice,6000.0,2025-11-20,60.0
ml,2025-11-19,croissant_dough,40.0,2025-11-20,1800.0
ml,2025-11-19,bread,40.0,2025-11-20,320.0
ml,2025-11-19,cup_hot,500.0,2025-11-23,2000.0
ml,2025-11-20,coffee_beans,7000.0,2025-11-23,8400.0
ml,2025-11-20,milk,62000.0,2025-11-21,3720.0
ml,2025-11-20,sugar,6000.0,2025-11-22,270.0
ml,2025-11-20,chocolate_syrup,1000.0,2025-11-22,300.0
ml,2025-11-20,tea_leaves,500.0,2025-11-23,300.0
ml,2025-11-20,ice,10000.0,2025-11-21,100.0
ml,2025-11-20,croissant_dough,40.0,2025-11-21,1800.0
ml,2025-11-20,bread,60.0,2025-11-21,480.0
ml,2025-11-20,cup_cold,300.0,2025-11-24,1500.0
ml,2025-11-21,coffee_beans,10000.0,2025-11-24,12000.0
ml,2025-11-21,milk,66000.0,2025-11-22,3960.0
ml,2025-11-21,sugar,5000.0,2025-11-23,225.0
ml,2025-11-21,chocolate_syrup,1000.0,2025-11-23,300.0
ml,2025-11-21,ice,12000.0,2025-11-22,120.0
ml,2025-11-21,croissant_dough,40.0,2025-11-22,1800.0
ml,2025-11-21,bread,100.0,2025-11-22,800.0
ml,2025-11-21,cup_hot,800.0,2025-11-25,3200.0
ml,2025-11-22,milk,54000.0,2025-11-23,3240.0
ml,2025-11-22,sugar,4000.0,2025-11-24,180.0
ml,2025-11-22,chocolate_syrup,1500.0,2025-11-24,450.0
ml,2025-11-22,tea_leaves,1000.0,2025-11-25,600.0
ml,2025-11-22,ice,10000.0,2025-11-23,100.0
ml,2025-11-22,croissant_dough,40.0,2025-11-23,1800.0
ml,2025-11-22,bread,90.0,2025-11-23,720.0
ml,2025-11-22,cup_cold,200.0,2025-11-26,1000.0
ml,2025-11-23,coffee_beans,8000.0,2025-11-26,9600.0
ml,2025-11-23,milk,40000.0,2025-11-24,2400.0
ml,2025-11-23,chocolate_syrup,2000.0,2025-11-25,600.0
ml,2025-11-23,ice,8000.0,2025-11-24,80.0
ml,2025-11-23,croissant_dough,40.0,2025-11-24,1800.0
ml,2025-11-23,bread,60.0,2025-11-24,480.0
ml,2025-11-23,cup_hot,600.0,2025-11-27,2400.0
ml,2025-11-24,coffee_beans,7000.0,2025-11-27,8400.0
ml,2025-11-24,milk,61000.0,2025-11-25,3660.0
ml,2025-11-24,sugar,5000.0,2025-11-26,225.0
ml,2025-11-24,chocolate_syrup,1500.0,2025-11-26,450.0
ml,2025-11-24,ice,18000.0,2025-11-25,180.0
ml,2025-11-24,croissant_dough,20.0,2025-11-25,900.0
ml,2025-11-24,bread,80.0,2025-11-25,640.0
ml,2025-11-25,milk,65000.0,2025-11-26,3900.0
ml,2025-11-25,sugar,3000.0,2025-11-27,135.0
ml,2025-11-25,ice,11000.0,2025-11-26,110.0
ml,2025-11-25,croissant_dough,40.0,2025-11-26,1800.0
ml,2025-11-25,bread,60.0,2025-11-26,480.0
ml,2025-11-25,cup_hot,700.0,2025-11-29,2800.0
ml,2025-11-25,cup_cold,200.0,2025-11-29,1000.0
ml,2025-11-26,coffee_beans,12000.0,2025-11-29,14400.0
ml,2025-11-26,milk,78000.0,2025-11-27,4680.0
ml,2025-11-26,sugar,4000.0,2025-11-28,180.0
ml,2025-11-26,chocolate_syrup,2000.0,2025-11-28,600.0
ml,2025-11-26,tea_leaves,1000.0,2025-11-29,600.0
ml,2025-11-26,ice,12000.0,2025-11-27,120.0
ml,2025-11-26,croissant_dough,40.0,2025-11-27,1800.0
ml,2025-11-26,bread,80.0,2025-11-27,640.0
ml,2025-11-26,cup_hot,400.0,2025-11-30,1600.0
ml,2025-11-27,coffee_beans,6000.0,2025-11-30,7200.0
ml,2025-11-27,milk,67000.0,2025-11-28,4020.0
ml,2025-11-27,sugar,3000.0,2025-11-29,135.0
ml,2025-11-27,chocolate_syrup,1000.0,2025-11-29,300.0
ml,2025-11-27,ice,9000.0,2025-11-28,90.0
ml,2025-11-27,croissant_dough,40.0,2025-11-28,1800.0
ml,2025-11-27,bread,90.0,2025-11-28,720.0
ml,2025-11-27,cup_cold,100.0,2025-12-01,500.0
ml,2025-11-28,coffee_beans,6000.0,2025-12-01,7200.0
ml,2025-11-28,milk,59000.0,2025-11-29,3540.0
ml,2025-11-28,sugar,3000.0,2025-11-30,135.0
ml,2025-11-28,chocolate_syrup,1000.0,2025-11-30,300.0
ml,2025-11-28,ice,7000.0,2025-11-29,70.0
ml,2025-11-28,croissant_dough,50.0,2025-11-29,2250.0
ml,2025-11-28,bread,90.0,2025-11-29,720.0
ml,2025-11-28,cup_hot,700.0,2025-12-02,2800.0
ml,2025-11-29,coffee_beans,6000.0,2025-12-02,7200.0
ml,2025-11-29,milk,57000.0,2025-11-30,3420.0
ml,2025-11-29,sugar,4000.0,2025-12-01,180.0
ml,2025-11-29,chocolate_syrup,1500.0,2025-12-01,450.0
ml,2025-11-29,tea_leaves,500.0,2025-12-02,300.0
ml,2025-11-29,ice,7000.0,2025-11-30,70.0
ml,2025-11-29,croissant_dough,60.0,2025-11-30,2700.0
ml,2025-11-29,bread,100.0,2025-11-30,800.0
ml,2025-11-29,cup_hot,400.0,2025-12-03,1600.0
ml,2025-11-29,cup_cold,200.0,2025-12-03,1000.0
ml,2025-11-30,coffee_beans,6000.0,2025-12-03,7200.0
ml,2025-11-30,milk,57000.0,2025-12-01,3420.0
ml,2025-11-30,chocolate_syrup,2000.0,2025-12-02,600.0
ml,2025-11-30,ice,5000.0,2025-12-01,50.0
ml,2025-11-30,croissant_dough,30.0,2025-12-01,1350.0
ml,2025-11-30,bread,80.0,2025-12-01,640.0
ml,2025-11-30,cup_hot,500.0,2025-12-04,2000.0
ml,2025-12-01,coffee_beans,5000.0,2025-12-04,6000.0
ml,2025-12-01,milk,58000.0,2025-12-02,3480.0
ml,2025-12-01,sugar,5000.0,2025-12-03,225.0
ml,2025-12-01,chocolate_syrup,1000.0,2025-12-03,300.0
ml,2025-12-01,tea_leaves,1000.0,2025-12-04,600.0
ml,2025-12-01,ice,14000.0,2025-12-02,140.0
ml,2025-12-01,croissant_dough,40.0,2025-12-02,1800.0
ml,2025-12-01,bread,90.0,2025-12-02,720.0
ml,2025-12-01,cup_hot,400.0,2025-12-05,1600.0
ml,2025-12-02,coffee_beans,6000.0,2025-12-05,7200.0
ml,2025-12-02,milk,54000.0,2025-12-03,3240.0
ml,2025-12-02,sugar,3000.0,2025-12-04,135.0
ml,2025-12-02,ice,10000.0,2025-12-03,100.0
ml,2025-12-02,croissant_dough,40.0,2025-12-03,1800.0
ml,2025-12-02,bread,110.0,2025-12-03,880.0
ml,2025-12-03,coffee_beans,6000.0,2025-12-06,7200.0
ml,2025-12-03,milk,54000.0,2025-12-04,3240.0
ml,2025-12-03,sugar,3000.0,2025-12-05,135.0
ml,2025-12-03,chocolate_syrup,1500.0,2025-12-05,450.0
ml,2025-12-03,ice,12000.0,2025-12-04,120.0
ml,2025-12-03,croissant_dough,30.0,2025-12-04,1350.0
ml,2025-12-03,bread,80.0,2025-12-04,640.0
ml,2025-12-03,cup_hot,700.0,2025-12-07,2800.0
ml,2025-12-03,cup_cold,200.0,2025-12-07,1000.0
ml,2025-12-04,coffee_beans,7000.0,2025-12-07,8400.0
ml,2025-12-04,milk,66000.0,2025-12-05,3960.0
ml,2025-12-04,sugar,4000.0,2025-12-06,180.0
ml,2025-12-04,chocolate_syrup,1500.0,2025-12-06,450.0
ml,2025-12-04,tea_leaves,1000.0,2025-12-07,600.0
ml,2025-12-04,ice,11000.0,2025-12-05,110.0
ml,2025-12-04,croissant_dough,40.0,2025-12-05,1800.0
ml,2025-12-04,bread,70.0,2025-12-05,560.0
ml,2025-12-04,cup_hot,500.0,2025-12-08,2000.0
ml,2025-12-05,coffee_beans,7000.0,2025-12-08,8400.0
ml,2025-12-05,milk,49000.0,2025-12-06,2940.0
ml,2025-12-05,sugar,3000.0,2025-12-07,135.0
ml,2025-12-05,chocolate_syrup,1000.0,2025-12-07,300.0
ml,2025-12-05,ice,10000.0,2025-12-06,100.0
ml,2025-12-05,croissant_dough,40.0,2025-12-06,1800.0
ml,2025-12-05,bread,80.0,2025-12-06,640.0
ml,2025-12-06,coffee_beans,7000.0,2025-12-09,8400.0
ml,2025-12-06,milk,58000.0,2025-12-07,3480.0
ml,2025-12-06,sugar,4000.0,2025-12-08,180.0
ml,2025-12-06,chocolate_syrup,2000.0,2025-12-08,600.0
ml,2025-12-06,tea_leaves,500.0,2025-12-09,300.0
ml,2025-12-06,ice,9000.0,2025-12-07,90.0
ml,2025-12-06,croissant_dough,40.0,2025-12-07,1800.0
ml,2025-12-06,bread,90.0,2025-12-07,720.0
ml,2025-12-06,cup_hot,800.0,2025-12-10,3200.0
ml,2025-12-06,cup_cold,200.0,2025-12-10,1000.0
ml,2025-12-07,milk,62000.0,2025-12-08,3720.0
ml,2025-12-07,sugar,3000.0,2025-12-09,135.0
ml,2025-12-07,chocolate_syrup,1500.0,2025-12-09,450.0
ml,2025-12-07,tea_leaves,500.0,2025-12-10,300.0
ml,2025-12-07,ice,8000.0,2025-12-08,80.0
ml,2025-12-07,croissant_dough,40.0,2025-12-08,1800.0
ml,2025-12-07,bread,100.0,2025-12-08,800.0
ml,2025-12-07,cup_hot,300.0,2025-12-11,1200.0
ml,2025-12-08,coffee_beans,9000.0,2025-12-11,10800.0
ml,2025-12-08,milk,51000.0,2025-12-09,3060.0
ml,2025-12-08,sugar,3000.0,2025-12-10,135.0
ml,2025-12-08,ice,11000.0,2025-12-09,110.0
ml,2025-12-08,croissant_dough,30.0,2025-12-09,1350.0
ml,2025-12-08,bread,70.0,2025-12-09,560.0
ml,2025-12-08,cup_hot,400.0,2025-12-12,1600.0
ml,2025-12-09,coffee_beans,6000.0,2025-12-12,7200.0
ml,2025-12-09,milk,53000.0,2025-12-10,3180.0
ml,2025-12-09,sugar,3000.0,2025-12-11,135.0
ml,2025-12-09,chocolate_syrup,1000.0,2025-12-11,300.0
ml,2025-12-09,tea_leaves,500.0,2025-12-12,300.0
ml,2025-12-09,ice,9000.0,2025-12-10,90.0
ml,2025-12-09,croissant_dough,20.0,2025-12-10,900.0
ml,2025-12-09,bread,80.0,2025-12-10,640.0
ml,2025-12-09,cup_cold,200.0,2025-12-13,1000.0
ml,2025-12-10,coffee_beans,5000.0,2025-12-13,6000.0
ml,2025-12-10,milk,61000.0,2025-12-11,3660.0
ml,2025-12-10,sugar,3000.0,2025-12-12,135.0
ml,2025-12-10,ice,10000.0,2025-12-11,100.0
ml,2025-12-10,croissant_dough,30.0,2025-12-11,1350.0
ml,2025-12-10,bread,80.0,2025-12-11,640.0
ml,2025-12-10,cup_hot,600.0,2025-12-14,2400.0
ml,2025-12-11,coffee_beans,8000.0,2025-12-14,9600.0
ml,2025-12-11,milk,75000.0,2025-12-12,4500.0
ml,2025-12-11,sugar,4000.0,2025-12-13,180.0
ml,2025-12-11,chocolate_syrup,2000.0,2025-12-13,600.0
ml,2025-12-11,tea_leaves,500.0,2025-12-14,300.0
ml,2025-12-11,ice,13000.0,2025-12-12,130.0
ml,2025-12-11,croissant_dough,40.0,2025-12-12,1800.0
ml,2025-12-11,bread,90.0,2025-12-12,720.0
ml,2025-12-11,cup_hot,500.0,2025-12-15,2000.0
ml,2025-12-11,cup_cold,200.0,2025-12-15,1000.0
ml,2025-12-12,coffee_beans,8000.0,2025-12-15,9600.0
ml,2025-12-12,milk,57000.0,2025-12-13,3420.0
ml,2025-12-12,sugar,3000.0,2025-12-14,135.0
ml,2025-12-12,chocolate_syrup,1500.0,2025-12-14,450.0
ml,2025-12-12,ice,7000.0,2025-12-13,70.0
ml,2025-12-12,croissant_dough,50.0,2025-12-13,2250.0
ml,2025-12-12,bread,80.0,2025-12-13,640.0
ml,2025-12-12,cup_hot,300.0,2025-12-16,1200.0
ml,2025-12-13,milk,39000.0,2025-12-14,2340.0
ml,2025-12-13,sugar,3000.0,2025-12-15,135.0
ml,2025-12-13,ice,8000.0,2025-12-14,80.0
ml,2025-12-13,croissant_dough,50.0,2025-12-14,2250.0
ml,2025-12-13,bread,80.0,2025-12-14,640.0
ml,2025-12-13,cup_hot,300.0,2025-12-17,1200.0
ml,2025-12-14,coffee_beans,9000.0,2025-12-17,10800.0
ml,2025-12-14,milk,44000.0,2025-12-15,2640.0
ml,2025-12-14,tea_leaves,500.0,2025-12-17,300.0
ml,2025-12-14,ice,12000.0,2025-12-15,120.0
ml,2025-12-14,croissant_dough,20.0,2025-12-15,900.0
ml,2025-12-14,bread,60.0,2025-12-15,480.0
ml,2025-12-14,cup_cold,200.0,2025-12-18,1000.0
ml,2025-12-15,coffee_beans,5000.0,2025-12-18,6000.0
ml,2025-12-15,milk,52000.0,2025-12-16,3120.0
ml,2025-12-15,sugar,5000.0,2025-12-17,225.0
ml,2025-12-15,ice,8000.0,2025-12-16,80.0
ml,2025-12-15,croissant_dough,40.0,2025-12-16,1800.0
ml,2025-12-15,bread,70.0,2025-12-16,560.0
ml,2025-12-15,cup_hot,400.0,2025-12-19,1600.0
ml,2025-12-16,coffee_beans,6000.0,2025-12-19,7200.0
ml,2025-12-16,milk,64000.0,2025-12-17,3840.0
ml,2025-12-16,sugar,3000.0,2025-12-18,135.0
ml,2025-12-16,chocolate_syrup,2000.0,2025-12-18,600.0
ml,2025-12-16,tea_leaves,500.0,2025-12-19,300.0
ml,2025-12-16,ice,8000.0,2025-12-17,80.0
ml,2025-12-16,croissant_dough,40.0,2025-12-17,1800.0
ml,2025-12-16,bread,60.0,2025-12-17,480.0
ml,2025-12-16,cup_hot,500.0,2025-12-20,2000.0
ml,2025-12-16,cup_cold,100.0,2025-12-20,500.0
ml,2025-12-17,coffee_beans,7000.0,2025-12-20,8400.0
ml,2025-12-17,milk,68000.0,2025-12-18,4080.0
ml,2025-12-17,sugar,3000.0,2025-12-19,135.0
ml,2025-12-17,chocolate_syrup,1000.0,2025-12-19,300.0
ml,2025-12-17,ice,10000.0,2025-12-18,100.0
ml,2025-12-17,croissant_dough,40.0,2025-12-18,1800.0
ml,2025-12-17,bread,70.0,2025-12-18,560.0
ml,2025-12-17,cup_hot,400.0,2025-12-21,1600.0
ml,2025-12-17,cup_cold,100.0,2025-12-21,500.0
ml,2025-12-18,coffee_beans,7000.0,2025-12-21,8400.0
ml,2025-12-18,milk,65000.0,2025-12-19,3900.0
ml,2025-12-18,sugar,4000.0,2025-12-20,180.0
ml,2025-12-18,chocolate_syrup,1000.0,2025-12-20,300.0
ml,2025-12-18,tea_leaves,500.0,2025-12-21,300.0
ml,2025-12-18,ice,11000.0,2025-12-19,110.0
ml,2025-12-18,croissant_dough,30.0,2025-12-19,1350.0
ml,2025-12-18,bread,80.0,2025-12-19,640.0
ml,2025-12-18,cup_hot,400.0,2025-12-22,1600.0
ml,2025-12-18,cup_cold,100.0,2025-12-22,500.0
ml,2025-12-19,coffee_beans,7000.0,2025-12-22,8400.0
ml,2025-12-19,milk,51000.0,2025-12-20,3060.0
ml,2025-12-19,sugar,3000.0,2025-12-21,135.0
ml,2025-12-19,chocolate_syrup,1000.0,2025-12-21,300.0
ml,2025-12-19,ice,9000.0,2025-12-20,90.0
ml,2025-12-19,croissant_dough,30.0,2025-12-20,1350.0
ml,2025-12-19,bread,90.0,2025-12-20,720.0
ml,2025-12-19,cup_hot,300.0,2025-12-23,1200.0
ml,2025-12-19,cup_cold,100.0,2025-12-23,500.0
ml,2025-12-20,coffee_beans,8000.0,2025-12-23,9600.0
ml,2025-12-20,milk,60000.0,2025-12-21,3600.0
ml,2025-12-20,sugar,4000.0,2025-12-22,180.0
ml,2025-12-20,tea_leaves,500.0,2025-12-23,300.0
ml,2025-12-20,ice,12000.0,2025-12-21,120.0
ml,2025-12-20,croissant_dough,40.0,2025-12-21,1800.0
ml,2025-12-20,bread,100.0,2025-12-21,800.0
ml,2025-12-20,cup_hot,400.0,2025-12-24,1600.0
ml,2025-12-20,cup_cold,100.0,2025-12-24,500.0
ml,2025-12-21,coffee_beans,7000.0,2025-12-24,8400.0
ml,2025-12-21,milk,64000.0,2025-12-22,3840.0
ml,2025-12-21,sugar,3000.0,2025-12-23,135.0
ml,2025-12-21,chocolate_syrup,1500.0,2025-12-23,450.0
ml,2025-12-21,ice,9000.0,2025-12-22,90.0
ml,2025-12-21,croissant_dough,40.0,2025-12-22,1800.0
ml,2025-12-21,bread,70.0,2025-12-22,560.0
ml,2025-12-21,cup_hot,500.0,2025-12-25,2000.0
ml,2025-12-22,coffee_beans,6000.0,2025-12-25,7200.0
ml,2025-12-22,milk,46000.0,2025-12-23,2760.0
ml,2025-12-22,sugar,3000.0,2025-12-24,135.0
ml,2025-12-22,chocolate_syrup,1000.0,2025-12-24,300.0
ml,2025-12-22,tea_leaves,500.0,2025-12-25,300.0
ml,2025-12-22,ice,10000.0,2025-12-23,100.0
ml,2025-12-22,croissant_dough,40.0,2025-12-23,1800.0
ml,2025-12-22,bread,90.0,2025-12-23,720.0
ml,2025-12-22,cup_cold,200.0,2025-12-26,1000.0
ml,2025-12-23,coffee_beans,8000.0,2025-12-26,9600.0
ml,2025-12-23,milk,70000.0,2025-12-24,4200.0
ml,2025-12-23,sugar,4000.0,2025-12-25,180.0
ml,2025-12-23,chocolate_syrup,1000.0,2025-12-25,300.0
ml,2025-12-23,ice,10000.0,2025-12-24,100.0
ml,2025-12-23,croissant_dough,40.0,2025-12-24,1800.0
ml,2025-12-23,bread,80.0,2025-12-24,640.0
ml,2025-12-23,cup_hot,800.0,2025-12-27,3200.0
ml,2025-12-24,coffee_beans,6000.0,2025-12-27,7200.0
ml,2025-12-24,milk,59000.0,2025-12-25,3540.0
ml,2025-12-24,sugar,3000.0,2025-12-26,135.0
ml,2025-12-24,chocolate_syrup,1000.0,2025-12-26,300.0
ml,2025-12-24,tea_leaves,500.0,2025-12-27,300.0
ml,2025-12-24,ice,8000.0,2025-12-25,80.0
ml,2025-12-24,croissant_dough,30.0,2025-12-25,1350.0
ml,2025-12-24,bread,70.0,2025-12-25,560.0
ml,2025-12-24,cup_hot,400.0,2025-12-28,1600.0
ml,2025-12-24,cup_cold,200.0,2025-12-28,1000.0
ml,2025-12-25,coffee_beans,7000.0,2025-12-28,8400.0
ml,2025-12-25,milk,71000.0,2025-12-26,4260.0
ml,2025-12-25,sugar,4000.0,2025-12-27,180.0
ml,2025-12-25,chocolate_syrup,1500.0,2025-12-27,450.0
ml,2025-12-25,tea_leaves,500.0,2025-12-28,300.0
ml,2025-12-25,ice,11000.0,2025-12-26,110.0
ml,2025-12-25,croissant_dough,40.0,2025-12-26,1800.0
ml,2025-12-25,bread,80.0,2025-12-26,640.0
ml,2025-12-25,cup_hot,400.0,2025-12-29,1600.0
ml,2025-12-26,coffee_beans,6000.0,2025-12-29,7200.0
ml,2025-12-26,milk,55000.0,2025-12-27,3300.0
ml,2025-12-26,sugar,3000.0,2025-12-28,135.0
ml,2025-12-26,chocolate_syrup,1000.0,2025-12-28,300.0
ml,2025-12-26,ice,11000.0,2025-12-27,110.0
ml,2025-12-26,croissant_dough,40.0,2025-12-27,1800.0
ml,2025-12-26,bread,80.0,2025-12-27,640.0
ml,2025-12-26,cup_cold,100.0,2025-12-30,500.0
ml,2025-12-27,coffee_beans,6000.0,2025-12-30,7200.0
ml,2025-12-27,milk,64000.0,2025-12-28,3840.0
ml,2025-12-27,sugar,4000.0,2025-12-29,180.0
ml,2025-12-27,chocolate_syrup,1000.0,2025-12-29,300.0
ml,2025-12-27,ice,10000.0,2025-12-28,100.0
ml,2025-12-27,croissant_dough,60.0,2025-12-28,2700.0
ml,2025-12-27,bread,80.0,2025-12-28,640.0
ml,2025-12-27,cup_hot,600.0,2025-12-31,2400.0
ml,2025-12-28,coffee_beans,8000.0,2025-12-31,9600.0
ml,2025-12-28,milk,83000.0,2025-12-29,4980.0
ml,2025-12-28,sugar,4000.0,2025-12-30,180.0
ml,2025-12-28,chocolate_syrup,2000.0,2025-12-30,600.0
ml,2025-12-28,tea_leaves,500.0,2025-12-31,300.0
ml,2025-12-28,ice,13000.0,2025-12-29,130.0
ml,2025-12-28,croissant_dough,40.0,2025-12-29,1800.0
ml,2025-12-28,bread,70.0,2025-12-29,560.0
ml,2025-12-28,cup_hot,400.0,2026-01-01,1600.0
ml,2025-12-28,cup_cold,200.0,2026-01-01,1000.0
ml,2025-12-29,coffee_beans,6000.0,2026-01-01,7200.0
ml,2025-12-29,milk,69000.0,2025-12-30,4140.0
ml,2025-12-29,sugar,3000.0,2025-12-31,135.0
ml,2025-12-29,chocolate_syrup,2000.0,2025-12-31,600.0
ml,2025-12-29,ice,14000.0,2025-12-30,140.0
ml,2025-12-29,croissant_dough,40.0,2025-12-30,1800.0
ml,2025-12-29,bread,90.0,2025-12-30,720.0
ml,2025-12-29,cup_hot,400.0,2026-01-02,1600.0
ml,2025-12-29,cup_cold,100.0,2026-01-02,500.0
ml,2025-12-30,coffee_beans,7000.0,2026-01-02,8400.0
ml,2025-12-30,milk,59000.0,2025-12-31,3540.0
ml,2025-12-30,sugar,3000.0,2026-01-01,135.0
ml,2025-12-30,tea_leaves,500.0,2026-01-02,300.0
ml,2025-12-30,ice,8000.0,2025-12-31,80.0
ml,2025-12-30,croissant_dough,40.0,2025-12-31,1800.0
ml,2025-12-30,bread,90.0,2025-12-31,720.0
ml,2025-12-31,coffee_beans,9000.0,2026-01-03,10800.0
ml,2025-12-31,milk,96000.0,2026-01-01,5760.0
ml,2025-12-31,sugar,5000.0,2026-01-02,225.0
ml,2025-12-31,chocolate_syrup,2000.0,2026-01-02,600.0
ml,2025-12-31,ice,18000.0,2026-01-01,180.0
ml,2025-12-31,croissant_dough,30.0,2026-01-01,1350.0
ml,2025-12-31,bread,70.0,2026-01-01,560.0
ml,2025-12-31,cup_hot,800.0,2026-01-04,3200.0
ml,2025-12-31,cup_cold,300.0,2026-01-04,1500.0
