date,item,latent_demand,expected_demand,expected_demand_without_shop_shock,shop_daily_multiplier
2023-01-01,americano,31,39.523551768327586,35.27630935261778,1.1203992847793367
2023-01-01,cappuccino,70,59.285327652491375,52.914464028926666,1.1203992847793367
2023-01-01,cold_coffee,46,46.82936393154693,41.79703126173452,1.1203992847793367
2023-01-01,croissant,50,35.098468294461085,31.32675,1.1203992847793367
2023-01-01,espresso,73,52.698069024436776,47.035079136823704,1.1203992847793367
2023-01-01,hot_chocolate,30,26.481109597335962,23.635421726060304,1.1203992847793367
2023-01-01,iced_latte,40,35.122022948660195,31.347773446300888,1.1203992847793367
2023-01-01,latte,62,65.87258628054596,58.79384892102962,1.1203992847793367
2023-01-01,masala_chai,46,52.829979015783934,47.15281394185184,1.1203992847793367
2023-01-01,sandwich,31,35.484165748246376,31.671000000000003,1.1203992847793367
2023-01-02,americano,36,31.946484724307563,34.98220717403644,0.9132209573104932
2023-01-02,cappuccino,35,47.919727086461336,52.473310761054655,0.9132209573104932
2023-01-02,cold_coffee,32,31.40834203333752,34.39292734349585,0.9132209573104932
2023-01-02,croissant,16,24.59936373230207,26.936924229979468,0.9132209573104932
2023-01-02,espresso,36,42.59531296574342,46.642942898715255,0.9132209573104932
2023-01-02,hot_chocolate,18,21.576333493024865,23.62662980990805,0.9132209573104932
2023-01-02,iced_latte,18,23.55625652500314,25.79469550762189,0.9132209573104932
2023-01-02,latte,45,53.24414120717927,58.30367862339406,0.9132209573104932
2023-01-02,masala_chai,33,42.87308427880238,46.94710949808571,0.9132209573104932
2023-01-02,sandwich,19,28.113558551202367,30.785056262833677,0.9132209573104932
2023-01-03,americano,64,46.17642341010388,44.87951410275735,1.028897579068639
2023-01-03,cappuccino,49,53.74935684936091,52.239754415609546,1.028897579068639
2023-01-03,cold_coffee,36,34.67011130916474,33.696367854755984,1.028897579068639
2023-01-03,croissant,40,27.45436085710015,26.683278701026698,1.028897579068639
2023-01-03,espresso,47,47.777206088320824,46.43533725831961,1.028897579068639
2023-01-03,hot_chocolate,31,31.249527120549057,30.3718540662096,1.028897579068639
2023-01-03,iced_latte,16,26.002583481873554,25.272275891066986,1.028897579068639
2023-01-03,latte,93,59.72150761040102,58.04417157289951,1.028897579068639
2023-01-03,masala_chai,59,48.136882233547475,46.784911552733085,1.028897579068639
2023-01-03,sandwich,31,31.376412408114447,30.49517565831622,1.028897579068639
2023-01-04,americano,25,37.83260838403043,33.33277161843153,1.1349973778691327
2023-01-04,cappuccino,52,56.748912576045626,49.999157427647276,1.1349973778691327
2023-01-04,cold_coffee,36,36.31325272204924,31.994129176073066,1.1349973778691327
2023-01-04,croissant,18,28.914112970083462,25.47504825462012,1.1349973778691327
2023-01-04,espresso,43,50.44347784537389,44.443695491242025,1.1349973778691327
2023-01-04,hot_chocolate,23,25.628532415165623,22.580256937052273,1.1349973778691327
2023-01-04,iced_latte,32,27.234939541536935,23.9955968820548,1.1349973778691327
2023-01-04,latte,64,63.05434730671737,55.554619364052535,1.1349973778691327
2023-01-04,masala_chai,52,50.84864417256086,44.80067105355357,1.1349973778691327
2023-01-04,sandwich,42,42.58337698097712,37.51848049281314,1.1349973778691327
2023-01-05,americano,34,32.75325859956086,35.504676843341265,0.9225054700280585
2023-01-05,cappuccino,64,49.129887899341284,53.257015265011894,0.9225054700280585
2023-01-05,cold_coffee,33,28.332621198745176,30.71268639510986,0.9225054700280585
2023-01-05,croissant,25,24.231680386898212,26.267248459958935,0.9225054700280585
2023-01-05,espresso,64,43.67101146608114,47.33956912445502,0.9225054700280585
2023-01-05,hot_chocolate,28,22.478006634394685,24.366258374284765,0.9225054700280585
2023-01-05,iced_latte,20,21.249465899058883,23.034514796332395,0.9225054700280585
2023-01-05,latte,54,54.588764332601436,59.17446140556878,0.9225054700280585
2023-01-05,masala_chai,44,44.30885431751307,48.03099358984331,0.9225054700280585
2023-01-05,sandwich,31,27.693349013597956,30.01971252566735,0.9225054700280585
2023-01-06,americano,31,34.118930092384915,36.755564189355994,0.9282657155420669
2023-01-06,cappuccino,42,51.17839513857738,55.133346284034,0.9282657155420669
2023-01-06,cold_coffee,24,33.81362209712229,36.42666267963651,0.9282657155420669
2023-01-06,croissant,26,26.3379480935524,28.373285420944562,0.9282657155420669
2023-01-06,espresso,48,45.49190678984655,49.00741891914133,0.9282657155420669
2023-01-06,hot_chocolate,21,23.02054911484113,24.799525318457043,0.9282657155420669
2023-01-06,iced_latte,23,25.360216572841715,27.31999700972738,0.9282657155420669
2023-01-06,latte,39,56.864883487308205,61.25927364892667,0.9282657155420669
2023-01-06,masala_chai,50,45.76567872507601,49.30234733311338,0.9282657155420669
2023-01-06,sandwich,13,30.100512106917023,32.42661190965092,0.9282657155420669
2023-01-07,americano,43,39.67086083534685,39.340504804419005,1.008397351090694
2023-01-07,cappuccino,56,59.50629125302026,59.0107572066285,1.008397351090694
2023-01-07,cold_coffee,41,43.738583635654365,43.37435395714419,1.008397351090694
2023-01-07,croissant,26,34.44547654356926,34.15863449691992,1.008397351090694
2023-01-07,espresso,36,52.894481113795784,52.454006405891995,1.008397351090694
2023-01-07,hot_chocolate,17,26.820105891925746,26.596763530682438,1.008397351090694
2023-01-07,iced_latte,33,32.80393772674077,32.53076546785814,1.008397351090694
2023-01-07,latte,45,66.11810139224474,65.567508007365,1.008397351090694
2023-01-07,masala_chai,49,53.266041425479884,52.82247257776582,1.008397351090694
2023-01-07,sandwich,34,34.82399826382825,34.53400410677618,1.008397351090694
2023-01-08,americano,39,35.04256770457148,38.07125490943687,0.9204468775176976
2023-01-08,cappuccino,38,52.563851556857216,57.1068823641553,0.9204468775176976
2023-01-08,cold_coffee,57,50.18820307144168,54.525909422161845,0.9204468775176976
2023-01-08,croissant,34,30.502977209842303,33.139313039014375,0.9204468775176976
2023-01-08,espresso,45,46.7234236060953,50.76167321258249,0.9204468775176976
2023-01-08,hot_chocolate,28,23.667396703288617,25.71294148676555,0.9204468775176976
2023-01-08,iced_latte,27,29.209534187579063,31.7340792836982,0.9204468775176976
2023-01-08,latte,47,58.40427950761913,63.45209151572811,0.9204468775176976
2023-01-08,masala_chai,65,47.02811503390833,51.092698755995414,0.9204468775176976
2023-01-08,sandwich,14,30.838174761598808,33.503481314168376,0.9204468775176976
2023-01-09,americano,26,29.117145182247658,31.930713914307614,0.9118851918058981
2023-01-09,cappuccino,31,43.67571777337149,47.89607087146142,0.9118851918058981
2023-01-09,cold_coffee,24,27.28503979656939,29.92157350700484,0.9118851918058981
2023-01-09,croissant,21,22.086920699386585,24.221163911704313,0.9118851918058981
2023-01-09,espresso,50,38.82286024299688,42.57428521907682,0.9118851918058981
2023-01-09,hot_chocolate,27,25.494553290271128,27.958073581370144,0.9118851918058981
2023-01-09,iced_latte,11,20.46377984742704,22.44118013025363,0.9118851918058981
2023-01-09,latte,58,48.5285753037461,53.21785652384603,0.9118851918058981
2023-01-09,masala_chai,40,39.193434857699465,42.98066819144278,0.9118851918058981
2023-01-09,sandwich,33,32.52860191367685,35.67181724845996,0.9118851918058981
2023-01-10,americano,38,33.51303968767579,32.20322149924804,1.0406735142463415
2023-01-10,cappuccino,67,50.26955953151369,48.30483224887206,1.0406735142463415
2023-01-10,cold_coffee,38,32.68597165543431,31.408478459361554,1.0406735142463415
2023-01-10,croissant,14,25.7412055072411,24.735140420944557,1.0406735142463415
2023-01-10,espresso,40,44.68405291690107,42.93762866566406,1.0406735142463415
2023-01-10,hot_chocolate,32,22.6570146010777,21.771491530161573,1.0406735142463415
2023-01-10,iced_latte,23,24.514478741575726,23.556358844521164,1.0406735142463415
2023-01-10,latte,48,55.85506614612632,53.67203583208006,1.0406735142463415
2023-01-10,masala_chai,50,44.997938605530734,43.2392464971287,1.0406735142463415
2023-01-10,sandwich,27,37.91046466456716,36.42877823408624,1.0406735142463415
2023-01-11,americano,34,29.609311753161858,33.72194876991109,0.8780427239003817
2023-01-11,cappuccino,28,44.413967629742785,50.58292315486663,0.8780427239003817
2023-01-11,cold_coffee,23,30.298562680505245,34.50693440737716,0.8780427239003817
2023-01-11,croissant,29,23.086483714298588,26.293121149897328,0.8780427239003817
2023-01-11,espresso,27,39.479082337549144,44.96259835988145,0.8780427239003817
2023-01-11,hot_chocolate,29,19.898090851257294,22.661870897201158,0.8780427239003817
2023-01-11,iced_latte,38,22.72392201037894,25.880200805532873,0.8780427239003817
2023-01-11,latte,48,49.34885292193642,56.2032479498518,0.8780427239003817
2023-01-11,masala_chai,44,39.6373149210897,45.142808934188885,0.8780427239003817
2023-01-11,sandwich,25,26.384552816341245,30.049281314168375,0.8780427239003817
2023-01-12,americano,27,30.5131270782558,32.89474479569066,0.9275988388957842
2023-01-12,cappuccino,55,45.7696906173837,49.342117193536,0.9275988388957842
2023-01-12,cold_coffee,34,33.823924042535104,36.46395685746996,0.9275988388957842
2023-01-12,croissant,23,24.393468562448614,26.297433264887065,0.9275988388957842
2023-01-12,espresso,33,40.684169437674406,43.859659727587555,0.9275988388957842
2023-01-12,hot_chocolate,28,20.301441206459742,21.88601403450076,0.9275988388957842
2023-01-12,iced_latte,19,25.36794303190133,27.34796764310247,0.9275988388957842
2023-01-12,latte,61,50.855211797093,54.82457465948444,0.9275988388957842
2023-01-12,masala_chai,64,40.643505603542444,43.815821990381714,0.9275988388957842
2023-01-12,sandwich,25,27.878249785655555,30.054209445585215,0.9275988388957842
2023-01-13,americano,41,37.26036732483234,35.35493246297606,1.053894456278531
2023-01-13,cappuccino,47,55.89055098724851,53.032398694464085,1.053894456278531
2023-01-13,cold_coffee,45,41.96943438216897,39.823185454803244,1.053894456278531
2023-01-13,croissant,38,29.936804738005755,28.405885010266942,1.053894456278531
2023-01-13,espresso,47,49.680489766443124,47.139909950634745,1.053894456278531
2023-01-13,hot_chocolate,16,24.74108236094988,23.475863463894264,1.053894456278531
2023-01-13,iced_latte,41,31.47707578662673,29.867389091102435,1.053894456278531
2023-01-13,latte,65,62.1006122080539,58.92488743829343,1.053894456278531
2023-01-13,masala_chai,48,49.58122808168222,47.04572434773158,1.053894456278531
2023-01-13,sandwich,40,34.21349112914943,32.46386858316222,1.053894456278531
2023-01-14,americano,26,40.18104944083567,35.9792917212094,1.1167826691026657
2023-01-14,cappuccino,57,60.27157416125351,53.968937581814096,1.1167826691026657
2023-01-14,cold_coffee,51,53.678318980861704,48.065143260140495,1.1167826691026657
2023-01-14,croissant,35,47.739492291863506,42.74734342915812,1.1167826691026657
2023-01-14,espresso,53,53.574732587780886,47.97238896161252,1.1167826691026657
2023-01-14,hot_chocolate,18,26.520827545844305,23.747527857997454,1.1167826691026657
2023-01-14,iced_latte,34,40.25873923564628,36.04885744510538,1.1167826691026657
2023-01-14,latte,45,66.96841573472612,59.96548620201566,1.1167826691026657
2023-01-14,masala_chai,64,68.6952673895011,61.511759888517716,1.1167826691026657
2023-01-14,sandwich,28,37.45294322748041,33.536465297741266,1.1167826691026657
2023-01-15,americano,35,36.07349416679986,36.52903597618617,0.9875293229834129
2023-01-15,cappuccino,41,54.11024125019979,54.793553964279255,0.9875293229834129
2023-01-15,cold_coffee,44,59.19131469724031,59.938792013201336,0.9875293229834129
2023-01-15,croissant,22,32.76363173670181,33.17737607802875,0.9875293229834129
2023-01-15,espresso,42,48.09799222239982,48.70538130158156,0.9875293229834129
2023-01-15,hot_chocolate,18,23.95299226245769,24.255474450210347,0.9875293229834129
2023-01-15,iced_latte,32,34.449345153793864,34.88437695168318,0.9875293229834129
2023-01-15,latte,87,60.122490277999766,60.88172662697695,0.9875293229834129
2023-01-15,masala_chai,62,48.00189236984085,48.60806788483295,0.9875293229834129
2023-01-15,sandwich,43,33.12367164589632,33.54196262833675,0.9875293229834129
2023-01-16,americano,33,32.027799120830366,29.731767722851846,1.0772248532068878
2023-01-16,cappuccino,47,48.04169868124555,44.59765158427777,1.0772248532068878
2023-01-16,cold_coffee,48,37.849418829476654,35.13604306176126,1.0772248532068878
2023-01-16,croissant,23,26.121603069311895,24.248979209445586,1.0772248532068878
2023-01-16,espresso,34,42.703732161107155,39.64235696380246,1.0772248532068878
2023-01-16,hot_chocolate,27,27.241509617637327,25.28860110917384,1.0772248532068878
2023-01-16,iced_latte,25,28.3870641221075,26.35203229632095,1.0772248532068878
2023-01-16,latte,49,53.379665201383936,49.55294620475308,1.0772248532068878
2023-01-16,masala_chai,28,42.4907464084035,39.44463988359438,1.0772248532068878
2023-01-16,sandwich,29,29.853260650642163,27.71311909650924,1.0772248532068878
2023-01-17,americano,30,30.5447780726698,30.667824258125243,0.9959877758389448
2023-01-17,cappuccino,43,45.8171671090047,46.00173638718787,0.9959877758389448
2023-01-17,cold_coffee,35,34.960019811538366,35.10085229920687,0.9959877758389448
2023-01-17,croissant,20,24.66418442516863,24.763541303901434,0.9959877758389448
2023-01-17,espresso,27,40.726370763559736,40.890432344166996,0.9959877758389448
2023-01-17,hot_chocolate,24,26.084242364497012,26.18931978610442,0.9959877758389448
2023-01-17,iced_latte,32,26.220014858653762,26.325639224405144,0.9959877758389448
2023-01-17,latte,42,50.90796345444967,51.11304043020875,0.9959877758389448
2023-01-17,masala_chai,40,40.604374736806186,40.76794487021101,0.9959877758389448
2023-01-17,sandwich,30,28.187639343049867,28.301190061601638,0.9959877758389448
2023-01-18,americano,31,35.873246404805414,33.50840413883919,1.0705746014094764
2023-01-18,cappuccino,33,53.80986960720811,50.262606208258774,1.0705746014094764
2023-01-18,cold_coffee,37,37.59996686601391,35.1212954393942,1.0705746014094764
2023-01-18,croissant,22,28.18106278036697,26.323305954825468,1.0705746014094764
2023-01-18,espresso,40,47.83099520640721,44.677872185118915,1.0705746014094764
2023-01-18,hot_chocolate,25,24.035374533802614,22.450910475700233,1.0705746014094764
2023-01-18,iced_latte,30,28.199975149510433,26.340971579545652,1.0705746014094764
2023-01-18,latte,54,59.78874400800901,55.84734023139864,1.0705746014094764
2023-01-18,masala_chai,64,47.95072229092102,44.78970660035367,1.0705746014094764
2023-01-18,sandwich,28,32.206928891847966,30.083778234086246,1.0705746014094764
2023-01-19,americano,23,31.5795622637972,32.83519209257062,0.9617596320060048
2023-01-19,cappuccino,55,61.04296829342244,63.470087807804056,0.9617596320060048
2023-01-19,cold_coffee,30,32.05719094108032,33.33181168585393,0.9617596320060048
2023-01-19,croissant,27,31.651050333025132,32.909522587268995,0.9617596320060048
2023-01-19,espresso,44,42.10608301839627,43.7802561234275,0.9617596320060048
2023-01-19,hot_chocolate,24,21.243374094672337,22.088028430101236,0.9617596320060048
2023-01-19,iced_latte,28,30.983109801301865,32.21502418091553,0.9617596320060048
2023-01-19,latte,62,52.63260377299534,54.725320154284375,0.9617596320060048
2023-01-19,masala_chai,39,42.29598735627582,43.97771121673752,0.9617596320060048
2023-01-19,sandwich,31,28.069960066774282,29.186045174537984,0.9617596320060048
2023-01-20,americano,45,36.94607419585125,37.11736397615132,0.9953851846696301
2023-01-20,cappuccino,52,55.419111293776886,55.67604596422698,0.9953851846696301
2023-01-20,cold_coffee,48,35.747158102656975,35.91288945547397,0.9953851846696301
2023-01-20,croissant,29,28.307246244886656,28.43848459958933,0.9953851846696301
2023-01-20,espresso,50,49.261432261135006,49.48981863486842,0.9953851846696301
2023-01-20,hot_chocolate,27,25.002961734980204,25.118880730858702,0.9953851846696301
2023-01-20,iced_latte,29,26.810368576992733,26.934667091605483,0.9953851846696301
2023-01-20,latte,60,61.57679032641876,61.86227329358553,0.9953851846696301
2023-01-20,masala_chai,64,49.632281951074496,49.86238766206625,0.9953851846696301
2023-01-20,sandwich,27,32.35113856558475,32.50112525667352,0.9953851846696301
2023-01-21,americano,21,38.8249406719958,38.24796407650765,1.0150851583716722
2023-01-21,cappuccino,46,58.23741100799369,57.37194611476147,1.0150851583716722
2023-01-21,cold_coffee,32,42.80592553258518,42.16978760801844,1.0150851583716722
2023-01-21,croissant,25,33.71097967279607,33.21000154004107,1.0150851583716722
2023-01-21,espresso,26,51.76658756266105,50.99728543534352,1.0150851583716722
2023-01-21,hot_chocolate,42,33.82501074213859,33.32233799615224,1.0150851583716722
2023-01-21,iced_latte,25,32.10444414943889,31.627340706013833,1.0150851583716722
2023-01-21,latte,73,64.70823445332633,63.746606794179414,1.0150851583716722
2023-01-21,masala_chai,58,52.13022492150429,51.355518787337914,1.0150851583716722
2023-01-21,sandwich,43,34.08142999887074,33.574946611909645,1.0150851583716722
2023-01-22,americano,40,34.07409625379114,39.3388767148164,0.8661685106264775
2023-01-22,cappuccino,49,51.11114438068671,59.008315072224605,0.8661685106264775
2023-01-22,cold_coffee,24,37.86969371372602,43.72093103030938,0.8661685106264775
2023-01-22,croissant,28,29.65996642248833,34.24272073921971,0.8661685106264775
2023-01-22,espresso,28,45.432128338388175,52.451835619755194,0.8661685106264775
2023-01-22,hot_chocolate,26,23.013300855784905,26.5690804658091,0.8661685106264775
2023-01-22,iced_latte,24,28.402270285294517,32.79069827273204,0.8661685106264775
2023-01-22,latte,62,56.79016042298524,65.56479452469401,0.8661685106264775
2023-01-22,masala_chai,50,45.728399009148745,52.79388300098161,0.8661685106264775
2023-01-22,sandwich,36,29.985900119438746,34.619014373716624,0.8661685106264775
2023-01-23,americano,32,30.433276254092046,31.938804593060567,0.9528620949296384
2023-01-23,cappuccino,34,45.64991438113807,47.90820688959084,0.9528620949296384
2023-01-23,cold_coffee,28,31.643982380987616,33.20940411983151,0.9528620949296384
2023-01-23,croissant,18,23.847873476592174,25.027623203285422,0.9528620949296384
2023-01-23,espresso,26,40.57770167212273,42.58507279074742,0.9528620949296384
2023-01-23,hot_chocolate,31,20.410949871888327,21.42067564708356,0.9528620949296384
2023-01-23,iced_latte,29,23.732986785740707,24.907053089873628,0.9528620949296384
2023-01-23,latte,45,50.722127090153414,53.231340988434276,0.9528620949296384
2023-01-23,masala_chai,37,40.69961755953331,42.713019833723855,0.9528620949296384
2023-01-23,sandwich,15,27.254712544676767,28.602997946611907,0.9528620949296384
2023-01-24,americano,27,28.30723268800115,32.2113691192015,0.8787963213624144
2023-01-24,cappuccino,38,42.46084903200173,48.31705367880225,0.8787963213624144
2023-01-24,cold_coffee,23,30.634558087872012,34.859679476557986,0.8787963213624144
2023-01-24,croissant,21,22.46089442602138,25.558703285420943,0.8787963213624144
2023-01-24,espresso,16,37.742976917334865,42.94849215893533,0.8787963213624144
2023-01-24,hot_chocolate,12,18.890369386016364,21.49573106625011,0.8787963213624144
2023-01-24,iced_latte,20,22.975918565904006,26.144759607418486,0.8787963213624144
2023-01-24,latte,49,47.17872114666858,53.68561519866916,0.8787963213624144
2023-01-24,masala_chai,55,37.76185312445206,42.96997177447119,0.8787963213624144
2023-01-24,sandwich,17,25.669593629738717,29.209946611909647,0.8787963213624144
2023-01-25,americano,19,36.26632499879583,33.296168000109006,1.0892041690406267
2023-01-25,cappuccino,51,54.39948749819375,49.94425200016351,1.0892041690406267
2023-01-25,cold_coffee,39,38.935288613802484,35.746547544063084,1.0892041690406267
2023-01-25,croissant,35,28.70433200429725,26.353490759753598,1.0892041690406267
2023-01-25,espresso,34,48.35509999839445,44.39489066681201,1.0892041690406267
2023-01-25,hot_chocolate,26,24.225953486548477,22.241884648574885,1.0892041690406267
2023-01-25,iced_latte,38,29.201466460351863,26.80991065804731,1.0892041690406267
2023-01-25,latte,63,60.44387499799306,55.493613333515015,1.0892041690406267
2023-01-25,masala_chai,28,48.40347928400405,44.439307762325164,1.0892041690406267
2023-01-25,sandwich,27,32.804950862054,30.11827515400411,1.0892041690406267
2023-01-26,americano,31,30.3143512253418,31.636535311401936,0.9582070516557603
2023-01-26,cappuccino,38,45.47152683801271,47.454802967102914,0.9582070516557603
2023-01-26,cold_coffee,29,32.54528861521121,33.964776776557514,0.9582070516557603
2023-01-26,croissant,16,23.99342095169495,25.03991273100616,0.9582070516557603
2023-01-26,espresso,51,40.4191349671224,42.18204708186926,0.9582070516557603
2023-01-26,hot_chocolate,14,20.250027064622863,21.13324779819901,0.9582070516557603
2023-01-26,iced_latte,22,24.408966461408408,25.473582582418135,0.9582070516557603
2023-01-26,latte,35,50.52391870890301,52.72755885233657,0.9582070516557603
2023-01-26,masala_chai,27,40.45957431839523,42.22425022700677,0.9582070516557603
2023-01-26,sandwich,40,27.421052516222794,28.617043121149894,0.9582070516557603
2023-01-27,americano,32,30.592000929599685,34.45903913804514,0.8877786988501376
2023-01-27,cappuccino,48,59.134022415463306,66.6089674060151,0.8877786988501376
2023-01-27,cold_coffee,28,34.18373493500711,38.50479289408759,0.8877786988501376
2023-01-27,croissant,17,24.51774141380222,27.616951663244357,0.8877786988501376
2023-01-27,espresso,64,40.789334572799575,45.94538551739352,0.8877786988501376
2023-01-27,hot_chocolate,29,20.333574968836164,22.903877954238453,0.8877786988501376
2023-01-27,iced_latte,22,25.637801201255336,28.8785946705657,0.8877786988501376
2023-01-27,latte,65,50.98666821599949,57.431731896741915,0.8877786988501376
2023-01-27,masala_chai,25,40.72819643600637,45.876519101841545,0.8877786988501376
2023-01-27,sandwich,34,28.02027590148825,31.562230472279268,0.8877786988501376
2023-01-28,americano,36,34.51065974481668,38.21373534844302,0.9030956913826741
2023-01-28,cappuccino,35,51.76598961722502,57.32060302266452,0.9030956913826741
2023-01-28,cold_coffee,26,42.21948960912851,46.74974093220271,0.9030956913826741
2023-01-28,croissant,39,30.95482873005966,34.27635523613963,0.9030956913826741
2023-01-28,espresso,44,46.0142129930889,50.951647131257346,0.9030956913826741
2023-01-28,hot_chocolate,22,23.030125110429715,25.501312131353114,0.9030956913826741
2023-01-28,iced_latte,36,31.66461720684638,35.062305699152034,0.9030956913826741
2023-01-28,latte,39,57.51776624136112,63.68955891407169,0.9030956913826741
2023-01-28,masala_chai,36,46.037225852320816,50.97712932484049,0.9030956913826741
2023-01-28,sandwich,27,31.294991683137237,34.65301848049281,0.9030956913826741
2023-01-29,americano,40,38.13916518135837,40.23995393480943,0.947793460279442
2023-01-29,cappuccino,52,57.208747772037555,60.35993090221413,0.947793460279442
2023-01-29,cold_coffee,49,45.91791797620894,48.44717747120851,0.947793460279442
2023-01-29,croissant,42,34.0388480248916,35.913782328542105,0.947793460279442
2023-01-29,espresso,63,50.85222024181116,53.65327191307923,0.947793460279442
2023-01-29,hot_chocolate,17,25.502502983267206,26.9072367050815,0.947793460279442
2023-01-29,iced_latte,62,44.37943103370709,46.8239472982041,0.947793460279442
2023-01-29,latte,37,63.565275302263956,67.06658989134904,0.947793460279442
2023-01-29,masala_chai,52,50.92855580953676,53.73381221107105,0.947793460279442
2023-01-29,sandwich,31,34.4129012998904,36.3084392772074,0.947793460279442
2023-01-30,americano,29,37.98564932134053,35.747726029578374,1.062603234955713
2023-01-30,cappuccino,66,56.978473982010776,53.621589044367546,1.062603234955713
2023-01-30,cold_coffee,45,33.96397819218495,31.962991523925197,1.062603234955713
2023-01-30,croissant,23,29.32999438614759,27.60201872279261,1.062603234955713
2023-01-30,espresso,36,56.54821581817683,53.216679526233165,1.062603234955713
2023-01-30,hot_chocolate,30,30.97957387105572,29.15441328610945,1.062603234955713
2023-01-30,iced_latte,31,25.472983644138715,23.972243642943898,1.062603234955713
2023-01-30,latte,65,63.30941553556755,59.579543382630625,1.062603234955713
2023-01-30,masala_chai,75,61.711806164087726,58.07605711520325,1.062603234955713
2023-01-30,sandwich,25,32.20548403184833,30.308098989733057,1.062603234955713
2023-01-31,americano,24,33.15319941383447,33.79880419590947,0.9808985910172192
2023-01-31,cappuccino,75,49.729799120751714,50.6982062938642,0.9808985910172192
2023-01-31,cold_coffee,38,39.49407269142486,40.26315569529813,0.9808985910172192
2023-01-31,croissant,16,27.107153308665346,27.635021149897334,0.9808985910172192
2023-01-31,espresso,54,44.20426588511263,45.06507226121263,0.9808985910172192
2023-01-31,hot_chocolate,13,21.86034176969501,22.28603646685355,0.9808985910172192
2023-01-31,iced_latte,29,29.62055451856864,30.19736677147359,0.9808985910172192
2023-01-31,latte,65,55.255332356390795,56.331340326515786,0.9808985910172192
2023-01-31,masala_chai,28,43.96180978820212,44.81789472509334,0.9808985910172192
2023-01-31,sandwich,29,30.97960378133182,31.582881314168375,0.9808985910172192
2023-02-01,americano,21,36.39104219170289,32.83742462180974,1.108218522336034
2023-02-01,cappuccino,78,54.58656328755431,49.2561369327146,1.108218522336034
2023-02-01,cold_coffee,42,45.327833262563615,40.901530112505476,1.108218522336034
2023-02-01,croissant,22,29.172046227060715,26.323370020533883,1.108218522336034
2023-02-01,espresso,54,48.521389588937176,43.783232829079644,1.108218522336034
2023-02-01,hot_chocolate,24,24.163845842326896,21.80422484853573,1.108218522336034
2023-02-01,iced_latte,27,33.995874946922704,30.676147584379102,1.108218522336034
2023-02-01,latte,59,78.15945487908692,70.52711473756385,1.108218522336034
2023-02-01,masala_chai,46,48.424443787875624,43.69575387153868,1.108218522336034
2023-02-01,sandwich,35,35.00645547247286,31.588044024640663,1.108218522336034
2023-02-02,americano,45,35.68039102028756,33.35445986143476,1.0697337378124385
2023-02-02,cappuccino,58,53.52058653043134,50.03168979215214,1.0697337378124385
2023-02-02,cold_coffee,49,46.62793759208898,43.58835843341839,1.0697337378124385
2023-02-02,croissant,22,29.034638428035624,27.141930184804927,1.0697337378124385
2023-02-02,espresso,43,47.57385469371675,44.47261314857968,1.0697337378124385
2023-02-02,hot_chocolate,24,23.550243465160676,22.015051627071195,1.0697337378124385
2023-02-02,iced_latte,25,34.97095319406673,32.69126882506379,1.0697337378124385
2023-02-02,latte,54,59.467318367145936,55.59076643572461,1.0697337378124385
2023-02-02,masala_chai,32,47.33657910354753,44.25080506514536,1.0697337378124385
2023-02-02,sandwich,31,34.84156611364275,32.570316221765914,1.0697337378124385
2023-02-03,americano,22,37.50415533826365,37.1088959817264,1.010651336992938
2023-02-03,cappuccino,77,72.49514562808693,71.73111336673915,1.010651336992938
2023-02-03,cold_coffee,36,40.44934092310751,40.02304201512194,1.010651336992938
2023-02-03,croissant,19,28.741440894279755,28.4385325010267,1.010651336992938
2023-02-03,espresso,68,50.00554045101816,49.47852797563517,1.010651336992938
2023-02-03,hot_chocolate,17,25.355270754881985,25.088049485318354,1.010651336992938
2023-02-03,iced_latte,17,30.33700569233064,30.017281511341455,1.010651336992938
2023-02-03,latte,72,62.50692556377272,61.84815996954397,1.010651336992938
2023-02-03,masala_chai,50,50.356807233576056,49.82609272887939,1.010651336992938
2023-02-03,sandwich,44,34.489729073135706,34.126239001232044,1.010651336992938
2023-02-04,americano,17,37.49162414831007,34.29021226845573,1.093362264858284
2023-02-04,cappuccino,38,56.23743622246511,51.4353184026836,1.093362264858284
2023-02-04,cold_coffee,70,56.27883252428788,51.47317987198182,1.093362264858284
2023-02-04,croissant,35,34.660757981766366,31.70107392197125,1.093362264858284
2023-02-04,espresso,45,49.98883219774677,45.720283024607646,1.093362264858284
2023-02-04,hot_chocolate,43,24.696275526797635,22.58745918032816,1.093362264858284
2023-02-04,iced_latte,33,42.20912439321591,38.60488490398637,1.093362264858284
2023-02-04,latte,41,62.48604024718347,57.150353780759566,1.093362264858284
2023-02-04,masala_chai,34,49.68979720663805,45.44678264809019,1.093362264858284
2023-02-04,sandwich,53,47.414597556341775,43.36586242299794,1.093362264858284
2023-02-05,americano,26,32.998799310761875,34.56987056009176,0.954553742207425
2023-02-05,cappuccino,41,49.498198966142816,51.85480584013764,0.954553742207425
2023-02-05,cold_coffee,54,53.23265970790136,55.76706407834069,0.954553742207425
2023-02-05,croissant,15,31.201362926753383,32.68685831622177,0.954553742207425
2023-02-05,espresso,42,43.99839908101583,46.09316074678901,0.954553742207425
2023-02-05,hot_chocolate,16,21.542033395413096,22.567648570102197,0.954553742207425
2023-02-05,iced_latte,31,39.92449478092603,41.82529805875552,0.954553742207425
2023-02-05,latte,39,54.9979988512698,57.61645093348627,0.954553742207425
2023-02-05,masala_chai,36,43.538832835710146,45.61171457463014,0.954553742207425
2023-02-05,sandwich,30,33.12144679916897,34.69835728952772,0.954553742207425
2023-02-06,americano,29,26.56354472202317,29.066624498745334,0.9138847451368077
2023-02-06,cappuccino,41,39.845317083034764,43.59993674811801,0.9138847451368077
2023-02-06,cold_coffee,37,35.84264517600964,39.220093525736694,0.9138847451368077
2023-02-06,croissant,31,21.83311940452969,23.890451745379874,0.9138847451368077
2023-02-06,espresso,22,35.41805962936424,38.75549933166045,0.9138847451368077
2023-02-06,hot_chocolate,10,17.46283081153584,19.10835135881568,0.9138847451368077
2023-02-06,iced_latte,26,26.88198388200723,29.41507014430252,0.9138847451368077
2023-02-06,latte,29,44.27257453670529,48.444374164575564,0.9138847451368077
2023-02-06,masala_chai,40,35.170998933225526,38.48515813442149,0.9138847451368077
2023-02-06,sandwich,28,26.199743285435627,28.668542094455848,0.9138847451368077
2023-02-07,americano,43,31.70489129922135,28.577759141409654,1.1094253801474738
2023-02-07,cappuccino,77,61.285228026845395,55.24051380427124,1.1094253801474738
2023-02-07,cold_coffee,55,43.819090672908715,39.49710494912594,1.1094253801474738
2023-02-07,croissant,29,26.25507352951562,23.6654704312115,1.1094253801474738
2023-02-07,espresso,51,54.475758246084794,49.10267893712999,1.1094253801474738
2023-02-07,hot_chocolate,17,20.78030910191051,18.73069561392964,1.1094253801474738
2023-02-07,iced_latte,31,32.86431800468153,29.62282871184445,1.1094253801474738
2023-02-07,latte,33,52.84148549870225,47.62959856901609,1.1094253801474738
2023-02-07,masala_chai,48,41.915389098843484,37.78117018854549,1.1094253801474738
2023-02-07,sandwich,36,31.506088235418744,28.3985645174538,1.1094253801474738
2023-02-08,americano,18,27.812495622601816,28.59555355660354,0.9726160945808691
2023-02-08,cappuccino,45,41.71874343390273,42.893330334905315,0.9726160945808691
2023-02-08,cold_coffee,41,42.31256201997964,43.50386782177757,0.9726160945808691
2023-02-08,croissant,20,23.733170803837616,24.401375770020532,0.9726160945808691
2023-02-08,espresso,37,37.08332749680242,38.127404742138054,0.9726160945808691
2023-02-08,hot_chocolate,20,23.21092454098005,23.864425717715857,0.9726160945808691
2023-02-08,iced_latte,31,31.73442151498473,32.62790086633318,0.9726160945808691
2023-02-08,latte,57,46.354159371003036,47.659255927672575,0.9726160945808691
2023-02-08,masala_chai,23,36.549498858814026,37.578546214130206,0.9726160945808691
2023-02-08,sandwich,23,28.47980496460514,29.28165092402464,0.9726160945808691
2023-02-09,americano,26,27.096902376535965,29.930369936057676,0.905331355222971
2023-02-09,cappuccino,40,40.64535356480395,44.89555490408652,0.905331355222971
2023-02-09,cold_coffee,45,39.29188589564115,43.40055789403658,0.905331355222971
2023-02-09,croissant,17,22.778285617139762,25.16016427104723,0.905331355222971
2023-02-09,espresso,35,36.12920316871462,39.907159914743566,0.905331355222971
2023-02-09,hot_chocolate,27,17.6538574127037,19.49988510930983,0.905331355222971
2023-02-09,iced_latte,15,29.468914421730865,32.550418420527436,0.905331355222971
2023-02-09,latte,62,45.16150396089328,49.88394989342946,0.905331355222971
2023-02-09,masala_chai,25,35.716097244102436,39.45085635005543,0.905331355222971
2023-02-09,sandwich,24,27.333942740567718,30.192197125256676,0.905331355222971
2023-02-10,americano,31,32.283170220220754,32.41100206222108,0.9960559120710022
2023-02-10,cappuccino,49,48.42475533033112,48.61650309333161,0.9960559120710022
2023-02-10,cold_coffee,50,46.43923401049482,46.62311969409251,0.9960559120710022
2023-02-10,croissant,21,27.07022262551241,27.177412731006164,0.9960559120710022
2023-02-10,espresso,40,43.04422696029433,43.21466941629477,0.9960559120710022
2023-02-10,hot_chocolate,14,21.053797349617977,21.137164183728263,0.9960559120710022
2023-02-10,iced_latte,39,34.829425507871115,34.96733977056938,0.9960559120710022
2023-02-10,latte,47,53.805283700367916,54.018336770368464,0.9960559120710022
2023-02-10,masala_chai,64,42.57333511701894,42.7419129800659,0.9960559120710022
2023-02-10,sandwich,45,32.48426715061489,32.61289527720739,0.9960559120710022
2023-02-11,americano,35,49.92337715296862,43.03895229251996,1.1599580030121959
2023-02-11,cappuccino,63,58.11081100605548,50.097340468493236,1.1599580030121959
2023-02-11,cold_coffee,41,63.503025489183834,54.74596953017114,1.1599580030121959
2023-02-11,croissant,32,36.81396347294195,31.737324435318275,1.1599580030121959
2023-02-11,espresso,65,51.65405422760486,44.53096930532731,1.1599580030121959
2023-02-11,hot_chocolate,20,25.239784665714335,21.759222834077868,1.1599580030121959
2023-02-11,iced_latte,30,47.62726911688788,41.05947714762836,1.1599580030121959
2023-02-11,latte,61,64.56756778450608,55.66371163165915,1.1599580030121959
2023-02-11,masala_chai,47,51.06343517265319,44.021796513365935,1.1599580030121959
2023-02-11,sandwich,32,39.07943814819991,33.690390554414776,1.1599580030121959
2023-02-12,americano,59,42.80650190403593,42.299223616551856,1.0119926146182403
2023-02-12,cappuccino,59,49.826768216297836,49.23629628966637,1.0119926146182403
2023-02-12,cold_coffee,46,57.58650095894313,56.90407234905248,1.0119926146182403
2023-02-12,croissant,36,32.123178686539866,31.742503080082138,1.0119926146182403
2023-02-12,espresso,56,44.29046063670919,43.765596701925666,1.0119926146182403
2023-02-12,hot_chocolate,35,21.490739851850222,21.23606392123454,1.0119926146182403
2023-02-12,iced_latte,43,43.18987571920733,42.67805426178934,1.0119926146182403
2023-02-12,latte,49,55.36307579588648,54.706995877407074,1.0119926146182403
2023-02-12,masala_chai,49,43.63106158374169,43.1140118549194,1.0119926146182403
2023-02-12,sandwich,22,34.09998968263463,33.695887885010265,1.0119926146182403
2023-02-13,americano,35,26.2391658808395,28.310508922171998,0.9268348355366272
2023-02-13,cappuccino,32,39.358748821259255,42.465763383258,0.9268348355366272
2023-02-13,cold_coffee,24,38.66179060285156,41.71378666455368,0.9268348355366272
2023-02-13,croissant,28,22.167814830777935,23.917761806981517,0.9268348355366272
2023-02-13,espresso,29,34.985554507786006,37.74734522956267,0.9268348355366272
2023-02-13,hot_chocolate,26,17.060879044625597,18.40767997757393,0.9268348355366272
2023-02-13,iced_latte,23,28.996342952138672,31.28533999841526,0.9268348355366272
2023-02-13,latte,35,43.7319431347325,47.184181536953325,0.9268348355366272
2023-02-13,masala_chai,41,34.55095696985809,37.2784401762947,0.9268348355366272
2023-02-13,sandwich,25,26.601377796933523,28.70131416837782,0.9268348355366272
2023-02-14,americano,32,24.177722107838697,28.043897789023898,0.862138433456337
2023-02-14,cappuccino,35,36.26658316175804,42.065846683535845,0.862138433456337
2023-02-14,cold_coffee,32,45.90770683213399,53.248648999544905,0.862138433456337
2023-02-14,croissant,19,26.322462785397356,30.53159650924025,0.862138433456337
2023-02-14,espresso,36,32.236962810451594,37.39186371869853,0.862138433456337
2023-02-14,hot_chocolate,20,15.720514681361086,18.23432765702963,0.862138433456337
2023-02-14,iced_latte,17,26.718285376301978,30.99071371773513,0.862138433456337
2023-02-14,latte,37,40.29620351306449,46.73982964837316,0.862138433456337
2023-02-14,masala_chai,28,31.836508826948837,36.927374527679255,0.862138433456337
2023-02-14,sandwich,35,24.511477345762014,28.431022669404516,0.862138433456337
2023-02-15,americano,47,31.32983778644269,29.735825199770137,1.0536057962395096
2023-02-15,cappuccino,45,46.99475667966402,44.60373779965519,1.0536057962395096
2023-02-15,cold_coffee,51,46.533363096346775,44.16581919198994,1.0536057962395096
2023-02-15,croissant,25,26.534856449440625,25.184804928131417,1.0536057962395096
2023-02-15,espresso,57,41.773117048590244,39.647766933026844,1.0536057962395096
2023-02-15,hot_chocolate,24,20.350506871387473,19.31510527373876,1.0536057962395096
2023-02-15,iced_latte,44,34.90002232226008,33.12436439399245,1.0536057962395096
2023-02-15,latte,72,52.216396310737814,49.55970866628356,1.0536057962395096
2023-02-15,masala_chai,31,41.23358110900893,39.13568172857276,1.0536057962395096
2023-02-15,sandwich,28,31.84182773932875,30.2217659137577,1.0536057962395096
2023-02-16,americano,23,27.357242602533418,28.920665229489778,0.945940986676815
2023-02-16,cappuccino,57,41.03586390380012,43.38099784423466,0.945940986676815
2023-02-16,cold_coffee,35,51.944855165883915,54.913420496104486,0.945940986676815
2023-02-16,croissant,17,23.11240727116541,24.43324435318275,0.945940986676815
2023-02-16,espresso,41,36.476323470044555,38.56088697265304,0.945940986676815
2023-02-16,hot_chocolate,28,17.787859917343077,18.804407640516352,0.945940986676815
2023-02-16,iced_latte,26,30.23190570654443,31.9596107287328,0.945940986676815
2023-02-16,latte,37,45.59540433755569,48.20110871581629,0.945940986676815
2023-02-16,masala_chai,29,36.02320730264995,38.08187594154585,0.945940986676815
2023-02-16,sandwich,29,27.734888725398495,29.319893223819303,0.945940986676815
2023-02-17,americano,29,32.32925650844291,32.286192879489604,1.0013338094433755
2023-02-17,cappuccino,46,48.493884762664365,48.42928931923441,1.0013338094433755
2023-02-17,cold_coffee,53,47.255602030910595,47.19265602065228,1.0013338094433755
2023-02-17,croissant,36,27.24475085976517,27.20845995893224,1.0013338094433755
2023-02-17,espresso,24,43.105675344590544,43.048257172652804,1.0013338094433755
2023-02-17,hot_chocolate,11,21.041727424193795,21.013699153822177,1.0013338094433755
2023-02-17,iced_latte,45,35.44170152318295,35.39449201548921,1.0013338094433755
2023-02-17,latte,32,53.88209418073819,53.81032146581602,1.0013338094433755
2023-02-17,masala_chai,20,42.591498471799866,42.534765200303944,1.0013338094433755
2023-02-17,sandwich,35,32.6937010317182,32.65015195071869,1.0013338094433755
2023-02-18,americano,27,31.24056602541154,31.844066590137935,0.9810482570428584
2023-02-18,cappuccino,46,46.8608490381173,47.7660998852069,0.9810482570428584
2023-02-18,cold_coffee,53,50.801118873236604,51.78248726149798,0.9810482570428584
2023-02-18,croissant,30,29.612839807238288,30.18489620123204,0.9810482570428584
2023-02-18,espresso,48,41.65408803388207,42.45875545351726,0.9810482570428584
2023-02-18,hot_chocolate,19,20.37385243455429,20.76743145741528,0.9810482570428584
2023-02-18,iced_latte,41,38.10083915492745,38.836865446123475,0.9810482570428584
2023-02-18,latte,58,67.09743562158837,68.39361381043372,0.9810482570428584
2023-02-18,masala_chai,39,41.198403922925145,41.994268505310984,0.9810482570428584
2023-02-18,sandwich,33,31.435168410760635,32.042428275154,0.9810482570428584
2023-02-19,americano,55,35.81301623956874,34.82259810464167,1.028441821944212
2023-02-19,cappuccino,78,53.71952435935311,52.2338971569625,1.028441821944212
2023-02-19,cold_coffee,47,56.85546498187685,55.283112538534034,1.028441821944212
2023-02-19,croissant,26,33.693401283239645,32.761601642710474,1.028441821944212
2023-02-19,espresso,66,47.75068831942498,46.430130806188885,1.028441821944212
2023-02-19,hot_chocolate,16,23.425994955954202,22.778143066633234,1.028441821944212
2023-02-19,iced_latte,60,42.64159873640764,41.46233440390053,1.028441821944212
2023-02-19,latte,61,59.68836039928123,58.03766350773611,1.028441821944212
2023-02-19,masala_chai,48,47.299204723001225,45.99113310423794,1.028441821944212
2023-02-19,sandwich,39,35.76684136220824,34.77770020533881,1.028441821944212
2023-02-20,americano,27,39.94637827709279,35.874179669759435,1.1135133582097227
2023-02-20,cappuccino,44,46.49758431453602,41.75754513559999,1.1135133582097227
2023-02-20,cold_coffee,56,43.88330127794114,39.40976635295651,1.1135133582097227
2023-02-20,croissant,27,25.863262667290417,23.226719712525664,1.1135133582097227
2023-02-20,espresso,52,41.33118605736534,37.117817898311095,1.1135133582097227
2023-02-20,hot_chocolate,16,20.256386869812083,18.191417929983135,1.1135133582097227
2023-02-20,iced_latte,32,32.91247595845585,29.55732476471738,1.1135133582097227
2023-02-20,latte,53,51.663982571706676,46.39727237288887,1.1135133582097227
2023-02-20,masala_chai,65,52.7318735628228,47.35630082391082,1.1135133582097227
2023-02-20,sandwich,30,31.035915200748498,27.872063655030793,1.1135133582097227
2023-02-21,americano,24,29.203233732110657,28.51331760670247,1.0241962768038615
2023-02-21,cappuccino,42,43.804850598165984,42.7699764100537,1.0241962768038615
2023-02-21,cold_coffee,48,45.14493361560234,44.078400437544076,1.0241962768038615
2023-02-21,croissant,21,25.044837699407342,24.453162217659134,1.0241962768038615
2023-02-21,espresso,43,38.93764497614754,38.01775680893662,1.0241962768038615
2023-02-21,hot_chocolate,20,18.87454783874074,18.428643284704407,1.0241962768038615
2023-02-21,iced_latte,40,33.85870021170176,33.05880032815806,1.0241962768038615
2023-02-21,latte,49,48.67205622018442,47.52219601117077,1.0241962768038615
2023-02-21,masala_chai,29,38.33876479048849,37.43302495702252,1.0241962768038615
2023-02-21,sandwich,20,30.053805239288817,29.343794661190966,1.0241962768038615
2023-02-22,americano,34,28.23734226535541,29.39996144770748,0.9604550779966167
2023-02-22,cappuccino,52,42.35601339803311,44.09994217156122,0.9604550779966167
2023-02-22,cold_coffee,48,43.651773421544924,45.4490526642816,0.9604550779966167
2023-02-22,croissant,34,24.216484399836666,25.213552361396303,0.9604550779966167
2023-02-22,espresso,46,37.64978968714054,39.1999485969433,0.9604550779966167
2023-02-22,hot_chocolate,16,18.250275716566215,19.001696315286182,0.9604550779966167
2023-02-22,iced_latte,28,32.7388300661587,34.0867894982112,0.9604550779966167
2023-02-22,latte,39,47.062237108925686,48.99993574617913,0.9604550779966167
2023-02-22,masala_chai,25,37.07071735105881,38.597034052215605,0.9604550779966167
2023-02-22,sandwich,30,29.059781279803996,30.256262833675564,0.9604550779966167
2023-02-23,americano,40,30.3758566457661,28.594003328327496,1.0623156295038043
2023-02-23,cappuccino,68,58.71621774310458,55.27191365011759,1.0623156295038043
2023-02-23,cold_coffee,53,46.58351473479899,43.85091722368579,1.0623156295038043
2023-02-23,croissant,19,25.98544003810705,24.46112936344969,1.0623156295038043
2023-02-23,espresso,37,40.5011421943548,38.125337771103325,1.0623156295038043
2023-02-23,hot_chocolate,17,19.652076273062324,18.499281877497733,1.0623156295038043
2023-02-23,iced_latte,29,34.93763605109925,32.88818791776435,1.0623156295038043
2023-02-23,latte,43,65.24024193678287,61.413237389019535,1.0623156295038043
2023-02-23,masala_chai,32,39.8981587432203,37.55772543971351,1.0623156295038043
2023-02-23,sandwich,29,31.182528045728464,29.35335523613963,1.0623156295038043
2023-02-24,americano,46,37.69943687160021,30.57922641438758,1.232844688767619
2023-02-24,cappuccino,52,56.54915530740031,45.868839621581365,1.232844688767619
2023-02-24,cold_coffee,58,59.69473175198804,48.42031790043263,1.232844688767619
2023-02-24,croissant,33,32.57461930716669,26.42232197125257,1.232844688767619
2023-02-24,espresso,27,50.265915828800274,40.772301885850105,1.232844688767619
2023-02-24,hot_chocolate,40,31.30515585993927,25.392619317874217,1.232844688767619
2023-02-24,iced_latte,41,44.77104881399102,36.315238425324466,1.232844688767619
2023-02-24,latte,63,62.83239478600035,50.96537735731263,1.232844688767619
2023-02-24,masala_chai,80,49.418617699474936,40.08503110710155,1.232844688767619
2023-02-24,sandwich,30,39.08954316860003,31.70678636550308,1.232844688767619
2023-02-25,americano,0,0.0,0.0,1.0476674269720412
2023-02-25,cappuccino,0,0.0,0.0,1.0476674269720412
2023-02-25,cold_coffee,0,0.0,0.0,1.0476674269720412
2023-02-25,croissant,0,0.0,0.0,1.0476674269720412
2023-02-25,espresso,0,0.0,0.0,1.0476674269720412
2023-02-25,hot_chocolate,0,0.0,0.0,1.0476674269720412
2023-02-25,iced_latte,0,0.0,0.0,1.0476674269720412
2023-02-25,latte,0,0.0,0.0,1.0476674269720412
2023-02-25,masala_chai,0,0.0,0.0,1.0476674269720412
2023-02-25,sandwich,0,0.0,0.0,1.0476674269720412
2023-02-26,americano,55,36.03100170659521,35.97802897073679,1.0014723634777634
2023-02-26,cappuccino,51,54.04650255989281,53.96704345610517,1.0014723634777634
2023-02-26,cold_coffee,81,77.33784495056075,77.22414294289007,1.0014723634777634
2023-02-26,croissant,38,34.41079514541732,34.36020443531827,1.0014723634777634
2023-02-26,espresso,35,48.04133560879362,47.970705294315714,1.0014723634777634
2023-02-26,hot_chocolate,24,23.427595403168052,23.393152180268064,1.0014723634777634
2023-02-26,iced_latte,42,45.01062576122636,44.94445119276202,1.0014723634777634
2023-02-26,latte,57,60.05166951099202,59.96338161789465,1.0014723634777634
2023-02-26,masala_chai,51,47.44455655332077,47.3748036227005,1.0014723634777634
2023-02-26,sandwich,40,36.52838253898146,36.47467855441478,1.0014723634777634
2023-02-27,americano,24,26.926279015116247,30.17506645887122,0.8923353674072901
2023-02-27,cappuccino,48,40.38941852267438,45.26259968830684,0.8923353674072901
2023-02-27,cold_coffee,41,48.730450298234366,54.6100178006194,0.8923353674072901
2023-02-27,croissant,18,22.40963507899479,25.1134673100616,0.8923353674072901
2023-02-27,espresso,31,35.90170535348834,40.23342194516164,0.8923353674072901
2023-02-27,hot_chocolate,22,17.613006181082408,19.738101642499704,0.8923353674072901
2023-02-27,iced_latte,33,28.3611220735724,31.783030359960488,0.8923353674072901
2023-02-27,latte,46,44.87713169186042,50.29177743145204,0.8923353674072901
2023-02-27,masala_chai,30,35.56225409904128,39.85301423428793,0.8923353674072901
2023-02-27,sandwich,51,34.654074864424935,38.83525872689938,0.8923353674072901
2023-02-28,americano,38,31.89250089194842,30.205160590498153,1.055862649575883
2023-02-28,cappuccino,55,47.83875133792262,45.30774088574722,1.055862649575883
2023-02-28,cold_coffee,55,61.532917350375236,58.2773880438821,1.055862649575883
2023-02-28,croissant,28,34.89564157713498,33.04941375770021,1.055862649575883
2023-02-28,espresso,47,42.52333452259789,40.27354745399754,1.055862649575883
2023-02-28,hot_chocolate,35,20.695282842335285,19.600355075206163,1.055862649575883
2023-02-28,iced_latte,45,35.81215789791839,33.917439841539384,1.055862649575883
2023-02-28,latte,46,53.15416815324737,50.34193431749692,1.055862649575883
2023-02-28,masala_chai,39,41.95312706686842,39.73350803129562,1.055862649575883
2023-02-28,sandwich,41,32.494821436628094,30.775614091170432,1.055862649575883
2023-03-01,americano,17,29.538188529789338,30.18498275778163,0.9785723174605575
2023-03-01,cappuccino,40,44.307282794684006,45.27747413667244,0.9785723174605575
2023-03-01,cold_coffee,68,48.99091796008026,50.063666308499364,0.9785723174605575
2023-03-01,croissant,23,25.877203200561112,26.44383326488706,0.9785723174605575
2023-03-01,espresso,36,39.38425137305245,40.24664367704217,0.9785723174605575
2023-03-01,hot_chocolate,17,19.302195472522886,19.724853368643227,0.9785723174605575
2023-03-01,iced_latte,38,36.74318847006019,37.54774973137452,0.9785723174605575
2023-03-01,latte,60,49.23031421631557,50.30830459630272,0.9785723174605575
2023-03-01,masala_chai,35,38.99237152422602,39.846182881417604,0.9785723174605575
2023-03-01,sandwich,32,40.016293609115124,40.89252566735113,0.9785723174605575
2023-03-02,americano,35,31.78009849269865,30.114513210540654,1.0553083913564643
2023-03-02,cappuccino,54,47.67014773904798,45.17176981581098,1.0553083913564643
2023-03-02,cold_coffee,43,53.13263002243593,50.34796506653446,1.0553083913564643
2023-03-02,croissant,17,27.91093935380281,26.448135523613963,1.0553083913564643
2023-03-02,espresso,41,42.37346465693154,40.15268428072088,1.0553083913564643
2023-03-02,hot_chocolate,10,20.746450093290544,19.659134963025956,1.0553083913564643
2023-03-02,iced_latte,46,51.352413037148125,48.661048711212416,1.0553083913564643
2023-03-02,latte,34,52.96683082116442,50.190855350901096,1.0553083913564643
2023-03-02,masala_chai,44,41.93087096125815,39.733286785828895,1.0553083913564643
2023-03-02,sandwich,23,33.49312722456337,31.737762628336757,1.0553083913564643
2023-03-03,americano,38,30.299624715975245,31.805235597701152,0.9526615397298069
2023-03-03,cappuccino,30,45.449437073962855,47.70785339655171,0.9526615397298069
2023-03-03,cold_coffee,44,54.43929934100722,57.14442860414754,0.9526615397298069
2023-03-03,croissant,23,27.216237715918307,28.568632804928132,0.9526615397298069
2023-03-03,espresso,38,40.39949962130032,42.40698079693486,0.9526615397298069
2023-03-03,hot_chocolate,14,19.602756982542772,20.576832552831394,0.9526615397298069
2023-03-03,iced_latte,30,40.82947450575542,42.85832145311066,0.9526615397298069
2023-03-03,latte,44,50.4993745266254,53.00872599616858,0.9526615397298069
2023-03-03,masala_chai,33,39.798029430932345,41.775623105578326,0.9526615397298069
2023-03-03,sandwich,37,42.08696554007986,44.17829815195072,0.9526615397298069
2023-03-04,americano,35,31.19104103778152,31.363142754418543,0.9945126125278763
2023-03-04,cappuccino,45,46.786561556672275,47.04471413162781,0.9945126125278763
2023-03-04,cold_coffee,61,63.35058936407597,63.70013669615502,0.9945126125278763
2023-03-04,croissant,22,31.671324217015854,31.84607597535934,0.9945126125278763
2023-03-04,espresso,18,41.58805471704203,41.81752367255806,0.9945126125278763
2023-03-04,hot_chocolate,24,20.179470974562204,20.29081453604649,0.9945126125278763
2023-03-04,iced_latte,55,47.512942023056965,47.775102522116256,0.9945126125278763
2023-03-04,latte,44,51.98506839630253,52.271904590697574,0.9945126125278763
2023-03-04,masala_chai,36,40.968889246623576,41.19494185447066,0.9945126125278763
2023-03-04,sandwich,30,43.3251659590423,43.56421971252566,0.9945126125278763
2023-03-05,americano,24,29.538669212374348,31.13386107594799,0.9487634424884749
2023-03-05,cappuccino,38,44.30800381856153,46.70079161392199,0.9487634424884749
2023-03-05,cold_coffee,93,79.19049564965613,83.46706049502755,0.9487634424884749
2023-03-05,croissant,32,30.219305980965036,31.851254620123207,0.9487634424884749
2023-03-05,espresso,46,39.3848922831658,41.51181476793065,0.9487634424884749
2023-03-05,hot_chocolate,33,24.553094039448077,25.87904733665614,0.9487634424884749
2023-03-05,iced_latte,42,46.08886846809987,48.57782920810604,0.9487634424884749
2023-03-05,latte,48,49.23111535395725,51.88976845991332,0.9487634424884749
2023-03-05,masala_chai,60,38.740373463212556,40.83248966844879,0.9487634424884749
2023-03-05,sandwich,39,32.07895557979364,33.811331827515396,0.9487634424884749
2023-03-06,americano,22,33.365227796898225,31.90249149964201,1.045850221361947
2023-03-06,cappuccino,32,50.04784169534734,47.85373724946301,1.045850221361947
2023-03-06,cold_coffee,51,60.9141352886284,58.243650997466574,1.045850221361947
2023-03-06,croissant,18,30.120099818674078,28.799630390143733,1.045850221361947
2023-03-06,espresso,54,44.4869703958643,42.53665533285601,1.045850221361947
2023-03-06,hot_chocolate,24,21.542961822578494,20.598515334752626,1.045850221361947
2023-03-06,iced_latte,44,45.68560146647129,43.68273824809992,1.045850221361947
2023-03-06,latte,66,55.60871299483037,53.17081916607001,1.045850221361947
2023-03-06,masala_chai,64,43.78084295306075,41.86148461683894,1.045850221361947
2023-03-06,sandwich,32,36.14411978240889,34.55955646817248,1.045850221361947
2023-03-07,americano,36,32.92208983209729,31.760441530021307,1.0365753196780323
2023-03-07,cappuccino,30,49.383134748145935,47.64066229503196,1.0365753196780323
2023-03-07,cold_coffee,80,59.15107926588021,57.06394715653944,1.0365753196780323
2023-03-07,croissant,36,29.571832370014786,28.528397125256667,1.0365753196780323
2023-03-07,espresso,38,43.896119776129716,42.34725537336174,1.0365753196780323
2023-03-07,hot_chocolate,13,21.299396688427716,20.547852417558484,1.0365753196780323
2023-03-07,iced_latte,64,44.36330944941016,42.79796036740458,1.0365753196780323
2023-03-07,latte,42,54.87014972016214,52.93406921670217,1.0365753196780323
2023-03-07,masala_chai,42,43.242591693711496,41.7167868777186,1.0365753196780323
2023-03-07,sandwich,37,45.729637685589886,44.11607802874743,1.0365753196780323
2023-03-08,americano,22,23.475216434638075,24.033819623027014,0.9767576191737023
2023-03-08,cappuccino,32,35.212824651957106,36.050729434540514,0.9767576191737023
2023-03-08,cold_coffee,58,41.508416978073534,42.49612817270674,0.9767576191737023
2023-03-08,croissant,9,20.981134735718978,21.480390143737168,0.9767576191737023
2023-03-08,espresso,42,31.30028857951743,32.045092830702686,0.9767576191737023
2023-03-08,hot_chocolate,18,15.21801824612234,15.580137740820666,0.9767576191737023
2023-03-08,iced_latte,26,31.13131273355515,31.872096129530057,0.9767576191737023
2023-03-08,latte,35,39.125360724396785,40.05636603837835,0.9767576191737023
2023-03-08,masala_chai,25,30.865137702981038,31.599587346031356,0.9767576191737023
2023-03-08,sandwich,29,25.177361682862774,25.776468172484602,0.9767576191737023
2023-03-09,americano,30,26.279539597482025,28.49257180329628,0.9223295032441322
2023-03-09,cappuccino,29,39.41930939622304,42.73885770494442,0.9223295032441322
2023-03-09,cold_coffee,49,45.365035035195454,49.18528017984018,0.9223295032441322
2023-03-09,croissant,19,23.31202023702674,25.275154004106774,0.9223295032441322
2023-03-09,espresso,22,35.03938612997604,37.990095737728375,0.9223295032441322
2023-03-09,hot_chocolate,17,17.08713030197685,18.526058465955895,0.9223295032441322
2023-03-09,iced_latte,34,34.02377627639658,36.88896013488012,0.9223295032441322
2023-03-09,latte,38,43.79923266247004,47.48761967216046,0.9223295032441322
2023-03-09,masala_chai,33,34.60411988489755,37.518175189217764,0.9223295032441322
2023-03-09,sandwich,25,27.97442428443209,30.33018480492813,0.9223295032441322
2023-03-10,americano,31,29.580407457945036,30.854016164580234,0.9587214610946735
2023-03-10,cappuccino,36,44.37061118691755,46.281024246870345,0.9587214610946735
2023-03-10,cold_coffee,50,50.65628006986227,52.837327759433535,0.9587214610946735
2023-03-10,croissant,20,26.174631417124125,27.301601642710477,0.9587214610946735
2023-03-10,espresso,46,39.44054327726005,41.13868821944031,0.9587214610946735
2023-03-10,hot_chocolate,26,19.25261939333868,20.081556713412812,0.9587214610946735
2023-03-10,iced_latte,36,37.99221005239671,39.627995819575155,0.9587214610946735
2023-03-10,latte,44,49.300679096575045,51.42336027430038,0.9587214610946735
2023-03-10,masala_chai,47,38.97008515216743,40.64797413387531,0.9587214610946735
2023-03-10,sandwich,32,31.409557700548955,32.761921971252576,0.9587214610946735
2023-03-11,americano,25,32.4283251285188,32.04785549448152,1.011871921792171
2023-03-11,cappuccino,35,48.6424876927782,48.07178324172227,1.011871921792171
2023-03-11,cold_coffee,56,68.0052954160489,67.20741425021629,1.011871921792171
2023-03-11,croissant,45,33.258588634363655,32.86837782340862,1.011871921792171
2023-03-11,espresso,42,43.23776683802507,42.730473992642025,1.011871921792171
2023-03-11,hot_chocolate,18,20.89619667489779,20.651029270470925,1.011871921792171
2023-03-11,iced_latte,57,51.003971562036654,50.4055606876622,1.011871921792171
2023-03-11,latte,69,54.047208547531326,53.41309249080252,1.011871921792171
2023-03-11,masala_chai,33,42.50893740452108,42.01019564732226,1.011871921792171
2023-03-11,sandwich,18,35.305271011862956,34.89104722792607,1.011871921792171
2023-03-12,americano,30,34.155824553855226,31.247315833221446,1.0930802740356187
2023-03-12,cappuccino,61,51.233736830782846,46.870973749832174,1.0930802740356187
2023-03-12,cold_coffee,80,70.49109798206028,64.48849151930015,1.0930802740356187
2023-03-12,croissant,39,34.85560284960583,31.887505133470224,1.0930802740356187
2023-03-12,espresso,43,45.54109940514031,41.663087777628604,1.0930802740356187
2023-03-12,hot_chocolate,29,22.05342726450071,20.175487371188336,1.0930802740356187
2023-03-12,iced_latte,62,68.1292828434861,62.32779463849886,1.0930802740356187
2023-03-12,latte,54,56.92637425642539,52.07885972203576,1.0930802740356187
2023-03-12,masala_chai,46,44.81824010995207,41.00178291982574,1.0930802740356187
2023-03-12,sandwich,57,37.00056302496618,33.84981314168377,1.0930802740356187
2023-03-13,americano,30,26.70889722170549,25.432824243421003,1.0501742537938776
2023-03-13,cappuccino,40,40.063345832558234,38.1492363651315,1.0501742537938776
2023-03-13,cold_coffee,63,65.92715883585615,62.77735204199356,1.0501742537938776
2023-03-13,croissant,27,24.475562783751176,23.306191991786445,1.0501742537938776
2023-03-13,espresso,28,35.611862962273996,33.91043232456134,1.0501742537938776
2023-03-13,hot_chocolate,24,17.142000661512586,16.32300601503522,1.0501742537938776
2023-03-13,iced_latte,50,38.369606442468275,36.53641888844025,1.0501742537938776
2023-03-13,latte,39,44.51482870284248,42.388040405701666,1.0501742537938776
2023-03-13,masala_chai,36,34.9416249896022,33.27221636159093,1.0501742537938776
2023-03-13,sandwich,34,29.37067534050141,27.967430390143733,1.0501742537938776
2023-03-14,americano,17,23.832267392631366,26.18001389390971,0.9103229467030762
2023-03-14,cappuccino,35,35.74840108894705,39.27002084086457,0.9103229467030762
2023-03-14,cold_coffee,47,49.05741838317323,53.89012609299245,0.9103229467030762
2023-03-14,croissant,15,22.336427780332937,24.536817248459958,0.9103229467030762
2023-03-14,espresso,27,31.77635652350849,34.90668519187962,0.9103229467030762
2023-03-14,hot_chocolate,15,15.158710650209011,16.65201421661338,0.9103229467030762
2023-03-14,iced_latte,51,36.79306378737992,40.41759456974434,0.9103229467030762
2023-03-14,latte,42,39.72044565438561,43.63335648984952,0.9103229467030762
2023-03-14,masala_chai,28,31.03831806196163,34.095941637386325,0.9103229467030762
2023-03-14,sandwich,35,26.80371333639952,29.444180698151946,0.9103229467030762
2023-03-15,americano,25,27.854306460479936,27.061656490536517,1.0292905192341277
2023-03-15,cappuccino,39,41.7814596907199,40.592484735804774,1.0292905192341277
2023-03-15,cold_coffee,72,56.87970308932921,55.261077437740454,1.0292905192341277
2023-03-15,croissant,21,26.04083878333406,25.299794661190965,1.0292905192341277
2023-03-15,espresso,43,37.13907528063991,36.082208654048685,1.0292905192341277
2023-03-15,hot_chocolate,16,17.734687664985504,17.230011676568722,1.0292905192341277
2023-03-15,iced_latte,55,42.659777316996916,41.44580807830535,1.0292905192341277
2023-03-15,latte,55,46.42384410079988,45.102760817560856,1.0292905192341277
2023-03-15,masala_chai,33,36.29462495380088,35.26178884928125,1.0292905192341277
2023-03-15,sandwich,42,31.249006540000877,30.35975359342916,1.0292905192341277
2023-03-16,americano,29,27.694855827305044,28.357165297134138,0.9766440170274696
2023-03-16,cappuccino,36,41.542283740957565,42.5357479457012,0.9766440170274696
2023-03-16,cold_coffee,74,42.447938493844475,43.46306100664984,0.9766440170274696
2023-03-16,croissant,25,24.450947164431444,25.03568008213552,0.9766440170274696
2023-03-16,espresso,47,53.12962366363194,54.40019366046819,0.9766440170274696
2023-03-16,hot_chocolate,26,21.80995085105433,22.33152558230528,0.9766440170274696
2023-03-16,iced_latte,30,31.83595387038335,32.59729575498737,0.9766440170274696
2023-03-16,latte,39,46.1580930455084,47.261942161890225,0.9766440170274696
2023-03-16,masala_chai,42,44.21276318604727,45.270090652491774,0.9766440170274696
2023-03-16,sandwich,27,28.190503789579786,28.8646664476386,0.9766440170274696
2023-03-17,americano,30,34.600641401550575,32.621196484629,1.0606797153456429
2023-03-17,cappuccino,33,51.90096210232587,48.93179472694351,1.0606797153456429
2023-03-17,cold_coffee,54,47.794180354781155,45.05995510549243,1.0606797153456429
2023-03-17,croissant,31,29.57100994822417,27.879301848049284,1.0606797153456429
2023-03-17,espresso,60,51.50904545214649,48.56229897388136,1.0606797153456429
2023-03-17,hot_chocolate,33,27.604860449829236,26.02563247929528,1.0606797153456429
2023-03-17,iced_latte,26,35.845635266085864,33.79496632911932,1.0606797153456429
2023-03-17,latte,54,57.66773566925096,54.368660807715,1.0606797153456429
2023-03-17,masala_chai,61,55.597544745804846,52.416902050104085,1.0606797153456429
2023-03-17,sandwich,11,34.09363499912904,32.14319507186858,1.0606797153456429
2023-03-18,americano,23,32.107812125036105,33.19722301823031,0.9671836739899614
2023-03-18,cappuccino,39,48.16171818755417,49.79583452734548,0.9671836739899614
2023-03-18,cold_coffee,78,52.600906512683565,54.38564352072543,0.9671836739899614
2023-03-18,croissant,46,31.48854910484503,32.55694854209445,0.9671836739899614
2023-03-18,espresso,48,47.79803746769131,49.41981420189627,0.9671836739899614
2023-03-18,hot_chocolate,20,25.462811365487827,26.326758867263624,0.9671836739899614
2023-03-18,iced_latte,42,39.45067988451266,40.789232640544064,0.9671836739899614
2023-03-18,latte,96,68.96007758813599,71.29987761647405,0.9671836739899614
2023-03-18,masala_chai,67,51.43743374828727,53.18269438532845,0.9671836739899614
2023-03-18,sandwich,32,41.38591552124871,42.79013039014373,0.9671836739899614
2023-03-19,americano,27,32.38568975865411,33.88890478025436,0.9556428562283868
2023-03-19,cappuccino,38,48.57853463798116,50.83335717038153,0.9556428562283868
2023-03-19,cold_coffee,63,54.78139537665483,57.32413005509116,0.9556428562283868
2023-03-19,croissant,43,32.080271348885326,33.56931006160165,0.9556428562283868
2023-03-19,espresso,46,48.21170643683134,50.449502261867316,0.9556428562283868
2023-03-19,hot_chocolate,15,25.580652194196663,26.768004414489344,0.9556428562283868
2023-03-19,iced_latte,39,41.086046532491125,42.99309754131837,0.9556428562283868
2023-03-19,latte,52,53.976149597756844,56.48150796709059,0.9556428562283868
2023-03-19,masala_chai,42,51.77893843373534,54.182310992299,0.9556428562283868
2023-03-19,sandwich,31,32.718973583885756,34.23765831622177,0.9556428562283868
2023-03-20,americano,37,28.94206795967133,26.513017404533844,1.0916172806012683
2023-03-20,cappuccino,47,43.413101939507,39.76952610680077,1.0916172806012683
2023-03-20,cold_coffee,41,53.69109483549724,49.18490737515983,1.0916172806012683
2023-03-20,croissant,28,26.258102777699232,24.05431211498973,1.0916172806012683
2023-03-20,espresso,41,38.589423946228436,35.35068987271179,1.0916172806012683
2023-03-20,hot_chocolate,11,18.649718783400328,17.084484750120453,1.0916172806012683
2023-03-20,iced_latte,38,40.26832112662293,36.88868053136987,1.0916172806012683
2023-03-20,latte,57,48.23677993278555,44.18836234088974,1.0916172806012683
2023-03-20,masala_chai,24,37.93894844643364,34.754807495843856,1.0916172806012683
2023-03-20,sandwich,32,31.50972333323908,28.865174537987677,1.0916172806012683
2023-03-21,americano,30,28.22629241558429,26.26330963642288,1.0747423994285579
2023-03-21,cappuccino,38,42.33943862337644,39.39496445463432,1.0747423994285579
2023-03-21,cold_coffee,71,67.47840617026874,62.785655619567166,1.0747423994285579
2023-03-21,croissant,23,25.608705235388488,23.827761190965084,1.0747423994285579
2023-03-21,espresso,38,37.635056554112396,35.01774618189718,1.0747423994285579
2023-03-21,hot_chocolate,26,18.18848662031304,16.923577808025332,1.0747423994285579
2023-03-21,iced_latte,41,39.272432391096395,36.54125157058808,1.0747423994285579
2023-03-21,latte,69,47.04382069264048,43.77218272737146,1.0747423994285579
2023-03-21,masala_chai,32,37.00066817205327,34.42747600888043,1.0747423994285579
2023-03-21,sandwich,28,30.730446282466186,28.593313429158105,1.0747423994285579
2023-03-22,americano,40,27.467288478314885,26.87762766339853,1.021938722505608
2023-03-22,cappuccino,30,41.20093271747232,40.31644149509779,1.021938722505608
2023-03-22,cold_coffee,50,52.192915502776955,51.07245116890122,1.021938722505608
2023-03-22,croissant,23,25.107691412409597,24.568685831622176,1.021938722505608
2023-03-22,espresso,37,36.623051304419846,35.83683688453137,1.021938722505608
2023-03-22,hot_chocolate,24,17.64638027286671,17.267552236009802,1.021938722505608
2023-03-22,iced_latte,45,39.14468662708272,38.304338376675915,1.021938722505608
2023-03-22,latte,61,45.77881413052481,44.79604610566422,1.021938722505608
2023-03-22,masala_chai,58,35.95175350578884,35.179950337571775,1.021938722505608
2023-03-22,sandwich,49,38.8263269264066,37.99281314168378,1.021938722505608
2023-03-23,americano,44,29.058019463527774,26.427776304184967,1.0995257084466201
2023-03-23,cappuccino,48,43.58702919529167,39.641664456277454,1.0995257084466201
2023-03-23,cold_coffee,85,64.279803443108,58.46139198866096,1.0995257084466201
2023-03-23,croissant,41,27.85389869631612,25.332648870636547,1.0995257084466201
2023-03-23,espresso,37,38.744025951370375,35.23703507224663,1.0995257084466201
2023-03-23,hot_chocolate,17,18.31699640948691,16.65899784677583,1.0995257084466201
2023-03-23,iced_latte,47,48.209852582331,43.84604399149572,1.0995257084466201
2023-03-23,latte,49,48.43003243921295,44.04629384030827,1.0995257084466201
2023-03-23,masala_chai,36,37.67424011815817,34.264082984820156,1.0995257084466201
2023-03-23,sandwich,25,33.424678435579345,30.399178644763857,1.0995257084466201
2023-03-24,americano,45,31.05341451379498,28.978052460297242,1.071618410393217
2023-03-24,cappuccino,42,46.580121770692465,43.46707869044586,1.071618410393217
2023-03-24,cold_coffee,48,65.47443434778333,61.09864641440633,1.071618410393217
2023-03-24,croissant,34,29.323440515624757,27.36369609856263,1.071618410393217
2023-03-24,espresso,45,41.40455268505997,38.63740328039632,1.071618410393217
2023-03-24,hot_chocolate,22,19.692614411159543,18.376517443306696,1.071618410393217
2023-03-24,iced_latte,54,49.1058257608375,45.823984810804745,1.071618410393217
2023-03-24,latte,52,51.75569085632496,48.2967541004954,1.071618410393217
2023-03-24,masala_chai,22,40.38227063683831,37.68344239440655,1.071618410393217
2023-03-24,sandwich,39,35.18812861874971,32.83643531827516,1.071618410393217
2023-03-25,americano,27,33.948364148465195,32.576830091635664,1.0421015197909536
2023-03-25,cappuccino,51,50.9225462226978,48.8652451374535,1.0421015197909536
2023-03-25,cold_coffee,81,76.40723665271094,73.32033895127444,1.0421015197909536
2023-03-25,croissant,48,33.96617780482568,32.59392406570842,1.0421015197909536
2023-03-25,espresso,55,50.53801782619414,48.49625191635083,1.0421015197909536
2023-03-25,hot_chocolate,27,26.707924247491977,25.628908259196866,1.0421015197909536
2023-03-25,iced_latte,54,44.46901173187776,42.67243726964171,1.0421015197909536
2023-03-25,latte,74,56.58060691410865,54.29471681939277,1.0421015197909536
2023-03-25,masala_chai,55,54.1689296416552,51.98047273985507,1.0421015197909536
2023-03-25,sandwich,38,34.64242749867741,33.24285287063655,1.0421015197909536
2023-03-26,americano,27,31.163187440489327,31.475345232765925,0.9900824664521347
2023-03-26,cappuccino,57,46.744781160733986,47.21301784914888,0.9900824664521347
2023-03-26,cold_coffee,81,63.294017292556035,63.92802563140428,0.9900824664521347
2023-03-26,croissant,39,31.643041726880863,31.960006160164273,0.9900824664521347
2023-03-26,espresso,48,41.550916587319094,41.96712697702122,0.9900824664521347
2023-03-26,hot_chocolate,22,20.16145070850522,20.363405465356678,0.9900824664521347
2023-03-26,iced_latte,67,61.17334145543434,61.786107246846946,0.9900824664521347
2023-03-26,latte,69,51.93864573414887,52.458908721276536,0.9900824664521347
2023-03-26,masala_chai,33,40.93230403161899,41.3423178559014,0.9900824664521347
2023-03-26,sandwich,23,33.59030583315045,33.926775770020534,0.9900824664521347
2023-03-27,americano,35,24.890835910406835,23.957239196895742,1.0389692946602989
2023-03-27,cappuccino,48,37.33625386561025,35.93585879534361,1.0389692946602989
2023-03-27,cold_coffee,72,64.100404898633,61.696149470510825,1.0389692946602989
2023-03-27,croissant,29,25.02006600708895,24.081622176591374,1.0389692946602989
2023-03-27,espresso,25,33.18778121387578,31.942985595860993,1.0389692946602989
2023-03-27,hot_chocolate,18,15.394873923435185,14.817448410223411,1.0389692946602989
2023-03-27,iced_latte,57,48.075303673974744,46.27211210288311,1.0389692946602989
2023-03-27,latte,38,41.48472651734473,39.928731994826244,1.0389692946602989
2023-03-27,masala_chai,31,31.96628560174511,30.767305411269923,1.0389692946602989
2023-03-27,sandwich,25,30.024079208506738,28.897946611909646,1.0389692946602989
2023-03-28,americano,34,24.802370456467262,24.211008255153352,1.0244253438387076
2023-03-28,cappuccino,30,37.20355568470089,36.316512382730025,1.0244253438387076
2023-03-28,cold_coffee,53,59.912802416012156,58.48430320115667,1.0244253438387076
2023-03-28,croissant,29,24.437471578854765,23.854809650924025,1.0244253438387076
2023-03-28,espresso,51,33.06982727528968,32.28134434020447,1.0244253438387076
2023-03-28,hot_chocolate,19,19.927025629437473,19.451906133801113,1.0244253438387076
2023-03-28,iced_latte,31,44.93460181200912,43.86322740086751,1.0244253438387076
2023-03-28,latte,33,41.33728409411211,40.35168042525559,1.0244253438387076
2023-03-28,masala_chai,33,31.980338880143083,31.217832585346777,1.0244253438387076
2023-03-28,sandwich,26,37.78990450338365,36.88888090349076,1.0244253438387076
2023-03-29,americano,31,30.60312190746923,30.398937106740117,1.0067168401320137
2023-03-29,cappuccino,51,45.904682861203845,45.598405660110174,1.0067168401320137
2023-03-29,cold_coffee,56,53.31052023968605,52.9548311049364,1.0067168401320137
2023-03-29,croissant,34,28.121215603045844,27.933590143737167,1.0067168401320137
2023-03-29,espresso,83,45.55804555804479,45.25408112977492,1.0067168401320137
2023-03-29,hot_chocolate,23,23.717701494154245,23.55945639197222,1.0067168401320137
2023-03-29,iced_latte,44,39.98289017976453,39.7161233287023,1.0067168401320137
2023-03-29,latte,52,51.00520317911538,50.66489517790019,1.0067168401320137
2023-03-29,masala_chai,42,48.46630665602261,48.14293823640328,1.0067168401320137
2023-03-29,sandwich,35,32.42210740115874,32.20578628336756,1.0067168401320137
2023-03-30,americano,37,30.333491880321333,30.479965152498245,0.9951944409567376
2023-03-30,cappuccino,49,45.500237820482006,45.71994772874737,0.9951944409567376
2023-03-30,cold_coffee,48,52.41978557328267,52.67290834431161,0.9951944409567376
2023-03-30,croissant,26,27.803855911184282,27.93811416837783,0.9951944409567376
2023-03-30,espresso,50,45.15665457911914,45.37470540501357,0.9951944409567376
2023-03-30,hot_chocolate,26,23.532256232427958,23.645887943068743,0.9951944409567376
2023-03-30,iced_latte,42,39.314839179962014,39.50468125823372,0.9951944409567376
2023-03-30,latte,51,50.55581980053556,50.79994192083041,0.9951944409567376
2023-03-30,masala_chai,52,48.06331797868021,48.295404396023535,0.9951944409567376
2023-03-30,sandwich,23,32.056210344659526,32.21100221765914,0.9951944409567376
2023-03-31,americano,22,31.79825688445463,32.61048112233252,0.9750931537982842
2023-03-31,cappuccino,66,47.697385326681946,48.91572168349879,0.9750931537982842
2023-03-31,cold_coffee,54,58.989676493253064,60.49645232711392,0.9750931537982842
2023-03-31,croissant,18,28.849420801138006,29.586322792607806,0.9750931537982842
2023-03-31,espresso,20,42.39767584593951,43.48064149644337,0.9750931537982842
2023-03-31,hot_chocolate,24,20.490192667771513,21.01357453691064,0.9750931537982842
2023-03-31,iced_latte,61,44.24225736993979,45.37233924533544,0.9750931537982842
2023-03-31,latte,45,52.99709480742438,54.3508018705542,0.9750931537982842
2023-03-31,masala_chai,51,41.68300725113349,42.74771809110289,0.9750931537982842
2023-03-31,sandwich,23,34.61930496136561,35.50358735112937,0.9750931537982842
2023-04-01,americano,52,36.08982176552996,35.085219122808596,1.0286332155773337
2023-04-01,cappuccino,45,54.13473264829494,52.62782868421289,1.0286332155773337
2023-04-01,cold_coffee,74,66.62056427405511,64.76610249909484,1.0286332155773337
2023-04-01,croissant,25,37.37159313967571,36.33131088295688,1.0286332155773337
2023-04-01,espresso,55,53.725948259365005,52.23042328961798,1.0286332155773337
2023-04-01,hot_chocolate,24,28.706699310987293,27.907614566845663,1.0286332155773337
2023-04-01,iced_latte,48,49.96542320554133,48.574576874321124,1.0286332155773337
2023-04-01,latte,60,60.14970294254994,58.475365204681,1.0286332155773337
2023-04-01,masala_chai,34,57.903492458295986,56.29168063156205,1.0286332155773337
2023-04-01,sandwich,32,38.115642957841196,37.05464919917864,1.0286332155773337
2023-04-02,americano,46,32.058040125070235,30.749784823206877,1.0425451855804864
2023-04-02,cappuccino,22,48.087060187605346,46.12467723481031,1.0425451855804864
2023-04-02,cold_coffee,87,94.01644882675205,90.17973525474001,1.0425451855804864
2023-04-02,croissant,48,37.14035754607427,35.62469815195072,1.0425451855804864
2023-04-02,espresso,62,42.74405350009364,40.99971309760916,1.0425451855804864
2023-04-02,hot_chocolate,6,20.167711919299535,19.344688554741353,1.0425451855804864
2023-04-02,iced_latte,89,70.51233662006405,67.63480144105502,1.0425451855804864
2023-04-02,latte,47,53.43006687511705,51.24964137201145,1.0425451855804864
2023-04-02,masala_chai,27,41.52227732803238,39.82779634142465,1.0425451855804864
2023-04-02,sandwich,50,39.42591801044807,37.81698726899384,1.0425451855804864
2023-04-03,americano,32,27.033974310361288,25.20469762529996,1.0725768153324378
2023-04-03,cappuccino,31,40.550961465541945,37.80704643794995,1.0725768153324378
2023-04-03,cold_coffee,56,65.26225217252765,60.84622680595615,1.0725768153324378
2023-04-03,croissant,20,27.08955501293528,25.256517412731,1.0725768153324378
2023-04-03,espresso,41,36.045299080481726,33.606263500399955,1.0725768153324378
2023-04-03,hot_chocolate,20,22.114467524982963,20.61807341801318,1.0725768153324378
2023-04-03,iced_latte,64,48.94668912939574,45.63467010446711,1.0725768153324378
2023-04-03,latte,24,45.05662385060214,42.00782937549993,1.0725768153324378
2023-04-03,masala_chai,27,45.325927241117085,42.258910124836724,1.0725768153324378
2023-04-03,sandwich,36,32.50746601552233,30.307820895277203,1.0725768153324378
2023-04-04,americano,18,25.6063048096904,25.148291560801386,1.0182124995561495
2023-04-04,cappuccino,59,38.4094572145356,37.72243734120208,1.0182124995561495
2023-04-04,cold_coffee,46,46.76984714183859,45.93328716964887,1.0182124995561495
2023-04-04,croissant,26,24.291737568507717,23.857237638603696,1.0182124995561495
2023-04-04,espresso,38,38.119418163293155,37.43758614229333,1.0182124995561495
2023-04-04,hot_chocolate,18,20.08469824412136,19.725448521675496,1.0182124995561495
2023-04-04,iced_latte,35,35.07738535637893,34.449965377236644,1.0182124995561495
2023-04-04,latte,28,42.67717468281734,41.913819268002314,1.0182124995561495
2023-04-04,masala_chai,35,40.79687251043995,40.06714956673953,1.0182124995561495
2023-04-04,sandwich,21,28.006944490750072,27.50599163039014,1.0182124995561495
2023-04-05,americano,6,22.574398476424648,25.58856187802322,0.8822066118460806
2023-04-05,cappuccino,24,33.861597714636964,38.38284281703483,0.8822066118460806
2023-04-05,cold_coffee,65,52.780186886674336,59.82746691982733,0.8822066118460806
2023-04-05,croissant,18,22.3957296555505,25.386036960985624,0.8822066118460806
2023-04-05,espresso,32,30.099197968566195,34.11808250403096,0.8822066118460806
2023-04-05,hot_chocolate,21,14.38737873157262,16.30840047941377,0.8822066118460806
2023-04-05,iced_latte,53,39.585140165005754,44.8706001898705,0.8822066118460806
2023-04-05,latte,28,37.62399746070775,42.6476031300387,0.8822066118460806
2023-04-05,masala_chai,35,29.42952805229275,33.35899737898059,0.8822066118460806
2023-04-05,sandwich,23,26.874875586660604,30.463244353182752,0.8822066118460806
2023-04-06,americano,16,28.48238550019819,25.644984141722983,1.1106415719656817
2023-04-06,cappuccino,57,55.0561575390429,49.57148996467072,1.1106415719656817
2023-04-06,cold_coffee,69,60.015644033089316,54.03691483191102,1.1106415719656817
2023-04-06,croissant,38,27.353368678100587,24.628439425051337,1.1106415719656817
2023-04-06,espresso,41,37.97651400026426,34.19331218896398,1.1106415719656817
2023-04-06,hot_chocolate,23,18.39025188683937,16.55822395905024,1.1106415719656817
2023-04-06,iced_latte,60,45.011733024817,40.52768612393327,1.1106415719656817
2023-04-06,latte,31,47.47064250033032,42.74164023620497,1.1106415719656817
2023-04-06,masala_chai,38,48.16201668572434,43.36414006229232,1.1106415719656817
2023-04-06,sandwich,34,32.824042413720704,29.554127310061602,1.1106415719656817
2023-04-07,americano,29,31.08841437022456,29.17892990713095,1.0654405240072549
2023-04-07,cappuccino,21,46.63262155533683,43.76839486069642,1.0654405240072549
2023-04-07,cold_coffee,70,70.39728098427778,66.07340287706049,1.0654405240072549
2023-04-07,croissant,20,30.535473349291312,28.659951129363453,1.0654405240072549
2023-04-07,espresso,39,41.45121916029941,38.9052398761746,1.0654405240072549
2023-04-07,hot_chocolate,25,19.89304381095286,18.67119127037954,1.0654405240072549
2023-04-07,iced_latte,56,52.797960738208346,49.55505215779537,1.0654405240072549
2023-04-07,latte,51,51.81402395037427,48.63154984521825,1.0654405240072549
2023-04-07,masala_chai,40,40.6101198908165,38.11580184511545,1.0654405240072549
2023-04-07,sandwich,35,36.64256801914958,34.39194135523615,1.0654405240072549
2023-04-08,americano,45,46.179300124092286,40.78630343232087,1.132225679650531
2023-04-08,cappuccino,63,69.26895018613843,61.1794551484813,1.132225679650531
2023-04-08,cold_coffee,121,92.46688960844973,81.66824977595479,1.132225679650531
2023-04-08,croissant,43,39.888380208560136,35.23006139630392,1.132225679650531
2023-04-08,espresso,41,47.78018252839415,42.20022861797466,1.132225679650531
2023-04-08,hot_chocolate,29,22.90748656835728,20.232261977513026,1.132225679650531
2023-04-08,iced_latte,87,69.35016720633732,61.2511873319661,1.132225679650531
2023-04-08,latte,59,59.72522816049269,52.75028577246833,1.132225679650531
2023-04-08,masala_chai,38,46.78726086239391,41.32326417188763,1.132225679650531
2023-04-08,sandwich,36,42.34304975985613,37.39806517453799,1.132225679650531
2023-04-09,americano,24,31.78077763711685,32.471554341061626,0.9787267127194074
2023-04-09,cappuccino,44,47.67116645567526,48.70733151159243,0.9787267127194074
2023-04-09,cold_coffee,95,83.32789531405325,85.13908349607155,0.9787267127194074
2023-04-09,croissant,15,35.55276031450526,36.32552361396304,0.9787267127194074
2023-04-09,espresso,30,42.37437018282246,43.295405788082164,0.9787267127194074
2023-04-09,hot_chocolate,22,20.275160620939914,20.71585495465334,0.9787267127194074
2023-04-09,iced_latte,71,62.49592148553995,63.85431262205367,0.9787267127194074
2023-04-09,latte,40,52.967962728528065,54.119257235102694,0.9787267127194074
2023-04-09,masala_chai,36,41.45231384779124,42.353307934771024,0.9787267127194074
2023-04-09,sandwich,19,37.74062248770558,38.56094045174538,0.9787267127194074
2023-04-10,americano,21,22.166622401615292,23.364119394011592,0.9487463245585354
2023-04-10,cappuccino,36,33.249933602422935,35.046179091017386,0.9487463245585354
2023-04-10,cold_coffee,46,53.51206168872343,56.40291857111892,0.9487463245585354
2023-04-10,croissant,29,28.62396396323054,30.17030287474332,0.9487463245585354
2023-04-10,espresso,29,29.55549653548706,31.152159192015457,0.9487463245585354
2023-04-10,hot_chocolate,9,14.071093039980157,14.83124906600047,0.9487463245585354
2023-04-10,iced_latte,43,40.13404626654257,42.302188928339184,0.9487463245585354
2023-04-10,latte,25,36.944370669358825,38.940198990019326,0.9487463245585354
2023-04-10,masala_chai,24,28.840185214164265,30.398204944387,0.9487463245585354
2023-04-10,sandwich,22,26.65463524256028,28.09458603696098,0.9487463245585354
2023-04-11,americano,30,22.139526913911432,24.171068705737106,0.9159515114305442
2023-04-11,cappuccino,36,33.20929037086715,36.25660305860566,0.9159515114305442
2023-04-11,cold_coffee,43,56.525054235641456,61.71184121674731,0.9159515114305442
2023-04-11,croissant,28,22.576700113622987,24.64835728952772,0.9159515114305442
2023-04-11,espresso,31,29.519369218548572,32.228091607649475,0.9159515114305442
2023-04-11,hot_chocolate,15,13.955859431467989,15.236460945046707,0.9159515114305442
2023-04-11,iced_latte,43,42.3937906767311,46.28388091256049,0.9159515114305442
2023-04-11,latte,38,36.89921152318572,40.28511450956184,0.9159515114305442
2023-04-11,masala_chai,32,28.704291223427447,31.338221363483242,0.9159515114305442
2023-04-11,sandwich,22,27.092040136347585,29.578028747433265,0.9159515114305442
2023-04-12,americano,29,25.310573443875953,24.246619861978594,1.0438804908871342
2023-04-12,cappuccino,33,37.965860165813936,36.369929792967895,1.0438804908871342
2023-04-12,cold_coffee,78,70.56552068623841,67.59923315193755,1.0438804908871342
2023-04-12,croissant,34,26.5299976092609,25.41478439425051,1.0438804908871342
2023-04-12,espresso,35,33.747431258501265,32.32882648263812,1.0438804908871342
2023-04-12,hot_chocolate,17,15.780217885196562,15.116881695706239,1.0438804908871342
2023-04-12,iced_latte,51,52.92414051467881,50.69942486395317,1.0438804908871342
2023-04-12,latte,38,42.184289073126585,40.411033103297655,1.0438804908871342
2023-04-12,masala_chai,33,32.63561913997781,31.263750424383037,1.0438804908871342
2023-04-12,sandwich,34,31.835997131113082,30.497741273100615,1.0438804908871342
2023-04-13,americano,49,36.62081192288646,30.011551238595455,1.2202238941848285
2023-04-13,cappuccino,41,42.62662507823983,34.93344564172511,1.2202238941848285
2023-04-13,cold_coffee,163,105.41828774941197,86.39257783083877,1.2202238941848285
2023-04-13,croissant,45,30.086236218748606,24.656324435318275,1.2202238941848285
2023-04-13,espresso,45,37.890333402879854,31.05195168153343,1.2202238941848285
2023-04-13,hot_chocolate,14,17.646700822395886,14.461854833767847,1.2202238941848285
2023-04-13,iced_latte,46,61.35344347015778,50.28048029754817,1.2202238941848285
2023-04-13,latte,55,47.36291675359982,38.81493960191679,1.2202238941848285
2023-04-13,masala_chai,71,47.12477084365171,38.61977385316934,1.2202238941848285
2023-04-13,sandwich,34,36.10348346249833,29.58758932238193,1.2202238941848285
2023-04-14,americano,31,25.183951641153516,27.033538855399275,0.9315817576034315
2023-04-14,cappuccino,38,37.77592746173026,40.5503082830989,0.9315817576034315
2023-04-14,cold_coffee,85,73.07792741096988,78.44499617400054,0.9315817576034315
2023-04-14,croissant,34,26.72931221348315,28.692395482546203,0.9315817576034315
2023-04-14,espresso,41,33.578602188204684,36.04471847386569,0.9315817576034315
2023-04-14,hot_chocolate,21,15.62296338713911,16.770362085374483,0.9315817576034315
2023-04-14,iced_latte,48,54.80844555822741,58.833747130500406,0.9315817576034315
2023-04-14,latte,62,41.973252735255855,45.05589809233212,0.9315817576034315
2023-04-14,masala_chai,47,32.39127266958281,34.77018780714636,0.9315817576034315
2023-04-14,sandwich,36,32.07517465617978,34.43087457905545,0.9315817576034315
2023-04-15,americano,24,34.361062772020745,31.228589188287994,1.1003078802198198
2023-04-15,cappuccino,46,51.54159415803112,46.84288378243199,1.1003078802198198
2023-04-15,cold_coffee,126,102.39580733533005,93.06105061691768,1.1003078802198198
2023-04-15,croissant,33,40.00803048765853,36.360759753593435,1.1003078802198198
2023-04-15,espresso,63,45.81475036269433,41.63811891771733,1.1003078802198198
2023-04-15,hot_chocolate,23,21.573353503300805,19.60665182093477,1.1003078802198198
2023-04-15,iced_latte,86,76.79685550149755,69.79578796268827,1.1003078802198198
2023-04-15,latte,57,57.268437953367915,52.04764864714666,1.1003078802198198
2023-04-15,masala_chai,35,44.46071986011661,40.407526529060426,1.1003078802198198
2023-04-15,sandwich,29,42.470063133052896,38.59834496919918,1.1003078802198198
2023-04-16,americano,32,27.97016614636738,30.070249269638186,0.9301607677262838
2023-04-16,cappuccino,32,41.95524921955107,45.10537390445728,0.9301607677262838
2023-04-16,cold_coffee,87,85.37558653730825,91.78583907167274,0.9301607677262838
2023-04-16,croissant,32,32.812010310696294,35.27563347022588,0.9301607677262838
2023-04-16,espresso,43,37.29355486182317,40.09366569285091,0.9301607677262838
2023-04-16,hot_chocolate,17,17.508269974088257,18.822842869288134,0.9301607677262838
2023-04-16,iced_latte,90,82.51506430796545,88.71054033988989,0.9301607677262838
2023-04-16,latte,56,46.61694357727896,50.117082116063635,0.9301607677262838
2023-04-16,masala_chai,34,36.137117395118054,38.8503994674521,0.9301607677262838
2023-04-16,sandwich,26,34.831210945200674,37.44644168377823,0.9301607677262838
2023-04-17,americano,17,20.234828774159993,23.11060377682682,0.875564696169886
2023-04-17,cappuccino,27,30.352243161239993,34.66590566524023,0.875564696169886
2023-04-17,cold_coffee,48,55.96490148102098,63.91863642496853,0.875564696169886
2023-04-17,croissant,24,21.156753381691086,24.163552361396306,0.875564696169886
2023-04-17,espresso,18,26.979771698879997,30.814138369102434,0.875564696169886
2023-04-17,hot_chocolate,19,12.628298499431544,14.423032991934697,0.875564696169886
2023-04-17,iced_latte,55,41.97367611076572,47.93897731872639,0.875564696169886
2023-04-17,latte,23,33.72471462359999,38.51767296137804,0.875564696169886
2023-04-17,masala_chai,19,26.10396944757528,29.81386705261849,0.875564696169886
2023-04-17,sandwich,20,25.388104058029302,28.996262833675566,0.875564696169886
2023-04-18,americano,13,20.43960483732235,23.424607763367238,0.8725697797718086
2023-04-18,cappuccino,42,30.659407255983524,35.13691164505086,0.8725697797718086
2023-04-18,cold_coffee,90,57.904427568203,66.36079876998028,0.8725697797718086
2023-04-18,croissant,26,21.531743309127613,24.67624229979466,0.8725697797718086
2023-04-18,espresso,32,27.25280644976313,31.232810351156317,0.8725697797718086
2023-04-18,hot_chocolate,19,12.717885683285614,14.57520759727841,0.8725697797718086
2023-04-18,iced_latte,38,43.42832067615225,49.77059907748521,0.8725697797718086
2023-04-18,latte,49,34.06600806220391,39.04101293894539,0.8725697797718086
2023-04-18,masala_chai,22,26.32861853484897,30.173653895891672,0.8725697797718086
2023-04-18,sandwich,22,25.838091970953137,29.611490759753593,0.8725697797718086
2023-04-19,americano,23,25.373443840416417,23.793387634918126,1.0664073661868758
2023-04-19,cappuccino,34,38.06016576062462,35.690081452377186,1.0664073661868758
2023-04-19,cold_coffee,95,75.41623178739977,70.71990890035161,1.0664073661868758
2023-04-19,croissant,26,27.13316976267264,25.443531827515397,1.0664073661868758
2023-04-19,espresso,51,33.83125845388856,31.724516846557503,1.0664073661868758
2023-04-19,hot_chocolate,8,15.693364832446449,14.716106930657082,1.0664073661868758
2023-04-19,iced_latte,63,56.56217384054982,53.03993167526371,1.0664073661868758
2023-04-19,latte,62,42.28907306736069,39.65564605819687,1.0664073661868758
2023-04-19,masala_chai,25,32.58607928725582,30.556877531494354,1.0664073661868758
2023-04-19,sandwich,29,32.559803715207174,30.53223819301848,1.0664073661868758
2023-04-20,americano,35,26.293619549064896,24.15687711092316,1.08845275936663
2023-04-20,cappuccino,55,39.44042932359734,36.235315666384736,1.08845275936663
2023-04-20,cold_coffee,91,74.48857259239307,68.43528297520044,1.08845275936663
2023-04-20,croissant,24,27.698552457557795,25.4476386036961,1.08845275936663
2023-04-20,espresso,32,35.05815939875319,32.20916948123087,1.08845275936663
2023-04-20,hot_chocolate,20,16.360357760645364,15.030838609996676,1.08845275936663
2023-04-20,iced_latte,50,55.86642944429481,51.326462231400335,1.08845275936663
2023-04-20,latte,35,43.822699248441495,40.2614618515386,1.08845275936663
2023-04-20,masala_chai,31,33.86927900600584,31.11690306680315,1.08845275936663
2023-04-20,sandwich,42,33.23826294906935,30.53716632443532,1.08845275936663
2023-04-21,americano,26,27.06828494831203,26.754201210241348,1.0117396043934384
2023-04-21,cappuccino,53,40.60242742246805,40.13130181536202,1.0117396043934384
2023-04-21,cold_coffee,83,70.78748106775055,69.96610665467554,1.0117396043934384
2023-04-21,croissant,19,27.8105819058998,27.48788501026694,1.0117396043934384
2023-04-21,espresso,30,36.09104659774938,35.6722682803218,1.0117396043934384
2023-04-21,hot_chocolate,17,17.01163696683133,16.81424438952373,1.0117396043934384
2023-04-21,iced_latte,40,53.090610800812904,52.47457999100665,1.0117396043934384
2023-04-21,latte,37,45.11380824718672,44.59033535040225,1.0117396043934384
2023-04-21,masala_chai,33,35.041911548142046,34.635306748864984,1.0117396043934384
2023-04-21,sandwich,39,33.37269828707976,32.985462012320326,1.0117396043934384
2023-04-22,americano,24,24.154551175700007,27.408699549814397,0.8812731567873155
2023-04-22,cappuccino,27,36.23182676355001,41.113049324721594,0.8812731567873155
2023-04-22,cold_coffee,76,68.6069991162459,77.84986821379306,0.8812731567873155
2023-04-22,croissant,22,27.705445597525777,31.437977412731005,0.8812731567873155
2023-04-22,espresso,23,32.20606823426668,36.544932733085865,0.8812731567873155
2023-04-22,hot_chocolate,12,15.256531534665964,17.311921300637028,0.8812731567873155
2023-04-22,iced_latte,43,51.455249337184426,58.387401160344794,0.8812731567873155
2023-04-22,latte,27,40.25758529283334,45.68116591635732,0.8812731567873155
2023-04-22,masala_chai,35,31.34813856112332,35.57142109649983,0.8812731567873155
2023-04-22,sandwich,23,29.41039609583505,33.37262217659137,0.8812731567873155
2023-04-23,americano,34,26.219936396923256,28.060302864136943,0.934413877279785
2023-04-23,cappuccino,49,39.32990459538488,42.090454296205415,0.934413877279785
2023-04-23,cold_coffee,53,73.8799732474878,79.06557794557072,0.934413877279785
2023-04-23,croissant,33,29.999365204924803,32.10500821355236,0.934413877279785
2023-04-23,espresso,40,34.95991519589768,37.41373715218259,0.934413877279785
2023-04-23,hot_chocolate,24,21.362941243470054,22.86239723414713,0.934413877279785
2023-04-23,iced_latte,63,55.40997993561586,59.29918345917805,0.934413877279785
2023-04-23,latte,46,43.69989399487209,46.76717144022824,0.934413877279785
2023-04-23,masala_chai,35,34.04564502618115,36.4352947382299,0.934413877279785
2023-04-23,sandwich,30,31.845479986766332,34.080701026694044,0.934413877279785
2023-04-24,americano,23,24.403177808792286,22.895993103947823,1.0658274440423634
2023-04-24,cappuccino,56,36.60476671318844,34.343989655921746,1.0658274440423634
2023-04-24,cold_coffee,68,81.58419375532144,76.54540536683602,1.0658274440423634
2023-04-24,croissant,17,25.009786513519828,23.46513655030801,1.0658274440423634
2023-04-24,espresso,38,32.53757041172306,30.527990805263773,1.0658274440423634
2023-04-24,hot_chocolate,22,15.352038304371796,14.403868459369113,1.0658274440423634
2023-04-24,iced_latte,47,47.48200076559707,44.54942592349855,1.0658274440423634
2023-04-24,latte,53,52.41232347249204,49.17524292085015,1.0658274440423634
2023-04-24,masala_chai,22,31.607531611689225,29.655392895318354,1.0658274440423634
2023-04-24,sandwich,39,30.011743816223788,28.15816386036961,1.0658274440423634
2023-04-25,americano,25,26.1482185354415,25.90601762793484,1.0093492141858766
2023-04-25,cappuccino,41,39.222327803162244,38.85902644190226,1.0093492141858766
2023-04-25,cold_coffee,35,51.73741240442123,51.25818862023063,1.0093492141858766
2023-04-25,croissant,32,25.433793317309703,25.198209856262835,1.0093492141858766
2023-04-25,espresso,31,38.92615057056016,38.56559258527517,1.0093492141858766
2023-04-25,hot_chocolate,18,20.30568110562923,20.117597378829323,1.0093492141858766
2023-04-25,iced_latte,36,38.803059303315926,38.44364146517297,1.0093492141858766
2023-04-25,latte,28,43.580364225735835,43.17669604655807,1.0093492141858766
2023-04-25,masala_chai,47,41.45248721114598,41.06852873966007,1.0093492141858766
2023-04-25,sandwich,17,29.323667589368835,29.052053716632443,1.0093492141858766
2023-04-26,americano,26,27.8449193880811,25.20737274254584,1.104633936764204
2023-04-26,cappuccino,57,41.76737908212165,37.81105911381876,1.104633936764204
2023-04-26,cold_coffee,67,60.16258350745768,54.46381964661659,1.104633936764204
2023-04-26,croissant,61,35.87536875069597,32.47715605749487,1.104633936764204
2023-04-26,espresso,37,41.45198355507219,37.52553871058604,1.104633936764204
2023-04-26,hot_chocolate,24,21.386719878655853,19.36091149010306,1.104633936764204
2023-04-26,iced_latte,28,45.121937630593266,40.84786473496245,1.104633936764204
2023-04-26,latte,52,46.40819898013517,42.01228790424307,1.104633936764204
2023-04-26,masala_chai,37,43.900132729990936,39.74179252412548,1.104633936764204
2023-04-26,sandwich,33,32.097059326505025,29.05673839835729,1.104633936764204
2023-04-27,americano,33,29.661115590788256,24.920683926746037,1.1902207691400704
2023-04-27,cappuccino,47,44.491673386182384,37.381025890119055,1.1902207691400704
2023-04-27,cold_coffee,68,76.33689454177761,64.13675220684537,1.1902207691400704
2023-04-27,croissant,27,30.32252378382105,25.476386036960985,1.1902207691400704
2023-04-27,espresso,29,39.548154121051,33.22757856899471,1.1902207691400704
2023-04-27,hot_chocolate,31,18.678475918569003,15.693286827841296,1.1902207691400704
2023-04-27,iced_latte,54,57.2526709063332,48.102564155134026,1.1902207691400704
2023-04-27,latte,42,49.435192651313756,41.53447321124339,1.1902207691400704
2023-04-27,masala_chai,43,38.436941719494456,32.29395984012696,1.1902207691400704
2023-04-27,sandwich,22,36.38702854058526,30.571663244353182,1.1902207691400704
2023-04-28,americano,38,26.483940812821796,29.733709644417697,0.8907042252561304
2023-04-28,cappuccino,50,39.72591121923269,44.600564466626544,0.8907042252561304
2023-04-28,cold_coffee,45,63.42499082189773,71.20769052561671,0.8907042252561304
2023-04-28,croissant,25,26.472127556623324,29.72044681724847,0.8907042252561304
2023-04-28,espresso,39,35.31192108376239,39.64494619255693,0.8907042252561304
2023-04-28,hot_chocolate,16,16.828492535774217,18.893468851497843,0.8907042252561304
2023-04-28,iced_latte,48,47.5687431164233,53.40576789421254,0.8907042252561304
2023-04-28,latte,49,44.139901354703,49.556182740696165,0.8907042252561304
2023-04-28,masala_chai,36,34.47452393817625,38.704794431914564,0.8907042252561304
2023-04-28,sandwich,38,31.76655306794798,35.66453618069816,0.8907042252561304
2023-04-29,americano,21,29.155848877858475,32.438405098829584,0.8988064853691112
2023-04-29,cappuccino,38,43.733773316787726,48.65760764824439,0.8988064853691112
2023-04-29,cold_coffee,87,82.04441293650176,91.28150972654444,0.8988064853691112
2023-04-29,croissant,51,41.003535436711914,45.619981724846,0.8988064853691112
2023-04-29,espresso,35,43.403529073834626,48.2901823477722,0.8988064853691112
2023-04-29,hot_chocolate,26,22.709314738982616,25.266077969671773,0.8988064853691112
2023-04-29,iced_latte,44,47.74984832904402,53.12583866084886,0.8988064853691112
2023-04-29,latte,46,48.59308146309747,54.06400849804932,0.8988064853691112
2023-04-29,masala_chai,53,46.289833669295824,51.50144599845211,0.8988064853691112
2023-04-29,sandwich,38,32.45223884456767,36.105924214866526,0.8988064853691112
2023-04-30,americano,25,38.311023524156624,32.36262468323396,1.1838045862826552
2023-04-30,cappuccino,63,57.46653528623494,48.54393702485094,1.1838045862826552
2023-04-30,cold_coffee,88,84.33020444987751,71.23659210908153,1.1838045862826552
2023-04-30,croissant,61,54.01384637882046,45.62733326488706,1.1838045862826552
2023-04-30,espresso,54,57.03259165408429,48.17737007860072,1.1838045862826552
2023-04-30,hot_chocolate,34,29.81039971074496,25.181858607554997,1.1838045862826552
2023-04-30,iced_latte,54,63.24765333740815,53.42744408181116,1.1838045862826552
2023-04-30,latte,84,63.85170587359437,53.937707805389934,1.1838045862826552
2023-04-30,masala_chai,96,78.34383306111367,66.17970057636492,1.1838045862826552
2023-04-30,sandwich,47,42.749246496190224,36.11174258956879,1.1838045862826552
2023-05-01,americano,33,27.528710407802325,29.581565680472167,0.930603562541485
2023-05-01,cappuccino,38,41.29306561170349,44.37234852070825,0.930603562541485
2023-05-01,cold_coffee,36,43.77432534666916,47.0386393397433,0.930603562541485
2023-05-01,croissant,32,24.33078279220563,26.14516403285421,0.930603562541485
2023-05-01,espresso,61,40.98125173977046,44.037282242774104,0.930603562541485
2023-05-01,hot_chocolate,31,21.940826298221012,23.5769850679493,0.930603562541485
2023-05-01,iced_latte,40,32.830744010001865,35.27897950480747,0.930603562541485
2023-05-01,latte,51,45.88118401300389,49.30260946745362,0.930603562541485
2023-05-01,masala_chai,41,44.212002253617186,47.50895443906736,0.930603562541485
2023-05-01,sandwich,35,28.624450343771326,30.759016509240247,0.930603562541485
2023-05-02,americano,31,30.408722201187572,29.229759409613038,1.0403343310169977
2023-05-02,cappuccino,48,45.613083301781366,43.844639114419564,1.0403343310169977
2023-05-02,cold_coffee,43,48.74231154399374,46.85254546617222,1.0403343310169977
2023-05-02,croissant,37,34.721014050958075,33.374861345790556,1.0403343310169977
2023-05-02,espresso,28,45.268647937042964,43.51355769715855,1.0403343310169977
2023-05-02,hot_chocolate,16,24.212018030874084,23.27330484922591,1.0403343310169977
2023-05-02,iced_latte,34,36.556733657995316,35.13940909962917,1.0403343310169977
2023-05-02,latte,58,50.681203668645956,48.716265682688395,1.0403343310169977
2023-05-02,masala_chai,56,48.81298205985816,46.92047604748383,1.0403343310169977
2023-05-02,sandwich,22,31.698243415933486,30.46928518156879,1.0403343310169977
2023-05-03,americano,37,33.12883052821669,33.15742984752957,0.9991374687530249
2023-05-03,cappuccino,49,49.69324579232503,49.73614477129435,0.9991374687530249
2023-05-03,cold_coffee,55,43.13013356794257,43.16736677063188,0.9991374687530249
2023-05-03,croissant,29,27.506346821121895,27.530092386036962,0.9991374687530249
2023-05-03,espresso,55,49.318000139092796,49.3605751775521,0.9991374687530249
2023-05-03,hot_chocolate,18,27.072638196058538,27.096009350791924,0.9991374687530249
2023-05-03,iced_latte,46,32.347600175956934,32.37552507797391,0.9991374687530249
2023-05-03,latte,52,55.21471754702782,55.26238307921595,0.9991374687530249
2023-05-03,masala_chai,69,53.87522569949342,53.92173488071915,0.9991374687530249
2023-05-03,sandwich,25,32.360408024849285,32.388343983572895,0.9991374687530249
2023-05-04,americano,39,31.098228138144336,29.50225818645766,1.0540965353092622
2023-05-04,cappuccino,37,46.647342207216504,44.25338727968649,1.0540965353092622
2023-05-04,cold_coffee,46,46.015064675804766,43.653558411805584,1.0540965353092622
2023-05-04,croissant,21,26.874118874435965,25.494931416837783,1.0540965353092622
2023-05-04,espresso,58,46.29509690468088,43.91921930670072,1.0540965353092622
2023-05-04,hot_chocolate,20,25.009868462429637,23.72635486852442,1.0540965353092622
2023-05-04,iced_latte,37,34.51129850685357,32.740168808854186,1.0540965353092622
2023-05-04,latte,47,51.83038023024055,49.17043031076276,1.0540965353092622
2023-05-04,masala_chai,36,50.170021449707754,47.59528161715125,1.0540965353092622
2023-05-04,sandwich,26,31.616610440512897,29.994036960985625,1.0540965353092622
2023-05-05,americano,21,34.341116379280216,34.05938914269517,1.0082716467815886
2023-05-05,cappuccino,35,51.51167456892031,51.08908371404274,1.0082716467815886
2023-05-05,cold_coffee,43,47.283498033673865,46.895594242487306,1.0082716467815886
2023-05-05,croissant,16,29.01625586072948,28.778212650677627,1.0082716467815886
2023-05-05,espresso,45,51.12269752255306,50.70329775287952,1.0082716467815886
2023-05-05,hot_chocolate,32,27.86755211819803,27.638932630062033,1.0082716467815886
2023-05-05,iced_latte,52,35.462623525255395,35.17169568186548,1.0082716467815886
2023-05-05,latte,49,57.23519396546702,56.7656485711586,1.0082716467815886
2023-05-05,masala_chai,91,55.651564250694484,55.195010618750146,1.0082716467815886
2023-05-05,sandwich,36,34.136771600858204,33.856720765503084,1.0082716467815886
2023-05-06,americano,33,36.844190660059155,35.14216555046041,1.0484325619363102
2023-05-06,cappuccino,75,55.26628599008873,52.71324832569062,1.0484325619363102
2023-05-06,cold_coffee,65,67.83771246216907,64.70393511708772,1.0484325619363102
2023-05-06,croissant,23,37.08872946029662,35.37540782956879,1.0484325619363102
2023-05-06,espresso,48,54.848956969667356,52.31519790683428,1.0484325619363102
2023-05-06,hot_chocolate,38,29.277450109295923,27.924972165328892,1.0484325619363102
2023-05-06,iced_latte,67,50.878284346626785,48.52795133781578,1.0484325619363102
2023-05-06,latte,101,79.13271189875252,75.47715968741501,1.0484325619363102
2023-05-06,masala_chai,38,59.08427292447471,56.35486255344284,1.0484325619363102
2023-05-06,sandwich,44,38.59913020754851,36.81603529774127,1.0484325619363102
2023-05-07,americano,48,40.4030397467371,39.746503205222204,1.0165180956454212
2023-05-07,cappuccino,38,60.60455962010564,59.61975480783329,1.0165180956454212
2023-05-07,cold_coffee,42,55.33055772312046,54.43145376373182,1.0165180956454212
2023-05-07,croissant,34,37.077866482552814,36.47536294866531,1.0165180956454212
2023-05-07,espresso,64,60.14692001132383,59.169551697094526,1.0165180956454212
2023-05-07,hot_chocolate,25,33.315563639348035,32.77419632967269,1.0165180956454212
2023-05-07,iced_latte,36,41.497918292340344,40.823590322798864,1.0165180956454212
2023-05-07,latte,86,67.33839957789516,66.24417200870366,1.0165180956454212
2023-05-07,masala_chai,76,66.00112880042667,64.92863145591161,1.0165180956454212
2023-05-07,sandwich,35,38.58782484609568,37.96078496919918,1.0165180956454212
2023-05-08,americano,24,27.332542161241822,27.55867527163679,0.9917944854690565
2023-05-08,cappuccino,31,40.998813241862734,41.33801290745519,0.9917944854690565
2023-05-08,cold_coffee,34,42.77252700892828,43.1264013216403,0.9917944854690565
2023-05-08,croissant,18,24.036917272503896,24.23578435318275,0.9917944854690565
2023-05-08,espresso,32,40.68922134035999,41.02585962767937,0.9917944854690565
2023-05-08,hot_chocolate,21,21.828089593151233,22.008682154375883,0.9917944854690565
2023-05-08,iced_latte,56,32.0793952566962,32.344800991230215,0.9917944854690565
2023-05-08,latte,37,45.55423693540303,45.93112545272798,0.9917944854690565
2023-05-08,masala_chai,39,43.940868589229716,44.30440906156929,0.9917944854690565
2023-05-08,sandwich,23,28.278726202945755,28.512687474332644,0.9917944854690565
2023-05-09,americano,41,28.958764629595805,26.972352661206326,1.0736462255755126
2023-05-09,cappuccino,49,43.438146944393694,40.45852899180948,1.0736462255755126
2023-05-09,cold_coffee,43,51.91931609916104,48.35793659250321,1.0736462255755126
2023-05-09,croissant,23,26.572736966505193,24.74999337166324,1.0736462255755126
2023-05-09,espresso,52,43.110135047294726,40.153016906650194,1.0736462255755126
2023-05-09,hot_chocolate,22,22.736977177891397,21.17734560628066,1.0736462255755126
2023-05-09,iced_latte,46,38.939487074370774,36.2684524443774,1.0736462255755126
2023-05-09,latte,45,48.264607715993,44.95392110201054,1.0736462255755126
2023-05-09,masala_chai,36,46.161205166293996,42.994800397635586,1.0736462255755126
2023-05-09,sandwich,30,31.262043490006114,29.117639260780287,1.0736462255755126
2023-05-10,americano,35,24.38031001028543,25.54430610528162,0.9544322679896355
2023-05-10,cappuccino,35,36.570465015428155,38.31645915792244,0.9544322679896355
2023-05-10,cold_coffee,43,54.190908197928735,56.77816018529374,0.9544322679896355
2023-05-10,croissant,18,23.16273807464503,24.268603285420944,0.9544322679896355
2023-05-10,espresso,22,32.5070800137139,34.05907480704216,0.9544322679896355
2023-05-10,hot_chocolate,15,20.12400720029374,21.08479341617594,0.9544322679896355
2023-05-10,iced_latte,49,40.64318114844655,42.58362013897031,0.9544322679896355
2023-05-10,latte,50,40.63385001714239,42.57384350880271,0.9544322679896355
2023-05-10,masala_chai,29,31.863396702518912,33.38465993991826,0.9544322679896355
2023-05-10,sandwich,22,28.36253641793269,29.71665708418891,0.9544322679896355
2023-05-11,americano,32,23.982342888278254,25.923090336388874,0.9251344101753814
2023-05-11,cappuccino,51,46.35762156239352,50.1090663718857,0.9251344101753814
2023-05-11,cold_coffee,54,48.86863784704906,52.823284173145,0.9251344101753814
2023-05-11,croissant,27,22.904438252187713,24.75795733059548,0.9251344101753814
2023-05-11,espresso,40,35.70186967187053,38.59100826776337,0.9251344101753814
2023-05-11,hot_chocolate,18,18.530860687663264,20.030452314653708,0.9251344101753814
2023-05-11,iced_latte,41,36.651478385286794,39.61746312985875,0.9251344101753814
2023-05-11,latte,41,39.970571480463754,43.20515056064812,0.9251344101753814
2023-05-11,masala_chai,42,37.92401938139351,40.9929832511625,0.9251344101753814
2023-05-11,sandwich,24,26.946397943750245,29.127008624229973,0.9251344101753814
2023-05-12,americano,26,25.84788649730327,28.59284066566795,0.9039985498306712
2023-05-12,cappuccino,36,38.77182974595491,42.88926099850193,0.9039985498306712
2023-05-12,cold_coffee,74,56.541006098779164,62.545461062265986,0.9039985498306712
2023-05-12,croissant,25,24.434543971572715,27.029406160164275,0.9039985498306712
2023-05-12,espresso,51,34.46384866307103,38.12378755422394,0.9039985498306712
2023-05-12,hot_chocolate,6,16.58939655042717,18.351131817119118,0.9039985498306712
2023-05-12,iced_latte,54,42.40575457408437,46.90909579669949,0.9039985498306712
2023-05-12,latte,52,43.07981082883879,47.65473444277992,0.9039985498306712
2023-05-12,masala_chai,38,33.81521705166461,37.406273558733666,0.9039985498306712
2023-05-12,sandwich,26,29.919849761109443,33.09723203285421,0.9039985498306712
2023-05-13,americano,30,33.10440871418752,32.07820607728176,1.0319906491788682
2023-05-13,cappuccino,61,49.656613071281285,48.117309115922644,1.0319906491788682
2023-05-13,cold_coffee,62,66.55886743732961,64.49561097311202,1.0319906491788682
2023-05-13,croissant,27,34.25325664517547,33.19144090349076,1.0319906491788682
2023-05-13,espresso,33,49.281644040538055,47.75396373964275,1.0319906491788682
2023-05-13,hot_chocolate,23,26.017935009218043,25.211405771864243,1.0319906491788682
2023-05-13,iced_latte,63,49.91915057799721,48.37170822983402,1.0319906491788682
2023-05-13,latte,37,55.17401452364587,53.46367679546961,1.0319906491788682
2023-05-13,masala_chai,55,52.7958869403038,51.15926872235936,1.0319906491788682
2023-05-13,sandwich,51,35.64818564882514,34.54312854209445,1.0319906491788682
2023-05-14,americano,54,30.614405454174726,30.00244356805094,1.0203970681499908
2023-05-14,cappuccino,51,45.92160818126209,45.0036653520764,1.0203970681499908
2023-05-14,cold_coffee,69,79.42477092354778,77.83712184468266,1.0203970681499908
2023-05-14,croissant,19,33.209700501568875,32.54586036960986,1.0203970681499908
2023-05-14,espresso,21,40.81920727223296,40.003258090734576,1.0203970681499908
2023-05-14,hot_chocolate,27,19.53105097003795,19.140638070872065,1.0203970681499908
2023-05-14,iced_latte,57,59.56857819266085,58.377841383512006,1.0203970681499908
2023-05-14,latte,44,51.024009090291194,50.00407261341822,1.0203970681499908
2023-05-14,masala_chai,32,39.93099091659323,39.13279659749441,1.0203970681499908
2023-05-14,sandwich,37,35.972830998559694,35.25375770020534,1.0203970681499908
2023-05-15,americano,24,24.77172398784406,23.686970575712824,1.0457953628415224
2023-05-15,cappuccino,55,37.15758598176608,35.53045586356923,1.0457953628415224
2023-05-15,cold_coffee,79,59.64677908133506,57.034847543470896,1.0457953628415224
2023-05-15,croissant,17,24.13038587920299,23.07371665297741,1.0457953628415224
2023-05-15,espresso,35,33.02896531712541,31.582627434283765,1.0457953628415224
2023-05-15,hot_chocolate,10,15.709061835231624,15.021162259267104,1.0457953628415224
2023-05-15,iced_latte,31,44.73508431100129,42.77613565760316,1.0457953628415224
2023-05-15,latte,53,53.2038745443386,50.87407769697771,1.0457953628415224
2023-05-15,masala_chai,28,32.21347725783243,30.802849584554902,1.0457953628415224
2023-05-15,sandwich,20,29.54741128065672,28.253530595482545,1.0457953628415224
2023-05-16,americano,26,25.031112008013064,24.93766089703753,1.0037473887932542
2023-05-16,cappuccino,37,37.546668012019595,37.4064913455563,1.0037473887932542
2023-05-16,cold_coffee,92,60.27134844691324,60.04633149718466,1.0037473887932542
2023-05-16,croissant,16,24.383058362643872,24.292026694045177,1.0037473887932542
2023-05-16,espresso,33,33.37481601068408,33.25021452938337,1.0037473887932542
2023-05-16,hot_chocolate,20,15.873553513330114,15.81429121565531,1.0037473887932542
2023-05-16,iced_latte,26,45.203511335184935,45.0347486228885,1.0037473887932542
2023-05-16,latte,33,41.71852001335511,41.562768161729224,1.0037473887932542
2023-05-16,masala_chai,42,32.55078886734207,32.42926380757608,1.0037473887932542
2023-05-16,sandwich,22,29.856806158339435,29.74533880903491,1.0037473887932542
2023-05-17,americano,15,22.88395561095126,25.192336492833203,0.9083697186031697
2023-05-17,cappuccino,48,44.23445027890064,48.69652672583739,0.9083697186031697
2023-05-17,cold_coffee,93,68.77058463993804,75.70770274650816,0.9083697186031697
2023-05-17,croissant,32,22.06968763822062,24.295930595482545,0.9083697186031697
2023-05-17,espresso,40,30.511940814601676,33.589781990444266,0.9083697186031697
2023-05-17,hot_chocolate,18,14.570091912912067,16.03982565085611,0.9083697186031697
2023-05-17,iced_latte,28,40.02448026044394,44.06188299846775,0.9083697186031697
2023-05-17,latte,39,38.139926018252105,41.98722748805534,0.9083697186031697
2023-05-17,masala_chai,36,29.81817506522086,32.82603377738445,0.9083697186031697
2023-05-17,sandwich,15,27.02410731210688,29.750119096509238,0.9083697186031697
2023-05-18,americano,35,27.32599394194811,24.20842006509428,1.1287805593455067
2023-05-18,cappuccino,47,40.98899091292216,36.31263009764142,1.1287805593455067
2023-05-18,cold_coffee,50,72.42675080716546,64.16371207629602,1.1287805593455067
2023-05-18,croissant,35,27.4291807754365,24.299834496919914,1.1287805593455067
2023-05-18,espresso,28,36.43465858926415,32.277893420125714,1.1287805593455067
2023-05-18,hot_chocolate,14,17.122156047062667,15.168719823621423,1.1287805593455067
2023-05-18,iced_latte,44,54.320063105374096,48.12278405722201,1.1287805593455067
2023-05-18,latte,50,45.54332323658019,40.34736677515714,1.1287805593455067
2023-05-18,masala_chai,32,35.32251151565621,31.292629221163256,1.1287805593455067
2023-05-18,sandwich,20,43.281896868456506,38.34394250513347,1.1287805593455067
2023-05-19,americano,33,26.438998404468517,26.958035074976255,0.9807464947254434
2023-05-19,cappuccino,51,39.65849760670279,40.43705261246439,0.9807464947254434
2023-05-19,cold_coffee,61,70.07579497746795,71.45148655064571,0.9807464947254434
2023-05-19,croissant,23,26.53883581685167,27.05983244353183,0.9807464947254434
2023-05-19,espresso,39,35.2519978726247,35.94404676663502,0.9807464947254434
2023-05-19,hot_chocolate,19,16.566374762837913,16.89159721898941,0.9807464947254434
2023-05-19,iced_latte,49,52.55684623310095,53.588614912984276,0.9807464947254434
2023-05-19,latte,42,44.06499734078088,44.93005845829377,0.9807464947254434
2023-05-19,masala_chai,55,34.17595083963768,34.84687533775496,0.9807464947254434
2023-05-19,sandwich,33,32.496533653287756,33.1344887063655,0.9807464947254434
2023-05-20,americano,29,29.963082995125795,29.363221399537125,1.0204290117704227
2023-05-20,cappuccino,50,44.944624492688696,44.04483209930569,1.0204290117704227
2023-05-20,cold_coffee,44,83.53834001835882,81.86590057197765,1.0204290117704227
2023-05-20,croissant,37,33.242773642868976,32.57725256673511,1.0204290117704227
2023-05-20,espresso,40,39.9507773268344,39.15096186604951,1.0204290117704227
2023-05-20,hot_chocolate,13,18.944259349950364,18.564994851609008,1.0204290117704227
2023-05-20,iced_latte,82,62.65375501376912,61.399425428983236,1.0204290117704227
2023-05-20,latte,65,49.938471658542994,48.938702332561874,1.0204290117704227
2023-05-20,masala_chai,43,38.90598634944673,38.12708762753194,1.0204290117704227
2023-05-20,sandwich,43,36.00865590828821,35.287761806981514,1.0204290117704227
2023-05-21,americano,35,31.257597900122445,30.615398586081426,1.0209763499317295
2023-05-21,cappuccino,69,60.420614497659365,59.17924984422956,1.0209763499317295
2023-05-21,cold_coffee,70,85.65139840788095,83.89165764085355,1.0209763499317295
2023-05-21,croissant,41,32.91332716849462,32.237110262833674,1.0209763499317295
2023-05-21,espresso,36,46.532346388531785,45.57632151973286,1.0209763499317295
2023-05-21,hot_chocolate,29,24.395095802549804,23.893889221019716,1.0209763499317295
2023-05-21,iced_latte,32,49.84911387338671,48.82494474697677,1.0209763499317295
2023-05-21,latte,44,52.095996500204066,51.0256643101357,1.0209763499317295
2023-05-21,masala_chai,56,49.67636670327656,48.655746733602896,1.0209763499317295
2023-05-21,sandwich,29,34.253688908388064,33.5499337577002,1.0209763499317295
2023-05-22,americano,24,35.3332915605307,32.596704404567824,1.0839528782418688
2023-05-22,cappuccino,22,41.12795137645772,37.94256392691694,1.0839528782418688
2023-05-22,cold_coffee,43,51.575195817908394,47.580662271556896,1.0839528782418688
2023-05-22,croissant,35,25.539741258674454,23.56167114948665,1.0839528782418688
2023-05-22,espresso,56,52.599722064220444,48.52583827217216,1.0839528782418688
2023-05-22,hot_chocolate,20,21.398963908385003,19.741599785309234,1.0839528782418688
2023-05-22,iced_latte,24,38.68139686343129,35.68549670366767,1.0839528782418688
2023-05-22,latte,45,45.6977237516197,42.158404363241054,1.0839528782418688
2023-05-22,masala_chai,57,43.575265569238105,40.20033199221313,1.0839528782418688
2023-05-22,sandwich,19,30.046754421969943,27.719613117043114,1.0839528782418688
2023-05-23,americano,36,24.834403291399163,26.103313658861037,0.9513889162102173
2023-05-23,cappuccino,27,37.25160493709874,39.15497048829155,0.9513889162102173
2023-05-23,cold_coffee,49,49.801639872945444,52.346247706275946,0.9513889162102173
2023-05-23,croissant,33,23.59990712587775,24.805741084188913,0.9513889162102173
2023-05-23,espresso,40,36.97030910693726,38.85930188697759,0.9513889162102173
2023-05-23,hot_chocolate,18,19.227654135263823,20.210088437708173,0.9513889162102173
2023-05-23,iced_latte,44,37.35122990470908,39.259685779706956,0.9513889162102173
2023-05-23,latte,59,41.390672152331945,43.5055227647684,0.9513889162102173
2023-05-23,masala_chai,23,39.31069985944153,41.3192745780901,0.9513889162102173
2023-05-23,sandwich,24,27.764596618679704,29.18322480492813,0.9513889162102173
2023-05-24,americano,36,35.244693128188665,34.152149905983094,1.0319904669314586
2023-05-24,cappuccino,60,41.024822801211606,39.75310249056432,1.0319904669314586
2023-05-24,cold_coffee,47,52.27562498121672,50.65514329473811,1.0319904669314586
2023-05-24,croissant,53,25.603397688901534,24.80972306365503,1.0319904669314586
2023-05-24,espresso,27,40.71503449526933,39.45291725061399,1.0319904669314586
2023-05-24,hot_chocolate,17,21.30265793338444,20.642301083193335,1.0319904669314586
2023-05-24,iced_latte,41,39.206718735912546,37.99135747105358,1.0319904669314586
2023-05-24,latte,48,45.58313644579067,44.170113878404806,1.0319904669314586
2023-05-24,masala_chai,46,43.42255606495892,42.07650889845178,1.0319904669314586
2023-05-24,sandwich,44,30.121644339884153,29.187909486652973,1.0319904669314586
2023-05-25,americano,38,29.127270512369748,27.669825170227895,1.0526727340406195
2023-05-25,cappuccino,38,43.69090576855463,41.50473775534185,1.0526727340406195
2023-05-25,cold_coffee,82,53.48990035493872,50.81341866775729,1.0526727340406195
2023-05-25,croissant,33,26.928567762288505,25.58113921971253,1.0526727340406195
2023-05-25,espresso,32,43.360985228770495,41.19132549613214,1.0526727340406195
2023-05-25,hot_chocolate,31,22.8007745601119,21.65988898809275,1.0526727340406195
2023-05-25,iced_latte,39,40.117425266204044,38.11006400081797,1.0526727340406195
2023-05-25,latte,52,48.54545085394958,46.11637528371316,1.0526727340406195
2023-05-25,masala_chai,51,46.36021647419023,44.04048378477459,1.0526727340406195
2023-05-25,sandwich,38,31.680667955633538,30.09545790554415,1.0526727340406195
2023-05-26,americano,26,29.189232473532893,29.017676431490955,1.0059121219594191
2023-05-26,cappuccino,75,43.78384871029934,43.52651464723643,1.0059121219594191
2023-05-26,cold_coffee,57,61.346443546658534,60.985887541708536,1.0059121219594191
2023-05-26,croissant,22,27.250419640405035,27.090258726899386,1.0059121219594191
2023-05-26,espresso,39,38.91897663137719,38.69023524198794,1.0059121219594191
2023-05-26,hot_chocolate,9,18.827805295300944,18.71714723809691,1.0059121219594191
2023-05-26,iced_latte,58,46.0098326599939,45.739415656281395,1.0059121219594191
2023-05-26,latte,40,48.64872078922149,48.36279405248493,1.0059121219594191
2023-05-26,masala_chai,37,38.28208234430142,38.05708422096718,1.0059121219594191
2023-05-26,sandwich,29,33.36786078416942,33.171745379876796,1.0059121219594191
2023-05-27,americano,37,31.848441417516504,31.751034779422763,1.0030678256242807
2023-05-27,cappuccino,51,47.77266212627476,47.62655216913415,1.0030678256242807
2023-05-27,cold_coffee,78,66.64691501070492,66.44307922968797,1.0030678256242807
2023-05-27,croissant,26,33.36820909333184,33.26615433264887,1.0030678256242807
2023-05-27,espresso,50,47.4119192623223,47.26691261661641,1.0030678256242807
2023-05-27,hot_chocolate,35,24.905983771268943,24.829810243158953,1.0030678256242807
2023-05-27,iced_latte,37,49.98518625802869,49.83230942226598,1.0030678256242807
2023-05-27,latte,50,53.08073569586083,52.918391299037935,1.0030678256242807
2023-05-27,masala_chai,37,50.66600978170913,50.51105068610496,1.0030678256242807
2023-05-27,sandwich,23,34.727095436499205,34.620884599589324,1.0030678256242807
2023-05-28,americano,46,31.80817404466522,30.145236722204526,1.0551641819165347
2023-05-28,cappuccino,32,47.71226106699782,45.21785508330678,1.0551641819165347
2023-05-28,cold_coffee,50,81.86429468700209,77.58441396135042,1.0551641819165347
2023-05-28,croissant,32,34.41851528299837,32.619108829568795,1.0551641819165347
2023-05-28,espresso,26,42.410898726220296,40.19364896293937,1.0551641819165347
2023-05-28,hot_chocolate,14,20.31294147641287,19.250977074977758,1.0551641819165347
2023-05-28,iced_latte,70,61.398221015251565,58.18831047101281,1.0551641819165347
2023-05-28,latte,38,53.01362340777537,50.24206120367421,1.0551641819165347
2023-05-28,masala_chai,33,41.50879674931053,39.338709047075994,1.0551641819165347
2023-05-28,sandwich,22,37.28222220607358,35.333100616016424,1.0551641819165347
2023-05-29,americano,24,28.55348637225937,27.499062583936958,1.0383439902761753
2023-05-29,cappuccino,40,42.83022955838905,41.24859387590543,1.0383439902761753
2023-05-29,cold_coffee,43,58.1832221854606,56.03463084520306,1.0383439902761753
2023-05-29,croissant,30,27.27012821661188,26.263096307186853,1.0383439902761753
2023-05-29,espresso,21,42.506808191712985,40.93711582074758,1.0383439902761753
2023-05-29,hot_chocolate,21,22.06292690319452,21.248186641236586,1.0383439902761753
2023-05-29,iced_latte,37,43.637416639095434,42.02597313390228,1.0383439902761753
2023-05-29,latte,48,47.589143953765614,45.83177097322826,1.0383439902761753
2023-05-29,masala_chai,54,45.15250972903013,43.485116832063156,1.0383439902761753
2023-05-29,sandwich,29,32.08250378424927,30.897760361396298,1.0383439902761753
2023-05-30,americano,29,31.69939414535834,29.069431404703725,1.0904717641029973
2023-05-30,cappuccino,29,47.549091218037525,43.604147107055596,1.0904717641029973
2023-05-30,cold_coffee,40,52.463388261764315,48.110726007582386,1.0904717641029973
2023-05-30,croissant,22,28.36938083368381,26.01569501161725,1.0904717641029973
2023-05-30,espresso,49,47.19003659179558,43.274881702795184,1.0904717641029973
2023-05-30,hot_chocolate,24,25.13891916335613,23.053250887275343,1.0904717641029973
2023-05-30,iced_latte,41,39.34754119632324,36.08304450568679,1.0904717641029973
2023-05-30,latte,65,52.83232357559724,48.44905234117288,1.0904717641029973
2023-05-30,masala_chai,60,50.78313900252649,46.569879821051394,1.0904717641029973
2023-05-30,sandwich,37,43.009977006797776,39.44162372895278,1.0904717641029973
2023-05-31,americano,34,34.44092364771695,30.440254793842193,1.1314269174476181
2023-05-31,cappuccino,39,51.661385471575436,45.66038219076329,1.1314269174476181
2023-05-31,cold_coffee,75,59.803458250142725,52.85666915637214,1.1314269174476181
2023-05-31,croissant,41,31.288742038661702,27.65423162217659,1.1314269174476181
2023-05-31,espresso,34,51.27127792216762,45.31558966073594,1.1314269174476181
2023-05-31,hot_chocolate,17,27.14967672209254,23.995961474329597,1.1314269174476181
2023-05-31,iced_latte,32,44.852593687607055,39.642501867279115,1.1314269174476181
2023-05-31,latte,48,57.40153941286159,50.733757989736986,1.1314269174476181
2023-05-31,masala_chai,35,55.00985328172564,48.61989089478458,1.1314269174476181
2023-05-31,sandwich,51,36.81028475136671,32.53439014373716,1.1314269174476181
2023-06-01,americano,25,30.676059856333985,31.728632463454904,0.9668257808358657
2023-06-01,cappuccino,37,46.014089784500975,47.59294869518236,0.9668257808358657
2023-06-01,cold_coffee,40,49.06796298615027,50.75160795125751,0.9668257808358657
2023-06-01,croissant,34,27.013979021271723,27.94089644353183,0.9668257808358657
2023-06-01,espresso,55,45.666626323345085,47.23356289058011,0.9668257808358657
2023-06-01,hot_chocolate,9,24.085311710716837,24.911739206927198,0.9668257808358657
2023-06-01,iced_latte,33,36.800972239612705,38.063705963443134,0.9668257808358657
2023-06-01,latte,67,51.126766427223316,52.88105410575818,0.9668257808358657
2023-06-01,masala_chai,50,48.89862916578126,50.57646386250285,0.9668257808358657
2023-06-01,sandwich,39,31.460130054481624,32.53960607802875,0.9668257808358657
2023-06-02,americano,31,33.93715184045096,33.86161346021065,1.002230796838109
2023-06-02,cappuccino,41,50.905727760676434,50.79242019031597,1.002230796838109
2023-06-02,cold_coffee,50,58.741910644383104,58.61116105163123,1.002230796838109
2023-06-02,croissant,22,29.655228369837502,29.58922082956879,1.002230796838109
2023-06-02,espresso,38,45.24953578726793,45.148817946947524,1.002230796838109
2023-06-02,hot_chocolate,26,22.110336866526623,22.061122983130723,1.002230796838109
2023-06-02,iced_latte,36,44.05643298328733,43.95837078872342,1.002230796838109
2023-06-02,latte,46,56.561919734084924,56.436022433684414,1.002230796838109
2023-06-02,masala_chai,46,44.73214681435368,44.63258059468641,1.002230796838109
2023-06-02,sandwich,42,35.94573135737879,35.86572221765914,1.002230796838109
2023-06-03,americano,25,36.01816305740412,34.90894793402658,1.0317745216920835
2023-06-03,cappuccino,63,54.02724458610619,52.36342190103988,1.0317745216920835
2023-06-03,cold_coffee,43,78.199931866346,75.79168725556447,1.0317745216920835
2023-06-03,croissant,41,36.75424650137547,35.62236295687885,1.0317745216920835
2023-06-03,espresso,59,48.024217409872165,46.545263912035445,1.0317745216920835
2023-06-03,hot_chocolate,21,23.163047588278193,22.44971852017764,1.0317745216920835
2023-06-03,iced_latte,63,58.649948899759494,56.84376544167334,1.0317745216920835
2023-06-03,latte,57,60.030271762340206,58.181579890044304,1.0317745216920835
2023-06-03,masala_chai,40,47.167514949479525,45.71494445523429,1.0317745216920835
2023-06-03,sandwich,34,39.41014776371262,38.19647310061602,1.0317745216920835
2023-06-04,americano,36,34.27722227763453,33.647621622871725,1.0187115945911267
2023-06-04,cappuccino,47,51.41583341645179,50.47143243430758,1.0187115945911267
2023-06-04,cold_coffee,51,65.47880455671921,64.27609630083772,1.0187115945911267
2023-06-04,croissant,23,33.60623077414105,32.98895482546202,1.0187115945911267
2023-06-04,espresso,20,45.702963036846036,44.8634954971623,1.0187115945911267
2023-06-04,hot_chocolate,22,22.39899186745208,21.987569383111037,1.0187115945911267
2023-06-04,iced_latte,45,49.10910341753941,48.20707222562829,1.0187115945911267
2023-06-04,latte,54,57.12870379605755,56.07936937145288,1.0187115945911267
2023-06-04,masala_chai,51,45.24821095647379,44.417096258372084,1.0187115945911267
2023-06-04,sandwich,44,36.03465304453353,35.37277207392197,1.0187115945911267
2023-06-05,americano,32,22.964531645784394,26.432336672195458,0.8688044470143688
2023-06-05,cappuccino,36,34.44679746867659,39.648505008293185,0.8688044470143688
2023-06-05,cold_coffee,54,53.313884567232456,61.364654325199055,0.8688044470143688
2023-06-05,croissant,13,20.319459656739475,23.38784029774127,0.8688044470143688
2023-06-05,espresso,28,30.619375527712528,35.24311556292728,0.8688044470143688
2023-06-05,hot_chocolate,17,14.886962280933231,17.134997791611237,0.8688044470143688
2023-06-05,iced_latte,29,31.02868081812929,35.71422881726585,0.8688044470143688
2023-06-05,latte,32,38.27421940964066,44.0538944536591,0.8688044470143688
2023-06-05,masala_chai,26,30.193691014739702,34.75314970877485,0.8688044470143688
2023-06-05,sandwich,19,24.629648068775122,28.34889733059548,0.8688044470143688
2023-06-06,americano,42,28.879036586803828,27.482284809320035,1.0508237137914427
2023-06-06,cappuccino,34,43.318554880205745,41.22342721398005,1.0508237137914427
2023-06-06,cold_coffee,65,54.15005926322266,51.531059446541796,1.0508237137914427
2023-06-06,croissant,26,25.874141224360223,24.62272299794661,1.0508237137914427
2023-06-06,espresso,25,38.505382115738435,36.643046412426706,1.0508237137914427
2023-06-06,hot_chocolate,20,18.62772097434342,17.726780172416692,1.0508237137914427
2023-06-06,iced_latte,47,40.61254444741699,38.648294584906346,1.0508237137914427
2023-06-06,latte,38,48.13172764467305,45.80380801553339,1.0508237137914427
2023-06-06,masala_chai,33,37.87525614599719,36.043396859917365,1.0508237137914427
2023-06-06,sandwich,61,31.36259542346694,29.845724845995893,1.0508237137914427
2023-06-07,americano,22,26.893215999731158,27.281307537577327,0.9857744524410492
2023-06-07,cappuccino,53,40.33982399959673,40.921961306365986,0.9857744524410492
2023-06-07,cold_coffee,47,51.651393510253406,52.39676619976336,0.9857744524410492
2023-06-07,croissant,17,24.276338916254158,24.626666735112938,0.9857744524410492
2023-06-07,espresso,31,46.20827491362742,46.87509886181672,0.9857744524410492
2023-06-07,hot_chocolate,14,17.29485318312379,17.544432339767955,0.9857744524410492
2023-06-07,iced_latte,30,38.73854513269006,39.29757464982252,0.9857744524410492
2023-06-07,latte,42,44.82202666621859,45.468845895962204,0.9857744524410492
2023-06-07,masala_chai,26,35.217958386307636,35.72618290025499,0.9857744524410492
2023-06-07,sandwich,24,29.425865353035345,29.85050513347023,0.9857744524410492
2023-06-08,americano,32,30.54115038638089,27.28567639137468,1.1193107309604868
2023-06-08,cappuccino,72,45.81172557957134,40.92851458706202,1.1193107309604868
2023-06-08,cold_coffee,41,58.657654661999395,52.405157066317884,1.1193107309604868
2023-06-08,croissant,34,27.56930661172992,24.630610472279262,1.1193107309604868
2023-06-08,espresso,51,40.72153384850785,36.380901855166236,1.1193107309604868
2023-06-08,hot_chocolate,27,19.640816181353767,17.547241921374123,1.1193107309604868
2023-06-08,iced_latte,39,43.993240996499544,39.30386779973841,1.1193107309604868
2023-06-08,latte,25,65.59525426628198,58.603256854327064,1.1193107309604868
2023-06-08,masala_chai,44,39.99510372386396,35.73190412419609,1.1193107309604868
2023-06-08,sandwich,36,33.41734134755142,29.855285420944558,1.1193107309604868
2023-06-09,americano,25,29.319850472509476,30.5096136637003,0.9610036625076515
2023-06-09,cappuccino,43,56.67496869686109,58.97476867983305,0.9610036625076515
2023-06-09,cold_coffee,62,48.42366172363035,50.38863389685032,0.9610036625076515
2023-06-09,croissant,30,26.079164736383774,27.13742491712526,0.9610036625076515
2023-06-09,espresso,42,43.64767384257073,45.4188423472561,0.9610036625076515
2023-06-09,hot_chocolate,13,22.928585749967795,23.858999340478828,0.9610036625076515
2023-06-09,iced_latte,31,36.31774629272277,37.791475422637745,0.9610036625076515
2023-06-09,latte,47,48.866417454182454,50.849356106167164,0.9610036625076515
2023-06-09,masala_chai,47,46.643407486225826,48.53613914905809,0.9610036625076515
2023-06-09,sandwich,33,30.371457447006648,31.60389354579055,0.9610036625076515
2023-06-10,americano,25,30.25358742761579,32.983347540311776,0.9172382333430616
2023-06-10,cappuccino,46,45.38038114142368,49.47502131046766,0.9172382333430616
2023-06-10,cold_coffee,37,53.83591921931252,58.69349669725012,0.9172382333430616
2023-06-10,croissant,28,29.966767707958248,32.67064827720739,0.9172382333430616
2023-06-10,espresso,48,45.03770296667723,49.10142352279423,0.9172382333430616
2023-06-10,hot_chocolate,20,23.80116219143856,25.948724471166422,0.9172382333430616
2023-06-10,iced_latte,35,40.37693941448439,44.02012252293759,0.9172382333430616
2023-06-10,latte,69,64.97763622769715,70.84052306767994,0.9172382333430616
2023-06-10,masala_chai,27,48.27344379856591,52.629122995258825,0.9172382333430616
2023-06-10,sandwich,39,30.872112260038346,33.657681437371664,0.9172382333430616
2023-06-11,americano,28,32.20735387505671,33.01834349684434,0.9754382099191277
2023-06-11,cappuccino,46,48.31103081258507,49.52751524526651,0.9754382099191277
2023-06-11,cold_coffee,42,65.59111491242012,67.24271639703164,0.9754382099191277
2023-06-11,croissant,37,32.21477625286544,33.02595277207392,0.9754382099191277
2023-06-11,espresso,35,42.94313850007562,44.02445799579245,0.9754382099191277
2023-06-11,hot_chocolate,35,20.878704155704142,21.40443540491936,0.9754382099191277
2023-06-11,iced_latte,40,49.193336184315086,50.43203729777373,0.9754382099191277
2023-06-11,latte,40,53.67892312509452,55.03057249474057,0.9754382099191277
2023-06-11,masala_chai,53,42.346123417864526,43.412409917154456,0.9754382099191277
2023-06-11,sandwich,28,34.54265052754802,35.41244353182751,0.9754382099191277
2023-06-12,americano,30,31.16766558853814,35.38791624904116,0.8807431714599084
2023-06-12,cappuccino,39,36.2791627450584,41.191534513883916,0.8807431714599084
2023-06-12,cold_coffee,47,37.17000931712659,42.203005963150495,0.8807431714599084
2023-06-12,croissant,23,21.034214455185314,23.882347472895276,0.8807431714599084
2023-06-12,espresso,40,36.00521005982063,40.88048732769493,0.8807431714599084
2023-06-12,hot_chocolate,16,19.08491209565505,21.669100271331253,0.8807431714599084
2023-06-12,iced_latte,27,27.87750698784494,31.652254472362863,0.8807431714599084
2023-06-12,latte,41,40.31018082784266,45.76837168209323,0.8807431714599084
2023-06-12,masala_chai,40,38.64994147521503,43.88332799804668,0.8807431714599084
2023-06-12,sandwich,33,24.49617369706668,27.8130725174538,0.8807431714599084
2023-06-13,americano,38,27.001927580140226,27.834095918255606,0.9701025554931143
2023-06-13,cappuccino,55,52.19444764202364,53.80302046054564,0.9701025554931143
2023-06-13,cold_coffee,39,42.505439288568,43.815408018342964,0.9701025554931143
2023-06-13,croissant,28,23.659865828543477,24.389035669034904,0.9701025554931143
2023-06-13,espresso,23,40.197044294059886,41.435870946270484,0.9701025554931143
2023-06-13,hot_chocolate,17,21.243009919205583,21.897695041538693,0.9701025554931143
2023-06-13,iced_latte,35,31.879079466426006,32.86155601375723,0.9701025554931143
2023-06-13,latte,51,45.00321263356705,46.39015986375935,0.9701025554931143
2023-06-13,masala_chai,53,43.08500724456297,44.4128375918589,0.9701025554931143
2023-06-13,sandwich,24,27.553973276259786,28.4031550275154,0.9701025554931143
2023-06-14,americano,34,30.46195813840743,28.771373667943532,1.0587592545971314
2023-06-14,cappuccino,35,45.692937207611145,43.1570605019153,1.0587592545971314
2023-06-14,cold_coffee,34,47.570005528268794,44.92995487096796,1.0587592545971314
2023-06-14,croissant,38,26.62499838510272,25.147358353182756,1.0587592545971314
2023-06-14,espresso,37,45.34789884682012,42.83117115616189,1.0587592545971314
2023-06-14,hot_chocolate,30,30.91374882484093,29.19809077522909,1.0587592545971314
2023-06-14,iced_latte,26,35.67750414620158,33.69746615322595,1.0587592545971314
2023-06-14,latte,61,50.76993023067905,47.95228944657256,1.0587592545971314
2023-06-14,masala_chai,50,48.63023478998734,45.93134329530998,1.0587592545971314
2023-06-14,sandwich,32,31.007128244088722,29.286287802874742,1.0587592545971314
2023-06-15,americano,29,26.802932841330563,27.316258367956156,0.9812080585960573
2023-06-15,cappuccino,25,40.204399261995846,40.974387551934235,0.9812080585960573
2023-06-15,cold_coffee,40,51.47799472663659,52.463893132199594,0.9812080585960573
2023-06-15,croissant,24,24.194840870360927,24.65821663244353,0.9812080585960573
2023-06-15,espresso,32,35.73724378844075,36.421677823941536,0.9812080585960573
2023-06-15,hot_chocolate,20,17.236792668179696,17.566908992617357,0.9812080585960573
2023-06-15,iced_latte,36,38.60849604497744,39.3479198491497,0.9812080585960573
2023-06-15,latte,65,44.67155473555094,45.52709727992693,0.9812080585960573
2023-06-15,masala_chai,22,45.23160857331861,46.09787718013383,0.9812080585960573
2023-06-15,sandwich,22,29.32707984286173,29.888747433264886,0.9812080585960573
2023-06-16,americano,27,25.098550356290026,29.212685033925663,0.8591661576860273
2023-06-16,cappuccino,48,37.64782553443504,43.8190275508885,0.8591661576860273
2023-06-16,cold_coffee,41,49.772031177932824,57.93062346866956,0.8591661576860273
2023-06-16,croissant,19,22.884005050193863,26.635133199178647,0.8591661576860273
2023-06-16,espresso,38,33.464733808386704,38.95024671190089,0.8591661576860273
2023-06-16,hot_chocolate,15,16.076281413570825,18.711492846585937,0.8591661576860273
2023-06-16,iced_latte,21,37.32902338344962,43.44796760150217,0.8591661576860273
2023-06-16,latte,38,41.83091726048338,48.68780838987611,0.8591661576860273
2023-06-16,masala_chai,21,32.802087681544364,38.178980151976056,0.8591661576860273
2023-06-16,sandwich,40,35.7450875510682,41.60439425051335,0.8591661576860273
2023-06-17,americano,30,34.292389913335434,32.557997594450526,1.0532708534624542
2023-06-17,cappuccino,57,51.438584870003154,48.83699639167579,1.0532708534624542
2023-06-17,cold_coffee,70,73.27129312784614,69.56548060451767,1.0532708534624542
2023-06-17,croissant,27,34.81867534162811,33.05766529774127,1.0532708534624542
2023-06-17,espresso,37,45.723186551113905,43.41066345926736,1.0532708534624542
2023-06-17,hot_chocolate,10,22.09736461076579,20.97975514856824,1.0532708534624542
2023-06-17,iced_latte,56,54.953469845884605,52.17411045338826,1.0532708534624542
2023-06-17,latte,42,57.1539831888924,54.26332932408421,1.0532708534624542
2023-06-17,masala_chai,37,44.95246209911148,42.67891962579015,1.0532708534624542
2023-06-17,sandwich,30,37.33471015652431,35.44644763860369,1.0532708534624542
2023-06-18,americano,32,34.235116749769794,34.04699290659279,1.005525417287016
2023-06-18,cappuccino,41,51.35267512465469,51.07048935988919,1.005525417287016
2023-06-18,cold_coffee,62,60.921005953890855,60.586241686719724,1.005525417287016
2023-06-18,croissant,50,33.91055006450955,33.724209733059546,1.005525417287016
2023-06-18,espresso,44,50.96489872134014,50.68484380916726,1.005525417287016
2023-06-18,hot_chocolate,25,26.9335188216494,26.78551765933285,1.005525417287016
2023-06-18,iced_latte,48,45.69075446541816,45.43968126503981,1.005525417287016
2023-06-18,latte,43,57.05852791628299,56.744988177654655,1.005525417287016
2023-06-18,masala_chai,51,54.62647986165107,54.32630436039843,1.005525417287016
2023-06-18,sandwich,32,34.93504266438344,34.743072689938394,1.005525417287016
2023-06-19,americano,23,29.047757457100936,29.869751847116348,0.9724807091058988
2023-06-19,cappuccino,51,43.571636185651414,44.80462777067453,0.9724807091058988
2023-06-19,cold_coffee,19,37.73790700131161,38.8058155271871,0.9724807091058988
2023-06-19,croissant,22,23.97024373563127,24.64855447638604,0.9724807091058988
2023-06-19,espresso,57,43.24261627917939,44.46629724813437,0.9724807091058988
2023-06-19,hot_chocolate,31,23.407603964238707,24.0699931063514,0.9724807091058988
2023-06-19,iced_latte,30,28.303430250983705,29.104361645390323,0.9724807091058988
2023-06-19,latte,37,48.41292909516824,49.78291974519392,0.9724807091058988
2023-06-19,masala_chai,39,46.90893203720173,48.23636252931939,0.9724807091058988
2023-06-19,sandwich,26,27.915435366510568,28.70538726899384,0.9724807091058988
2023-06-20,americano,26,31.487116264452652,31.18324791598188,1.00974460227137
2023-06-20,cappuccino,60,47.230674396678985,46.77487187397283,1.00974460227137
2023-06-20,cold_coffee,32,44.56304861233512,44.13299017602349,1.00974460227137
2023-06-20,croissant,22,24.654276815812338,24.416349203901436,1.00974460227137
2023-06-20,espresso,56,46.874024212453776,46.42166356424486,1.00974460227137
2023-06-20,hot_chocolate,46,33.39148256545372,33.06923601308811,1.00974460227137
2023-06-20,iced_latte,31,25.935694292379047,25.685400282445677,1.00974460227137
2023-06-20,latte,61,52.478527107421094,51.9720798599698,1.00974460227137
2023-06-20,masala_chai,39,51.38494733733542,50.88905374858904,1.00974460227137
2023-06-20,sandwich,51,37.000066277535964,36.642994866529776,1.00974460227137
2023-06-21,americano,35,29.171800424258997,30.675344932619726,0.9509852452624948
2023-06-21,cappuccino,45,43.75770063638849,46.013017398929584,0.9509852452624948
2023-06-21,cold_coffee,36,41.055561155091986,43.17160687783296,0.9509852452624948
2023-06-21,croissant,32,24.68200501362867,25.954140862422996,0.9509852452624948
2023-06-21,espresso,49,43.42727571248913,45.66556203561513,0.9509852452624948
2023-06-21,hot_chocolate,26,23.273657572886826,24.473205750382316,0.9509852452624948
2023-06-21,iced_latte,34,30.791670866318977,32.37870515837471,0.9509852452624948
2023-06-21,latte,36,48.619667373765,51.12557488769954,0.9509852452624948
2023-06-21,masala_chai,17,46.87428942663318,49.290238371358484,0.9509852452624948
2023-06-21,sandwich,43,28.7443433313798,30.225856262833677,0.9509852452624948
2023-06-22,americano,22,26.50482503557329,29.983876816141827,0.8839692478093564
2023-06-22,cappuccino,37,39.757237553359936,44.97581522421274,0.8839692478093564
2023-06-22,cold_coffee,29,36.41754226544174,41.19774794846237,0.8839692478093564
2023-06-22,croissant,28,22.257938369647317,25.17953924845996,0.8839692478093564
2023-06-22,espresso,53,39.457021088555706,44.6361920240299,0.8839692478093564
2023-06-22,hot_chocolate,21,21.20944145515897,23.99341550367277,0.8839692478093564
2023-06-22,iced_latte,40,27.313156699081315,30.89831096134679,0.8839692478093564
2023-06-22,latte,66,56.92617060904917,64.39836085941116,0.8839692478093564
2023-06-22,masala_chai,60,42.6528295297881,48.25148571117141,0.8839692478093564
2023-06-22,sandwich,31,25.92130671687982,29.323765256673507,0.8839692478093564
2023-06-23,americano,42,33.56721428803893,33.556808903099814,1.0003100826711255
2023-06-23,cappuccino,52,50.35082143205842,50.33521335464973,1.0003100826711255
2023-06-23,cold_coffee,32,45.38917411756235,45.37510408408536,1.0003100826711255
2023-06-23,croissant,27,28.048124241463615,28.03942970020534,1.0003100826711255
2023-06-23,espresso,55,49.97061026698353,49.95512004992205,1.0003100826711255
2023-06-23,hot_chocolate,17,26.91461550353452,26.906272334738933,1.0003100826711255
2023-06-23,iced_latte,35,34.04188058817176,34.03132806306402,1.0003100826711255
2023-06-23,latte,64,55.94535714673156,55.92801483849969,1.0003100826711255
2023-06-23,masala_chai,59,54.07200838601678,54.05524679070357,1.0003100826711255
2023-06-23,sandwich,45,32.664482182572,32.65435663244353,1.0003100826711255
2023-06-24,americano,50,39.279772154975426,36.45944003855218,1.077355332759939
2023-06-24,cappuccino,58,58.91965823246315,54.689160057828275,1.077355332759939
2023-06-24,cold_coffee,57,56.31921653034191,52.275433014347186,1.077355332759939
2023-06-24,croissant,52,36.36780617084221,33.75655650924024,1.077355332759939
2023-06-24,espresso,44,58.474741719380894,54.276189054155346,1.077355332759939
2023-06-24,hot_chocolate,22,31.74798706809186,29.468445648995626,1.077355332759939
2023-06-24,iced_latte,62,42.239412397756425,39.20657476076038,1.077355332759939
2023-06-24,latte,63,65.46628692495904,60.76573339758696,1.077355332759939
2023-06-24,masala_chai,56,63.527730061571575,58.966367111979665,1.077355332759939
2023-06-24,sandwich,30,37.46653645462696,34.77639671457905,1.077355332759939
2023-06-25,americano,25,35.585678942112125,34.497984319075236,1.031529222489543
2023-06-25,cappuccino,61,53.37851841316819,51.74697647861286,1.031529222489543
2023-06-25,cold_coffee,48,55.27216286528657,53.5827407117852,1.031529222489543
2023-06-25,croissant,35,33.781642529460086,32.749089209445586,1.031529222489543
2023-06-25,espresso,47,52.97544437984328,51.35622261092106,1.031529222489543
2023-06-25,hot_chocolate,47,36.69592376357074,35.57429393518005,1.031529222489543
2023-06-25,iced_latte,43,41.45412214896492,40.187055533838894,1.031529222489543
2023-06-25,latte,43,59.309464903520194,57.49664053179205,1.031529222489543
2023-06-25,masala_chai,57,57.26617306782943,55.51580296447681,1.031529222489543
2023-06-25,sandwich,51,34.80224062407012,33.738492197125254,1.031529222489543
2023-06-26,americano,27,26.230934772503318,27.95081967601608,0.9384674609385943
2023-06-26,cappuccino,54,50.70412649324094,54.02864628095892,0.9384674609385943
2023-06-26,cold_coffee,24,39.94815723500972,42.5674398929678,0.9384674609385943
2023-06-26,croissant,18,22.022563427710125,23.466517854209442,0.9384674609385943
2023-06-26,espresso,35,34.974579696671086,37.26775956802144,0.9384674609385943
2023-06-26,hot_chocolate,20,22.377971984607502,23.845229500260462,0.9384674609385943
2023-06-26,iced_latte,39,29.96111792625729,31.92557991972585,0.9384674609385943
2023-06-26,latte,55,43.71822462083885,46.5846994600268,0.9384674609385943
2023-06-26,masala_chai,46,34.85238263732939,37.13755040848438,0.9384674609385943
2023-06-26,sandwich,26,26.694016276012277,28.444264065708417,0.9384674609385943
2023-06-27,americano,24,29.621403294418496,29.32672033382896,1.0100482753350914
2023-06-27,cappuccino,37,44.43210494162774,43.99008050074343,1.0100482753350914
2023-06-27,cold_coffee,50,51.2043115667924,50.69491510176082,1.0100482753350914
2023-06-27,croissant,15,24.689279392165226,24.44366273876797,1.0100482753350914
2023-06-27,espresso,37,44.09658742858416,43.65790082058679,1.0100482753350914
2023-06-27,hot_chocolate,27,23.774577208999023,23.538060298268043,1.0100482753350914
2023-06-27,iced_latte,23,29.800909331873182,29.504440589224803,1.0100482753350914
2023-06-27,latte,72,49.3690054906975,48.87786722304827,1.0100482753350914
2023-06-27,masala_chai,48,47.73973193660397,47.26480219053484,1.0100482753350914
2023-06-27,sandwich,26,28.752814978398,28.46677300533881,1.0100482753350914
2023-06-28,americano,45,36.04235678539819,33.58360932551264,1.0732127221959344
2023-06-28,cappuccino,47,54.06353517809729,50.37541398826897,1.0732127221959344
2023-06-28,cold_coffee,51,48.73603134599936,45.411343285494254,1.0732127221959344
2023-06-28,croissant,22,30.11630611933832,28.061823622176593,1.0732127221959344
2023-06-28,espresso,52,53.65528841839214,49.99501711888614,1.0732127221959344
2023-06-28,hot_chocolate,36,28.899215955071558,26.927761251227025,1.0732127221959344
2023-06-28,iced_latte,35,36.55202350949951,34.05850746412069,1.0732127221959344
2023-06-28,latte,45,60.07059464233031,55.97268220918773,1.0732127221959344
2023-06-28,masala_chai,57,58.05911094166396,54.09841845973217,1.0732127221959344
2023-06-28,sandwich,47,35.0730600082609,32.68043630390144,1.0732127221959344
2023-06-29,americano,18,28.557018913709502,32.06946807881816,0.8904737316978255
2023-06-29,cappuccino,40,42.83552837056425,48.104202118227235,0.8904737316978255
2023-06-29,cold_coffee,45,38.00153478310684,42.6756381804223,0.8904737316978255
2023-06-29,croissant,24,23.742689786991857,26.6629872862423,0.8904737316978255
2023-06-29,espresso,34,42.51206699128274,47.74095571603996,0.8904737316978255
2023-06-29,hot_chocolate,31,22.943218283673325,25.765182584250454,0.8904737316978255
2023-06-29,iced_latte,30,28.50115108733013,32.00672863531672,0.8904737316978255
2023-06-29,latte,39,47.59503152284917,53.449113464696936,0.8904737316978255
2023-06-29,masala_chai,31,46.047320477940275,51.711037438627145,0.8904737316978255
2023-06-29,sandwich,26,27.650428985445064,31.051369626283368,0.8904737316978255
2023-06-30,americano,32,36.78419808690828,34.410409533859365,1.068984606263205
2023-06-30,cappuccino,51,55.17629713036243,51.61561430078905,1.068984606263205
2023-06-30,cold_coffee,41,53.452432637633194,50.00299566939896,1.068984606263205
2023-06-30,croissant,30,31.4355772687212,29.406950375655033,1.068984606263205
2023-06-30,espresso,67,70.56655623385133,66.01269636662707,1.068984606263205
2023-06-30,hot_chocolate,31,37.66724006554867,35.23646631097909,1.068984606263205
2023-06-30,iced_latte,29,40.08932447822488,37.50224675204921,1.068984606263205
2023-06-30,latte,67,61.30699681151381,57.350682556432275,1.068984606263205
2023-06-30,masala_chai,87,58.98806732185497,55.18140015884472,1.068984606263205
2023-06-30,sandwich,46,36.60946610023384,34.246953497494864,1.068984606263205
2023-07-01,americano,30,36.59442090510765,39.333967998383,0.9303516214436343
2023-07-01,cappuccino,84,54.89163135766147,59.0009519975745,0.9303516214436343
2023-07-01,cold_coffee,56,65.01348577392788,69.8805529817274,0.9303516214436343
2023-07-01,croissant,52,33.26984651586336,35.76050790800822,0.9303516214436343
2023-07-01,espresso,63,54.477131444496806,58.55542161571578,0.9303516214436343
2023-07-01,hot_chocolate,39,29.224734875150897,31.412569400161452,0.9303516214436343
2023-07-01,iced_latte,65,48.76011433044592,52.410414736295564,0.9303516214436343
2023-07-01,latte,75,60.990701508512736,65.55661333063833,0.9303516214436343
2023-07-01,masala_chai,45,58.83062872836115,63.234832263819975,0.9303516214436343
2023-07-01,sandwich,36,33.93223260034206,36.472481821108815,0.9303516214436343
2023-07-02,americano,41,40.8186532093821,40.96455553973691,0.9964383275143001
2023-07-02,cappuccino,61,61.227979814073144,61.44683330960536,0.9964383275143001
2023-07-02,cold_coffee,69,54.501887383389224,54.69669911167388,0.9964383275143001
2023-07-02,croissant,32,36.7410568735854,36.872384229979474,0.9964383275143001
2023-07-02,espresso,55,60.765632609436125,60.98283348957597,0.9964383275143001
2023-07-02,hot_chocolate,35,32.72891062914645,32.845896956604925,0.9964383275143001
2023-07-02,iced_latte,33,40.876415537541924,41.02252433375541,0.9964383275143001
2023-07-02,latte,74,68.03108868230349,68.27425923289483,0.9964383275143001
2023-07-02,masala_chai,80,65.75304520965553,65.9880731140502,0.9964383275143001
2023-07-02,sandwich,50,37.472553028534605,37.60649504722793,0.9964383275143001
2023-07-03,americano,41,32.996605633151205,33.84568261616095,0.9749132853179827
2023-07-03,cappuccino,40,49.49490844972681,50.76852392424142,0.9749132853179827
2023-07-03,cold_coffee,45,38.974147550429095,39.97704015051666,0.9749132853179827
2023-07-03,croissant,22,26.273427224214746,26.949501683778234,0.9749132853179827
2023-07-03,espresso,39,49.12116048948075,50.38515858716516,0.9749132853179827
2023-07-03,hot_chocolate,37,26.45709429198838,27.137894918889117,0.9749132853179827
2023-07-03,iced_latte,32,29.23061066282182,29.982780112887493,0.9749132853179827
2023-07-03,latte,73,54.99434272191868,56.409471026934916,0.9749132853179827
2023-07-03,masala_chai,47,53.152838993303206,54.52058125966209,0.9749132853179827
2023-07-03,sandwich,30,30.29171609380053,31.071190176591376,0.9749132853179827
2023-07-04,americano,37,30.178768248747062,33.045478501994815,0.913249546285895
2023-07-04,cappuccino,42,45.26815237312059,49.56821775299222,0.913249546285895
2023-07-04,cold_coffee,39,37.60869389348978,41.18117993755486,0.913249546285895
2023-07-04,croissant,28,22.573846443504653,24.718157852156057,0.913249546285895
2023-07-04,espresso,32,44.92632166480144,49.193916216561846,0.913249546285895
2023-07-04,hot_chocolate,27,24.81028487684025,27.167037725604658,0.913249546285895
2023-07-04,iced_latte,27,21.88825984601105,23.967446723656927,0.913249546285895
2023-07-04,latte,67,50.2979470812451,55.07579750332469,0.913249546285895
2023-07-04,masala_chai,62,63.434521685630926,69.46022797778932,0.913249546285895
2023-07-04,sandwich,34,26.026317076040662,28.498581994250518,0.913249546285895
2023-07-05,americano,35,35.68037273434342,35.03903069520206,1.0183036467167221
2023-07-05,cappuccino,45,53.52055910151513,52.558546042803094,1.0183036467167221
2023-07-05,cold_coffee,25,34.7818117982504,34.156621073091586,1.0183036467167221
2023-07-05,croissant,34,26.75587604316736,26.27494866529774,1.0183036467167221
2023-07-05,espresso,63,53.116412484783076,52.161663818100145,1.0183036467167221
2023-07-05,hot_chocolate,33,29.303893618924345,28.77716652926441,1.0183036467167221
2023-07-05,iced_latte,22,26.0863588486878,25.61746580481869,1.0183036467167221
2023-07-05,latte,48,59.467287890572365,58.39838449200343,1.0183036467167221
2023-07-05,masala_chai,48,58.16987306443588,57.12429023699444,1.0183036467167221
2023-07-05,sandwich,21,30.847951202710604,30.29347022587269,1.0183036467167221
2023-07-06,americano,45,36.67814573726263,35.116208648932655,1.0444790923742688
2023-07-06,cappuccino,73,70.89847758491486,67.87926929561723,1.0444790923742688
2023-07-06,cold_coffee,34,32.22282138310961,30.85061407008345,1.0444790923742688
2023-07-06,croissant,33,34.310012206007066,32.84892197125257,1.0444790923742688
2023-07-06,espresso,36,54.60177035320649,52.2765565647541,1.0444790923742688
2023-07-06,hot_chocolate,40,30.51751358315612,29.2179267215248,1.0444790923742688
2023-07-06,iced_latte,14,24.167116037332214,23.137960552562593,1.0444790923742688
2023-07-06,latte,65,61.13024289543771,58.52701441488775,1.0444790923742688
2023-07-06,masala_chai,49,77.55991031278036,74.25702522821612,1.0444790923742688
2023-07-06,sandwich,24,30.696562449910882,29.389350800821358,1.0444790923742688
2023-07-07,americano,40,37.30341070023137,37.66542049612713,0.990388802484417
2023-07-07,cappuccino,62,55.95511605034705,56.4981307441907,0.990388802484417
2023-07-07,cold_coffee,43,36.95047891900498,37.30906369934081,0.990388802484417
2023-07-07,croissant,24,28.113169226173405,28.385992607802876,0.990388802484417
2023-07-07,espresso,57,55.53258550843503,56.07149976769733,0.990388802484417
2023-07-07,hot_chocolate,33,30.57566414345661,30.87238473088219,0.990388802484417
2023-07-07,iced_latte,24,27.712859189253734,27.98179777450561,0.990388802484417
2023-07-07,latte,68,62.17235116705227,62.77570082687855,0.990388802484417
2023-07-07,masala_chai,47,60.75513368045347,61.344729996994694,0.990388802484417
2023-07-07,sandwich,23,32.4128304019411,32.72737971252567,0.990388802484417
2023-07-08,americano,24,44.931612305658206,49.891281119495346,0.9005904698667054
2023-07-08,cappuccino,53,52.30039672378614,58.073451223092576,0.9005904698667054
2023-07-08,cold_coffee,42,39.67157820194989,44.05063070212324,0.9005904698667054
2023-07-08,croissant,25,29.853274451912053,33.14855691991786,0.9005904698667054
2023-07-08,espresso,57,51.90546384669175,57.63492462270245,0.9005904698667054
2023-07-08,hot_chocolate,27,28.521508573730674,31.669787242976362,0.9005904698667054
2023-07-08,iced_latte,35,29.75368365146242,33.03797302659243,0.9005904698667054
2023-07-08,latte,63,58.111551915317925,64.5260569145473,0.9005904698667054
2023-07-08,masala_chai,57,56.730141749201856,62.992163083402794,0.9005904698667054
2023-07-08,sandwich,23,30.447638287153744,33.8085281889117,0.9005904698667054
2023-07-09,americano,45,36.67226449240143,38.93377190205903,0.941913991396811
2023-07-09,cappuccino,77,55.00839673860214,58.40065785308854,0.941913991396811
2023-07-09,cold_coffee,61,45.20089565270011,47.98834720107455,0.941913991396811
2023-07-09,croissant,33,32.19388139402367,34.17921560574949,0.941913991396811
2023-07-09,espresso,68,54.59301510195681,57.95966043672217,0.941913991396811
2023-07-09,hot_chocolate,34,29.699801860145342,31.53133102535406,0.941913991396811
2023-07-09,iced_latte,40,33.900671739525094,35.99126040080592,0.941913991396811
2023-07-09,latte,63,61.12044082066904,64.88961983676504,0.941913991396811
2023-07-09,masala_chai,80,59.369911342143666,63.03113860120188,0.941913991396811
2023-07-09,sandwich,30,32.834845548474824,34.8597067761807,0.941913991396811
2023-07-10,americano,43,31.26760875812343,33.39700152596696,0.9362400014807355
2023-07-10,cappuccino,53,46.90141313718516,50.09550228895045,0.9362400014807355
2023-07-10,cold_coffee,24,30.237308543990725,32.296535606434354,0.9362400014807355
2023-07-10,croissant,33,23.38830375526555,24.981098562628333,0.9362400014807355
2023-07-10,espresso,37,46.547249283937795,49.71721910014499,0.9362400014807355
2023-07-10,hot_chocolate,25,25.70543218704212,27.456028525150607,0.9362400014807355
2023-07-10,iced_latte,28,22.677981407993045,24.222401704825764,0.9362400014807355
2023-07-10,latte,59,52.11268126353905,55.66166920994493,0.9362400014807355
2023-07-10,masala_chai,60,51.001218228451215,54.474513103252235,0.9362400014807355
2023-07-10,sandwich,28,26.96533844724734,28.801737166324433,0.9362400014807355
2023-07-11,americano,43,35.834352439222414,34.44829466804452,1.0402358893098895
2023-07-11,cappuccino,57,53.751528658833614,51.67244200206677,1.0402358893098895
2023-07-11,cold_coffee,32,33.56221380770425,32.26404140888659,1.0402358893098895
2023-07-11,croissant,32,26.537540649294456,25.511079671457903,1.0402358893098895
2023-07-11,espresso,80,53.34563793541199,51.282250962137454,1.0402358893098895
2023-07-11,hot_chocolate,32,29.577875709939924,28.433815843022295,1.0402358893098895
2023-07-11,iced_latte,18,25.17166035577818,24.19803105666494,1.0402358893098895
2023-07-11,latte,59,59.72392073203734,57.41382444674085,1.0402358893098895
2023-07-11,masala_chai,65,58.567141858559154,56.30178929647737,1.0402358893098895
2023-07-11,sandwich,38,30.596223336833614,29.412774209445587,1.0402358893098895
2023-07-12,americano,34,32.30190806201953,32.773450629979465,0.9856120561339796
2023-07-12,cappuccino,54,48.4528620930293,49.160175944969204,0.9856120561339796
2023-07-12,cold_coffee,28,35.50310466607752,36.02137823408624,0.9856120561339796
2023-07-12,croissant,36,25.14803247180491,25.515142915811087,0.9856120561339796
2023-07-12,espresso,49,48.08698287549833,48.78895563039014,0.9856120561339796
2023-07-12,hot_chocolate,36,26.134229823640396,26.515736755646817,0.9856120561339796
2023-07-12,iced_latte,23,26.627328499558136,27.016033675564678,0.9856120561339796
2023-07-12,latte,56,53.836513436699214,54.62241771663244,0.9856120561339796
2023-07-12,masala_chai,76,67.35626243206289,68.33952772073923,0.9856120561339796
2023-07-12,sandwich,37,28.994202143963303,29.417458891170426,0.9856120561339796
2023-07-13,americano,40,36.23131827662367,36.06191054507299,1.0046976915252157
2023-07-13,cappuccino,71,54.346977414935495,54.09286581760948,1.0046976915252157
2023-07-13,cold_coffee,32,32.34365083746871,32.192420775216796,1.0046976915252157
2023-07-13,croissant,32,26.43204898832279,26.30845995893224,1.0046976915252157
2023-07-13,espresso,53,53.93659031471483,53.68439757518955,1.0046976915252157
2023-07-13,hot_chocolate,34,30.085506120123853,29.944834524752935,1.0046976915252157
2023-07-13,iced_latte,22,24.257738128101536,24.144315581412602,1.0046976915252157
2023-07-13,latte,81,60.38553046103944,60.10318424178831,1.0046976915252157
2023-07-13,masala_chai,50,59.39385157046006,59.1161421703828,1.0046976915252157
2023-07-13,sandwich,17,30.474597657125102,30.3321067761807,1.0046976915252157
2023-07-14,americano,39,36.58746748280649,36.96078368759673,0.9898996674977019
2023-07-14,cappuccino,53,54.881201224209725,55.44117553139509,0.9898996674977019
2023-07-14,cold_coffee,39,38.636584388506506,39.03080853251848,0.9898996674977019
2023-07-14,croissant,28,28.130632957469054,28.417660780287473,0.9898996674977019
2023-07-14,espresso,89,54.46678007149185,55.0225258779757,0.9898996674977019
2023-07-14,hot_chocolate,29,29.74988909931772,30.053438824280427,0.9898996674977019
2023-07-14,iced_latte,43,28.977438291379872,29.27310639938885,0.9898996674977019
2023-07-14,latte,62,60.97911247134414,61.60130614599454,0.9898996674977019
2023-07-14,masala_chai,55,59.351214535095174,59.95679813200156,0.9898996674977019
2023-07-14,sandwich,14,32.432965056846676,32.76389125256674,0.9898996674977019
2023-07-15,americano,41,38.23356377687319,37.61332323337767,1.0164899160770013
2023-07-15,cappuccino,51,57.35034566530979,56.419984850066506,1.0164899160770013
2023-07-15,cold_coffee,40,47.88536528207024,47.108549258291724,1.0164899160770013
2023-07-15,croissant,45,33.73275908849628,33.185532443531834,1.0164899160770013
2023-07-15,espresso,85,73.34700954759978,72.15714429383831,1.0164899160770013
2023-07-15,hot_chocolate,35,30.902386184067588,30.401075008526366,1.0164899160770013
2023-07-15,iced_latte,33,35.91402396155268,35.33141194371879,1.0164899160770013
2023-07-15,latte,71,63.722606294788655,62.68887205562945,1.0164899160770013
2023-07-15,masala_chai,40,61.835682481203534,60.832558693596866,1.0164899160770013
2023-07-15,sandwich,39,34.40436153188715,33.846239876796716,1.0164899160770013
2023-07-16,americano,47,36.51373038920345,39.17256761456527,0.9321250204601549
2023-07-16,cappuccino,62,54.77059558380518,58.75885142184791,0.9321250204601549
2023-07-16,cold_coffee,48,44.29113452434719,47.51630259048549,0.9321250204601549
2023-07-16,croissant,41,31.894833809434882,34.217334702258725,0.9321250204601549
2023-07-16,espresso,47,54.35700964088539,58.31514919967644,0.9321250204601549
2023-07-16,hot_chocolate,35,29.63061169627258,31.788237678294557,0.9321250204601549
2023-07-16,iced_latte,28,33.21835089326039,35.63722694286411,0.9321250204601549
2023-07-16,latte,50,60.85621731533908,65.28761269094211,0.9321250204601549
2023-07-16,masala_chai,60,59.172398193010714,63.481182131340645,0.9321250204601549
2023-07-16,sandwich,44,32.52984407532408,34.89858480492813,0.9321250204601549
2023-07-17,americano,31,29.16872531582651,31.551508035877323,0.9244795932625045
2023-07-17,cappuccino,36,43.75308797373977,47.327262053815986,0.9244795932625045
2023-07-17,cold_coffee,59,39.69374782159764,42.93631585908534,0.9244795932625045
2023-07-17,croissant,26,22.426660333414564,24.25868618069815,0.9244795932625045
2023-07-17,espresso,55,43.42269788116568,46.96988251295654,0.9244795932625045
2023-07-17,hot_chocolate,20,23.71758427177527,25.655065233052362,0.9244795932625045
2023-07-17,iced_latte,23,23.10176123216982,24.988935829987664,0.9244795932625045
2023-07-17,latte,39,48.61454219304419,52.58584672646221,0.9244795932625045
2023-07-17,masala_chai,44,47.31672873364144,51.182015350560505,0.9244795932625045
2023-07-17,sandwich,34,25.85662014911326,27.968838184804923,0.9244795932625045
2023-07-18,americano,21,35.26852721235955,31.900273455356913,1.1055869869490733
2023-07-18,cappuccino,70,52.90279081853935,47.850410183035386,1.1055869869490733
2023-07-18,cold_coffee,27,38.45485024798685,34.78229275663335,1.1055869869490733
2023-07-18,croissant,25,27.389078690405913,24.77333671047228,1.1055869869490733
2023-07-18,espresso,62,52.50330911872296,47.489080224803175,1.1055869869490733
2023-07-18,hot_chocolate,50,36.80793274333888,33.29266098266257,1.1055869869490733
2023-07-18,iced_latte,34,28.84113768599013,26.08671956747501,1.1055869869490733
2023-07-18,latte,60,58.78087868726593,53.16712242559486,1.1055869869490733
2023-07-18,masala_chai,41,57.097355801402095,51.64438119786966,1.1055869869490733
2023-07-18,sandwich,23,31.57799660776211,28.56219997207392,1.1055869869490733
2023-07-19,americano,32,37.92067291296462,35.02955314127749,1.0825337325893645
2023-07-19,cappuccino,49,56.88100936944692,52.54432971191623,1.0825337325893645
2023-07-19,cold_coffee,41,37.262604717038315,34.42165689184401,1.0825337325893645
2023-07-19,croissant,34,28.507003187357288,26.333593429158107,1.0825337325893645
2023-07-19,espresso,99,56.451487184348615,52.14755483814771,1.0825337325893645
2023-07-19,hot_chocolate,31,31.112698999148904,28.740627716726152,1.0825337325893645
2023-07-19,iced_latte,26,27.94695353777874,25.816242668883007,1.0825337325893645
2023-07-19,latte,100,63.20112152160769,58.38258856879581,1.0825337325893645
2023-07-19,masala_chai,54,61.791341183558536,57.080291655906976,1.0825337325893645
2023-07-19,sandwich,36,32.86689779248252,30.3610841889117,1.0825337325893645
2023-07-20,americano,42,33.24993018161094,34.513520266307786,0.963388548170487
2023-07-20,cappuccino,63,49.874895272416396,51.77028039946167,0.963388548170487
2023-07-20,cold_coffee,34,34.279465921669264,35.58218123597932,0.963388548170487
2023-07-20,croissant,21,25.373517891393742,26.337782340862425,0.963388548170487
2023-07-20,espresso,46,49.49827794026223,51.379350558257535,0.963388548170487
2023-07-20,hot_chocolate,33,27.11731105488734,28.147844508204077,0.963388548170487
2023-07-20,iced_latte,15,25.709599441251946,26.68663592698449,0.963388548170487
2023-07-20,latte,61,55.41655030268489,57.52253377717963,0.963388548170487
2023-07-20,masala_chai,42,54.01811692038786,56.070956025967305,0.963388548170487
2023-07-20,sandwich,34,29.25417356890102,30.365913757700206,0.963388548170487
2023-07-21,americano,28,35.16406979716556,36.90958277977412,0.9527084065668422
2023-07-21,cappuccino,57,52.74610469574835,55.36437416966119,0.9527084065668422
2023-07-21,cold_coffee,36,37.43172711256329,39.28980457667146,0.9527084065668422
2023-07-21,croissant,15,27.10391485449141,28.449328952772074,0.9527084065668422
2023-07-21,espresso,54,52.34780617053772,54.946304461799656,0.9527084065668422
2023-07-21,hot_chocolate,30,28.563922139459056,29.981809693892952,0.9527084065668422
2023-07-21,iced_latte,35,28.07379533442247,29.467353432503597,0.9527084065668422
2023-07-21,latte,72,58.606782995275935,61.51597129962354,0.9527084065668422
2023-07-21,masala_chai,56,57.013702769916456,59.843811996337585,0.9527084065668422
2023-07-21,sandwich,22,31.249219479295977,32.8004027926078,0.9527084065668422
2023-07-22,americano,30,38.22831130669066,41.323490780036295,0.9250987896975793
2023-07-22,cappuccino,52,57.34246696003598,61.98523617005444,0.9250987896975793
2023-07-22,cold_coffee,41,39.19983522377093,42.373674747305216,0.9250987896975793
2023-07-22,croissant,48,31.68464114548944,34.25000821355236,0.9250987896975793
2023-07-22,espresso,38,56.909460197662455,61.5171707405071,0.9250987896975793
2023-07-22,hot_chocolate,26,31.680331020025736,34.245349116046555,0.9250987896975793
2023-07-22,iced_latte,21,29.399876417828196,31.780256060478905,0.9250987896975793
2023-07-22,latte,48,63.713852177817756,68.87248463339382,0.9250987896975793
2023-07-22,masala_chai,71,62.60487786997956,67.67372151729384,0.9250987896975793
2023-07-22,sandwich,56,32.31546658006027,34.93190882956878,0.9250987896975793
2023-07-23,americano,62,46.458056077007,40.91882003642509,1.135371353222087
2023-07-23,cappuccino,86,69.6870841155105,61.378230054637626,1.135371353222087
2023-07-23,cold_coffee,39,49.18782109815154,43.323112705425146,1.135371353222087
2023-07-23,croissant,31,38.892660934743866,34.25545379876797,1.135371353222087
2023-07-23,espresso,43,69.16086017936315,60.914748274289764,1.135371353222087
2023-07-23,hot_chocolate,43,38.346740343689895,33.77462381349073,1.135371353222087
2023-07-23,iced_latte,25,36.89086582361365,32.492334529068856,1.135371353222087
2023-07-23,latte,96,77.43009346167833,68.1980333940418,1.135371353222087
2023-07-23,masala_chai,61,75.93036780418538,66.87712138297437,1.135371353222087
2023-07-23,sandwich,50,39.666994455616596,34.93746283367556,1.135371353222087
2023-07-24,americano,50,35.74599954306294,33.04051771256774,1.081883760237392
2023-07-24,cappuccino,78,53.618999314594426,49.56077656885162,1.081883760237392
2023-07-24,cold_coffee,32,32.68552137400174,30.21167575972277,1.081883760237392
2023-07-24,croissant,30,26.274311744821816,24.285706755646817,1.081883760237392
2023-07-24,espresso,61,53.21410935213254,49.186531222592755,1.081883760237392
2023-07-24,hot_chocolate,47,29.59359648469777,27.35376717199656,1.081883760237392
2023-07-24,iced_latte,15,24.514141030501307,22.658756819792078,1.081883760237392
2023-07-24,latte,73,76.77405400142386,70.96331123833279,1.081883760237392
2023-07-24,masala_chai,47,58.51043904369605,54.082001407302215,1.081883760237392
2023-07-24,sandwich,25,30.29273589402986,27.999991318275157,1.081883760237392
2023-07-25,americano,53,42.6153635609552,36.84378118544554,1.1566501099998285
2023-07-25,cappuccino,64,63.923045341432804,55.26567177816832,1.1566501099998285
2023-07-25,cold_coffee,39,32.417833293037845,28.027346396952012,1.1566501099998285
2023-07-25,croissant,21,29.573189636599086,25.567965092402464,1.1566501099998285
2023-07-25,espresso,78,63.44034704867117,54.8483473958089,1.1566501099998285
2023-07-25,hot_chocolate,36,36.10150218309296,31.21212013121091,1.1566501099998285
2023-07-25,iced_latte,27,24.313374969778383,21.02050979771401,1.1566501099998285
2023-07-25,latte,95,71.02560593492534,61.40630197574258,1.1566501099998285
2023-07-25,masala_chai,66,70.56128738279162,61.00486808651414,1.1566501099998285
2023-07-25,sandwich,32,34.09614805160835,29.478359753593427,1.1566501099998285
2023-07-26,americano,35,35.39704375191035,38.17973808880105,0.9271159396007768
2023-07-26,cappuccino,59,53.095565627865525,57.269607133201575,0.9271159396007768
2023-07-26,cold_coffee,16,26.499401643534235,28.582618970983372,0.9271159396007768
2023-07-26,croissant,6,24.441479462813295,26.362915811088293,0.9271159396007768
2023-07-26,espresso,53,52.694628239089845,56.837150552907715,0.9271159396007768
2023-07-26,hot_chocolate,28,30.046553066133285,32.40862526759227,0.9271159396007768
2023-07-26,iced_latte,22,19.874551232650678,21.436964228237528,0.9271159396007768
2023-07-26,latte,62,58.99507291985058,63.63289681466841,0.9271159396007768
2023-07-26,masala_chai,68,58.668040771897246,63.280155443298874,0.9271159396007768
2023-07-26,sandwich,31,28.179588086537684,30.394891170431208,0.9271159396007768
2023-07-27,americano,46,41.329021117579565,43.29804098556481,0.9545240425856287
2023-07-27,cappuccino,54,48.10698058086261,50.398919707197436,0.9545240425856287
2023-07-27,cold_coffee,39,32.800902535030126,34.36362110500492,0.9545240425856287
2023-07-27,croissant,24,24.41299432954026,25.576091581108827,0.9545240425856287
2023-07-27,espresso,45,47.74371319783559,50.01834534047641,0.9545240425856287
2023-07-27,hot_chocolate,26,26.182253288552854,27.429642544812157,0.9545240425856287
2023-07-27,iced_latte,26,24.600676901272596,25.772715828753693,0.9545240425856287
2023-07-27,latte,51,53.452200645402904,55.99879967466382,0.9545240425856287
2023-07-27,masala_chai,47,52.12939569374578,54.61297292474363,0.9545240425856287
2023-07-27,sandwich,27,28.14674640346995,29.48772911704312,0.9545240425856287
2023-07-28,americano,28,34.7486742675977,36.400544641696094,0.95461962477874
2023-07-28,cappuccino,41,52.12301140139656,54.60081696254415,0.95461962477874
2023-07-28,cold_coffee,26,38.80834369277008,40.65320121798775,0.95461962477874
2023-07-28,croissant,30,27.188518789036895,28.48099712525667,0.95461962477874
2023-07-28,espresso,58,51.7294180035435,54.18851305883561,0.95461962477874
2023-07-28,hot_chocolate,26,28.057642694257794,29.391437139961315,0.95461962477874
2023-07-28,iced_latte,38,29.106257769577557,30.48990091349081,0.95461962477874
2023-07-28,latte,38,57.91445711266284,60.66757440282683,0.95461962477874
2023-07-28,masala_chai,59,56.17142874090169,58.841686555439296,0.95461962477874
2023-07-28,sandwich,30,31.34676283912489,32.83691433264887,0.95461962477874
2023-07-29,americano,47,39.783002538136024,38.968436920141656,1.0209032150728463
2023-07-29,cappuccino,49,59.67450380720402,58.45265538021247,1.0209032150728463
2023-07-29,cold_coffee,53,48.64436223206124,47.648358349611264,1.0209032150728463
2023-07-29,croissant,42,34.83753618169075,34.12423006151952,1.0209032150728463
2023-07-29,espresso,65,59.22388727360054,58.011265318010224,1.0209032150728463
2023-07-29,hot_chocolate,38,32.25133346463423,31.590980406828226,1.0209032150728463
2023-07-29,iced_latte,19,36.48327167404593,35.73626876220845,1.0209032150728463
2023-07-29,latte,73,66.30500423022669,64.94739486690274,1.0209032150728463
2023-07-29,masala_chai,101,83.03891301923312,81.33867323878287,1.0209032150728463
2023-07-29,sandwich,44,45.78754405556452,44.85003414579056,1.0209032150728463
2023-07-30,americano,32,38.571783265893835,40.821304281412736,0.9448934556325976
2023-07-30,cappuccino,58,74.55885940572261,78.90716033778234,0.9448934556325976
2023-07-30,cold_coffee,56,61.75777836516604,65.35951540041069,0.9448934556325976
2023-07-30,croissant,25,33.9461921747196,35.92594696509241,0.9448934556325976
2023-07-30,espresso,48,57.42077767738239,60.7695791891581,0.9448934556325976
2023-07-30,hot_chocolate,39,31.206944389881734,33.02694521149897,0.9448934556325976
2023-07-30,iced_latte,46,35.94302700852663,38.039237963039014,0.9448934556325976
2023-07-30,latte,67,64.28630544315638,68.03550713568788,0.9448934556325976
2023-07-30,masala_chai,59,62.41388877976347,66.05389042299794,0.9448934556325976
2023-07-30,sandwich,14,34.622043964623515,36.64121468747433,0.9448934556325976
2023-07-31,americano,33,34.178461856595966,34.1672253053702,1.0003288692928776
2023-07-31,cappuccino,55,51.26769278489395,51.25083795805531,1.0003288692928776
2023-07-31,cold_coffee,42,39.72932268900826,39.71626123026172,1.0003288692928776
2023-07-31,croissant,13,27.078743178601933,27.069840739219718,1.0003288692928776
2023-07-31,espresso,32,50.880558103670374,50.8638305516838,1.0003288692928776
2023-07-31,hot_chocolate,38,27.459585797298573,27.450558151650146,1.0003288692928776
2023-07-31,iced_latte,37,29.796992016756185,29.787195922696284,1.0003288692928776
2023-07-31,latte,57,56.96410309432661,56.945375508950335,1.0003288692928776
2023-07-31,masala_chai,36,55.11172546789113,55.09360687235694,1.0003288692928776
2023-07-31,sandwich,22,31.220198017682222,31.209934028747433,1.0003288692928776
2023-08-01,americano,38,34.36421768896377,33.58674291675629,1.023148263412574
2023-08-01,cappuccino,40,51.54632653344564,50.380114375134426,1.023148263412574
2023-08-01,cold_coffee,70,54.390136051862335,53.1595839985608,1.023148263412574
2023-08-01,croissant,43,27.166537178673025,26.551906649445584,1.023148263412574
2023-08-01,espresso,48,45.81895691861836,44.782323889008396,1.023148263412574
2023-08-01,hot_chocolate,17,22.863705290816778,22.34642437309912,1.023148263412574
2023-08-01,iced_latte,33,31.655059182183876,30.938877887162384,1.023148263412574
2023-08-01,latte,39,57.27369614827295,55.977904861260484,1.023148263412574
2023-08-01,masala_chai,47,45.773160863543616,44.73756394881947,1.023148263412574
2023-08-01,sandwich,36,32.27707387565112,31.546819781519506,1.023148263412574
2023-08-02,americano,39,39.30504830876081,34.804593343737174,1.129306351049019
2023-08-02,cappuccino,51,58.957572463141204,52.20689001560576,1.129306351049019
2023-08-02,cold_coffee,34,47.50890574392271,42.06910348090349,1.129306351049019
2023-08-02,croissant,30,39.8421680715953,35.28021252566736,1.129306351049019
2023-08-02,espresso,60,52.40673107834775,46.406124458316235,1.129306351049019
2023-08-02,hot_chocolate,26,26.203365539173873,23.203062229158117,1.129306351049019
2023-08-02,iced_latte,50,35.631679307942036,31.551827610677623,1.129306351049019
2023-08-02,latte,74,65.50841384793466,58.00765557289528,1.129306351049019
2023-08-02,masala_chai,53,52.40673107834775,46.406124458316235,1.129306351049019
2023-08-02,sandwich,41,36.733690008187665,32.52765733059549,1.129306351049019
2023-08-03,americano,32,36.87846329911311,36.96332058480493,0.9977042840213141
2023-08-03,cappuccino,66,55.31769494866965,55.44498087720739,0.9977042840213141
2023-08-03,cold_coffee,39,38.94976071152132,39.03938404928132,0.9977042840213141
2023-08-03,croissant,38,28.727121624433895,28.793222685831623,0.9977042840213141
2023-08-03,espresso,53,54.899977726835026,55.02630248870636,0.9977042840213141
2023-08-03,hot_chocolate,28,29.836944416758172,29.905599178644763,0.9977042840213141
2023-08-03,iced_latte,25,29.212320533640995,29.27953803696099,0.9977042840213141
2023-08-03,latte,77,61.46410549852184,61.60553430800822,0.9977042840213141
2023-08-03,masala_chai,51,59.673888833516344,59.81119835728953,0.9977042840213141
2023-08-03,sandwich,52,32.792753863651974,32.86820993839836,0.9977042840213141
2023-08-04,americano,30,35.65184949994934,35.326223295182864,1.009217690836792
2023-08-04,cappuccino,62,53.47777424992401,52.9893349427743,1.009217690836792
2023-08-04,cold_coffee,33,39.50573785423049,39.14491215614179,1.009217690836792
2023-08-04,croissant,33,28.191343860891592,27.93385819219713,1.009217690836792
2023-08-04,espresso,55,53.073950711898696,52.589199727456695,1.009217690836792
2023-08-04,hot_chocolate,39,28.67198936464155,28.41011371973493,1.009217690836792
2023-08-04,iced_latte,49,38.18209199828978,37.83335582101333,1.009217690836792
2023-08-04,latte,66,59.41974916658224,58.87703882530478,1.009217690836792
2023-08-04,masala_chai,53,57.516268971616796,56.99094406869466,1.009217690836792
2023-08-04,sandwich,35,32.18114966065668,31.887223096509242,1.009217690836792
2023-08-05,americano,19,39.1378746491084,37.527917157867805,1.042900262342512
2023-08-05,cappuccino,63,58.7068119736626,56.29187573680172,1.042900262342512
2023-08-05,cold_coffee,56,49.41914402188698,47.386260993821296,1.042900262342512
2023-08-05,croissant,24,35.072134699578726,33.629423604517456,1.042900262342512
2023-08-05,espresso,70,75.08183339417917,71.99330185758511,1.042900262342512
2023-08-05,hot_chocolate,45,31.444066481409102,30.15059792082223,1.042900262342512
2023-08-05,iced_latte,46,37.06435801641524,35.53969574536598,1.042900262342512
2023-08-05,latte,62,65.22979108184734,62.54652859644635,1.042900262342512
2023-08-05,masala_chai,80,63.10862706778406,60.51261980319433,1.042900262342512
2023-08-05,sandwich,29,35.416241034384846,33.95937494045174,1.042900262342512
2023-08-06,americano,32,34.056072870511436,37.47387967332434,0.9087949571112633
2023-08-06,cappuccino,34,51.08410930576714,56.21081950998649,0.9087949571112633
2023-08-06,cold_coffee,26,49.60913086632352,54.58781486201612,0.9087949571112633
2023-08-06,croissant,17,30.894581604651954,33.9951067761807,0.9087949571112633
2023-08-06,espresso,39,45.40809716068191,49.96517289776578,0.9087949571112633
2023-08-06,hot_chocolate,14,22.523140787709288,24.7835230724677,0.9087949571112633
2023-08-06,iced_latte,39,37.20684814974264,40.94086114651209,0.9087949571112633
2023-08-06,latte,53,56.76012145085239,62.456466122207225,0.9087949571112633
2023-08-06,masala_chai,56,45.2268275529474,49.76571139512859,0.9087949571112633
2023-08-06,sandwich,30,32.4710758677987,35.729815195071865,0.9087949571112633
2023-08-07,americano,30,41.21980872362786,39.66423378095636,1.0392185804284555
2023-08-07,cappuccino,31,47.979857354302816,46.169168121033195,1.0392185804284555
2023-08-07,cold_coffee,58,36.59680988032399,35.215700113094236,1.0392185804284555
2023-08-07,croissant,32,25.547261449049923,24.58314538459959,1.0392185804284555
2023-08-07,espresso,38,47.61754990934045,45.82053362605236,1.0392185804284555
2023-08-07,hot_chocolate,33,25.621601832220232,24.654680271071364,1.0392185804284555
2023-08-07,iced_latte,17,27.44760741024299,26.411775084820675,1.0392185804284555
2023-08-07,latte,50,53.310952615892035,51.299075690036894,1.0392185804284555
2023-08-07,masala_chai,49,51.50006129171101,49.55652474042395,1.0392185804284555
2023-08-07,sandwich,23,29.162861060068632,28.062297585215603,1.0392185804284555
2023-08-08,americano,45,37.575936686254344,40.60708404862523,0.9253542224617454
2023-08-08,cappuccino,48,43.738390302800056,47.26664583259977,0.9253542224617454
2023-08-08,cold_coffee,31,33.09578733927111,35.76553338809594,0.9253542224617454
2023-08-08,croissant,28,23.230708730940407,25.10466604792607,0.9253542224617454
2023-08-08,espresso,38,43.40811119587491,46.90972401940861,0.9253542224617454
2023-08-08,hot_chocolate,21,23.37999508770399,25.265994924090304,0.9253542224617454
2023-08-08,iced_latte,17,24.821840504453334,26.824150041071956,0.9253542224617454
2023-08-08,latte,37,48.59821144755561,52.518495369555296,0.9253542224617454
2023-08-08,masala_chai,36,46.970884287064834,50.75989620721338,0.9253542224617454
2023-08-08,sandwich,25,26.5184560935604,28.65762693880903,0.9253542224617454
2023-08-09,americano,37,34.75692436027442,32.32876974663498,1.0751081662763295
2023-08-09,cappuccino,41,52.13538654041161,48.49315461995246,1.0751081662763295
2023-08-09,cold_coffee,37,40.08586237495248,37.28542265081206,1.0751081662763295
2023-08-09,croissant,22,27.829393018432214,25.885202895277207,1.0751081662763295
2023-08-09,espresso,59,66.67744806044702,62.01929271115708,1.0751081662763295
2023-08-09,hot_chocolate,21,27.812858654650004,25.869823639216417,1.0751081662763295
2023-08-09,iced_latte,16,30.064396781214345,27.964066988109035,1.0751081662763295
2023-08-09,latte,48,57.92820726712402,53.8812829110583,1.0751081662763295
2023-08-09,masala_chai,23,55.93250163805346,52.02499933730149,1.0751081662763295
2023-08-09,sandwich,42,31.767973393201597,29.54862997946612,1.0751081662763295
2023-08-10,americano,29,34.43153623730419,32.65885624486178,1.0542786917934797
2023-08-10,cappuccino,31,51.647304355956265,48.98828436729265,1.0542786917934797
2023-08-10,cold_coffee,32,38.45996361444962,36.47988327358081,1.0542786917934797
2023-08-10,croissant,18,27.294544475102164,25.88930677207392,1.0542786917934797
2023-08-10,espresso,34,51.25730313643987,48.61836204736703,1.0542786917934797
2023-08-10,hot_chocolate,31,35.64808024241033,33.812767458828006,1.0542786917934797
2023-08-10,iced_latte,28,37.171356586130436,35.25761914328043,1.0542786917934797
2023-08-10,latte,86,57.3858937288403,54.431427074769616,1.0542786917934797
2023-08-10,masala_chai,54,55.51980017444366,52.6614078484281,1.0542786917934797
2023-08-10,sandwich,39,31.157429919161473,29.553314661190964,1.0542786917934797
2023-08-11,americano,35,38.71991548674567,35.542729186006085,1.0893906116244587
2023-08-11,cappuccino,81,58.079873230118494,53.31409377900912,1.0893906116244587
2023-08-11,cold_coffee,54,42.224430626273104,38.759679196527685,1.0893906116244587
2023-08-11,croissant,29,30.464681540921777,27.964883500780292,1.0893906116244587
2023-08-11,espresso,51,57.64129813560843,52.911506231594814,1.0893906116244587
2023-08-11,hot_chocolate,28,31.201735575665726,28.641458116789586,1.0893906116244587
2023-08-11,iced_latte,31,31.668322969704835,29.06975939739577,1.0893906116244587
2023-08-11,latte,89,83.16133051276991,76.33747677406805,1.0893906116244587
2023-08-11,masala_chai,62,62.52840298382265,57.397596708294216,1.0893906116244587
2023-08-11,sandwich,40,34.776223541180364,31.922639290349082,1.0893906116244587
2023-08-12,americano,44,41.143754457498694,36.67500266957054,1.1218473473114674
2023-08-12,cappuccino,44,61.715631686248045,55.01250400435581,1.1218473473114674
2023-08-12,cold_coffee,64,64.40805346906957,57.41249344077421,1.1218473473114674
2023-08-12,croissant,58,38.173615690675305,34.02745995893224,1.1218473473114674
2023-08-12,espresso,60,54.85833927666492,48.90000355942738,1.1218473473114674
2023-08-12,hot_chocolate,25,26.966814904706172,24.03786483903782,1.1218473473114674
2023-08-12,iced_latte,51,48.30604010180218,43.05937008058066,1.1218473473114674
2023-08-12,latte,84,68.57292409583117,61.12500444928424,1.1218473473114674
2023-08-12,masala_chai,70,54.39401954725162,48.48611504729954,1.1218473473114674
2023-08-12,sandwich,54,40.12154581350489,35.763819301848045,1.1218473473114674
2023-08-13,americano,25,41.00457350525278,43.125574613011665,0.9508180209355647
2023-08-13,cappuccino,105,79.26141785809172,83.36129113339884,0.9508180209355647
2023-08-13,cold_coffee,61,62.16860614533435,65.38433725116303,0.9508180209355647
2023-08-13,croissant,25,37.66593319176095,39.61423990965092,0.9508180209355647
2023-08-13,espresso,67,54.672764673670365,57.50076615068221,0.9508180209355647
2023-08-13,hot_chocolate,32,26.983309313538822,28.379047009424987,0.9508180209355647
2023-08-13,iced_latte,76,46.62645460900077,49.038252938372274,0.9508180209355647
2023-08-13,latte,45,68.34095584208798,71.87595768835278,0.9508180209355647
2023-08-13,masala_chai,46,54.31854416708839,57.12822324680094,0.9508180209355647
2023-08-13,sandwich,43,39.58795720078455,41.63568246406571,0.9508180209355647
2023-08-14,americano,32,33.27555329024192,36.82506025998033,0.9036116453122051
2023-08-14,cappuccino,39,49.9133299353629,55.237590389970514,0.9036116453122051
2023-08-14,cold_coffee,43,44.273540045905314,48.99620348585531,0.9036116453122051
2023-08-14,croissant,27,26.971833493239156,29.848921971252565,0.9036116453122051
2023-08-14,espresso,56,44.367404386989236,49.100080346640446,0.9036116453122051
2023-08-14,hot_chocolate,36,21.919088623945196,24.257200244881723,0.9036116453122051
2023-08-14,iced_latte,25,33.205155034428984,36.74715261439148,0.9036116453122051
2023-08-14,latte,75,55.45925548373654,61.37510043330055,0.9036116453122051
2023-08-14,masala_chai,35,44.101996979112684,48.806361901052185,0.9036116453122051
2023-08-14,sandwich,39,32.045742764244544,35.464065708418886,0.9036116453122051
2023-08-15,americano,36,28.71479516583546,27.300073783591497,1.051821155996079
2023-08-15,cappuccino,46,43.07219274875319,40.95011067538724,1.051821155996079
2023-08-15,cold_coffee,37,33.92178385256714,32.250524396842984,1.051821155996079
2023-08-15,croissant,24,23.164627804253563,22.023352232648868,1.051821155996079
2023-08-15,espresso,44,42.746944259819756,40.64088653867988,1.051821155996079
2023-08-15,hot_chocolate,27,22.90905258660311,21.78036870242274,1.051821155996079
2023-08-15,iced_latte,12,25.441337889425355,24.18789329763224,1.051821155996079
2023-08-15,latte,33,47.85799194305909,45.500122972652484,1.051821155996079
2023-08-15,masala_chai,44,46.1399570768539,43.86673229933197,1.051821155996079
2023-08-15,sandwich,21,26.443023003108316,25.140227359342912,1.051821155996079
2023-08-16,americano,29,41.043517295119635,38.80738909713657,1.0576211966330933
2023-08-16,cappuccino,39,47.77465413151926,45.171800909066974,1.0576211966330933
2023-08-16,cold_coffee,51,48.16315737465629,45.539137763106794,1.0576211966330933
2023-08-16,croissant,33,26.869727147856395,25.405813757700205,1.0576211966330933
2023-08-16,espresso,41,42.46635922801713,40.15271191917065,1.0576211966330933
2023-08-16,hot_chocolate,17,20.64689684686332,19.522014982861656,1.0576211966330933
2023-08-16,iced_latte,44,36.12236803099222,34.154353322330095,1.0576211966330933
2023-08-16,latte,45,53.08294903502141,50.190889898963306,1.0576211966330933
2023-08-16,masala_chai,48,41.87597254853222,39.594490618988324,1.0576211966330933
2023-08-16,sandwich,33,31.924428294482848,30.185125256673512,1.0576211966330933
2023-08-17,americano,41,41.56425593491851,40.07801078831599,1.0370838052430438
2023-08-17,cappuccino,56,48.38079390824516,46.65080455759983,1.0370838052430438
2023-08-17,cold_coffee,49,42.27867007708216,40.76687907316615,1.0370838052430438
2023-08-17,croissant,28,26.879173231439022,25.918033909650923,1.0370838052430438
2023-08-17,espresso,51,48.015458894914275,46.29853311002355,1.0370838052430438
2023-08-17,hot_chocolate,14,25.400210153431804,24.49195525474355,1.0370838052430438
2023-08-17,iced_latte,40,31.709002557811626,30.575159304874617,1.0370838052430438
2023-08-17,latte,54,53.75643767582794,51.83422728622202,1.0370838052430438
2023-08-17,masala_chai,41,51.49087607115013,49.64967711465043,1.0370838052430438
2023-08-17,sandwich,33,30.68327287921985,29.586107433264885,1.0370838052430438
2023-08-18,americano,26,35.15023161051467,34.10160446384324,1.0307500823834626
2023-08-18,cappuccino,58,52.725347415772006,51.15240669576485,1.0307500823834626
2023-08-18,cold_coffee,33,43.91588527663508,42.6057548063308,1.0307500823834626
2023-08-18,croissant,33,28.856785311651283,27.995908809363453,1.0307500823834626
2023-08-18,espresso,51,52.32720563377588,50.76614256753362,1.0307500823834626
2023-08-18,hot_chocolate,26,27.847713108434352,27.016939978350997,1.0307500823834626
2023-08-18,iced_latte,25,32.936913957476314,31.954316104748106,1.0307500823834626
2023-08-18,latte,57,58.583719350857784,56.83600743973873,1.0307500823834626
2023-08-18,masala_chai,54,72.53003759860727,70.36626902895016,1.0307500823834626
2023-08-18,sandwich,29,32.940768323143,31.958055484188918,1.0307500823834626
2023-08-19,americano,41,38.15944250744586,38.58111263031919,0.9890705556650548
2023-08-19,cappuccino,53,57.2391637611688,57.87166894547879,0.9890705556650548
2023-08-19,cold_coffee,51,48.96082349512183,49.50185122253527,0.9890705556650548
2023-08-19,croissant,37,34.36674940476604,34.74650944558521,0.9890705556650548
2023-08-19,espresso,65,56.80693706610062,57.43466605160784,0.9890705556650548
2023-08-19,hot_chocolate,38,30.596721971149854,30.934822390478,0.9890705556650548
2023-08-19,iced_latte,24,36.72061762134137,37.12638841690145,0.9890705556650548
2023-08-19,latte,69,63.59907084574309,64.3018543838653,0.9890705556650548
2023-08-19,masala_chai,65,61.46943495408189,62.14868555332699,0.9890705556650548
2023-08-19,sandwich,27,34.703934930488174,35.08742094455852,0.9890705556650548
2023-08-20,americano,24,35.52378339270819,37.54052907004681,0.9462781764855903
2023-08-20,cappuccino,36,53.28567508906229,56.31079360507022,0.9462781764855903
2023-08-20,cold_coffee,66,49.77185420104813,52.59748712149027,0.9462781764855903
2023-08-20,croissant,32,32.88506816623992,34.75200948665298,0.9462781764855903
2023-08-20,espresso,41,52.88330213801217,55.885577256380344,0.9462781764855903
2023-08-20,hot_chocolate,35,28.171816628130347,29.771178632438154,0.9462781764855903
2023-08-20,iced_latte,43,37.3288906507861,39.448115341117706,0.9462781764855903
2023-08-20,latte,80,59.20630565451365,62.567548450078014,0.9462781764855903
2023-08-20,masala_chai,60,56.9098961846152,60.14076790397354,0.9462781764855903
2023-08-20,sandwich,38,33.2077163418775,35.092974948665294,0.9462781764855903
2023-08-21,americano,35,31.932195723321133,28.847003737072935,1.106950171129324
2023-08-21,cappuccino,44,47.898293584981694,43.2705056056094,1.106950171129324
2023-08-21,cold_coffee,33,47.142691305492285,42.58790732865305,1.106950171129324
2023-08-21,croissant,40,26.737976528536965,24.154634260780284,1.106950171129324
2023-08-21,espresso,62,42.57626096442817,38.462671649430575,1.106950171129324
2023-08-21,hot_chocolate,20,20.762524667855885,18.75651245139039,1.106950171129324
2023-08-21,iced_latte,39,35.35701847911922,31.94093049648979,1.106950171129324
2023-08-21,latte,42,53.22032620553521,48.07833956178821,1.106950171129324
2023-08-21,masala_chai,47,42.047370156503476,37.98488066866302,1.106950171129324
2023-08-21,sandwich,53,40.93800632112428,36.98270020533881,1.106950171129324
2023-08-22,americano,37,32.25115647769453,31.125158758220223,1.0361764490334344
2023-08-22,cappuccino,41,48.3767347165418,46.687738137330335,1.0361764490334344
2023-08-22,cold_coffee,27,42.27512285900363,40.799154331715116,1.0361764490334344
2023-08-22,croissant,30,26.876918044862695,25.938553293634502,1.0361764490334344
2023-08-22,espresso,39,48.01143035514396,46.33518779540874,1.0361764490334344
2023-08-22,hot_chocolate,15,25.398079053175085,24.511345608044756,1.0361764490334344
2023-08-22,iced_latte,29,31.706342144252712,30.599365748786326,1.0361764490334344
2023-08-22,latte,50,53.75192746282422,51.875264597033706,1.0361764490334344
2023-08-22,masala_chai,69,51.486555940783056,49.68898491064019,1.0361764490334344
2023-08-22,sandwich,35,30.680698525294623,29.609530841889118,1.0361764490334344
2023-08-23,americano,24,29.100474413382656,30.29903476333509,0.9604422926567016
2023-08-23,cappuccino,29,43.65071162007398,45.44855214500263,0.9604422926567016
2023-08-23,cold_coffee,36,43.307190925533064,45.090882874118385,0.9604422926567016
2023-08-23,croissant,23,24.427867774878205,25.433977618069814,0.9604422926567016
2023-08-23,espresso,32,38.80063255117687,40.39871301778012,0.9604422926567016
2023-08-23,hot_chocolate,15,18.902408896813537,19.68094183412847,0.9604422926567016
2023-08-23,iced_latte,35,32.4803931941498,33.81816215558879,0.9604422926567016
2023-08-23,latte,84,48.50079068897109,50.49839127222514,0.9604422926567016
2023-08-23,masala_chai,50,49.35501136600313,51.38779471016535,0.9604422926567016
2023-08-23,sandwich,39,29.023209237479055,30.218587268993836,0.9604422926567016
2023-08-24,americano,24,30.181886677809466,31.31925992236325,0.9636845427582517
2023-08-24,cappuccino,47,45.27283001671419,46.978889883544866,0.9636845427582517
2023-08-24,cold_coffee,37,44.55864479216391,46.237791326016755,0.9636845427582517
2023-08-24,croissant,20,25.272379781539783,26.22474332648871,0.9636845427582517
2023-08-24,espresso,38,40.24251557041262,41.75901322981767,0.9636845427582517
2023-08-24,hot_chocolate,17,19.624462160388966,20.36398975978172,0.9636845427582517
2023-08-24,iced_latte,35,33.418983594122935,34.67834349451257,0.9636845427582517
2023-08-24,latte,67,50.30314446301578,52.198766537272085,0.9636845427582517
2023-08-24,masala_chai,38,39.74261501336887,41.24027443629822,0.9636845427582517
2023-08-24,sandwich,32,30.02658983945321,31.158110882956883,0.9636845427582517
2023-08-25,americano,44,31.52600134930341,33.40990574493077,0.943612400166283
2023-08-25,cappuccino,62,47.289002023955106,50.114858617396145,0.943612400166283
2023-08-25,cold_coffee,34,48.44246773268961,51.337252164292345,0.943612400166283
2023-08-25,croissant,45,26.72989950711329,28.32720246406571,0.943612400166283
2023-08-25,espresso,22,42.03466846573787,44.54654099324102,0.943612400166283
2023-08-25,hot_chocolate,16,20.39617813338382,21.614995870963135,0.943612400166283
2023-08-25,iced_latte,40,36.331850799517206,38.50293912321926,0.943612400166283
2023-08-25,latte,62,52.54333558217234,55.68317624155127,0.943612400166283
2023-08-25,masala_chai,35,41.408853782854735,43.883329400459004,0.943612400166283
2023-08-25,sandwich,18,31.758296444095002,33.65608213552362,0.943612400166283
2023-08-26,americano,38,34.232394016837915,35.548965606583906,0.9629645598041775
2023-08-26,cappuccino,44,51.34859102525688,53.323448409875866,0.9629645598041775
2023-08-26,cold_coffee,37,51.957164003042756,53.95542699266985,0.9629645598041775
2023-08-26,croissant,34,32.491829637818334,33.74145944106777,0.9629645598041775
2023-08-26,espresso,50,50.96084546195936,52.92079022339352,0.9629645598041775
2023-08-26,hot_chocolate,34,26.877567861094686,27.911274187037932,0.9629645598041775
2023-08-26,iced_latte,35,50.216331188507816,52.14764206765771,0.9629645598041775
2023-08-26,latte,42,57.0539900280632,59.24827601097318,0.9629645598041775
2023-08-26,masala_chai,55,54.56754056178556,56.66619815466738,0.9629645598041775
2023-08-26,sandwich,31,32.81061959752811,34.07251000410677,0.9629645598041775
2023-08-27,americano,39,35.98703302527016,34.86593783987938,1.0321544537404779
2023-08-27,cappuccino,58,53.98054953790523,52.29890675981907,1.0321544537404779
2023-08-27,cold_coffee,56,60.54126619646111,58.65523902654538,1.0321544537404779
2023-08-27,croissant,48,44.006347562827365,42.63542864476386,1.0321544537404779
2023-08-27,espresso,51,47.98271070036021,46.48791711983917,1.0321544537404779
2023-08-27,hot_chocolate,22,23.375619364953078,22.647404446341305,1.0321544537404779
2023-08-27,iced_latte,41,45.40594964734583,43.991429269909034,1.0321544537404779
2023-08-27,latte,86,59.978388375450265,58.10989639979897,1.0321544537404779
2023-08-27,masala_chai,54,47.36297248759375,45.88748545913126,1.0321544537404779
2023-08-27,sandwich,27,35.89148322778413,34.77336468172484,1.0321544537404779
2023-08-28,americano,32,30.787572825130226,28.23643599456559,1.090349108898008
2023-08-28,cappuccino,43,46.18135923769535,42.35465399184839,1.090349108898008
2023-08-28,cold_coffee,45,48.8461393837003,44.7986236564801,1.090349108898008
2023-08-28,croissant,27,26.36615696005335,24.181389928131413,1.090349108898008
2023-08-28,espresso,24,41.050097100173645,37.64858132608746,1.090349108898008
2023-08-28,hot_chocolate,24,19.838927059815294,18.195022949911944,1.090349108898008
2023-08-28,iced_latte,52,47.20954193012271,43.29763884324752,1.090349108898008
2023-08-28,latte,53,51.312621375217056,47.06072665760932,1.090349108898008
2023-08-28,masala_chai,37,40.35814371768553,37.01396496620667,1.090349108898008
2023-08-28,sandwich,26,31.326127081251503,28.730364271047222,1.090349108898008
2023-08-29,americano,52,41.82051833912016,41.75118951931455,1.001660523223501
2023-08-29,cappuccino,64,48.679083346735865,48.598384600482134,1.001660523223501
2023-08-29,cold_coffee,40,43.57263118967349,43.50039776894662,1.001660523223501
2023-08-29,croissant,30,27.24849472930142,27.20332297973717,1.001660523223501
2023-08-29,espresso,56,48.31149587809816,48.231406507490355,1.001660523223501
2023-08-29,hot_chocolate,14,25.480258366275827,25.438017946715473,1.001660523223501
2023-08-29,iced_latte,30,32.67947339225512,32.62529832670997,1.001660523223501
2023-08-29,latte,71,69.70086389853361,69.58531586552427,1.001660523223501
2023-08-29,masala_chai,57,51.73068631478114,51.64492871128001,1.001660523223501
2023-08-29,sandwich,30,31.104862940844953,31.053298217987685,1.001660523223501
2023-08-30,americano,50,44.8259831355859,42.620918513476475,1.051736675299764
2023-08-30,cappuccino,45,52.177444369821984,49.61074914968661,1.051736675299764
2023-08-30,cold_coffee,34,48.22271095851044,45.85055564860482,1.051736675299764
2023-08-30,croissant,34,29.50026197583998,28.04909505264887,1.051736675299764
2023-08-30,espresso,42,51.783439935529906,49.23612644844841,1.051736675299764
2023-08-30,hot_chocolate,29,27.20238992053864,25.864259143369196,1.051736675299764
2023-08-30,iced_latte,28,36.16703321888283,34.38791673645361,1.051736675299764
2023-08-30,latte,68,74.70997189264315,71.03486418912745,1.051736675299764
2023-08-30,masala_chai,29,55.33756732748631,52.61542040617164,1.051736675299764
2023-08-30,sandwich,25,33.6753136124906,32.018768959342914,1.051736675299764
2023-08-31,americano,45,38.70518742441531,35.30061626486225,1.0964450913266894
2023-08-31,cappuccino,47,58.05778113662296,52.95092439729337,1.0964450913266894
2023-08-31,cold_coffee,34,43.58088041662388,39.74743538127511,1.0964450913266894
2023-08-31,croissant,36,39.63808277866918,36.151452628336756,1.0964450913266894
2023-08-31,espresso,58,57.619372864825365,52.55107922924476,1.0964450913266894
2023-08-31,hot_chocolate,25,31.065356953697442,28.332797692685748,1.0964450913266894
2023-08-31,iced_latte,27,32.6856603124679,29.81057653595633,1.0964450913266894
2023-08-31,latte,40,64.50864570735885,58.834360441437084,1.0964450913266894
2023-08-31,masala_chai,68,62.3797344721266,56.892711696714,1.0964450913266894
2023-08-31,sandwich,25,35.11236947177908,32.023828415605756,1.0964450913266894
2023-09-01,americano,42,37.691683196777596,37.24844369358795,1.0118995442289027
2023-09-01,cappuccino,68,56.5375247951664,55.87266554038194,1.0118995442289027
2023-09-01,cold_coffee,36,47.87483787728586,47.31184844417328,1.0118995442289027
2023-09-01,croissant,38,31.924514575316422,31.54909472722793,1.0118995442289027
2023-09-01,espresso,69,56.110596344717464,55.45075760210505,1.0118995442289027
2023-09-01,hot_chocolate,28,29.831327694086948,29.48052290785376,1.0118995442289027
2023-09-01,iced_latte,36,35.90612840796439,35.48388633312995,1.0118995442289027
2023-09-01,latte,68,62.81947199462934,62.08073948931327,1.0118995442289027
2023-09-01,masala_chai,42,60.322567459737435,59.61319757852546,1.0118995442289027
2023-09-01,sandwich,24,36.08537979678211,35.66102979548254,1.0118995442289027
2023-09-02,americano,26,44.50028733020703,39.452988975712515,1.1279319637252747
2023-09-02,cappuccino,44,66.75043099531054,59.179483463568765,1.1279319637252747
2023-09-02,cold_coffee,46,58.98295854508268,52.29301096342447,1.1279319637252747
2023-09-02,croissant,25,41.55561703336292,36.842308197486666,1.1279319637252747
2023-09-02,espresso,89,85.36904952747152,75.68634658203948,1.1279319637252747
2023-09-02,hot_chocolate,29,35.5740090009755,31.53914433232615,1.1279319637252747
2023-09-02,iced_latte,41,44.23721890881201,39.21975822256835,1.1279319637252747
2023-09-02,latte,56,74.16714555034504,65.75498162618752,1.1279319637252747
2023-09-02,masala_chai,105,92.23735739621391,81.77563927843413,1.1279319637252747
2023-09-02,sandwich,55,53.546301653408484,47.47298895277208,1.1279319637252747
2023-09-03,americano,21,37.124169124368564,39.18166611895693,0.9474882719805295
2023-09-03,cappuccino,46,55.68625368655285,58.7724991784354,0.9474882719805295
2023-09-03,cold_coffee,69,52.40177434180063,55.30598730500958,0.9474882719805295
2023-09-03,croissant,37,34.228596334082226,36.125614792607806,0.9474882719805295
2023-09-03,espresso,31,49.49889216582475,52.24222149194257,0.9474882719805295
2023-09-03,hot_chocolate,22,24.675309005881985,26.042864841274838,0.9474882719805295
2023-09-03,iced_latte,52,50.64604478911144,53.452951647882976,0.9474882719805295
2023-09-03,latte,74,61.873615207280956,65.30277686492823,0.9474882719805295
2023-09-03,masala_chai,49,49.42469948599701,52.1639169028286,0.9474882719805295
2023-09-03,sandwich,40,35.62252107166928,37.59679367556468,0.9474882719805295
2023-09-04,americano,24,33.980902829084556,32.96243471911953,1.0308978423057529
2023-09-04,cappuccino,58,50.97135424362684,49.4436520786793,1.0308978423057529
2023-09-04,cold_coffee,31,33.14690275944311,32.15343111525507,1.0308978423057529
2023-09-04,croissant,33,26.50235022257321,25.708027638603696,1.0308978423057529
2023-09-04,espresso,66,50.58645728601584,49.0702911676213,1.0308978423057529
2023-09-04,hot_chocolate,32,27.79672828778159,26.96361089049344,1.0308978423057529
2023-09-04,iced_latte,37,24.86017706958233,24.115073336441302,1.0308978423057529
2023-09-04,latte,51,56.63483804847426,54.937391198532545,1.0308978423057529
2023-09-04,masala_chai,60,55.288531875985385,53.63143621711784,1.0308978423057529
2023-09-04,sandwich,29,29.956520436126574,29.058670225872685,1.0308978423057529
2023-09-05,americano,35,35.49652838391661,34.60023715530261,1.0259041932166828
2023-09-05,cappuccino,71,53.244792575874925,51.90035573295392,1.0259041932166828
2023-09-05,cold_coffee,28,31.70852257069167,30.907878903653593,1.0259041932166828
2023-09-05,croissant,27,26.933466767472282,26.253393782340865,1.0259041932166828
2023-09-05,espresso,61,52.842728338516636,51.50844366161553,1.0259041932166828
2023-09-05,hot_chocolate,17,29.357690542667676,28.61640564175664,1.0259041932166828
2023-09-05,iced_latte,13,23.781391928018753,23.180909177740194,1.0259041932166828
2023-09-05,latte,43,59.16088063986103,57.66706192550435,1.0259041932166828
2023-09-05,masala_chai,46,58.0730511846638,56.606700283169715,1.0259041932166828
2023-09-05,sandwich,34,30.443826334628408,29.675116386036958,1.0259041932166828
2023-09-06,americano,55,34.525576304696806,33.598371445858625,1.027596720285455
2023-09-06,cappuccino,75,51.788364457045205,50.397557168787934,1.027596720285455
2023-09-06,cold_coffee,49,37.369355145458194,36.365778916730484,1.027596720285455
2023-09-06,croissant,22,27.816660032163398,27.06962710472279,1.027596720285455
2023-09-06,espresso,28,51.397298058771945,50.01699309092223,1.027596720285455
2023-09-06,hot_chocolate,25,27.877503363453826,27.12883645221227,1.027596720285455
2023-09-06,iced_latte,25,28.027016359093647,27.274334187547865,1.027596720285455
2023-09-06,latte,56,57.54262717449467,55.997285743097706,1.027596720285455
2023-09-06,masala_chai,50,55.81078962043274,54.31195771521062,1.027596720285455
2023-09-06,sandwich,33,31.442130140161623,30.59773305954825,1.027596720285455
2023-09-07,americano,35,36.796244684658994,31.526930932782324,1.1671369079061715
2023-09-07,cappuccino,74,55.19436702698847,47.290396399173474,1.1671369079061715
2023-09-07,cold_coffee,55,41.45242521248588,35.516334829005615,1.1671369079061715
2023-09-07,croissant,25,30.01900030673728,25.720204804928134,1.1671369079061715
2023-09-07,espresso,74,54.77758108395835,46.93329523974066,1.1671369079061715
2023-09-07,hot_chocolate,24,29.562759207134707,25.329298565469852,1.1671369079061715
2023-09-07,iced_latte,35,31.08931890936441,26.63725112175421,1.1671369079061715
2023-09-07,latte,57,61.327074474431654,52.54488488797054,1.1671369079061715
2023-09-07,masala_chai,77,59.3328202953907,50.83621286712028,1.1671369079061715
2023-09-07,sandwich,24,33.93151130403983,29.07243449691992,1.1671369079061715
2023-09-08,americano,40,39.719905752775745,35.29689720614689,1.1253087069040901
2023-09-08,cappuccino,58,59.579858629163624,52.945345809220335,1.1253087069040901
2023-09-08,cold_coffee,43,42.64896738388192,37.89979329424746,1.1253087069040901
2023-09-08,croissant,39,41.136259406360416,36.555532854209446,1.1253087069040901
2023-09-08,espresso,87,59.129956784067446,52.545542766432256,1.1253087069040901
2023-09-08,hot_chocolate,30,32.103726294787634,28.528817112870545,1.1253087069040901
2023-09-08,iced_latte,37,31.986725537911436,28.424844970685594,1.1253087069040901
2023-09-08,latte,34,66.19984292129291,58.82816201024481,1.1253087069040901
2023-09-08,masala_chai,65,82.78294374115909,73.56465228897821,1.1253087069040901
2023-09-08,sandwich,31,36.082240545961895,32.06430406570841,1.1253087069040901
2023-09-09,americano,29,34.32399783380788,37.89097471026949,0.9058620976700591
2023-09-09,cappuccino,52,51.48599675071183,56.83646206540424,0.9058620976700591
2023-09-09,cold_coffee,34,44.77265944102339,49.42546945741721,0.9058620976700591
2023-09-09,croissant,28,31.89284877459376,35.207178726899386,0.9058620976700591
2023-09-09,espresso,41,51.097213603726935,56.40727626771509,0.9058620976700591
2023-09-09,hot_chocolate,31,27.49390643120412,30.351094832116697,0.9058620976700591
2023-09-09,iced_latte,26,33.57949458076754,37.0691020930629,0.9058620976700591
2023-09-09,latte,53,57.20666305634647,63.15162451711582,0.9058620976700591
2023-09-09,masala_chai,47,55.2634404213939,61.00646065613668,0.9058620976700591
2023-09-09,sandwich,23,31.890019136693425,35.204055030800816,0.9058620976700591
2023-09-10,americano,39,37.57860132536061,38.277823324837115,0.981732973854268
2023-09-10,cappuccino,69,56.36790198804091,57.41673498725567,0.981732973854268
2023-09-10,cold_coffee,47,47.47426110288812,48.357610844530285,0.981732973854268
2023-09-10,croissant,54,34.569501305357115,35.212733223819306,0.981732973854268
2023-09-10,espresso,54,55.942254400213194,56.983167409142624,0.981732973854268
2023-09-10,hot_chocolate,33,30.221524904069142,30.783854376837233,0.981732973854268
2023-09-10,iced_latte,38,35.60569582716608,36.26820813339771,0.981732973854268
2023-09-10,latte,54,62.631002208934355,63.79637220806187,0.981732973854268
2023-09-10,masala_chai,60,60.624651223484676,61.752689211887485,0.981732973854268
2023-09-10,sandwich,41,34.566434186085935,35.209609034907594,0.981732973854268
2023-09-11,americano,0,0.0,0.0,0.970195965571615
2023-09-11,cappuccino,0,0.0,0.0,0.970195965571615
2023-09-11,cold_coffee,0,0.0,0.0,0.970195965571615
2023-09-11,croissant,0,0.0,0.0,0.970195965571615
2023-09-11,espresso,0,0.0,0.0,0.970195965571615
2023-09-11,hot_chocolate,0,0.0,0.0,0.970195965571615
2023-09-11,iced_latte,0,0.0,0.0,0.970195965571615
2023-09-11,latte,0,0.0,0.0,0.970195965571615
2023-09-11,masala_chai,0,0.0,0.0,0.970195965571615
2023-09-11,sandwich,0,0.0,0.0,0.970195965571615
2023-09-12,americano,27,39.29586215013005,32.13561721907446,1.2228133625765725
2023-09-12,cappuccino,61,58.943793225195066,48.20342582861169,1.2228133625765725
2023-09-12,cold_coffee,43,44.62391028393035,36.492821921657736,1.2228133625765725
2023-09-12,croissant,22,32.138476458993175,26.282405347022586,1.2228133625765725
2023-09-12,espresso,40,58.49869446297676,47.83943016431796,1.2228133625765725
2023-09-12,hot_chocolate,40,31.539441241073366,25.792522560120755,1.2228133625765725
2023-09-12,iced_latte,38,33.46793271294777,27.369616441243306,1.2228133625765725
2023-09-12,latte,64,65.49310358355007,53.55936203179076,1.2228133625765725
2023-09-12,masala_chai,55,63.331703316649964,51.7917985318746,1.2228133625765725
2023-09-12,sandwich,34,36.32722829274892,29.70790915811088,1.2228133625765725
2023-09-13,americano,27,32.91319042206712,32.0604333736459,1.0265984254948404
2023-09-13,cappuccino,73,49.36978563310067,48.090650060468846,1.0265984254948404
2023-09-13,cold_coffee,59,37.67603055553261,36.699871751091024,1.0265984254948404
2023-09-13,croissant,19,26.985730694131046,26.286549856262834,1.0265984254948404
2023-09-13,espresso,37,48.99698250534263,47.72750599312982,1.0265984254948404
2023-09-13,hot_chocolate,32,34.00800376850565,33.12688089513983,1.0265984254948404
2023-09-13,iced_latte,29,28.257022916649454,27.52490381331826,1.0265984254948404
2023-09-13,latte,53,54.85531737011184,53.43405562274315,1.0265984254948404
2023-09-13,masala_chai,65,53.0184689513165,51.64479862294798,1.0265984254948404
2023-09-13,sandwich,25,30.502902053343053,29.71259383983573,1.0265984254948404
2023-09-14,americano,44,34.385205794142344,33.139950762762865,1.037575645187098
2023-09-14,cappuccino,85,51.5778086912135,49.70992614414428,1.037575645187098
2023-09-14,cold_coffee,27,39.047427756899644,37.63333106171601,1.037575645187098
2023-09-14,croissant,31,28.12225172031306,27.103808624229984,1.037575645187098
2023-09-14,espresso,53,51.18833225017952,49.33455453356282,1.037575645187098
2023-09-14,hot_chocolate,20,27.598075684489817,26.598615544328112,1.037575645187098
2023-09-14,iced_latte,19,29.285570817674735,28.224998296287005,1.037575645187098
2023-09-14,latte,56,57.30867632357056,55.23325127127143,1.037575645187098
2023-09-14,masala_chai,54,55.417378133014694,53.41044615886459,1.037575645187098
2023-09-14,sandwich,35,31.78755096413702,30.636369609856263,1.037575645187098
2023-09-15,americano,38,34.76000917606266,35.79678900031479,0.9710370719495816
2023-09-15,cappuccino,62,52.14001376409399,53.69518350047218,0.9710370719495816
2023-09-15,cold_coffee,35,39.47304998717488,40.650404734727175,0.9710370719495816
2023-09-15,croissant,47,28.428788057919725,29.276727819301847,0.9710370719495816
2023-09-15,espresso,58,51.74629197731011,53.2897182528958,0.9710370719495816
2023-09-15,hot_chocolate,37,27.89889843259162,28.731033282362873,0.9710370719495816
2023-09-15,iced_latte,38,29.604787490381156,30.487803551045374,0.9710370719495816
2023-09-15,latte,62,57.93334862677111,59.66131500052465,0.9710370719495816
2023-09-15,masala_chai,55,56.02143503079106,57.69237514105931,0.9710370719495816
2023-09-15,sandwich,26,32.13403955797154,33.09249511293634,0.9710370719495816
2023-09-16,americano,35,37.29620446769776,38.3140512513217,0.9734341122804437
2023-09-16,cappuccino,57,55.94430670154665,57.47107687698256,0.9734341122804437
2023-09-16,cold_coffee,44,47.11750002923226,48.40337875447069,0.9734341122804437
2023-09-16,croissant,49,34.30971732736707,35.24606020533882,0.9734341122804437
2023-09-16,espresso,44,55.52185778362773,57.037098950187634,0.9734341122804437
2023-09-16,hot_chocolate,24,29.994415236181396,30.81298965978715,0.9734341122804437
2023-09-16,iced_latte,35,35.3381250219242,36.30253406585302,0.9734341122804437
2023-09-16,latte,65,62.16034077949629,63.85675208553618,0.9734341122804437
2023-09-16,masala_chai,53,60.169067183669334,61.81113485196499,0.9734341122804437
2023-09-16,sandwich,29,34.30667325698046,35.24293305954826,0.9734341122804437
2023-09-17,americano,43,42.44702902257018,40.08388093825454,1.058955071939163
2023-09-17,cappuccino,47,63.67054353385527,60.125821407381814,1.058955071939163
2023-09-17,cold_coffee,50,46.4329734046908,43.84791634234543,1.058955071939163
2023-09-17,croissant,45,37.32987618300204,35.25161470225873,1.058955071939163
2023-09-17,espresso,59,63.18975194298472,59.671796866009984,1.058955071939163
2023-09-17,hot_chocolate,50,34.75684613142187,32.82183262768172,1.058955071939163
2023-09-17,iced_latte,27,34.8247300535181,32.88593725675907,1.058955071939163
2023-09-17,latte,64,70.7450483709503,66.80646823042423,1.058955071939163
2023-09-17,masala_chai,83,69.0978588569837,65.25098249017441,1.058955071939163
2023-09-17,sandwich,33,37.32656415423946,35.24848706365503,1.058955071939163
2023-09-18,americano,39,30.036557613371233,30.557721167416446,0.9829449470007952
2023-09-18,cappuccino,45,45.054836420056844,45.83658175112466,0.9829449470007952
2023-09-18,cold_coffee,32,43.95509662455354,44.71776039814973,0.9829449470007952
2023-09-18,croissant,33,24.565670453506744,24.99190878234086,0.9829449470007952
2023-09-18,espresso,59,44.714616511814775,45.4904586958303,0.9829449470007952
2023-09-18,hot_chocolate,33,24.107786217076338,24.526079808065624,0.9829449470007952
2023-09-18,iced_latte,24,25.58186623549016,26.025736551723142,0.9829449470007952
2023-09-18,latte,47,50.06092935561872,50.929535279027405,0.9829449470007952
2023-09-18,masala_chai,52,48.40882096328291,49.24876119561939,0.9829449470007952
2023-09-18,sandwich,27,27.767424503387094,28.24921638603696,0.9829449470007952
2023-09-19,americano,34,32.78109187037687,32.25161813486036,1.0164169665318035
2023-09-19,cappuccino,49,49.17163780556528,48.37742720229052,1.0164169665318035
2023-09-19,cold_coffee,35,36.92919673694193,36.33272362911351,1.0164169665318035
2023-09-19,croissant,28,26.74337056254809,26.311416911704313,1.0164169665318035
2023-09-19,espresso,54,48.80033093971959,48.012117611766215,1.0164169665318035
2023-09-19,hot_chocolate,22,26.336913829550305,25.91152518775495,1.0164169665318035
2023-09-19,iced_latte,31,27.696897552706442,27.249542721835127,1.0164169665318035
2023-09-19,latte,77,54.63515311729477,53.75269689143392,1.0164169665318035
2023-09-19,masala_chai,34,52.85850905982985,52.004748838650876,1.0164169665318035
2023-09-19,sandwich,26,30.22895403840499,29.7407019301848,1.0164169665318035
2023-09-20,americano,52,45.15402906046814,40.357194387308944,1.118859468453725
2023-09-20,cappuccino,45,52.55928982638491,46.975774266827614,1.118859468453725
2023-09-20,cold_coffee,40,45.17512791708519,40.37605185530375,1.118859468453725
2023-09-20,croissant,31,28.8660931995092,25.799570020533885,1.118859468453725
2023-09-20,espresso,29,60.205372080624194,53.80959251641193,1.118859468453725
2023-09-20,hot_chocolate,36,23.19673755591659,20.73248536563284,1.118859468453725
2023-09-20,iced_latte,25,33.88134593781388,30.282038891477807,1.118859468453725
2023-09-20,latte,31,58.39921091820547,52.195304740919575,1.118859468453725
2023-09-20,masala_chai,48,46.556136766569985,41.610352398332054,1.118859468453725
2023-09-20,sandwich,37,33.960109646481406,30.352435318275155,1.118859468453725
2023-09-21,americano,36,30.47860605149133,32.68199778647486,0.9325808737464825
2023-09-21,cappuccino,48,45.71790907723699,49.022996679712286,0.9325808737464825
2023-09-21,cold_coffee,59,34.29826981938016,36.77779674120142,0.9325808737464825
2023-09-21,croissant,27,24.06397485600218,25.803633264887065,0.9325808737464825
2023-09-21,espresso,59,40.63814140198844,43.57599704863315,0.9325808737464825
2023-09-21,hot_chocolate,25,20.52328075653424,22.006971549915566,0.9325808737464825
2023-09-21,iced_latte,49,33.149100985225665,35.54555097409931,0.9325808737464825
2023-09-21,latte,51,50.797676752485565,54.469996310791444,0.9325808737464825
2023-09-21,masala_chai,33,40.841840933453206,43.79442264280863,0.9325808737464825
2023-09-21,sandwich,37,28.31055865412021,30.357215605749488,0.9325808737464825
2023-09-22,americano,38,43.936656411335754,45.01989294785957,0.9759387136309191
2023-09-22,cappuccino,66,51.14226806279481,52.40315539130853,0.9759387136309191
2023-09-22,cold_coffee,47,38.10314431607455,39.04255849664389,0.9759387136309191
2023-09-22,croissant,26,27.745701914518406,28.429758474579057,0.9759387136309191
2023-09-22,espresso,47,50.756080493820086,52.00744655879595,0.9759387136309191
2023-09-22,hot_chocolate,28,27.419812932513427,28.095834860879453,0.9759387136309191
2023-09-22,iced_latte,37,28.57735823705591,29.281918872482915,0.9759387136309191
2023-09-22,latte,63,56.824742291994234,58.22572821256503,0.9759387136309191
2023-09-22,masala_chai,56,55.004391767901836,56.360497846490205,0.9759387136309191
2023-09-22,sandwich,25,31.36192373267363,32.13513645338809,0.9759387136309191
2023-09-23,americano,40,51.77930339402392,47.46833179123353,1.090817845079328
2023-09-23,cappuccino,58,60.27110915064383,55.25313820499582,1.090817845079328
2023-09-23,cold_coffee,52,52.412267692908486,48.04859759980997,1.090817845079328
2023-09-23,croissant,24,37.33476072971128,34.226393433264896,1.090817845079328
2023-09-23,espresso,95,59.81598750657207,54.8359084666625,1.090817845079328
2023-09-23,hot_chocolate,18,32.185222003491305,29.50558807657816,1.090817845079328
2023-09-23,iced_latte,45,39.30920076968136,36.036448199857475,1.090817845079328
2023-09-23,latte,80,66.96789905627091,61.39237578332868,1.090817845079328
2023-09-23,masala_chai,68,64.69310220029652,59.30697090456181,1.090817845079328
2023-09-23,sandwich,42,37.33144826757572,34.22335675564682,1.090817845079328
2023-09-24,americano,53,39.15475516424046,39.82825735647102,0.9830898403060275
2023-09-24,cappuccino,60,58.7321327463607,59.742386034706534,0.9830898403060275
2023-09-24,cold_coffee,44,43.87193374324539,44.62657627464488,0.9830898403060275
2023-09-24,croissant,50,34.69372825460302,35.290496180698156,0.9830898403060275
2023-09-24,espresso,40,58.2886322833353,59.29125690607335,0.9830898403060275
2023-09-24,hot_chocolate,32,31.964998783437498,32.514829746879556,0.9830898403060275
2023-09-24,iced_latte,32,32.903950307434044,33.46993220598366,0.9830898403060275
2023-09-24,latte,69,65.2579252737341,66.3804289274517,0.9830898403060275
2023-09-24,masala_chai,77,63.64295889920392,64.73768346481172,0.9830898403060275
2023-09-24,sandwich,22,34.690650113510415,35.28736509240245,0.9830898403060275
2023-09-25,americano,38,32.20986063505815,32.07957648692914,1.0040612801787483
2023-09-25,cappuccino,56,48.314790952587224,48.11936473039371,1.0040612801787483
2023-09-25,cold_coffee,37,31.419327606907174,31.29224104858793,1.0040612801787483
2023-09-25,croissant,20,25.121080845443274,25.0194697687885,1.0040612801787483
2023-09-25,espresso,43,61.79117827764466,61.54124205112687,1.0040612801787483
2023-09-25,hot_chocolate,33,26.34799754330552,26.24142376908998,1.0040612801787483
2023-09-25,iced_latte,32,23.564495705180384,23.46918078644095,1.0040612801787483
2023-09-25,latte,62,53.683101058430246,53.46596081154857,1.0040612801787483
2023-09-25,masala_chai,44,52.406962681351295,52.194984226482205,1.0040612801787483
2023-09-25,sandwich,28,28.395224023684438,28.280369519507186,1.0040612801787483
2023-09-26,americano,35,31.452072295573142,32.53024369768508,0.9668563379932914
2023-09-26,cappuccino,37,47.17810844335971,48.79536554652762,0.9668563379932914
2023-09-26,cold_coffee,21,34.591758795416766,35.77755808811462,0.9668563379932914
2023-09-26,croissant,34,25.467410217852812,26.340428476386034,0.9668563379932914
2023-09-26,espresso,46,46.82185519729336,48.42690000302634,0.9668563379932914
2023-09-26,hot_chocolate,22,25.345077093702002,26.213901794661307,0.9668563379932914
2023-09-26,iced_latte,32,25.943819096562564,26.833168566085956,0.9668563379932914
2023-09-26,latte,52,52.42012049262191,54.21707282947514,0.9668563379932914
2023-09-26,masala_chai,74,50.79163594370786,52.53276412204714,0.9668563379932914
2023-09-26,sandwich,34,28.786692057088526,29.77349470225872,0.9668563379932914
2023-09-27,americano,42,39.9863290682389,33.96351197259438,1.177331987943544
2023-09-27,cappuccino,89,59.979493602358346,50.94526795889157,1.177331987943544
2023-09-27,cold_coffee,27,42.25354342208605,35.889234179299486,1.177331987943544
2023-09-27,croissant,34,31.975575757413583,27.159353593429156,1.177331987943544
2023-09-27,espresso,56,59.52657401744301,50.56056798509195,1.177331987943544
2023-09-27,hot_chocolate,35,32.38376650253861,27.506061870537994,1.177331987943544
2023-09-27,iced_latte,30,31.690157566564533,26.916925634474612,1.177331987943544
2023-09-27,latte,52,66.64388178039815,56.60585328765729,1.177331987943544
2023-09-27,masala_chai,67,64.73515733316717,54.98462455457498,1.177331987943544
2023-09-27,sandwich,25,36.14309601184004,30.699154004106777,1.177331987943544
2023-09-28,americano,35,33.12938094425625,34.489420238101886,0.9605664785184429
2023-09-28,cappuccino,67,49.69407141638437,51.73413035715283,0.9605664785184429
2023-09-28,cold_coffee,28,32.837499058663276,34.185555912081306,0.9605664785184429
2023-09-28,croissant,25,25.96774684173679,27.033784149733066,0.9605664785184429
2023-09-28,espresso,81,63.555179804982274,66.164269965998,0.9605664785184429
2023-09-28,hot_chocolate,31,34.85312942791809,36.28393266614385,0.9605664785184429
2023-09-28,iced_latte,19,24.62812429399746,25.63916693406098,0.9605664785184429
2023-09-28,latte,46,55.21563490709374,57.48236706350314,0.9605664785184429
2023-09-28,masala_chai,40,53.8491894776804,56.05982582354553,0.9605664785184429
2023-09-28,sandwich,19,29.35223979804158,30.55721853141684,0.9605664785184429
2023-09-29,americano,22,39.24373641118065,40.025767828255795,0.9804618009970297
2023-09-29,cappuccino,55,58.86560461677096,60.03865174238368,0.9804618009970297
2023-09-29,cold_coffee,60,40.16285026005022,40.96319736190507,0.9804618009970297
2023-09-29,croissant,29,31.06949845954329,31.68863736246407,0.9804618009970297
2023-09-29,espresso,57,58.421096275543995,59.585285440121886,0.9804618009970297
2023-09-29,hot_chocolate,29,31.90974632568165,32.54562930777384,0.9804618009970297
2023-09-29,iced_latte,22,30.122137695037654,30.72239802142879,0.9804618009970297
2023-09-29,latte,64,65.40622735196773,66.70961304709297,0.9804618009970297
2023-09-29,masala_chai,54,63.660143189556656,64.92873370978938,0.9804618009970297
2023-09-29,sandwich,30,35.11892559440879,35.81875964845997,0.9804618009970297
2023-09-30,americano,59,46.84877829179889,44.69370095266588,1.0482188159225256
2023-09-30,cappuccino,59,70.27316743769832,67.04055142899881,1.0482188159225256
2023-09-30,cold_coffee,57,57.32161910212813,54.68478358851059,1.0482188159225256
2023-09-30,croissant,53,42.66854444906989,40.70576085921314,1.0482188159225256
2023-09-30,espresso,72,89.8743786667479,85.74009290956151,1.0482188159225256
2023-09-30,hot_chocolate,33,37.8278109792379,36.08770459433708,1.0482188159225256
2023-09-30,iced_latte,35,42.99121432659611,41.01358769138295,1.0482188159225256
2023-09-30,latte,93,78.08129715299815,74.48950158777647,1.0482188159225256
2023-09-30,masala_chai,90,75.73131542085768,72.24762069759967,1.0482188159225256
2023-09-30,sandwich,52,42.66475875619001,40.70214931091581,1.0482188159225256
2023-10-01,americano,52,50.96310898001965,46.00350787189536,1.1078091940713553
2023-10-01,cappuccino,71,76.44466347002947,69.00526180784304,1.1078091940713553
2023-10-01,cold_coffee,71,60.10459518047532,54.25536771326337,1.1078091940713553
2023-10-01,croissant,48,48.31957286536162,43.6172340182341,1.1078091940713553
2023-10-01,espresso,67,75.86741142656646,68.48418647596073,1.1078091940713553
2023-10-01,hot_chocolate,37,41.43896652657113,37.40623091804923,1.1078091940713553
2023-10-01,iced_latte,44,45.078446385356486,40.69152578494752,1.1078091940713553
2023-10-01,latte,118,84.9385149666994,76.6725131198256,1.1078091940713553
2023-10-01,masala_chai,83,82.67099699835708,74.62566427574905,1.1078091940713553
2023-10-01,sandwich,42,46.492067462872484,41.96757682792609,1.1078091940713553
2023-10-02,americano,43,42.00133833999807,43.16850064593403,0.972962639691636
2023-10-02,cappuccino,50,48.88955782775774,50.248134751867205,0.972962639691636
2023-10-02,cold_coffee,38,40.82930159140156,41.96389452768887,0.972962639691636
2023-10-02,croissant,25,28.02192594787865,28.800618651462017,0.972962639691636
2023-10-02,espresso,65,43.457384735784665,44.66500866832641,0.972962639691636
2023-10-02,hot_chocolate,11,21.706974536250076,22.31018299236005,0.972962639691636
2023-10-02,iced_latte,36,30.62197619355117,31.472920895766652,0.972962639691636
2023-10-02,latte,59,54.321730919730825,55.831260835408,0.972962639691636
2023-10-02,masala_chai,33,43.4356614746846,44.64268174618791,0.972962639691636
2023-10-02,sandwich,50,31.72293503533432,32.60447394505134,0.972962639691636
2023-10-03,americano,48,37.99167491496943,33.66443406331082,1.1285404306372895
2023-10-03,cappuccino,82,56.98751237245415,50.49665109496623,1.1285404306372895
2023-10-03,cold_coffee,35,47.974438136200185,42.51016342330678,1.1285404306372895
2023-10-03,croissant,13,32.74517436621534,29.01550841889117,1.1285404306372895
2023-10-03,espresso,47,50.65556655329257,44.88591208441443,1.1285404306372895
2023-10-03,hot_chocolate,17,25.27717833190605,22.3981149861259,1.1285404306372895
2023-10-03,iced_latte,31,35.98082860215014,31.882622567480084,1.1285404306372895
2023-10-03,latte,62,63.319458191615716,56.107390105518036,1.1285404306372895
2023-10-03,masala_chai,77,50.604936306082074,44.84104860780694,1.1285404306372895
2023-10-03,sandwich,58,37.07000871647019,32.84774537987679,1.1285404306372895
2023-10-04,americano,27,31.91624817797404,32.13986744320121,0.9930423090380706
2023-10-04,cappuccino,32,47.87437226696107,48.209801164801824,0.9930423090380706
2023-10-04,cold_coffee,27,40.30262096053365,40.58499884015371,0.9930423090380706
2023-10-04,croissant,25,27.508740113254984,27.701478439425056,0.9930423090380706
2023-10-04,espresso,35,42.554997570632054,42.85315659093495,0.9930423090380706
2023-10-04,hot_chocolate,25,21.234986314387147,21.38376796347864,0.9930423090380706
2023-10-04,iced_latte,30,30.226965720400244,30.438749130115283,0.9930423090380706
2023-10-04,latte,69,53.193746963290074,53.56644573866869,0.9930423090380706
2023-10-04,masala_chai,39,42.512463843469476,42.8103248537819,0.9930423090380706
2023-10-04,sandwich,34,31.14196993953394,31.36016427104723,0.9930423090380706
2023-10-05,americano,43,40.95752179958936,42.11722169272815,0.9724649479113427
2023-10-05,cappuccino,45,47.67455537472201,49.02444605033557,0.9724649479113427
2023-10-05,cold_coffee,27,33.15901664436076,34.09790421297919,0.9724649479113427
2023-10-05,croissant,20,26.657354834184204,27.412149806981517,0.9724649479113427
2023-10-05,espresso,41,47.314553338451184,48.6542506648422,0.9724649479113427
2023-10-05,hot_chocolate,22,25.8433252847899,26.575071256086005,0.9724649479113427
2023-10-05,iced_latte,31,24.86926248327057,25.57342815973439,0.9724649479113427
2023-10-05,latte,49,52.97172819413557,54.471606722595084,0.9724649479113427
2023-10-05,masala_chai,39,51.55759532942231,53.01743311176157,0.9724649479113427
2023-10-05,sandwich,34,37.36427986301092,38.42223819301848,0.9724649479113427
2023-10-06,americano,23,32.60755527018267,34.61999212894186,0.9418706725505921
2023-10-06,cappuccino,46,48.911332905274016,51.9299881934128,0.9418706725505921
2023-10-06,cold_coffee,32,39.9219371499348,42.38579490093468,0.9418706725505921
2023-10-06,croissant,44,28.751110495228698,30.525539581108834,0.9418706725505921
2023-10-06,espresso,50,48.541991664349624,51.53785236023708,0.9418706725505921
2023-10-06,hot_chocolate,12,25.98874758731693,27.59269222911382,0.9418706725505921
2023-10-06,iced_latte,32,29.941452862451094,31.789346175701,0.9418706725505921
2023-10-06,latte,78,54.345925450304456,57.699986881569764,0.9418706725505921
2023-10-06,masala_chai,44,52.36879191702583,55.60083081811093,0.9418706725505921
2023-10-06,sandwich,35,31.27201807472155,33.20202973305955,0.9418706725505921
2023-10-07,americano,41,37.069502359621005,37.0544817056953,1.0004053667258122
2023-10-07,cappuccino,64,55.604253539431504,55.58172255854295,1.0004053667258122
2023-10-07,cold_coffee,52,50.490180539540624,50.469721793664476,1.0004053667258122
2023-10-07,croissant,52,36.764374386980705,36.74947737166325,1.0004053667258122
2023-10-07,espresso,55,55.184372444743225,55.16201160071143,1.0004053667258122
2023-10-07,hot_chocolate,26,29.60414051155259,29.59214484068876,1.0004053667258122
2023-10-07,iced_latte,40,37.86763540465547,37.85229134524836,1.0004053667258122
2023-10-07,latte,42,61.78250393270167,61.75746950949217,1.0004053667258122
2023-10-07,masala_chai,48,59.594388339113834,59.570240545747964,1.0004053667258122
2023-10-07,sandwich,33,35.373900737750574,35.35956714579055,1.0004053667258122
2023-10-08,americano,19,35.624774246575036,36.69154576817135,0.9709259585754029
2023-10-08,cappuccino,50,53.437161369862565,55.037318652257035,0.9709259585754029
2023-10-08,cold_coffee,30,50.100229128997,51.60046313161394,0.9709259585754029
2023-10-08,croissant,41,35.68662603987541,36.755249691991786,0.9709259585754029
2023-10-08,espresso,53,53.03364450946446,54.621718619284216,0.9709259585754029
2023-10-08,hot_chocolate,39,28.336789496006975,29.185324839377355,0.9709259585754029
2023-10-08,iced_latte,34,37.575171846747736,38.700347348710444,0.9709259585754029
2023-10-08,latte,39,59.37462374429173,61.152576280285594,0.9709259585754029
2023-10-08,masala_chai,61,57.15735755961174,58.86891482794036,0.9709259585754029
2023-10-08,sandwich,32,34.33691415259931,35.36512114989733,0.9709259585754029
2023-10-09,americano,25,27.640489076237444,30.836188726608967,0.8963652843513079
2023-10-09,cappuccino,56,41.460733614356165,46.25428308991345,0.8963652843513079
2023-10-09,cold_coffee,17,29.537588864583288,32.952624761633196,0.8963652843513079
2023-10-09,croissant,15,23.357405068548015,26.057909064887063,0.8963652843513079
2023-10-09,espresso,37,41.147653641000716,45.905005871327255,0.8963652843513079
2023-10-09,hot_chocolate,27,22.407625705696194,24.998319431695087,0.8963652843513079
2023-10-09,iced_latte,28,28.547927382007042,31.848541973227956,0.8963652843513079
2023-10-09,latte,37,46.067481793729065,51.39364787768161,0.8963652843513079
2023-10-09,masala_chai,39,44.770458560139346,49.946667214515514,0.8963652843513079
2023-10-09,sandwich,22,25.405390640596064,28.342675786447636,0.8963652843513079
2023-10-10,americano,25,30.148885955418805,31.741953616533763,0.9498119214601473
2023-10-10,cappuccino,61,45.22332893312822,47.61293042480066,0.9498119214601473
2023-10-10,cold_coffee,54,34.623406099209234,36.452907482970545,0.9498119214601473
2023-10-10,croissant,27,26.05684106453275,27.433685002053387,0.9498119214601473
2023-10-10,espresso,43,44.88183669738721,47.253393733351224,0.9498119214601473
2023-10-10,hot_chocolate,26,24.22215265448009,25.502051624329308,0.9498119214601473
2023-10-10,iced_latte,25,25.967554574406925,27.33968061222791,0.9498119214601473
2023-10-10,latte,59,50.24814325903134,52.90325602755627,0.9498119214601473
2023-10-10,masala_chai,74,48.6141574453896,51.18293037494727,0.9498119214601473
2023-10-10,sandwich,31,28.34151414344295,29.83908024640657,0.9498119214601473
2023-10-11,americano,25,33.636304569004395,31.352570260249234,1.0728404175414805
2023-10-11,cappuccino,59,50.454456853506585,47.02885539037385,1.0728404175414805
2023-10-11,cold_coffee,53,40.204862039683206,37.475156027227804,1.0728404175414805
2023-10-11,croissant,27,29.436586837838952,27.43799204106776,1.0728404175414805
2023-10-11,espresso,66,64.52765865004346,60.14655823455547,1.0728404175414805
2023-10-11,hot_chocolate,24,26.889224166538636,25.063582362191333,1.0728404175414805
2023-10-11,iced_latte,59,38.85779191979691,36.21954512940831,1.0728404175414805
2023-10-11,latte,43,56.060507615007324,52.25428376708206,1.0728404175414805
2023-10-11,masala_chai,66,54.10208897407739,50.428831808982046,1.0728404175414805
2023-10-11,sandwich,32,32.0175972265063,29.843764928131414,1.0728404175414805
2023-10-12,americano,30,29.944452143226673,29.84133188873551,1.0034556183643428
2023-10-12,cappuccino,43,44.91667821484001,44.761997833103266,1.0034556183643428
2023-10-12,cold_coffee,46,56.274871569965796,56.08107677118318,1.0034556183643428
2023-10-12,croissant,11,26.997185483081427,26.904214784394252,1.0034556183643428
2023-10-12,espresso,48,39.925936190968905,39.78844251831402,1.0034556183643428
2023-10-12,hot_chocolate,15,19.567674842458946,19.50028928469675,1.0034556183643428
2023-10-12,iced_latte,28,32.75197525372008,32.6391866808286,1.0034556183643428
2023-10-12,latte,31,49.90742023871113,49.735553147892524,1.0034556183643428
2023-10-12,masala_chai,36,39.52866648814865,39.39254090039512,1.0034556183643428
2023-10-12,sandwich,34,30.562851490280863,30.457601642710475,1.0034556183643428
2023-10-13,americano,32,35.31793311400918,32.72084663048265,1.079371005061559
2023-10-13,cappuccino,53,52.97689967101378,49.08126994572398,1.079371005061559
2023-10-13,cold_coffee,58,63.262636211663754,58.61065001283385,1.079371005061559
2023-10-13,croissant,23,31.367722057727228,29.061112361396304,1.079371005061559
2023-10-13,espresso,49,47.090577485345584,43.6277955073102,1.079371005061559
2023-10-13,hot_chocolate,19,23.217951408109652,21.51063100568046,1.079371005061559
2023-10-13,iced_latte,52,36.8188542751883,34.1113983074693,1.079371005061559
2023-10-13,latte,46,58.86322185668198,54.53474438413775,1.079371005061559
2023-10-13,masala_chai,82,46.76209447478964,43.32346733005181,1.079371005061559
2023-10-13,sandwich,41,35.51062874459686,32.89937248459959,1.079371005061559
2023-10-14,americano,34,38.7689303275161,36.10492949450805,1.0737849615081863
2023-10-14,cappuccino,55,58.15339549127416,54.15739424176208,1.0737849615081863
2023-10-14,cold_coffee,46,59.95071205435406,55.83120848530994,1.0737849615081863
2023-10-14,croissant,45,38.729827215990156,36.068513347022595,1.0737849615081863
2023-10-14,espresso,77,51.6919071033548,48.13990599267739,1.0737849615081863
2023-10-14,hot_chocolate,29,25.537655596355787,23.782839685598535,1.0737849615081863
2023-10-14,iced_latte,33,44.96303404076556,41.87340636398247,1.0737849615081863
2023-10-14,latte,61,64.61488387919351,60.174882490846755,1.0737849615081863
2023-10-14,masala_chai,71,51.3826842569419,47.851931344589026,1.0737849615081863
2023-10-14,sandwich,44,38.78603886652134,36.120862422997945,1.0737849615081863
2023-10-15,americano,25,37.025968980104906,34.78152289442318,1.064529839377493
2023-10-15,cappuccino,35,55.53895347015737,52.172284341634786,1.064529839377493
2023-10-15,cold_coffee,63,64.55535859985318,60.64213158891191,1.064529839377493
2023-10-15,croissant,31,38.40203304070677,36.074172484599586,1.064529839377493
2023-10-15,espresso,60,49.367958640139875,46.375363859230916,1.064529839377493
2023-10-15,hot_chocolate,20,24.02642875674433,22.56999087108193,1.064529839377493
2023-10-15,iced_latte,41,48.41651894988988,45.48159869168392,1.064529839377493
2023-10-15,latte,75,61.709948300174844,57.96920482403864,1.064529839377493
2023-10-15,masala_chai,46,48.705969677919796,45.753503449374115,1.064529839377493
2023-10-15,sandwich,46,38.45776893771796,36.126529774127306,1.064529839377493
2023-10-16,americano,24,28.01915691119198,28.36706283980249,0.9877355674581031
2023-10-16,cappuccino,42,42.02873536678798,42.550594259703736,0.9877355674581031
2023-10-16,cold_coffee,45,40.861558345704516,41.36892473241604,0.9877355674581031
2023-10-16,croissant,18,25.261386402827092,25.575049876796715,0.9877355674581031
2023-10-16,espresso,43,37.358875881589306,37.822750453069986,0.9877355674581031
2023-10-16,hot_chocolate,14,18.30956028768279,18.53690490745584,0.9877355674581031
2023-10-16,iced_latte,22,30.646168759278382,31.02669354931203,0.9877355674581031
2023-10-16,latte,70,46.69859485198664,47.278438066337486,0.9877355674581031
2023-10-16,masala_chai,33,36.987148855623296,37.446407797998205,0.9877355674581031
2023-10-16,sandwich,36,36.852829803774206,37.31042094455852,0.9877355674581031
2023-10-17,americano,34,36.03874634007016,37.33093713970846,0.9653855247511638
2023-10-17,cappuccino,33,41.94910073984167,43.45321083062065,0.9653855247511638
2023-10-17,cold_coffee,33,40.78413524632008,42.24647480272976,0.9653855247511638
2023-10-17,croissant,26,25.213521981859405,26.117567889117044,0.9653855247511638
2023-10-17,espresso,23,37.288089546525924,38.625076293885016,0.9653855247511638
2023-10-17,hot_chocolate,19,18.274867951824103,18.93012426981915,0.9653855247511638
2023-10-17,iced_latte,37,30.58810143474006,31.684856102047316,0.9653855247511638
2023-10-17,latte,71,46.61011193315741,48.28134536735628,0.9653855247511638
2023-10-17,masala_chai,36,36.917066856362084,38.24075036330979,0.9653855247511638
2023-10-17,sandwich,27,28.543609790784227,29.56705798767967,0.9653855247511638
2023-10-18,americano,30,29.49914348112197,29.572227449454974,0.9975286282219383
2023-10-18,cappuccino,30,44.24871522168296,44.35834117418246,0.9975286282219383
2023-10-18,cold_coffee,39,44.4187867113542,44.528834015048986,0.9975286282219383
2023-10-18,croissant,24,26.862997377381113,26.929550308008217,0.9975286282219383
2023-10-18,espresso,52,39.33219130816263,39.4296365992733,0.9975286282219383
2023-10-18,hot_chocolate,26,24.741917723984166,24.803215691248695,0.9975286282219383
2023-10-18,iced_latte,36,33.314090033515654,33.39662551128674,0.9975286282219383
2023-10-18,latte,72,49.165239135203294,49.28704574909163,0.9975286282219383
2023-10-18,masala_chai,36,38.86302563646939,38.95930857216744,0.9975286282219383
2023-10-18,sandwich,32,30.4109404272239,30.486283367556467,0.9975286282219383
2023-10-19,americano,43,34.269289470842835,30.188216179112246,1.1351876264406227
2023-10-19,cappuccino,46,51.40393420626426,45.282324268668376,1.1351876264406227
2023-10-19,cold_coffee,54,53.27945930982275,46.934496173888306,1.1351876264406227
2023-10-19,croissant,32,31.520500746474756,27.766776180698155,1.1351876264406227
2023-10-19,espresso,51,45.69238596112378,40.250954905483,1.1351876264406227
2023-10-19,hot_chocolate,37,22.21537227999469,19.569780151366626,1.1351876264406227
2023-10-19,iced_latte,21,39.959594482367066,35.20087213041623,1.1351876264406227
2023-10-19,latte,55,57.11548245140472,50.313693631853745,1.1351876264406227
2023-10-19,masala_chai,49,45.05714958777504,39.691367786531984,1.1351876264406227
2023-10-19,sandwich,21,35.68358575072614,31.4340862422998,1.1351876264406227
2023-10-20,americano,43,31.259670919730574,32.36473684168556,0.9658558656799684
2023-10-20,cappuccino,53,46.88950637959586,48.54710526252834,0.9658558656799684
2023-10-20,cold_coffee,59,49.780835140604715,51.540645876347924,0.9658558656799684
2023-10-20,croissant,28,28.968740847624698,29.992819712525666,0.9658558656799684
2023-10-20,espresso,23,41.679561226307435,43.15298245558075,0.9658558656799684
2023-10-20,hot_chocolate,23,20.203658252715854,20.91788119803192,0.9658558656799684
2023-10-20,iced_latte,35,37.335626355453535,38.65548440726094,0.9658558656799684
2023-10-20,latte,38,52.09945153288429,53.94122806947593,0.9658558656799684
2023-10-20,masala_chai,52,41.03850901627548,42.48926830028011,0.9658558656799684
2023-10-20,sandwich,23,32.794800959575134,33.954135523613964,0.9658558656799684
2023-10-21,americano,41,33.68905548312661,33.18400207500285,1.0152197859372787
2023-10-21,cappuccino,63,65.12059693903339,64.14433390786634,1.0152197859372787
2023-10-21,cold_coffee,71,62.1205355389038,61.1892482784429,1.0152197859372787
2023-10-21,croissant,33,35.55795471996724,35.024883490759755,1.0152197859372787
2023-10-21,espresso,48,44.918740644168814,44.245336100003804,1.0152197859372787
2023-10-21,hot_chocolate,20,27.974983718335164,27.555593484132004,1.0152197859372787
2023-10-21,iced_latte,47,46.59040165417786,45.891936208832185,1.0152197859372787
2023-10-21,latte,70,56.148425805211005,55.30667012500475,1.0152197859372787
2023-10-21,masala_chai,37,44.161576186068004,43.49952276126773,1.0152197859372787
2023-10-21,sandwich,43,35.6095627819701,35.07571786447639,1.0152197859372787
2023-10-22,americano,27,33.32662394852556,34.045021733512016,0.9788985952010919
2023-10-22,cappuccino,45,49.989935922788334,51.067532600268024,0.9788985952010919
2023-10-22,cold_coffee,68,62.44337794869608,63.78942441516993,0.9788985952010919
2023-10-22,croissant,26,35.35173482098567,36.11378644763861,0.9788985952010919
2023-10-22,espresso,63,44.43549859803409,45.39336231134937,0.9788985952010919
2023-10-22,hot_chocolate,34,21.43213620433825,21.894133171102894,0.9788985952010919
2023-10-22,iced_latte,42,46.83253346152205,47.84206831137744,0.9788985952010919
2023-10-22,latte,44,55.5443732475426,56.741702889186705,0.9788985952010919
2023-10-22,masala_chai,35,43.64281517640099,44.58359158992928,0.9788985952010919
2023-10-22,sandwich,31,35.40304357979695,36.16620123203285,0.9788985952010919
2023-10-23,americano,18,28.973807190620963,28.11564164819115,1.030522708788509
2023-10-23,cappuccino,75,56.00607060042712,54.34724545397774,1.030522708788509
2023-10-23,cold_coffee,41,43.62775355290228,42.33555765519367,1.030522708788509
2023-10-23,croissant,38,26.38460696570686,25.60313008213552,1.030522708788509
2023-10-23,espresso,29,38.631742920827946,37.4875221975882,1.030522708788509
2023-10-23,hot_chocolate,13,18.857809278322797,18.299266107868885,1.030522708788509
2023-10-23,iced_latte,19,32.72081516467671,31.751668241395254,1.030522708788509
2023-10-23,latte,60,48.28967865103493,46.859402746985246,1.030522708788509
2023-10-23,masala_chai,41,38.170932398624224,37.04036026872061,1.030522708788509
2023-10-23,sandwich,27,29.86936637627191,28.98467556468172,1.030522708788509
2023-10-24,americano,25,27.441313328274703,28.47375340795457,0.963740639848646
2023-10-24,cappuccino,32,41.16196999241206,42.71063011193186,0.963740639848646
2023-10-24,cold_coffee,41,39.69999013561408,41.19364535861941,0.963740639848646
2023-10-24,croissant,24,24.67864297249402,25.607141540041066,0.963740639848646
2023-10-24,espresso,51,36.58841777103294,37.96500454393943,0.963740639848646
2023-10-24,hot_chocolate,29,17.949900207027724,18.62523947298386,0.963740639848646
2023-10-24,iced_latte,39,29.774992601710554,30.895234018964555,0.963740639848646
2023-10-24,latte,66,45.73552221379117,47.45625567992428,0.963740639848646
2023-10-24,masala_chai,53,36.24247363862133,37.60604475942112,0.963740639848646
2023-10-24,sandwich,26,27.93808638395549,28.989216837782337,0.963740639848646
2023-10-25,americano,31,29.8062350272095,30.82702910166679,0.9668863946930878
2023-10-25,cappuccino,53,44.70935254081425,46.240543652500186,0.9668863946930878
2023-10-25,cold_coffee,58,43.467732290817516,44.956400803028345,0.9668863946930878
2023-10-25,croissant,27,26.8725723126616,27.79289527720739,0.9668863946930878
2023-10-25,espresso,47,39.741646702946,41.102705468889056,0.9668863946930878
2023-10-25,hot_chocolate,22,19.477354686626725,20.144408684961682,0.9668863946930878
2023-10-25,iced_latte,31,32.60079921811313,33.71730060227126,0.9668863946930878
2023-10-25,latte,66,49.677058378682496,51.378381836111316,0.9668863946930878
2023-10-25,masala_chai,41,39.34621071116986,40.693726716114625,0.9668863946930878
2023-10-25,sandwich,46,30.42177997659804,31.46365503080082,0.9668863946930878
2023-10-26,americano,39,36.0701557128878,38.5398218984833,0.9359191074597911
2023-10-26,cappuccino,39,41.985661249801396,44.860352689834556,0.9359191074597911
2023-10-26,cold_coffee,45,40.819680436957654,43.61453902543746,0.9359191074597911
2023-10-26,croissant,45,25.23549668942833,26.963331006160164,0.9359191074597911
2023-10-26,espresso,46,48.093540950517074,51.38642919797773,0.9359191074597911
2023-10-26,hot_chocolate,20,18.290795313316526,19.543136973621763,0.9359191074597911
2023-10-26,iced_latte,33,30.614760327718233,32.710904269078085,0.9359191074597911
2023-10-26,latte,41,46.65073472200155,49.8448363220384,0.9359191074597911
2023-10-26,masala_chai,42,36.94924172463534,39.47909753111089,0.9359191074597911
2023-10-26,sandwich,33,28.568486818220755,30.52452566735113,0.9359191074597911
2023-10-27,americano,22,25.580268927334448,31.744101122090232,0.8058274773303797
2023-10-27,cappuccino,51,38.37040339100167,47.61615168313535,0.8058274773303797
2023-10-27,cold_coffee,49,39.45349296614119,48.96022297086021,0.8058274773303797
2023-10-27,croissant,43,23.469691336522022,29.12495788090349,0.8058274773303797
2023-10-27,espresso,49,34.10702523644593,42.325468162786976,0.8058274773303797
2023-10-27,hot_chocolate,20,21.390758008278926,26.545083916900204,0.8058274773303797
2023-10-27,iced_latte,23,29.590119724605888,36.72016722814515,0.8058274773303797
2023-10-27,latte,42,42.633781545557405,52.90683520348371,0.8058274773303797
2023-10-27,masala_chai,35,33.649674459492175,41.757913953207385,0.8058274773303797
2023-10-27,sandwich,32,26.56946189040229,32.9716504312115,0.8058274773303797
2023-10-28,americano,23,34.15167125560078,34.67862813792567,0.9848045637725619
2023-10-28,cappuccino,57,51.22750688340117,52.017942206888506,0.9848045637725619
2023-10-28,cold_coffee,81,60.5043414080046,61.437917363244395,0.9848045637725619
2023-10-28,croissant,25,35.59846057581929,36.14774127310062,0.9848045637725619
2023-10-28,espresso,44,45.53556167413438,46.23817085056756,0.9848045637725619
2023-10-28,hot_chocolate,17,22.11699716449432,22.458260225530584,0.9848045637725619
2023-10-28,iced_latte,48,45.37825605600346,46.0784380224333,0.9848045637725619
2023-10-28,latte,68,56.91945209266797,57.79771356320945,0.9848045637725619
2023-10-28,masala_chai,38,44.8800599026001,45.572554752056405,0.9848045637725619
2023-10-28,sandwich,32,35.650127427163,36.200205338809035,0.9848045637725619
2023-10-29,americano,28,34.962282468105386,38.75813901388951,0.9020629823216272
2023-10-29,cappuccino,48,52.443423702158064,58.13720852083426,0.9020629823216272
2023-10-29,cold_coffee,35,48.38810971656556,53.641608917405904,0.9020629823216272
2023-10-29,croissant,54,44.90761105723627,49.78323236550308,0.9020629823216272
2023-10-29,espresso,69,52.04741079394328,57.69820047375136,0.9020629823216272
2023-10-29,hot_chocolate,10,27.865503151379805,30.8908620545128,0.9020629823216272
2023-10-29,iced_latte,22,36.29108228742416,40.231206688054414,0.9020629823216272
2023-10-29,latte,51,58.27047078017562,64.5968983564825,0.9020629823216272
2023-10-29,masala_chai,38,56.15056021052734,62.246829003018625,0.9020629823216272
2023-10-29,sandwich,40,43.20915022752947,47.9003695687885,0.9020629823216272
2023-10-30,americano,42,36.20604433446855,33.67990142476612,1.0750044626866058
2023-10-30,cappuccino,43,54.309066501702844,50.51985213714919,1.0750044626866058
2023-10-30,cold_coffee,37,41.57953226172084,38.678474094709365,1.0750044626866058
2023-10-30,croissant,37,31.291874074342346,29.108599229568792,1.0750044626866058
2023-10-30,espresso,81,53.898965675907874,50.138364580557976,1.0750044626866058
2023-10-30,hot_chocolate,27,29.088581720106507,27.059033454995667,1.0750044626866058
2023-10-30,iced_latte,37,31.184649196290632,29.008855571032026,1.0750044626866058
2023-10-30,latte,72,60.343407224114266,56.13316904127688,1.0750044626866058
2023-10-30,masala_chai,45,58.38114026346817,54.30781200439344,1.0750044626866058
2023-10-30,sandwich,41,34.03555670683185,31.660851548254623,1.0750044626866058
2023-10-31,americano,51,37.443155921735844,34.3084556424073,1.0913681546030847
2023-10-31,cappuccino,31,56.16473388260376,51.46268346361095,1.0913681546030847
2023-10-31,cold_coffee,47,43.34563034093949,39.71678132454185,1.0913681546030847
2023-10-31,croissant,27,32.44207900783607,29.726063447063655,1.0913681546030847
2023-10-31,espresso,56,55.74062046601453,51.07407636086525,1.0913681546030847
2023-10-31,hot_chocolate,20,30.052431769079483,27.53647487543663,1.0913681546030847
2023-10-31,iced_latte,26,32.50922275570462,29.787585993406385,1.0913681546030847
2023-10-31,latte,57,62.40525986955975,57.18075940401218,1.0913681546030847
2023-10-31,masala_chai,87,60.345764472980086,55.29368272150748,1.0913681546030847
2023-10-31,sandwich,28,35.286612017402156,32.3324552476386,1.0913681546030847
2023-11-01,americano,20,32.81664978217316,33.359909540081425,0.9837151909163437
2023-11-01,cappuccino,42,49.224974673259744,50.03986431012215,0.9837151909163437
2023-11-01,cold_coffee,26,37.56845382651272,38.19037682189009,0.9837151909163437
2023-11-01,croissant,26,28.832689671777352,29.309997383408625,0.9837151909163437
2023-11-01,espresso,61,62.95523846378261,63.99742430035971,0.9837151909163437
2023-11-01,hot_chocolate,22,26.181567767908845,26.6149877623831,0.9837151909163437
2023-11-01,iced_latte,22,28.17634036988454,28.642782616417566,0.9837151909163437
2023-11-01,latte,46,54.694416303621935,55.59984923346905,0.9837151909163437
2023-11-01,masala_chai,47,67.95227239698558,69.0771811032898,0.9837151909163437
2023-11-01,sandwich,32,30.22035922817305,30.720638968706364,0.9837151909163437
2023-11-02,americano,37,44.55420328818386,45.03353185440814,0.989356185347089
2023-11-02,cappuccino,63,51.86109262744601,52.41903107853108,0.989356185347089
2023-11-02,cold_coffee,39,40.21871533685996,40.65140131786845,0.989356185347089
2023-11-02,croissant,43,39.341514068356965,39.76476283367557,0.989356185347089
2023-11-02,espresso,52,51.469477041262486,52.02320236488521,0.989356185347089
2023-11-02,hot_chocolate,55,27.528542665904713,27.824703654374044,0.989356185347089
2023-11-02,iced_latte,48,38.871181060109485,39.28936983041409,0.989356185347089
2023-11-02,latte,65,57.62343625271778,58.24336786503452,0.989356185347089
2023-11-02,masala_chai,44,55.4993085488106,56.0963881065141,0.989356185347089
2023-11-02,sandwich,50,41.23495592191425,41.6785749486653,0.989356185347089
2023-11-03,americano,36,35.7184591332575,38.52784688324336,0.9270816311511109
2023-11-03,cappuccino,39,53.577688699886245,57.79177032486504,0.9270816311511109
2023-11-03,cold_coffee,46,42.90105081137151,46.2753757272738,0.9270816311511109
2023-11-03,croissant,33,31.856499186806552,34.36212962956879,0.9270816311511109
2023-11-03,espresso,90,53.17311068381376,57.35537076469886,0.9270816311511109
2023-11-03,hot_chocolate,37,28.32620247166712,30.554162136182,0.9270816311511109
2023-11-03,iced_latte,27,32.175788108528636,34.70653179545535,0.9270816311511109
2023-11-03,latte,82,59.53076522209583,64.21307813873894,0.9270816311511109
2023-11-03,masala_chai,72,57.2217710787347,61.722473141534785,0.9270816311511109
2023-11-03,sandwich,28,33.38969968242826,36.01592196468173,0.9270816311511109
2023-11-04,americano,63,49.187725748140224,49.92496027207392,0.9852331475094619
2023-11-04,cappuccino,66,57.25451277083523,58.112653756694044,0.9852331475094619
2023-11-04,cold_coffee,45,44.16233963206094,44.82425276057495,0.9852331475094619
2023-11-04,croissant,20,36.60619464182356,37.15485490349076,0.9852331475094619
2023-11-04,espresso,45,56.8221701717027,57.67383112854209,0.9852331475094619
2023-11-04,hot_chocolate,35,30.881614223751473,31.34447343942505,0.9852331475094619
2023-11-04,iced_latte,41,42.68267361346097,43.322409240246415,0.9852331475094619
2023-11-04,latte,68,63.61612530092805,64.56961528521562,0.9852331475094619
2023-11-04,masala_chai,73,61.76322844750295,62.6889468788501,0.9852331475094619
2023-11-04,sandwich,46,33.940914324422174,34.44962688295687,0.9852331475094619
2023-11-05,americano,40,43.41066943405532,40.14644543729716,1.0813079205693665
2023-11-05,cappuccino,104,65.11600415108299,60.21966815594575,1.0813079205693665
2023-11-05,cold_coffee,40,49.428949501131726,45.71218665919393,1.0813079205693665
2023-11-05,croissant,27,41.424867803012816,38.309964271047235,1.0813079205693665
2023-11-05,espresso,59,64.62429753937039,59.764934955199664,1.0813079205693665
2023-11-05,hot_chocolate,32,35.19221492894188,32.54596980147088,1.0813079205693665
2023-11-05,iced_latte,29,37.07171212584879,34.284139994395446,1.0813079205693665
2023-11-05,latte,76,72.35111572342555,66.91074239549528,1.0813079205693665
2023-11-05,masala_chai,61,70.31408060851301,65.02688019846269,1.0813079205693665
2023-11-05,sandwich,37,38.40874209296209,35.52063326488706,1.0813079205693665
2023-11-06,americano,30,32.16740878361543,33.16964051866466,0.9697846669611849
2023-11-06,cappuccino,53,48.25111317542315,49.75446077799699,0.9697846669611849
2023-11-06,cold_coffee,27,32.400779876289,33.41028269483438,0.9697846669611849
2023-11-06,croissant,34,27.15408756682273,28.000120533880906,0.9697846669611849
2023-11-06,espresso,41,47.88675741250192,49.378752875682004,0.9697846669611849
2023-11-06,hot_chocolate,22,26.077514546044956,26.890005002614352,0.9697846669611849
2023-11-06,iced_latte,20,24.300584907216752,25.057712021125788,0.9697846669611849
2023-11-06,latte,43,53.612347972692376,55.282734197774424,0.9697846669611849
2023-11-06,masala_chai,38,52.10290013182203,53.72625687626738,0.9697846669611849
2023-11-06,sandwich,24,28.460968786616334,29.347719917864477,0.9697846669611849
2023-11-07,americano,41,34.748083619481235,33.43710521897484,1.039207293571647
2023-11-07,cappuccino,55,52.12212542922187,50.155657828462274,1.039207293571647
2023-11-07,cold_coffee,34,33.094037334690924,31.845462921021436,1.039207293571647
2023-11-07,croissant,34,28.823707408907854,27.736244334702253,1.039207293571647
2023-11-07,espresso,66,51.72853872155784,49.77692039070689,1.039207293571647
2023-11-07,hot_chocolate,26,36.5560545124484,35.17686484551995,1.039207293571647
2023-11-07,iced_latte,27,31.985216496157467,30.778475761296495,1.039207293571647
2023-11-07,latte,57,57.913472699135404,55.728508698291414,1.039207293571647
2023-11-07,masala_chai,47,56.48026269975133,54.34937095719812,1.039207293571647
2023-11-07,sandwich,29,30.21094466388203,29.071143794661186,1.039207293571647
2023-11-08,americano,23,32.547697380572494,35.277343541619686,0.9226232508741257
2023-11-08,cappuccino,44,48.82154607085875,52.916015312429536,0.9226232508741257
2023-11-08,cold_coffee,27,31.751352647960562,34.41421253786767,0.9226232508741257
2023-11-08,croissant,33,27.20172593406859,29.48302669404518,0.9226232508741257
2023-11-08,espresso,71,48.45288283192021,52.51643375127849,0.9226232508741257
2023-11-08,hot_chocolate,30,26.491561971590272,28.713304099469894,0.9226232508741257
2023-11-08,iced_latte,19,23.813514485970426,25.810659403400756,0.9226232508741257
2023-11-08,latte,61,54.24616230095416,58.79557256936614,0.9226232508741257
2023-11-08,masala_chai,54,52.824412757163394,57.25458653585382,0.9226232508741257
2023-11-08,sandwich,37,28.510899909505046,30.901995893223823,0.9226232508741257
2023-11-09,americano,30,33.70145672337415,34.3959215857794,0.9798096742175281
2023-11-09,cappuccino,43,50.552185085061225,51.59388237866909,0.9798096742175281
2023-11-09,cold_coffee,29,32.355038712400535,33.02175878008057,0.9798096742175281
2023-11-09,croissant,35,28.02550146337647,28.603005462012323,0.9798096742175281
2023-11-09,espresso,33,50.17045337460228,51.20428456135443,0.9798096742175281
2023-11-09,hot_chocolate,47,27.48555801407351,28.051935735400207,0.9798096742175281
2023-11-09,iced_latte,26,24.266279034300403,24.766319085060424,0.9798096742175281
2023-11-09,latte,57,56.16909453895691,57.326535976298985,0.9798096742175281
2023-11-09,masala_chai,75,54.75167074718998,55.87990421804565,0.9798096742175281
2023-11-09,sandwich,39,37.853508233790365,38.6335318275154,0.9798096742175281
2023-11-10,americano,40,43.38090259501963,45.84820526028112,0.9461854035233317
2023-11-10,cappuccino,81,65.07135389252944,68.77230789042169,0.9461854035233317
2023-11-10,cold_coffee,56,41.98229636288167,44.370052852803745,0.9461854035233317
2023-11-10,croissant,22,36.16504741888586,38.22194602053389,0.9461854035233317
2023-11-10,espresso,80,64.57998444566029,68.25299164960943,0.9461854035233317
2023-11-10,hot_chocolate,21,35.34436426341903,37.3545862489597,0.9461854035233317
2023-11-10,iced_latte,23,31.48672227216125,33.27753963960281,0.9461854035233317
2023-11-10,latte,60,72.30150432503272,76.41367543380187,0.9461854035233317
2023-11-10,masala_chai,58,70.44175044076816,74.44814745446574,0.9461854035233317
2023-11-10,sandwich,44,37.90561119840443,40.06150491991787,0.9461854035233317
2023-11-11,americano,51,60.28011735787168,58.083285074360404,1.0378221080419059
2023-11-11,cappuccino,103,70.16605660456263,67.6089438265555,1.0378221080419059
2023-11-11,cold_coffee,42,62.43649150390925,60.1610729045947,1.0378221080419059
2023-11-11,croissant,32,45.41451912633085,43.75944468172485,1.0378221080419059
2023-11-11,espresso,46,62.36982809294456,60.09683895693822,1.0378221080419059
2023-11-11,hot_chocolate,32,31.153744719686646,30.018386078193565,1.0378221080419059
2023-11-11,iced_latte,56,60.34454720094324,58.14536685366757,1.0378221080419059
2023-11-11,latte,59,77.9622851161807,75.12104869617278,1.0378221080419059
2023-11-11,masala_chai,81,62.33865097382739,60.06679804831276,1.0378221080419059
2023-11-11,sandwich,29,43.82659887715844,42.22939416837782,1.0378221080419059
2023-11-12,americano,43,34.037036541714855,32.33308101714852,1.0527000666488482
2023-11-12,cappuccino,37,51.05555481257228,48.49962152572278,1.0527000666488482
2023-11-12,cold_coffee,45,43.64983857672804,41.464648820325785,1.0527000666488482
2023-11-12,croissant,25,32.63487619416091,31.001115349075974,1.0527000666488482
2023-11-12,espresso,43,45.38271538895315,43.11077468953137,1.0527000666488482
2023-11-12,hot_chocolate,10,22.78230489839942,21.641781567397746,1.0527000666488482
2023-11-12,iced_latte,43,32.73737893254602,31.098486615244333,1.0527000666488482
2023-11-12,latte,57,73.10360081983431,69.44390252823995,1.0527000666488482
2023-11-12,masala_chai,52,45.47357164570239,43.1970825179696,1.0527000666488482
2023-11-12,sandwich,23,31.49379660695248,29.917160266940446,1.0527000666488482
2023-11-13,americano,43,33.50366968468728,32.72600308334559,1.0237629569172
2023-11-13,cappuccino,38,50.25550452703092,49.08900462501838,1.0237629569172
2023-11-13,cold_coffee,34,36.811231260873576,35.956791571870475,1.0237629569172
2023-11-13,croissant,27,28.134172767462665,27.481139630390146,1.0237629569172
2023-11-13,espresso,53,44.67155957958305,43.63467077779412,1.0237629569172
2023-11-13,hot_chocolate,21,22.515182682867753,21.992574092216092,1.0237629569172
2023-11-13,iced_latte,25,27.608423445655177,26.967593678902855,1.0237629569172
2023-11-13,latte,55,55.83944947447881,54.54333847224265,1.0237629569172
2023-11-13,masala_chai,70,44.85060366735153,43.80955900417381,1.0237629569172
2023-11-13,sandwich,26,30.691824837231994,29.9794250513347,1.0237629569172
2023-11-14,americano,31,32.63099849411622,36.08076137158548,0.9043877472002008
2023-11-14,cappuccino,28,48.946497741174326,54.12114205737822,0.9043877472002008
2023-11-14,cold_coffee,32,31.503358896771516,34.833907241998205,0.9043877472002008
2023-11-14,croissant,19,25.111766225506837,27.766592706776184,0.9043877472002008
2023-11-14,espresso,52,48.57689096211477,53.712460294269654,0.9043877472002008
2023-11-14,hot_chocolate,16,27.450444244510354,30.35251674902862,0.9043877472002008
2023-11-14,iced_latte,23,18.334954877921025,20.27333401484296,0.9043877472002008
2023-11-14,latte,79,54.384997490193705,60.13460228597581,0.9043877472002008
2023-11-14,masala_chai,55,53.84069167717388,59.532752233600725,0.9043877472002008
2023-11-14,sandwich,27,26.3203539048093,29.102952783572892,0.9043877472002008
2023-11-15,americano,42,36.76150752720652,35.31593718150268,1.0409325211525458
2023-11-15,cappuccino,64,55.14226129080978,52.97390577225402,1.0409325211525458
2023-11-15,cold_coffee,42,35.86206347315068,34.45186190690183,1.0409325211525458
2023-11-15,croissant,34,30.72341619088392,29.515281314168384,1.0409325211525458
2023-11-15,espresso,42,54.72586881072814,52.57388706631466,1.0409325211525458
2023-11-15,hot_chocolate,32,29.921310359957143,28.744716638142442,1.0409325211525458
2023-11-15,iced_latte,26,26.896547604863006,25.838896430176373,1.0409325211525458
2023-11-15,latte,59,61.26917921201086,58.85989530250447,1.0409325211525458
2023-11-15,masala_chai,60,59.66336188045783,57.31722342039723,1.0409325211525458
2023-11-15,sandwich,35,32.20208328028475,30.935802874743327,1.0409325211525458
2023-11-16,americano,39,34.383569080038356,33.11318831988916,1.0383647973694563
2023-11-16,cappuccino,61,51.575353620057534,49.66978247983374,1.0383647973694563
2023-11-16,cold_coffee,34,42.93669525259665,41.350299395135906,1.0383647973694563
2023-11-16,croissant,29,30.05138596214441,28.94106776180698,1.0383647973694563
2023-11-16,espresso,39,45.84475877338447,44.15091775985221,1.0383647973694563
2023-11-16,hot_chocolate,32,22.73973191560187,21.89955974355989,1.0383647973694563
2023-11-16,iced_latte,47,32.20252143944749,31.01272454635193,1.0383647973694563
2023-11-16,latte,60,57.30594846673059,55.188647199815264,1.0383647973694563
2023-11-16,masala_chai,41,45.66174600783898,43.97466682568233,1.0383647973694563
2023-11-16,sandwich,37,32.78333014052117,31.572073921971253,1.0383647973694563
2023-11-17,americano,24,37.91048900845708,34.972035699465025,1.0840229414794118
2023-11-17,cappuccino,44,56.8657335126856,52.45805354919753,1.0840229414794118
2023-11-17,cold_coffee,39,50.87521393676923,46.93186093214751,1.0840229414794118
2023-11-17,croissant,50,33.88789270252504,31.261232032854217,1.0840229414794118
2023-11-17,espresso,39,50.54731867794277,46.62938093262004,1.0840229414794118
2023-11-17,hot_chocolate,25,24.84763856672382,22.92169069117043,1.0840229414794118
2023-11-17,iced_latte,48,38.15641045257693,35.198895699110636,1.0840229414794118
2023-11-17,latte,63,63.18414834742847,58.28672616577505,1.0840229414794118
2023-11-17,masala_chai,54,50.11948732831433,46.234710918492326,1.0840229414794118
2023-11-17,sandwich,51,36.9686102209364,34.10316221765914,1.0840229414794118
2023-11-18,americano,24,35.010957995820206,36.399189605345704,0.9618609198562591
2023-11-18,cappuccino,56,52.516436993730295,54.598784408018545,0.9618609198562591
2023-11-18,cold_coffee,51,51.852929906427484,53.90896837161905,0.9618609198562591
2023-11-18,croissant,31,35.11377117562701,36.5060794661191,0.9618609198562591
2023-11-18,espresso,48,46.68127732776027,48.532252807127605,0.9618609198562591
2023-11-18,hot_chocolate,29,29.65998256182862,30.83604079294647,0.9618609198562591
2023-11-18,iced_latte,36,38.889697429820615,40.431726278714294,0.9618609198562591
2023-11-18,latte,53,58.35159665970034,60.66531600890951,0.9618609198562591
2023-11-18,masala_chai,43,46.35564941381101,48.19371330809283,0.9618609198562591
2023-11-18,sandwich,28,33.88601693871696,35.22964312114989,0.9618609198562591
2023-11-19,americano,38,38.003384081007255,37.71891711610847,1.0075417585298942
2023-11-19,cappuccino,57,57.00507612151088,56.57837567416271,1.0075417585298942
2023-11-19,cold_coffee,47,55.39146679269388,54.97684470519183,1.0075417585298942
2023-11-19,croissant,46,37.9248855394465,37.64100616016428,1.0075417585298942
2023-11-19,espresso,50,50.67117877467635,50.29188948814463,1.0075417585298942
2023-11-19,hot_chocolate,14,25.03337920231378,24.845996694806995,1.0075417585298942
2023-11-19,iced_latte,45,41.54360009452041,41.23263352889387,1.0075417585298942
2023-11-19,latte,76,63.33897346834543,62.86486186018079,1.0075417585298942
2023-11-19,masala_chai,33,50.36806196181676,49.991041597431035,1.0075417585298942
2023-11-19,sandwich,39,36.5988405905148,36.324887063655034,1.0075417585298942
2023-11-20,americano,43,34.42187704852853,31.55596128451916,1.0908201064822367
2023-11-20,cappuccino,32,51.632815572792786,47.333941926778735,1.0908201064822367
2023-11-20,cold_coffee,28,42.64202814979037,39.09171447829814,1.0908201064822367
2023-11-20,croissant,24,30.00974905861017,27.511180698151954,1.0908201064822367
2023-11-20,espresso,60,45.8958360647047,42.07461504602554,1.0908201064822367
2023-11-20,hot_chocolate,23,22.78784352055423,20.89056058385491,1.0908201064822367
2023-11-20,iced_latte,40,31.98152111234278,29.318785858723604,1.0908201064822367
2023-11-20,latte,62,57.36979508088088,52.59326880753193,1.0908201064822367
2023-11-20,masala_chai,79,45.735481422796894,41.92761129998631,1.0908201064822367
2023-11-20,sandwich,24,32.73790806393836,30.012197125256673,1.0908201064822367
2023-11-21,americano,30,36.4507374354022,33.441959681033296,1.0899701388036582
2023-11-21,cappuccino,50,54.67610615310331,50.16293952154995,1.0899701388036582
2023-11-21,cold_coffee,35,38.52049325578444,35.34087025362383,1.0899701388036582
2023-11-21,croissant,34,31.2348821917849,28.656640287474332,1.0899701388036582
2023-11-21,espresso,52,54.26323372260521,49.784147097978355,1.0899701388036582
2023-11-21,hot_chocolate,22,29.373159953997334,26.94859144144725,1.0899701388036582
2023-11-21,iced_latte,36,28.89036994183833,26.50565269021787,1.0899701388036582
2023-11-21,latte,55,60.75122905900368,55.73659946838883,1.0899701388036582
2023-11-21,masala_chai,44,58.863930118818075,54.0050851149249,1.0899701388036582
2023-11-21,sandwich,49,32.738165291924275,30.0358368788501,1.0899701388036582
2023-11-22,americano,34,36.183514467956535,34.65446420650503,1.044122750025507
2023-11-22,cappuccino,54,54.2752717019348,51.981696309757545,1.044122750025507
2023-11-22,cold_coffee,24,37.6311556885748,36.04093071207912,1.044122750025507
2023-11-22,croissant,29,30.851254476190018,29.547535934291584,1.044122750025507
2023-11-22,espresso,63,53.865426068802584,51.58917001615634,1.044122750025507
2023-11-22,hot_chocolate,35,29.216197215071986,27.981573253104827,1.044122750025507
2023-11-22,iced_latte,17,28.22336676643111,27.030698034059345,1.044122750025507
2023-11-22,latte,62,60.30585744659422,57.757440344175045,1.044122750025507
2023-11-22,masala_chai,71,58.4908560505125,56.01913764361864,1.044122750025507
2023-11-22,sandwich,50,32.3360742103382,30.969609856262835,1.044122750025507
2023-11-23,americano,35,33.515720404712255,34.5574542765006,0.9698550169971074
2023-11-23,cappuccino,42,50.27358060706837,51.83618141475089,0.9698550169971074
2023-11-23,cold_coffee,42,31.92033593906634,32.91248215418732,0.9698550169971074
2023-11-23,croissant,32,27.801456020515094,28.665579425051334,0.9698550169971074
2023-11-23,espresso,53,49.89395270604411,51.44475393912709,0.9698550169971074
2023-11-23,hot_chocolate,28,27.36142666372974,28.211873098771985,0.9698550169971074
2023-11-23,iced_latte,30,23.940251954299754,24.68436161564049,0.9698550169971074
2023-11-23,latte,95,71.98393557713112,74.2213365045116,0.9698550169971074
2023-11-23,masala_chai,53,54.47715372620667,56.17040977411281,0.9698550169971074
2023-11-23,sandwich,17,29.13949401080726,30.04520624229979,0.9698550169971074
2023-11-24,americano,38,34.90956701312294,38.38625442434542,0.909428844690367
2023-11-24,cappuccino,55,52.36435051968441,57.57938163651812,0.909428844690367
2023-11-24,cold_coffee,41,33.5148833895762,36.85267251555783,0.909428844690367
2023-11-24,croissant,20,29.030143398328565,31.921291663244364,0.909428844690367
2023-11-24,espresso,63,51.9689347120924,57.144585874430064,0.909428844690367
2023-11-24,hot_chocolate,20,28.470844369166265,31.306291344717273,0.909428844690367
2023-11-24,iced_latte,31,25.13616254218215,27.63950438666837,0.909428844690367
2023-11-24,latte,58,58.18261168853823,63.977090707242354,0.909428844690367
2023-11-24,masala_chai,81,56.71437691011799,62.36263259213811,0.909428844690367
2023-11-24,sandwich,35,30.427316075253465,33.45761051334703,0.909428844690367
2023-11-25,americano,51,61.73963729550934,55.79085431646779,1.1066264901644578
2023-11-25,cappuccino,48,71.86493781197287,64.9405544243685,1.1066264901644578
2023-11-25,cold_coffee,53,53.25833989125281,48.1267531227614,1.1066264901644578
2023-11-25,croissant,24,45.3767340227873,41.00456154455853,1.1066264901644578
2023-11-25,espresso,56,71.322268378657,64.45017267574868,1.1066264901644578
2023-11-25,hot_chocolate,55,50.20154410623377,45.36448797531787,1.1066264901644578
2023-11-25,iced_latte,31,39.943754918439595,36.09506484207104,1.1066264901644578
2023-11-25,latte,114,79.8499309021921,72.15617158263169,1.1066264901644578
2023-11-25,masala_chai,134,100.152393990284,90.50243680268323,1.1066264901644578
2023-11-25,sandwich,29,42.0728747377057,38.0190381412731,1.1066264901644578
2023-11-26,americano,53,44.8000058506977,45.42770966246041,0.9861823583793524
2023-11-26,cappuccino,106,67.20000877604654,68.14156449369061,0.9861823583793524
2023-11-26,cold_coffee,48,47.08899370754067,47.74876908660646,0.9861823583793524
2023-11-26,croissant,29,41.695132346871134,42.27933301848051,0.9861823583793524
2023-11-26,espresso,83,66.69256534408072,67.62701114799931,0.9861823583793524
2023-11-26,hot_chocolate,29,36.68353111855121,37.197513022677946,0.9861823583793524
2023-11-26,iced_latte,48,35.316745280655496,35.81157681495483,0.9861823583793524
2023-11-26,latte,52,74.6666764178295,75.71284943743402,0.9861823583793524
2023-11-26,masala_chai,79,72.92817783354289,73.94999232534414,0.9861823583793524
2023-11-26,sandwich,25,38.659328798785474,39.2009940862423,0.9861823583793524
2023-11-27,americano,25,36.57350358987874,34.84711537822793,1.0495417825238251
2023-11-27,cappuccino,44,54.86025538481812,52.2706730673419,1.0495417825238251
2023-11-27,cold_coffee,35,33.200094920213125,31.632942559349196,1.0495417825238251
2023-11-27,croissant,28,29.886229790524006,28.475502631878854,1.0495417825238251
2023-11-27,espresso,73,54.44599239917224,51.875964640727666,1.0495417825238251
2023-11-27,hot_chocolate,22,30.037412065417325,28.619548612144424,1.0495417825238251
2023-11-27,iced_latte,18,24.900071190159846,23.7247069195119,1.0495417825238251
2023-11-27,latte,42,60.95583931646458,58.0785256303799,1.0495417825238251
2023-11-27,masala_chai,63,76.83756229146798,73.210579674777,1.0495417825238251
2023-11-27,sandwich,25,31.32460448632462,29.84598136817248,1.0495417825238251
2023-11-28,americano,26,42.26461539932392,36.79506096143648,1.1486491473303952
2023-11-28,cappuccino,51,63.3969230989859,55.19259144215473,1.1486491473303952
2023-11-28,cold_coffee,49,42.23202936961174,36.76669195965041,1.1486491473303952
2023-11-28,croissant,46,35.58855225190267,30.98296145051335,1.1486491473303952
2023-11-28,espresso,39,62.91819768184144,54.77581890699282,1.1486491473303952
2023-11-28,hot_chocolate,21,34.29741070115267,29.858909294334268,1.1486491473303952
2023-11-28,iced_latte,27,31.674022027208796,27.575018969737798,1.1486491473303952
2023-11-28,latte,72,70.44102566553987,61.32510160239413,1.1486491473303952
2023-11-28,masala_chai,65,68.49200630080584,59.62830900975277,1.1486491473303952
2023-11-28,sandwich,32,37.30137027472151,32.47412002299795,1.1486491473303952
2023-11-29,americano,32,37.16728956036507,36.34364681843356,1.022662633335787
2023-11-29,cappuccino,37,55.7509343405476,54.51547022765034,1.022662633335787
2023-11-29,cold_coffee,38,38.65428995867874,37.79769466357999,1.022662633335787
2023-11-29,croissant,35,31.690053475389256,30.98778858480493,1.022662633335787
2023-11-29,espresso,55,55.329945623844424,54.103810797668075,1.022662633335787
2023-11-29,hot_chocolate,31,30.01054147758239,29.345495278039117,1.022662633335787
2023-11-29,iced_latte,16,28.990717469009056,28.348270997684992,1.022662633335787
2023-11-29,latte,58,61.945482600608436,60.57274469738926,1.022662633335787
2023-11-29,masala_chai,62,60.081134058667445,58.74971090191388,1.022662633335787
2023-11-29,sandwich,42,42.803148472740325,41.85461273100616,1.022662633335787
2023-11-30,americano,40,39.10869490206816,35.55626501011155,1.0999100971642088
2023-11-30,cappuccino,48,58.66304235310225,53.33439751516734,1.0999100971642088
2023-11-30,cold_coffee,64,45.44454714149337,41.31660147375556,1.0999100971642088
2023-11-30,croissant,20,33.42067741859258,30.38491737166325,1.0999100971642088
2023-11-30,espresso,49,52.14492653609088,47.4083533468154,1.0999100971642088
2023-11-30,hot_chocolate,49,33.63215047924177,30.577181322321042,1.0999100971642088
2023-11-30,iced_latte,39,34.08341035612003,30.98745110531667,1.0999100971642088
2023-11-30,latte,80,65.1811581701136,59.26044168351927,1.0999100971642088
2023-11-30,masala_chai,54,52.17100551856123,47.43206345052078,1.0999100971642088
2023-11-30,sandwich,43,36.45892082028281,33.14718258726899,1.0999100971642088
2023-12-01,americano,45,42.78494182915678,42.5815558539302,1.0047763866572716
2023-12-01,cappuccino,80,64.17741274373518,63.8723337808953,1.0047763866572716
2023-12-01,cold_coffee,52,40.05525067223414,39.86484077864476,1.0047763866572716
2023-12-01,croissant,31,36.25371067787859,36.0813720936345,1.0047763866572716
2023-12-01,espresso,67,63.69279366152787,63.390018423326495,1.0047763866572716
2023-12-01,hot_chocolate,25,34.61564872909124,34.451096969199185,1.0047763866572716
2023-12-01,iced_latte,32,30.04143800417561,29.89863058398358,1.0047763866572716
2023-12-01,latte,97,71.30823638192795,70.96925975655033,1.0047763866572716
2023-12-01,masala_chai,44,69.23129745818248,68.90219393839837,1.0047763866572716
2023-12-01,sandwich,33,36.3464311655458,36.17365181765914,1.0047763866572716
2023-12-02,americano,41,41.7742733006234,45.12235564698738,0.9257999211619725
2023-12-02,cappuccino,59,62.66140995093511,67.68353347048108,0.9257999211619725
2023-12-02,cold_coffee,31,44.92329835336743,48.52376558531583,0.9257999211619725
2023-12-02,croissant,37,40.214938303750564,43.438044640657075,0.9257999211619725
2023-12-02,espresso,79,62.188238570507345,67.17243882723042,0.9257999211619725
2023-12-02,hot_chocolate,17,33.730427384221336,36.43381967659518,0.9257999211619725
2023-12-02,iced_latte,36,33.69247376502558,36.39282418898688,0.9257999211619725
2023-12-02,latte,54,69.62378883437233,75.20392607831229,0.9257999211619725
2023-12-02,masala_chai,52,67.52834936488479,72.94054343851086,0.9257999211619725
2023-12-02,sandwich,43,35.66573713816793,38.52423868583162,0.9257999211619725
2023-12-03,americano,37,45.34657244533523,47.088721078742005,0.963002846679706
2023-12-03,cappuccino,89,68.01985866800284,70.63308161811301,0.963002846679706
2023-12-03,cold_coffee,27,42.564069965422036,44.199318945085956,0.963002846679706
2023-12-03,croissant,47,41.83747383282099,43.44480805749487,0.963002846679706
2023-12-03,espresso,68,67.50622435227896,70.09971422725346,0.963002846679706
2023-12-03,hot_chocolate,38,37.24263602330337,38.6734433358225,0.963002846679706
2023-12-03,iced_latte,30,31.923052474066534,33.14948920881447,0.963002846679706
2023-12-03,latte,66,75.57762074222538,78.48120179790334,0.963002846679706
2023-12-03,masala_chai,106,73.92872217709292,76.76895497452414,0.963002846679706
2023-12-03,sandwich,27,37.10472792413083,38.53023701026694,0.963002846679706
2023-12-04,americano,36,36.959132714208394,37.22997032880654,0.9927252798697886
2023-12-04,cappuccino,83,55.438699071312584,55.844955493209795,0.9927252798697886
2023-12-04,cold_coffee,29,28.754827105179828,28.965543326298157,0.9927252798697886
2023-12-04,croissant,21,28.614811868056982,28.824502053388084,0.9927252798697886
2023-12-04,espresso,62,49.27884361894453,49.639960438408714,0.9927252798697886
2023-12-04,hot_chocolate,29,25.64497568916964,25.832902827389848,0.9927252798697886
2023-12-04,iced_latte,23,21.56612032888487,21.72415749472362,0.9927252798697886
2023-12-04,latte,45,61.598554523680654,62.04995054801089,0.9927252798697886
2023-12-04,masala_chai,41,50.274342295016154,50.64275415813972,0.9927252798697886
2023-12-04,sandwich,36,29.8589341231899,30.077741273100614,0.9927252798697886
2023-12-05,americano,38,43.488136071444,42.46785221177359,1.0240248518946187
2023-12-05,cappuccino,40,50.62019038716083,49.43257997450447,1.0240248518946187
2023-12-05,cold_coffee,50,37.63288539044783,36.749972738279396,1.0240248518946187
2023-12-05,croissant,23,29.23881502914778,28.55283734086242,1.0240248518946187
2023-12-05,espresso,53,44.99572478858742,43.94007108844843,1.0240248518946187
2023-12-05,hot_chocolate,31,22.385653837482,21.860459534809888,1.0240248518946187
2023-12-05,iced_latte,26,28.224664042835865,27.562479553709537,1.0240248518946187
2023-12-05,latte,50,56.244655985734255,54.92508886056052,1.0240248518946187
2023-12-05,masala_chai,41,44.88337597115274,43.830358109093666,1.0240248518946187
2023-12-05,sandwich,31,30.51006785650203,29.7942650513347,1.0240248518946187
2023-12-06,americano,24,35.632607633717285,35.11816946552631,1.01464877515031
2023-12-06,cappuccino,41,53.44891145057591,52.677254198289454,1.01464877515031
2023-12-06,cold_coffee,23,39.41924050873058,38.85013363652957,1.01464877515031
2023-12-06,croissant,27,30.795632059667295,30.35102669404517,1.01464877515031
2023-12-06,espresso,51,47.510143511623035,46.82422595403507,1.01464877515031
2023-12-06,hot_chocolate,28,23.660241256228073,23.318651572533607,1.01464877515031
2023-12-06,iced_latte,28,29.564430381547936,29.137600227397176,1.01464877515031
2023-12-06,latte,58,59.38767938952879,58.530282442543836,1.01464877515031
2023-12-06,masala_chai,37,47.41521818157161,46.73067108817781,1.01464877515031
2023-12-06,sandwich,25,32.13457258400066,31.670636550308007,1.01464877515031
2023-12-07,americano,45,32.64936426672754,33.64670162522301,0.9703585400552954
2023-12-07,cappuccino,49,48.97404640009131,50.470052437834525,0.9703585400552954
2023-12-07,cold_coffee,29,37.59301477449092,38.74136540535697,0.9703585400552954
2023-12-07,croissant,32,28.57228193152828,29.445077002053388,0.9703585400552954
2023-12-07,espresso,44,43.532485688970056,44.86226883363069,0.9703585400552954
2023-12-07,hot_chocolate,19,21.571225553061012,22.230159948746145,0.9703585400552954
2023-12-07,iced_latte,39,36.33345500111881,37.443329966517695,0.9703585400552954
2023-12-07,latte,52,54.415607111212566,56.077836042038356,0.9703585400552954
2023-12-07,masala_chai,37,43.337029609380785,44.6608421737714,0.9703585400552954
2023-12-07,sandwich,25,29.81455505898603,30.7252977412731,0.9703585400552954
2023-12-08,americano,41,39.86145108450213,39.077609326993354,1.020058590354127
2023-12-08,cappuccino,67,59.79217662675318,58.616413990490024,1.020058590354127
2023-12-08,cold_coffee,24,38.531776797972526,37.77408196189564,1.020058590354127
2023-12-08,croissant,30,34.1159577481242,33.44509626283368,1.020058590354127
2023-12-08,espresso,76,59.34067151738179,58.17378734762763,1.020058590354127
2023-12-08,hot_chocolate,34,32.12162115453789,31.489976613388883,1.020058590354127
2023-12-08,iced_latte,28,28.898832598479395,28.33056147142173,1.020058590354127
2023-12-08,latte,66,66.43575180750354,65.12934887832225,1.020058590354127
2023-12-08,masala_chai,58,64.37185736587905,63.10603917715304,1.020058590354127
2023-12-08,sandwich,27,34.20321083699408,33.53063359342916,1.020058590354127
2023-12-09,americano,31,47.37961465789917,42.9916580443838,1.1020653032033638
2023-12-09,cappuccino,66,71.06942198684875,64.4874870665757,1.1020653032033638
2023-12-09,cold_coffee,73,46.65909829359114,42.33787068512868,1.1020653032033638
2023-12-09,croissant,32,44.373831413577,40.26424866529775,1.1020653032033638
2023-12-09,espresso,91,70.53275968489844,64.00052653856488,1.1020653032033638
2023-12-09,hot_chocolate,29,38.679575917324314,35.09735385452633,1.1020653032033638
2023-12-09,iced_latte,35,34.99432372019335,31.753403013846498,1.1020653032033638
2023-12-09,latte,100,78.96602442983195,71.65276340730634,1.1020653032033638
2023-12-09,masala_chai,73,77.01181773923346,69.87954118089361,1.1020653032033638
2023-12-09,sandwich,41,39.354167226520765,35.70946940451745,1.1020653032033638
2023-12-10,americano,0,0.0,0.0,0.8990490023376556
2023-12-10,cappuccino,0,0.0,0.0,0.8990490023376556
2023-12-10,cold_coffee,0,0.0,0.0,0.8990490023376556
2023-12-10,croissant,0,0.0,0.0,0.8990490023376556
2023-12-10,espresso,0,0.0,0.0,0.8990490023376556
2023-12-10,hot_chocolate,0,0.0,0.0,0.8990490023376556
2023-12-10,iced_latte,0,0.0,0.0,0.8990490023376556
2023-12-10,latte,0,0.0,0.0,0.8990490023376556
2023-12-10,masala_chai,0,0.0,0.0,0.8990490023376556
2023-12-10,sandwich,0,0.0,0.0,0.8990490023376556
2023-12-11,americano,34,34.52433530640551,33.89281607405322,1.0186328344913114
2023-12-11,cappuccino,39,51.78650295960828,50.839224111079844,1.0186328344913114
2023-12-11,cold_coffee,33,36.40322312333885,35.73733527009074,1.0186328344913114
2023-12-11,croissant,33,29.393575993721655,28.855908624229972,1.0186328344913114
2023-12-11,espresso,59,46.03244707520735,45.19042143207096,1.0186328344913114
2023-12-11,hot_chocolate,25,23.06230204782961,22.640446358031006,1.0186328344913114
2023-12-11,iced_latte,26,27.302417342504132,26.803001452568054,1.0186328344913114
2023-12-11,latte,52,57.5405588440092,56.48802679008871,1.0186328344913114
2023-12-11,masala_chai,41,46.078502546180104,45.23563445624738,1.0186328344913114
2023-12-11,sandwich,40,30.671557558666077,30.110513347022582,1.0186328344913114
2023-12-12,americano,47,37.901079552330025,34.35311285494991,1.1032793363547806
2023-12-12,cappuccino,66,56.85161932849504,51.52966928242488,1.1032793363547806
2023-12-12,cold_coffee,43,40.93446885428423,37.102542851505895,1.1032793363547806
2023-12-12,croissant,31,32.51141622728715,29.46798254620123,1.1032793363547806
2023-12-12,espresso,49,50.53477273644004,45.80415047326656,1.1032793363547806
2023-12-12,hot_chocolate,36,25.242131611334806,22.879184608618207,1.1032793363547806
2023-12-12,iced_latte,18,30.700851640713164,27.826907138629412,1.1032793363547806
2023-12-12,latte,57,63.16846592055005,57.2551880915832,1.1032793363547806
2023-12-12,masala_chai,49,50.50951166586573,45.781254122594596,1.1032793363547806
2023-12-12,sandwich,29,33.92495606325616,30.749199178644762,1.1032793363547806
2023-12-13,americano,48,37.926505914025284,35.67135853022768,1.0632201148685327
2023-12-13,cappuccino,40,56.88975887103793,53.50703779534151,1.0632201148685327
2023-12-13,cold_coffee,40,36.32997302087961,34.169757054842606,1.0632201148685327
2023-12-13,croissant,43,31.335822514771987,29.472563655030797,1.0632201148685327
2023-12-13,espresso,50,50.56867455203371,47.5618113736369,1.0632201148685327
2023-12-13,hot_chocolate,33,33.042277663517744,31.077551300469352,1.0632201148685327
2023-12-13,iced_latte,27,35.112731656777974,33.024894060737054,1.0632201148685327
2023-12-13,latte,54,63.210843190042134,59.45226421704612,1.0632201148685327
2023-12-13,masala_chai,58,50.92389710233309,47.89591204134606,1.0632201148685327
2023-12-13,sandwich,33,32.69824958063164,30.753979466119095,1.0632201148685327
2023-12-14,americano,28,34.4307022639505,37.149960819708696,0.9268031918269054
2023-12-14,cappuccino,34,51.646053395925755,55.72494122956305,0.9268031918269054
2023-12-14,cold_coffee,19,31.94263205081686,34.465388479998495,0.9268031918269054
2023-12-14,croissant,29,28.164445209370662,30.3888090349076,0.9268031918269054
2023-12-14,espresso,46,45.90760301860067,49.53328109294493,0.9268031918269054
2023-12-14,hot_chocolate,25,23.370710864169773,25.216476453972557,0.9268031918269054
2023-12-14,iced_latte,17,23.95697403811264,25.849041359998868,0.9268031918269054
2023-12-14,latte,49,57.38450377325084,61.91660136618117,0.9268031918269054
2023-12-14,masala_chai,55,46.32263629403671,49.98109275252493,0.9268031918269054
2023-12-14,sandwich,35,29.388986305430254,31.71006160164271,0.9268031918269054
2023-12-15,americano,39,40.07654059221845,37.98073881008732,1.055180648080877
2023-12-15,cappuccino,58,60.11481088832766,56.97110821513096,1.055180648080877
2023-12-15,cold_coffee,57,44.33542469307503,42.016904663396396,1.055180648080877
2023-12-15,croissant,38,34.63631994012242,32.825014373716634,1.055180648080877
2023-12-15,espresso,61,53.43538745629126,50.640985080116415,1.055180648080877
2023-12-15,hot_chocolate,39,26.611036410078903,25.219412864022914,1.055180648080877
2023-12-15,iced_latte,36,33.25156851980628,31.5126784975473,1.055180648080877
2023-12-15,latte,64,66.79423432036408,63.30123135014552,1.055180648080877
2023-12-15,masala_chai,52,53.32862348094202,50.539804324438784,1.055180648080877
2023-12-15,sandwich,56,36.14224689404079,34.252188911704316,1.055180648080877
2023-12-16,americano,40,36.55663880713071,40.210776418397614,0.9091254152059837
2023-12-16,cappuccino,70,54.83495821069606,60.316164627596415,0.9091254152059837
2023-12-16,cold_coffee,46,40.59068804046853,44.64806215022793,0.9091254152059837
2023-12-16,croissant,39,35.545751928718616,39.09884305749487,0.9091254152059837
2023-12-16,espresso,55,54.420886250097496,59.860702758779624,0.9091254152059837
2023-12-16,hot_chocolate,26,29.39964051757213,32.33837711039126,0.9091254152059837
2023-12-16,iced_latte,30,30.443016030351398,33.48604661267095,0.9091254152059837
2023-12-16,latte,70,60.92773134521786,67.01796069732937,0.9091254152059837
2023-12-16,masala_chai,92,75.99992749975473,83.59674719085393,0.9091254152059837
2023-12-16,sandwich,48,40.62466400399338,44.68543429158111,0.9091254152059837
2023-12-17,americano,48,39.89953034163289,42.423005045440426,0.9405163613208312
2023-12-17,cappuccino,72,59.84929551244933,63.634507568160636,0.9405163613208312
2023-12-17,cold_coffee,45,42.86088963170839,45.57165764933204,0.9405163613208312
2023-12-17,croissant,41,37.172846996403536,39.523870636550306,0.9405163613208312
2023-12-17,espresso,90,53.19937378884385,56.5640067272539,0.9405163613208312
2023-12-17,hot_chocolate,30,27.00168968121522,28.709431107923425,0.9405163613208312
2023-12-17,iced_latte,33,32.145667223781295,34.17874323699903,0.9405163613208312
2023-12-17,latte,58,66.4992172360548,70.70500840906736,0.9405163613208312
2023-12-17,masala_chai,56,53.599869072253085,56.989831625022596,0.9405163613208312
2023-12-17,sandwich,31,34.31339722744942,36.483572895277206,0.9405163613208312
2023-12-18,americano,36,32.10080221754914,34.96301812629085,0.9181359029588628
2023-12-18,cappuccino,56,48.151203326323696,52.444527189436265,0.9181359029588628
2023-12-18,cold_coffee,40,30.749504875451294,33.49123455074061,0.9181359029588628
2023-12-18,croissant,16,26.52248122068459,28.88731519507187,0.9181359029588628
2023-12-18,espresso,40,42.801069623398845,46.61735750172113,0.9181359029588628
2023-12-18,hot_chocolate,22,21.702249373003944,23.63729520114008,0.9181359029588628
2023-12-18,iced_latte,27,23.062128656588463,25.11842591305545,0.9181359029588628
2023-12-18,latte,32,53.50133702924855,58.271696877151406,0.9181359029588628
2023-12-18,masala_chai,26,43.101728188050785,46.944823799121124,0.9181359029588628
2023-12-18,sandwich,19,27.67563257810566,30.14328542094456,0.9181359029588628
2023-12-19,americano,33,33.95604340106323,35.34935932536628,0.9605844080092502
2023-12-19,cappuccino,38,50.934065101594854,53.02403898804942,0.9605844080092502
2023-12-19,cold_coffee,43,33.58433434514521,34.96239795807908,0.9605844080092502
2023-12-19,croissant,49,28.337288361361168,29.500050308008213,0.9605844080092502
2023-12-19,espresso,49,45.27472453475099,47.13247910048838,0.9605844080092502
2023-12-19,hot_chocolate,22,22.86487154050746,23.803084195269673,0.9605844080092502
2023-12-19,iced_latte,28,25.1882507588589,26.221798468559303,0.9605844080092502
2023-12-19,latte,47,56.59340566843872,58.91559887561046,0.9605844080092502
2023-12-19,masala_chai,31,45.50166503588506,47.368731635134864,0.9605844080092502
2023-12-19,sandwich,40,29.56934437707252,30.78266119096509,0.9605844080092502
2023-12-20,americano,27,36.991425310360746,36.44829771393558,1.0149013158498623
2023-12-20,cappuccino,61,55.48713796554113,54.672446570903375,1.0149013158498623
2023-12-20,cold_coffee,57,36.5864886215725,36.049306518964904,1.0149013158498623
2023-12-20,croissant,24,30.87040128723078,30.417145790554418,1.0149013158498623
2023-12-20,espresso,59,49.32190041381433,48.597730285247444,1.0149013158498623
2023-12-20,hot_chocolate,16,24.908796876940933,24.543072797262756,1.0149013158498623
2023-12-20,iced_latte,23,27.439866466179378,27.03697988922368,1.0149013158498623
2023-12-20,latte,91,61.65237551726793,60.747162856559314,1.0149013158498623
2023-12-20,masala_chai,48,49.56912746846389,48.8413274220218,1.0149013158498623
2023-12-20,sandwich,28,32.212592647545165,31.73963039014374,1.0149013158498623
2023-12-21,americano,33,43.312011167531296,43.89030979532094,0.9868240021433776
2023-12-21,cappuccino,63,50.41518099900643,51.08832060175357,0.9868240021433776
2023-12-21,cold_coffee,40,37.4804739761609,37.98091036978577,0.9868240021433776
2023-12-21,croissant,28,29.12039920467854,29.509212525667348,0.9868240021433776
2023-12-21,espresso,55,44.81349422133904,45.41184053489206,0.9868240021433776
2023-12-21,hot_chocolate,22,22.294992993230753,22.592674017662848,0.9868240021433776
2023-12-21,iced_latte,24,28.11035548212067,28.485682777339317,0.9868240021433776
2023-12-21,latte,37,56.01686777667381,56.76480066861508,0.9868240021433776
2023-12-21,masala_chai,35,44.701600411326226,45.29845272737037,0.9868240021433776
2023-12-21,sandwich,28,30.386503517925433,30.792221765913755,0.9868240021433776
2023-12-22,americano,55,49.99747114449862,47.408893351682615,1.0546011013928072
2023-12-22,cappuccino,58,58.19705641219639,55.18395186135856,1.0546011013928072
2023-12-22,cold_coffee,63,43.265802385783005,41.02575118558291,1.0546011013928072
2023-12-22,croissant,33,33.61530161507811,31.874897125256673,1.0546011013928072
2023-12-22,espresso,38,51.73071681084122,49.05240165454093,1.0546011013928072
2023-12-22,hot_chocolate,38,25.73635439218485,24.403875890320005,1.0546011013928072
2023-12-22,iced_latte,27,32.44935178933726,30.769313389187186,1.0546011013928072
2023-12-22,latte,46,64.66339601355153,61.31550206817617,1.0546011013928072
2023-12-22,masala_chai,65,51.60155154267291,48.929923811498924,1.0546011013928072
2023-12-22,sandwich,34,35.07683646790759,33.260762217659135,1.0546011013928072
2023-12-23,americano,36,57.23469984410592,51.976667751253615,1.101161392608234
2023-12-23,cappuccino,88,110.63408475020476,100.47036292123768,1.101161392608234
2023-12-23,cold_coffee,84,71.00537288851083,64.48225788258524,1.101161392608234
2023-12-23,croissant,46,55.77771280205659,50.65353105954826,1.101161392608234
2023-12-23,espresso,68,76.31293312547456,69.30222366833816,1.101161392608234
2023-12-23,hot_chocolate,38,38.0421686955732,34.5473142728567,1.101161392608234
2023-12-23,iced_latte,40,53.254029666383126,48.36169341193893,1.101161392608234
2023-12-23,latte,71,95.39116640684323,86.62777958542272,1.101161392608234
2023-12-23,masala_chai,109,76.19854953492619,69.1983482588694,1.101161392608234
2023-12-23,sandwich,60,51.4871195095907,46.75710559342916,1.101161392608234
2023-12-24,americano,42,47.253198130854024,52.79462104614146,0.8950381155223306
2023-12-24,cappuccino,63,70.87979719628103,79.19193156921219,0.8950381155223306
2023-12-24,cold_coffee,35,61.50481906589164,68.71754174401653,0.8950381155223306
2023-12-24,croissant,53,46.74626499204704,52.228239425051335,0.8950381155223306
2023-12-24,espresso,71,63.00426417447204,70.39282806152195,0.8950381155223306
2023-12-24,hot_chocolate,14,31.2198849158878,34.8810674924926,0.8950381155223306
2023-12-24,iced_latte,43,46.12861429941873,51.5381563080124,0.8950381155223306
2023-12-24,latte,74,78.75533021809005,87.99103507690243,0.8950381155223306
2023-12-24,masala_chai,59,62.72138194805993,70.07677199473979,0.8950381155223306
2023-12-24,sandwich,40,43.15039845419726,48.21068254620123,0.8950381155223306
2023-12-25,americano,29,32.81402029494008,31.20782134020766,1.0514678335671903
2023-12-25,cappuccino,56,49.22103044241012,46.81173201031149,1.0514678335671903
2023-12-25,cold_coffee,34,36.59269914379428,34.80153931067065,1.0514678335671903
2023-12-25,croissant,36,28.43064385262974,27.039004851129363,1.0514678335671903
2023-12-25,espresso,49,43.75202705992011,41.61042845361022,1.0514678335671903
2023-12-25,hot_chocolate,16,21.766906457298212,20.701447787948215,1.0514678335671903
2023-12-25,iced_latte,39,27.444524357845705,26.101154483002983,1.0514678335671903
2023-12-25,latte,43,54.69003382490013,52.013035567012764,1.0514678335671903
2023-12-25,masala_chai,36,43.642783603488475,41.50653230677231,1.0514678335671903
2023-12-25,sandwich,36,29.666758802744077,28.214613757700207,1.0514678335671903
2023-12-26,americano,37,38.29217804508618,34.51405798767967,1.109466121276008
2023-12-26,cappuccino,47,57.43826706762928,51.77108698151951,1.109466121276008
2023-12-26,cold_coffee,44,41.0273336197352,36.979347843942506,1.109466121276008
2023-12-26,croissant,27,32.76488448798297,29.53211806981519,1.109466121276008
2023-12-26,espresso,53,51.05623739344825,46.0187439835729,1.109466121276008
2023-12-26,hot_chocolate,20,25.528118696724125,23.00937199178645,1.109466121276008
2023-12-26,iced_latte,44,30.770500214801395,27.734510882956876,1.109466121276008
2023-12-26,latte,53,63.82029674181032,57.52342997946612,1.109466121276008
2023-12-26,masala_chai,58,51.05623739344825,46.0187439835729,1.109466121276008
2023-12-26,sandwich,29,34.18944468311266,30.816123203285418,1.109466121276008
2023-12-27,americano,35,33.29204485492047,34.34724562449518,0.9692784457562972
2023-12-27,cappuccino,51,49.93806728238071,51.520868436742774,0.9692784457562972
2023-12-27,cold_coffee,44,36.245359042404715,37.39416593971984,0.9692784457562972
2023-12-27,croissant,23,28.629285872648097,29.536699178644763,0.9692784457562972
2023-12-27,espresso,42,44.38939313989394,45.79632749932689,0.9692784457562972
2023-12-27,hot_chocolate,14,22.15035153662208,22.852413187975994,0.9692784457562972
2023-12-27,iced_latte,19,27.184019281803536,28.04562445478988,0.9692784457562972
2023-12-27,latte,44,55.486741424867446,57.24540937415863,0.9692784457562972
2023-12-27,masala_chai,62,44.34502593405424,45.75055406236051,0.9692784457562972
2023-12-27,sandwich,47,38.49747091794904,39.71765913757701,0.9692784457562972
2023-12-28,americano,33,37.07221866365643,35.59254209445585,1.0415726577009812
2023-12-28,cappuccino,68,55.60832799548465,53.388813141683784,1.0415726577009812
2023-12-28,cold_coffee,14,39.72023428248903,38.13486652977413,1.0415726577009812
2023-12-28,croissant,28,31.72102043393221,30.454928131416835,1.0415726577009812
2023-12-28,espresso,35,49.42962488487524,47.456722792607806,1.0415726577009812
2023-12-28,hot_chocolate,17,24.71481244243762,23.728361396303903,1.0415726577009812
2023-12-28,iced_latte,32,29.79017571186677,28.601149897330593,1.0415726577009812
2023-12-28,latte,68,61.787031106094055,59.32090349075976,1.0415726577009812
2023-12-28,masala_chai,35,49.42962488487524,47.456722792607806,1.0415726577009812
2023-12-28,sandwich,34,33.100195235407526,31.779055441478437,1.0415726577009812
2023-12-29,americano,39,43.06925458701895,41.62551286291773,1.0346840585209314
2023-12-29,cappuccino,74,64.60388188052842,62.438269294376596,1.0346840585209314
2023-12-29,cold_coffee,40,45.777937605605636,44.24339703372318,1.0346840585209314
2023-12-29,croissant,47,36.76039681500365,35.52813683778235,1.0346840585209314
2023-12-29,espresso,46,57.42567278269193,55.50068381722364,1.0346840585209314
2023-12-29,hot_chocolate,18,28.741563588942178,27.7781061303176,1.0346840585209314
2023-12-29,iced_latte,21,34.33345320420422,33.18254777529238,1.0346840585209314
2023-12-29,latte,91,71.78209097836493,69.37585477152956,1.0346840585209314
2023-12-29,masala_chai,52,57.45439279848889,55.52844109787413,1.0346840585209314
2023-12-29,sandwich,41,38.35867493739511,37.072838439425055,1.0346840585209314
2023-12-30,americano,70,55.80593471959419,56.90264006397816,0.9807266351235919
2023-12-30,cappuccino,49,83.7089020793913,85.35396009596724,0.9807266351235919
2023-12-30,cold_coffee,57,85.71931445588956,87.40388135281667,0.9807266351235919
2023-12-30,croissant,56,53.709733554100396,54.765244085913764,0.9807266351235919
2023-12-30,espresso,114,74.40791295945893,75.87018675197088,0.9807266351235919
2023-12-30,hot_chocolate,33,37.27843885023198,38.0110394835296,0.9807266351235919
2023-12-30,iced_latte,47,49.88864101332771,50.86905894733929,0.9807266351235919
2023-12-30,latte,78,93.00989119932366,94.83773343996361,0.9807266351235919
2023-12-30,masala_chai,87,74.48235808877929,75.94609488646444,0.9807266351235919
2023-12-30,sandwich,56,49.57821558840036,50.55253300238193,0.9807266351235919
2023-12-31,americano,70,68.88999191802861,73.15639245019398,0.9416810973139497
2023-12-31,cappuccino,83,80.18795059258532,85.15404081202581,0.9416810973139497
2023-12-31,cold_coffee,71,64.23211678583142,68.21005218119707,0.9416810973139497
2023-12-31,croissant,72,51.57939009086518,54.77373416328541,0.9416810973139497
2023-12-31,espresso,75,71.27817830452027,75.6924807218007,0.9416810973139497
2023-12-31,hot_chocolate,45,35.67474606689831,37.88410553069072,0.9416810973139497
2023-12-31,iced_latte,44,48.17408758937356,51.1575391358978,0.9416810973139497
2023-12-31,latte,79,114.81665319671437,121.92732075032332,0.9416810973139497
2023-12-31,masala_chai,80,71.31382630492998,75.73033642529883,0.9416810973139497
2023-12-31,sandwich,49,47.611744699260164,50.56036999687884,0.9416810973139497
2024-01-01,americano,44,30.348225032575165,33.221482260913,0.9135120701186055
2024-01-01,cappuccino,46,45.52233754886275,49.8322233913695,0.9135120701186055
2024-01-01,cold_coffee,41,34.183716655715834,37.42010398535578,0.9135120701186055
2024-01-01,croissant,16,24.383250949320832,26.691766586242306,0.9135120701186055
2024-01-01,espresso,22,40.46430004343355,44.29530968121733,0.9135120701186055
2024-01-01,hot_chocolate,28,20.151383063236118,22.059241166479357,0.9135120701186055
2024-01-01,iced_latte,26,25.637787491786877,28.065077989016835,0.9135120701186055
2024-01-01,latte,59,50.58037505429194,55.369137101521666,0.9135120701186055
2024-01-01,masala_chai,36,40.383452318021334,44.206807593443365,0.9135120701186055
2024-01-01,sandwich,17,27.86657251350952,30.504876098562633,0.9135120701186055
2024-01-02,americano,37,35.50028496238899,35.90710973046038,0.9886700775661073
2024-01-02,cappuccino,62,53.25042744358349,53.86066459569058,0.9886700775661073
2024-01-02,cold_coffee,40,37.507919620102804,37.93775140079006,0.9886700775661073
2024-01-02,croissant,18,27.957881656298774,28.27827228788501,0.9886700775661073
2024-01-02,espresso,40,47.33371328318533,47.87614630728052,0.9886700775661073
2024-01-02,hot_chocolate,20,23.761713655711286,24.03401720643504,0.9886700775661073
2024-01-02,iced_latte,24,28.13093971507711,28.45331355059255,0.9886700775661073
2024-01-02,latte,108,76.24631649997636,77.12008103621217,0.9886700775661073
2024-01-02,masala_chai,47,47.428475440321456,47.97199441605449,0.9886700775661073
2024-01-02,sandwich,28,31.95186475005574,32.31802547186858,0.9886700775661073
2024-01-03,americano,46,37.167305011832,37.20895539285492,0.9988806355732599
2024-01-03,cappuccino,55,71.84401741977834,71.92452717691027,0.9988806355732599
2024-01-03,cold_coffee,57,38.64590637970052,38.68921370922517,0.9988806355732599
2024-01-03,croissant,27,29.124737671610355,29.157375400410682,0.9988806355732599
2024-01-03,espresso,51,49.55640668244265,49.611940523806545,0.9988806355732599
2024-01-03,hot_chocolate,34,24.92731946228375,24.955253485295472,0.9988806355732599
2024-01-03,iced_latte,20,28.98442978477539,29.01691028191888,0.9988806355732599
2024-01-03,latte,63,61.94550835305333,62.014925654758194,0.9988806355732599
2024-01-03,masala_chai,45,49.70529912949124,49.7609998225316,0.9988806355732599
2024-01-03,sandwich,42,33.285414481840405,33.32271474332649,0.9988806355732599
2024-01-04,americano,27,35.50474998040504,37.21835853121437,0.9539579761592075
2024-01-04,cappuccino,57,68.63031568377262,71.94270334641953,0.9539579761592075
2024-01-04,cold_coffee,16,27.709035431991772,29.046390013481442,0.9539579761592075
2024-01-04,croissant,32,33.85787110301624,35.49199435318275,0.9539579761592075
2024-01-04,espresso,44,52.854967608369954,55.405970628992264,0.9539579761592075
2024-01-04,hot_chocolate,20,29.45271602374491,30.8742279637164,0.9539579761592075
2024-01-04,iced_latte,20,20.781776573993827,21.784792510111078,0.9539579761592075
2024-01-04,latte,75,76.25590631530291,79.93633705157725,0.9539579761592075
2024-01-04,masala_chai,60,74.96610440541467,78.58428387720033,0.9539579761592075
2024-01-04,sandwich,36,28.84956169907203,30.241962874743322,0.9539579761592075
2024-01-05,americano,51,38.64095262148516,38.75727536373477,0.9969986862812742
2024-01-05,cappuccino,47,57.961428932227726,58.135913045602145,0.9969986862812742
2024-01-05,cold_coffee,18,38.91283091437578,39.02997210509629,0.9969986862812742
2024-01-05,croissant,27,29.978219172007,30.068464065708426,0.9969986862812742
2024-01-05,espresso,73,51.521270161980205,51.67636715164635,0.9969986862812742
2024-01-05,hot_chocolate,28,26.019533767748335,26.097861637911606,0.9969986862812742
2024-01-05,iced_latte,26,29.184623185781838,29.272479078822222,0.9969986862812742
2024-01-05,latte,71,64.40158770247527,64.59545893955796,0.9969986862812742
2024-01-05,masala_chai,38,51.77952160336998,51.93539601993206,0.9969986862812742
2024-01-05,sandwich,37,34.26082191086514,34.3639589322382,0.9969986862812742
2024-01-06,americano,30,35.364945486835374,39.5226472685957,0.8948020421429617
2024-01-06,cappuccino,46,68.36007503898591,76.39686972022365,0.8948020421429617
2024-01-06,cold_coffee,44,40.30257933383282,45.04077710564021,0.8948020421429617
2024-01-06,croissant,26,32.04770787860332,35.81541656057495,0.8948020421429617
2024-01-06,espresso,41,52.64684441405914,58.83630337719748,0.8948020421429617
2024-01-06,hot_chocolate,21,28.412827905686832,31.7531996659741,0.8948020421429617
2024-01-06,iced_latte,31,30.226934500374604,33.78058282923015,0.8948020421429617
2024-01-06,latte,67,58.9415758113923,65.87107878099283,0.8948020421429617
2024-01-06,masala_chai,48,57.02489407027755,63.72906116050944,0.8948020421429617
2024-01-06,sandwich,25,31.129296943922363,34.78903207392196,0.8948020421429617
2024-01-07,americano,30,46.26305188089618,40.46466435130649,1.1432950852934105
2024-01-07,cappuccino,57,69.39457782134427,60.69699652695974,1.1432950852934105
2024-01-07,cold_coffee,53,56.14610584473911,49.10902405421432,1.1432950852934105
2024-01-07,croissant,39,41.39269337134139,36.20473305954826,1.1432950852934105
2024-01-07,espresso,71,61.68406917452825,53.95288580174199,1.1432950852934105
2024-01-07,hot_chocolate,33,30.903780381651114,27.030449775545126,1.1432950852934105
2024-01-07,iced_latte,47,42.10957938355433,36.83176804066074,1.1432950852934105
2024-01-07,latte,85,77.10508646816031,67.44110725217749,1.1432950852934105
2024-01-07,masala_chai,45,61.745784096020614,54.006865672981036,1.1432950852934105
2024-01-07,sandwich,41,41.84755813366381,36.60258726899384,1.1432950852934105
2024-01-08,americano,37,38.522384342510456,37.193287031232856,1.0357348709233873
2024-01-08,cappuccino,58,57.78357651376568,55.78993054684928,1.0357348709233873
2024-01-08,cold_coffee,17,25.618930296509458,24.735027289048833,1.0357348709233873
2024-01-08,croissant,24,27.11648204244488,26.18091058213552,1.0357348709233873
2024-01-08,espresso,44,57.34723882703822,55.368647360411366,1.0357348709233873
2024-01-08,hot_chocolate,31,32.60152690321787,31.476710708941056,1.0357348709233873
2024-01-08,iced_latte,24,19.21419772238209,18.551270466786622,1.0357348709233873
2024-01-08,latte,57,82.73707977343314,79.88248932824928,1.0357348709233873
2024-01-08,masala_chai,59,63.75236652802621,61.5527856768877,1.0357348709233873
2024-01-08,sandwich,24,29.774960674057127,28.747666521560575,1.0357348709233873
2024-01-09,americano,36,38.15246116495269,36.23684366317478,1.0528638067814011
2024-01-09,cappuccino,58,57.22869174742904,54.35526549476217,1.0528638067814011
2024-01-09,cold_coffee,43,32.51437592158329,30.881844082929923,1.0528638067814011
2024-01-09,croissant,29,29.02021108244311,27.563119650924023,1.0528638067814011
2024-01-09,espresso,77,56.796544129055796,53.944815809256966,1.0528638067814011
2024-01-09,hot_chocolate,42,31.302873844732368,29.7311709673306,1.0528638067814011
2024-01-09,iced_latte,28,24.38578194118746,23.161383062197437,1.0528638067814011
2024-01-09,latte,43,63.58743527492116,60.39473943862464,1.0528638067814011
2024-01-09,masala_chai,90,62.16903772374939,59.047558975172485,1.0528638067814011
2024-01-09,sandwich,24,31.86532981601596,30.26538628336755,1.0528638067814011
2024-01-10,americano,40,33.88276201639613,36.622849707519165,0.925180926306768
2024-01-10,cappuccino,66,50.8241430245942,54.934274561278755,0.925180926306768
2024-01-10,cold_coffee,38,29.07613594034699,31.427513379913798,0.925180926306768
2024-01-10,croissant,31,25.004725263264103,27.026849075975363,0.925180926306768
2024-01-10,espresso,42,45.177016021861505,48.83046627669222,0.925180926306768
2024-01-10,hot_chocolate,34,23.27643049510893,25.1587876849409,0.925180926306768
2024-01-10,iced_latte,32,21.807101955260247,23.570635034935354,0.925180926306768
2024-01-10,latte,45,56.47127002732689,61.03808284586528,0.925180926306768
2024-01-10,masala_chai,69,45.85977918414527,49.568444268747555,0.925180926306768
2024-01-10,sandwich,37,36.825810402450806,39.803901437371664,0.925180926306768
2024-01-11,americano,30,35.03860299200676,35.20845712193478,0.9951757576499368
2024-01-11,cappuccino,59,52.55790448801014,52.81268568290217,0.9951757576499368
2024-01-11,cold_coffee,41,37.61721432109606,37.79956860075393,0.9951757576499368
2024-01-11,croissant,38,27.73260575155381,27.867043121149898,0.9951757576499368
2024-01-11,espresso,55,46.71813732267568,46.94460949591304,0.9951757576499368
2024-01-11,hot_chocolate,20,23.405833547958846,23.519296333373994,0.9951757576499368
2024-01-11,iced_latte,32,28.212910740822036,28.349676450565443,0.9951757576499368
2024-01-11,latte,49,58.3976716533446,58.680761869891306,0.9951757576499368
2024-01-11,masala_chai,35,46.76487882685532,46.991577585539765,0.9951757576499368
2024-01-11,sandwich,26,31.69440657320435,31.848049281314164,0.9951757576499368
2024-01-12,americano,54,38.82277877242513,38.509388970873175,1.0081380102340494
2024-01-12,cappuccino,56,58.234168158637694,57.76408345630976,1.0081380102340494
2024-01-12,cold_coffee,40,40.04558912001041,39.72232840493081,1.0081380102340494
2024-01-12,croissant,23,30.34602641911122,30.101063655030806,1.0081380102340494
2024-01-12,espresso,56,51.76370502990017,51.345851961164236,1.0081380102340494
2024-01-12,hot_chocolate,28,26.06366107011348,25.853266919340278,1.0081380102340494
2024-01-12,iced_latte,35,30.034191840007814,29.791746303698115,1.0081380102340494
2024-01-12,latte,47,64.70463128737522,64.1823149514553,1.0081380102340494
2024-01-12,masala_chai,46,51.94519542041682,51.52587730360174,1.0081380102340494
2024-01-12,sandwich,32,34.68117305041282,34.40121560574949,1.0081380102340494
2024-01-13,americano,42,37.55059644118094,38.60564377848396,0.9726711632279262
2024-01-13,cappuccino,76,56.32589466177141,57.90846566772593,0.9726711632279262
2024-01-13,cold_coffee,23,48.19729798513605,49.5514823583209,0.9726711632279262
2024-01-13,croissant,27,34.19057467089211,35.15121652977413,0.9726711632279262
2024-01-13,espresso,50,50.0674619215746,51.47419170464528,0.9726711632279262
2024-01-13,hot_chocolate,29,24.908874706735578,25.608731551239252,0.9726711632279262
2024-01-13,iced_latte,40,36.14797348885204,37.16361176874067,0.9726711632279262
2024-01-13,latte,59,62.58432740196824,64.34273963080659,0.9726711632279262
2024-01-13,masala_chai,42,64.35882680062706,66.16709658282102,0.9726711632279262
2024-01-13,sandwich,29,34.566295271671144,35.53749363449692,0.9726711632279262
2024-01-14,americano,39,37.35942821018847,38.70826552553171,0.9651537650413823
2024-01-14,cappuccino,32,56.039142315282696,58.06239828829756,0.9651537650413823
2024-01-14,cold_coffee,43,47.56984287725436,49.28732042527414,0.9651537650413823
2024-01-14,croissant,38,33.931577077412605,35.15665410677618,0.9651537650413823
2024-01-14,espresso,46,49.81257094691796,51.61102070070895,0.9651537650413823
2024-01-14,hot_chocolate,31,24.80685931644734,25.70249447805212,0.9651537650413823
2024-01-14,iced_latte,23,35.67738215794077,36.9654903189556,0.9651537650413823
2024-01-14,latte,62,80.23932175727764,83.13630911841003,0.9651537650413823
2024-01-14,masala_chai,43,49.71304536378245,51.507901812568626,0.9651537650413823
2024-01-14,sandwich,34,34.304451550790766,35.5429909650924,0.9651537650413823
2024-01-15,americano,37,30.123751554373413,32.14164608419431,0.9372186936370629
2024-01-15,cappuccino,45,45.18562733156011,48.21246912629147,0.9372186936370629
2024-01-15,cold_coffee,28,33.392299708849364,35.62914390798579,0.9372186936370629
2024-01-15,croissant,17,31.033744202762104,33.11259625256674,0.9372186936370629
2024-01-15,espresso,29,40.16500207249787,42.85552811225907,0.9372186936370629
2024-01-15,hot_chocolate,11,20.042376172415228,21.38495135498932,0.9372186936370629
2024-01-15,iced_latte,28,32.27348554334668,34.435383931687305,0.9372186936370629
2024-01-15,latte,37,50.20625259062235,53.569410140323846,0.9372186936370629
2024-01-15,masala_chai,27,40.12485714623392,42.81269400477007,0.9372186936370629
2024-01-15,sandwich,33,27.522497715821014,29.366142505133467,0.9372186936370629
2024-01-16,americano,35,33.06335864383737,32.741431464147006,1.0098324100472786
2024-01-16,cappuccino,61,49.595037965756056,49.11214719622051,1.0098324100472786
2024-01-16,cold_coffee,26,36.94524887544853,36.585524991932886,1.0098324100472786
2024-01-16,croissant,25,26.49839346458253,26.240387217659137,1.0098324100472786
2024-01-16,espresso,29,44.08447819178316,43.65524195219601,1.0098324100472786
2024-01-16,hot_chocolate,15,21.97621146956411,21.762236239313435,1.0098324100472786
2024-01-16,iced_latte,30,27.708936656586392,27.439143743949657,1.0098324100472786
2024-01-16,latte,56,55.10559773972896,54.56905244024502,1.0098324100472786
2024-01-16,masala_chai,49,44.018401044745225,43.58980817686804,1.0098324100472786
2024-01-16,sandwich,40,39.02561629540874,38.64563655030801,1.0098324100472786
2024-01-17,americano,51,34.008678051511986,34.71647351737402,0.9796121151099113
2024-01-17,cappuccino,37,51.01301707726797,52.07471027606102,0.9796121151099113
2024-01-17,cold_coffee,26,38.30678773142408,39.10403632270933,0.9796121151099113
2024-01-17,croissant,24,27.324238254282893,27.892915811088297,0.9796121151099113
2024-01-17,espresso,57,45.34490406868264,46.28863135649868,0.9796121151099113
2024-01-17,hot_chocolate,26,22.58194336422239,23.051923323435748,0.9796121151099113
2024-01-17,iced_latte,41,28.730090798568067,29.328027242032,0.9796121151099113
2024-01-17,latte,41,56.681130085853304,57.86078919562336,0.9796121151099113
2024-01-17,masala_chai,39,45.25430488992376,46.19614660936107,0.9796121151099113
2024-01-17,sandwich,27,31.22770086203759,31.877618069815195,0.9796121151099113
2024-01-18,americano,45,33.747376251796766,33.261803325667934,1.0145985147400027
2024-01-18,cappuccino,59,65.23333038362779,64.2947229233272,1.0145985147400027
2024-01-18,cold_coffee,36,39.56377989504613,38.99451785141298,1.0145985147400027
2024-01-18,croissant,25,27.455351438587236,27.06031108829569,1.0145985147400027
2024-01-18,espresso,41,44.996501669062354,44.349071100890576,1.0145985147400027
2024-01-18,hot_chocolate,21,22.296675028781124,21.975860111026073,1.0145985147400027
2024-01-18,iced_latte,31,29.672834921284597,29.245888388559734,1.0145985147400027
2024-01-18,latte,47,56.24562708632794,55.43633887611322,1.0145985147400027
2024-01-18,masala_chai,58,44.79447231851472,44.14994864248701,1.0145985147400027
2024-01-18,sandwich,26,31.377544501242554,30.926069815195074,1.0145985147400027
2024-01-19,americano,22,33.84112078866497,36.57937289653931,0.9251421801128418
2024-01-19,cappuccino,35,50.76168118299744,54.869059344808946,0.9251421801128418
2024-01-19,cold_coffee,22,41.292795077197255,44.63399892993818,0.9251421801128418
2024-01-19,croissant,25,27.87792290866712,30.13366324435319,0.9251421801128418
2024-01-19,espresso,46,45.12149438488662,48.77249719538573,0.9251421801128418
2024-01-19,hot_chocolate,12,22.247097403203604,24.047219855968596,0.9251421801128418
2024-01-19,iced_latte,28,30.969596307897948,33.475499197453644,0.9251421801128418
2024-01-19,latte,58,56.40186798110828,60.965621494232174,0.9251421801128418
2024-01-19,masala_chai,53,44.80674682586713,48.43228185791069,0.9251421801128418
2024-01-19,sandwich,28,31.86048332419099,34.438472279260786,0.9251421801128418
2024-01-20,americano,45,43.475843725125976,48.93943374951345,0.8883601708112981
2024-01-20,cappuccino,30,50.60588209604664,56.96550088443366,0.8883601708112981
2024-01-20,cold_coffee,33,45.79690019365954,51.5521763563931,0.8883601708112981
2024-01-20,croissant,26,31.260754408455476,35.1892795687885,0.8883601708112981
2024-01-20,espresso,60,44.983006307597016,50.63600078616325,0.8883601708112981
2024-01-20,hot_chocolate,14,22.223218046013205,25.016000014631196,0.8883601708112981
2024-01-20,iced_latte,22,34.34767514524465,38.66413226729482,0.8883601708112981
2024-01-20,latte,45,56.22875788449627,63.29500098270407,0.8883601708112981
2024-01-20,masala_chai,45,44.71391634690291,50.33309440929546,0.8883601708112981
2024-01-20,sandwich,27,31.60427918217476,35.57597494866529,0.8883601708112981
2024-01-21,americano,30,37.3314809557982,37.982868935537546,0.9828504797558908
2024-01-21,cappuccino,42,55.9972214336973,56.97430340330632,0.9828504797558908
2024-01-21,cold_coffee,53,50.67591068275496,51.56014238843457,0.9828504797558908
2024-01-21,croissant,34,34.59114463161313,35.19471714579056,0.9828504797558908
2024-01-21,espresso,46,49.77530794106427,50.6438252473834,0.9828504797558908
2024-01-21,hot_chocolate,23,24.590786887778716,25.0198655790312,0.9828504797558908
2024-01-21,iced_latte,37,38.00693301206623,38.670106791325935,0.9828504797558908
2024-01-21,latte,68,80.17929758547724,81.57832675158409,0.9828504797558908
2024-01-21,masala_chai,44,49.477550259734386,50.340872064307334,0.9828504797558908
2024-01-21,sandwich,36,45.066065850634516,45.852412731006154,0.9828504797558908
2024-01-22,americano,37,36.76029783864886,32.352577693751705,1.1362401533077355
2024-01-22,cappuccino,37,55.14044675797328,48.52886654062755,1.1362401533077355
2024-01-22,cold_coffee,47,44.14279749928474,38.84988342541812,1.1362401533077355
2024-01-22,croissant,45,30.131671481957007,26.51875256673511,1.1362401533077355
2024-01-22,espresso,56,49.01373045153182,43.13677025833561,1.1362401533077355
2024-01-22,hot_chocolate,16,24.21454030049901,21.311111238242628,1.1362401533077355
2024-01-22,iced_latte,38,33.10709812446355,29.137412569063585,1.1362401533077355
2024-01-22,latte,44,61.26716306441477,53.920962822919506,1.1362401533077355
2024-01-22,masala_chai,45,48.72052855412004,42.878724548053114,1.1362401533077355
2024-01-22,sandwich,33,34.436195979379434,30.30714579055441,1.1362401533077355
2024-01-23,americano,47,30.325715585021136,32.12784316902381,0.9439076076622471
2024-01-23,cappuccino,61,45.4885733775317,48.191764753535715,0.9439076076622471
2024-01-23,cold_coffee,53,46.55387236764077,49.32036990668992,0.9439076076622471
2024-01-23,croissant,18,24.79530893223897,26.268788100616018,0.9439076076622471
2024-01-23,espresso,45,40.434287446694846,42.83712422536508,0.9439076076622471
2024-01-23,hot_chocolate,11,19.995973807055698,21.184249014137343,0.9439076076622471
2024-01-23,iced_latte,33,27.094353717966932,28.704455285693538,0.9439076076622471
2024-01-23,latte,36,50.542859308368556,53.54640528170635,0.9439076076622471
2024-01-23,masala_chai,41,40.21250931466653,42.602166767423206,0.9439076076622471
2024-01-23,sandwich,18,28.337495922558823,30.021472114989734,0.9439076076622471
2024-01-24,americano,23,30.801270975998783,32.63341261239973,0.9438568788939717
2024-01-24,cappuccino,44,46.20190646399817,48.95011891859959,0.9438568788939717
2024-01-24,cold_coffee,52,49.608891926303755,52.55976095066059,0.9438568788939717
2024-01-24,croissant,24,25.564748278581337,27.085407597535934,0.9438568788939717
2024-01-24,espresso,43,41.068361301331706,43.51121681653297,0.9438568788939717
2024-01-24,hot_chocolate,23,20.188050025854494,21.388889011977334,0.9438568788939717
2024-01-24,iced_latte,24,28.872375101108783,30.58978087328446,0.9438568788939717
2024-01-24,latte,30,51.33545162666464,54.38902102066622,0.9438568788939717
2024-01-24,masala_chai,34,40.720759630221806,43.142938872193334,0.9438568788939717
2024-01-24,sandwich,30,29.216855175521527,30.954751540041066,0.9438568788939717
2024-01-25,americano,44,38.01041473600359,34.58604628101762,1.0990101160208479
2024-01-25,cappuccino,59,57.01562210400539,51.87906942152644,1.0990101160208479
2024-01-25,cold_coffee,60,43.50481280479397,39.58545255462298,1.0990101160208479
2024-01-25,croissant,28,30.692509105665184,27.92741273100616,1.0990101160208479
2024-01-25,espresso,48,50.680552981338124,46.114728374690166,1.0990101160208479
2024-01-25,hot_chocolate,25,25.18869004581866,22.91943420595488,1.0990101160208479
2024-01-25,iced_latte,42,32.62860960359547,29.68908941596723,1.0990101160208479
2024-01-25,latte,61,63.35069122667266,57.64341046836271,1.0990101160208479
2024-01-25,masala_chai,55,50.52873915699098,45.976591498483046,1.0990101160208479
2024-01-25,sandwich,41,35.077153263617355,31.9170431211499,1.0990101160208479
2024-01-26,americano,35,40.35113272550452,39.33373836126375,1.025865692065586
2024-01-26,cappuccino,71,60.52669908825678,59.00060754189562,1.025865692065586
2024-01-26,cold_coffee,33,45.088663163622215,43.95181894896588,1.025865692065586
2024-01-26,croissant,18,32.3391281333515,31.523744661190975,1.025865692065586
2024-01-26,espresso,56,53.801510300672696,52.444984481685,1.025865692065586
2024-01-26,hot_chocolate,24,26.82017381732085,26.143942647422286,1.025865692065586
2024-01-26,iced_latte,50,33.81649737271666,32.963864211724406,1.025865692065586
2024-01-26,latte,55,67.25188787584088,65.55623060210625,1.025865692065586
2024-01-26,masala_chai,71,53.72086853166877,52.36637597608077,1.025865692065586
2024-01-26,sandwich,28,36.95900358097314,36.02713675564682,1.025865692065586
2024-01-27,americano,24,43.68297922633907,42.66470466752346,1.0238669074765852
2024-01-27,cappuccino,74,65.52446883950861,63.99705700128519,1.0238669074765852
2024-01-27,cold_coffee,71,55.62163442428213,54.32506316799202,1.0238669074765852
2024-01-27,croissant,52,39.6749213679162,38.750076868583164,1.0238669074765852
2024-01-27,espresso,61,58.243972301785426,56.88627289003128,1.0238669074765852
2024-01-27,hot_chocolate,28,29.005730871854222,28.329591141236836,1.0238669074765852
2024-01-27,iced_latte,41,41.7162258182116,40.74379737599401,1.0238669074765852
2024-01-27,latte,66,72.8049653772318,71.1078411125391,1.0238669074765852
2024-01-27,masala_chai,54,58.12760076750665,56.77261404098655,1.0238669074765852
2024-01-27,sandwich,37,51.68931638507266,50.48440965092403,1.0238669074765852
2024-01-28,americano,37,38.46864658523165,42.67129025132642,0.901511211839578
2024-01-28,cappuccino,44,57.70296987784748,64.00693537698963,0.901511211839578
2024-01-28,cold_coffee,59,48.982213096640585,54.3334486064682,0.901511211839578
2024-01-28,croissant,22,34.939020996969056,38.75605820328542,0.901511211839578
2024-01-28,espresso,48,51.29152878030887,56.895053668435224,0.901511211839578
2024-01-28,hot_chocolate,28,25.543386225427458,28.333964003958332,0.901511211839578
2024-01-28,iced_latte,50,36.73665982248043,40.75008645485115,0.901511211839578
2024-01-28,latte,48,64.1144109753861,71.11881708554404,0.901511211839578
2024-01-28,masala_chai,60,65.96526834723105,73.17187793219529,0.901511211839578
2024-01-28,sandwich,33,35.322966282650036,39.18194895277207,0.901511211839578
2024-01-29,americano,34,40.501281935925896,35.86405310868798,1.1293001884975058
2024-01-29,cappuccino,81,60.75192290388884,53.79607966303197,1.1293001884975058
2024-01-29,cold_coffee,33,44.89583385906982,39.75544706036235,1.1293001884975058
2024-01-29,croissant,40,32.37841684036766,28.671222381930185,1.1293001884975058
2024-01-29,espresso,57,54.00170924790121,47.818737478250654,1.1293001884975058
2024-01-29,hot_chocolate,24,26.946906880428806,23.86159778852133,1.1293001884975058
2024-01-29,iced_latte,39,33.671875394302354,29.816585295271757,1.1293001884975058
2024-01-29,latte,86,67.50213655987649,59.7734218478133,1.1293001884975058
2024-01-29,masala_chai,49,53.9477345305099,47.770942642173345,1.1293001884975058
2024-01-29,sandwich,37,37.00390496042019,32.7671112936345,1.1293001884975058
2024-01-30,americano,35,31.98605436371929,34.648854443039255,0.9231489721053417
2024-01-30,cappuccino,72,47.979081545578936,51.97328166455888,0.9231489721053417
2024-01-30,cold_coffee,44,38.40975192247437,41.60731700201837,0.9231489721053417
2024-01-30,croissant,26,26.218320817800855,28.40096410225873,0.9231489721053417
2024-01-30,espresso,39,42.64807248495906,46.19847259071901,0.9231489721053417
2024-01-30,hot_chocolate,20,21.069677015236632,22.82370197215834,0.9231489721053417
2024-01-30,iced_latte,27,28.807313941855778,31.20548775151378,0.9231489721053417
2024-01-30,latte,31,53.31009060619881,57.74809073839875,0.9231489721053417
2024-01-30,masala_chai,32,42.39295018232366,45.92211166702804,0.9231489721053417
2024-01-30,sandwich,51,38.61313817054617,41.827634907597535,0.9231489721053417
2024-01-31,americano,23,33.99437844804177,36.46443319931464,0.9322612602320858
2024-01-31,cappuccino,55,50.991567672062665,54.69664979897196,0.9322612602320858
2024-01-31,cold_coffee,42,42.14881407266412,45.211375684720835,0.9322612602320858
2024-01-31,croissant,37,28.144546301689527,30.189548254620128,0.9322612602320858
2024-01-31,espresso,53,45.325837930722365,48.619244265752855,0.9322612602320858
2024-01-31,hot_chocolate,25,22.303197706010994,23.92376328118432,0.9322612602320858
2024-01-31,iced_latte,16,31.611610554498096,33.90853176354063,0.9322612602320858
2024-01-31,latte,50,56.657297413402965,60.774055332191075,0.9322612602320858
2024-01-31,masala_chai,48,44.964677794008786,48.23184198688559,0.9322612602320858
2024-01-31,sandwich,42,32.16519577335945,34.502340862423,0.9322612602320858
2024-02-01,americano,54,44.329655139392464,43.08242485153757,1.0289498627840208
2024-02-01,cappuccino,45,51.59971858225282,50.14794252718972,1.0289498627840208
2024-02-01,cold_coffee,36,48.69857283519342,47.32842152622491,1.0289498627840208
2024-02-01,croissant,20,28.701213082888476,27.893694455852156,1.0289498627840208
2024-02-01,espresso,39,45.86641651755807,44.57594891305754,1.0289498627840208
2024-02-01,hot_chocolate,16,22.479100309922735,21.84664299298435,1.0289498627840208
2024-02-01,iced_latte,35,36.52392962639505,35.496316144668675,1.0289498627840208
2024-02-01,latte,33,57.33302064694759,55.71993614132192,1.0289498627840208
2024-02-01,masala_chai,37,45.410038047878466,44.13241081058402,1.0289498627840208
2024-02-01,sandwich,35,34.441455699466175,33.47243334702259,1.0289498627840208
2024-02-02,americano,48,36.504495219987504,36.67468934425203,0.9953593574394871
2024-02-02,cappuccino,52,54.756742829981256,55.012034016378045,0.9953593574394871
2024-02-02,cold_coffee,66,54.21914222152787,54.47192696415085,0.9953593574394871
2024-02-02,croissant,36,30.917540876666106,31.061687063655036,0.9953593574394871
2024-02-02,espresso,51,48.67266029331667,48.89958579233603,0.9953593574394871
2024-02-02,hot_chocolate,37,23.71174041419246,23.82229115240323,0.9953593574394871
2024-02-02,iced_latte,30,40.66435666614589,40.853945223113136,0.9953593574394871
2024-02-02,latte,66,60.84082536664585,61.12448224042006,0.9953593574394871
2024-02-02,masala_chai,49,48.04401078476478,48.26800534467836,0.9953593574394871
2024-02-02,sandwich,22,37.101049051999325,37.27402447638604,0.9953593574394871
2024-02-03,americano,43,39.70070464014834,38.075946193280906,1.0426715186175504
2024-02-03,cappuccino,62,76.74105278379191,73.60041145608425,1.0426715186175504
2024-02-03,cold_coffee,42,65.59961799229396,62.91494187859921,1.0426715186175504
2024-02-03,croissant,60,37.820812176443184,36.27298866529774,1.0426715186175504
2024-02-03,espresso,45,52.93427285353113,50.76792825770789,1.0426715186175504
2024-02-03,hot_chocolate,33,25.83948707166423,24.782001436007477,1.0426715186175504
2024-02-03,iced_latte,35,49.19971349422047,47.18620640894941,1.0426715186175504
2024-02-03,latte,58,66.1678410669139,63.459910322134846,1.0426715186175504
2024-02-03,masala_chai,34,52.30285764748928,50.16235383204503,1.0426715186175504
2024-02-03,sandwich,46,40.14824677191661,38.505172583162214,1.0426715186175504
2024-02-04,americano,22,33.00587115551532,36.99323632204415,0.8922136703094353
2024-02-04,cappuccino,58,49.508806733273,55.48985448306623,0.8922136703094353
2024-02-04,cold_coffee,28,51.56723011403235,57.79695136944935,0.8922136703094353
2024-02-04,croissant,29,30.897524288298968,34.630184804928135,0.8922136703094353
2024-02-04,espresso,49,44.00782820735377,49.32431509605887,0.8922136703094353
2024-02-04,hot_chocolate,20,21.633009188278947,24.246444442816305,0.8922136703094353
2024-02-04,iced_latte,34,38.67542258552426,43.34771352708701,0.8922136703094353
2024-02-04,latte,35,55.00978525919221,61.65539387007359,0.8922136703094353
2024-02-04,masala_chai,40,43.63534695555624,48.906835220786,0.8922136703094353
2024-02-04,sandwich,33,32.79891039834813,36.76127310061601,0.8922136703094353
2024-02-05,americano,34,28.86921739098913,28.987792817579017,0.9959094703299392
2024-02-05,cappuccino,37,43.3038260864837,43.48168922636853,0.9959094703299392
2024-02-05,cold_coffee,36,42.87866998607907,43.0547868692057,0.9959094703299392
2024-02-05,croissant,14,24.45083005214534,24.551257700205337,0.9959094703299392
2024-02-05,espresso,43,38.49228985465218,38.65039042343869,0.9959094703299392
2024-02-05,hot_chocolate,16,24.165198894831487,24.26445336123342,0.9959094703299392
2024-02-05,iced_latte,29,32.159002489559306,32.29109015190428,0.9959094703299392
2024-02-05,latte,45,48.11536231831522,48.31298802929836,0.9959094703299392
2024-02-05,masala_chai,42,37.995128636129536,38.15118719931638,0.9959094703299392
2024-02-05,sandwich,37,29.34099606257441,29.461509240246407,0.9959094703299392
2024-02-06,americano,30,28.91071463302534,28.441888954062293,1.0164836336897407
2024-02-06,cappuccino,48,43.36607194953802,42.662833431093446,1.0164836336897407
2024-02-06,cold_coffee,61,62.89166529227058,61.871793315530034,1.0164836336897407
2024-02-06,croissant,26,25.485267853862858,25.071990349075975,1.0164836336897407
2024-02-06,espresso,38,38.54761951070045,37.92251860541639,1.0164836336897407
2024-02-06,hot_chocolate,21,18.481073730908488,18.181378546965792,1.0164836336897407
2024-02-06,iced_latte,31,36.60294920010147,36.00938370963847,1.0164836336897407
2024-02-06,latte,56,48.18452438837558,47.4031482567705,1.0164836336897407
2024-02-06,masala_chai,45,37.7465600638856,37.134449402661915,1.0164836336897407
2024-02-06,sandwich,39,30.582321424635428,30.08638841889117,1.0164836336897407
2024-02-07,americano,42,28.83047538760417,29.034254891900076,0.9929814109211821
2024-02-07,cappuccino,30,43.24571308140626,43.551382337850114,0.9929814109211821
2024-02-07,cold_coffee,68,50.25105866848461,50.60624309358123,0.9929814109211821
2024-02-07,croissant,38,25.66995597613068,25.851396303901435,0.9929814109211821
2024-02-07,espresso,33,38.440633850138894,38.712339855866766,0.9929814109211821
2024-02-07,hot_chocolate,15,18.356209190045725,18.4859545084704,0.9929814109211821
2024-02-07,iced_latte,34,37.68829400136347,37.954682320185924,0.9929814109211821
2024-02-07,latte,53,48.05079231267362,48.39042481983346,0.9929814109211821
2024-02-07,masala_chai,34,37.56658931420585,37.83211740021959,0.9929814109211821
2024-02-07,sandwich,25,39.69580821051136,39.97638603696098,0.9929814109211821
2024-02-08,americano,0,0.0,0.0,1.0809298566244276
2024-02-08,cappuccino,0,0.0,0.0,1.0809298566244276
2024-02-08,cold_coffee,0,0.0,0.0,1.0809298566244276
2024-02-08,croissant,0,0.0,0.0,1.0809298566244276
2024-02-08,espresso,0,0.0,0.0,1.0809298566244276
2024-02-08,hot_chocolate,0,0.0,0.0,1.0809298566244276
2024-02-08,iced_latte,0,0.0,0.0,1.0809298566244276
2024-02-08,latte,0,0.0,0.0,1.0809298566244276
2024-02-08,masala_chai,0,0.0,0.0,1.0809298566244276
2024-02-08,sandwich,0,0.0,0.0,1.0809298566244276
2024-02-09,americano,29,30.639222488642737,32.58019952715382,0.940424642369259
2024-02-09,cappuccino,47,45.9588337329641,48.870299290730735,0.940424642369259
2024-02-09,cold_coffee,41,52.13724573776957,55.44011012558921,0.940424642369259
2024-02-09,croissant,31,27.076582715463037,28.79186858316222,0.940424642369259
2024-02-09,espresso,54,40.85229665152364,43.44026603620509,0.940424642369259
2024-02-09,hot_chocolate,30,19.566440136445856,20.80596281181142,0.940424642369259
2024-02-09,iced_latte,48,39.102934303327174,41.58008259419191,0.940424642369259
2024-02-09,latte,40,51.06537081440457,54.300332545256374,0.940424642369259
2024-02-09,masala_chai,59,39.98334695516034,42.516268878735765,0.940424642369259
2024-02-09,sandwich,30,32.49189925855564,34.55024229979466,0.940424642369259
2024-02-10,americano,57,33.73953954189953,34.942381317691805,0.9655764223721278
2024-02-10,cappuccino,57,65.21818210418724,67.54326285636303,0.9655764223721278
2024-02-10,cold_coffee,50,57.56250297884203,59.6146526003902,0.9655764223721278
2024-02-10,croissant,31,32.464949515230224,33.622351129363444,0.9655764223721278
2024-02-10,espresso,39,44.986052722532705,46.589841756922404,0.9655764223721278
2024-02-10,hot_chocolate,28,21.871957167849185,22.65171006777116,0.9655764223721278
2024-02-10,iced_latte,42,43.17187723413153,44.71098945029265,0.9655764223721278
2024-02-10,latte,74,56.23256590316588,58.237302196153,0.9655764223721278
2024-02-10,masala_chai,54,44.36063611576914,45.942128544096526,0.9655764223721278
2024-02-10,sandwich,37,34.46279256232132,35.69141889117043,0.9655764223721278
2024-02-11,americano,44,32.07600588184789,35.21085687092942,0.9109691933776908
2024-02-11,cappuccino,51,48.11400882277184,52.81628530639412,0.9109691933776908
2024-02-11,cold_coffee,50,53.426624417105096,58.648113246299694,0.9109691933776908
2024-02-11,croissant,23,30.63364367362103,33.627529774127304,0.9109691933776908
2024-02-11,espresso,77,55.11341216812353,60.49975407376189,0.9109691933776908
2024-02-11,hot_chocolate,24,20.856030983230234,22.89433181148559,0.9109691933776908
2024-02-11,iced_latte,26,40.069968312828834,43.986084934724786,0.9109691933776908
2024-02-11,latte,60,53.46000980307983,58.684761451549036,0.9109691933776908
2024-02-11,masala_chai,38,42.236735116565534,46.36461410946313,0.9109691933776908
2024-02-11,sandwich,24,32.5187909766131,35.69691622176591,0.9109691933776908
2024-02-12,americano,19,28.48579050994195,29.76735811525618,0.9569472171379089
2024-02-12,cappuccino,48,42.72868576491292,44.651037172884266,0.9569472171379089
2024-02-12,cold_coffee,41,42.99156777634419,44.925746171168946,0.9569472171379089
2024-02-12,croissant,36,24.247018548735284,25.33788501026694,0.9569472171379089
2024-02-12,espresso,49,37.98105401325593,39.68981082034157,0.9569472171379089
2024-02-12,hot_chocolate,16,18.466167540669936,19.296955161121197,0.9569472171379089
2024-02-12,iced_latte,25,32.24367583225815,33.694309628376715,0.9569472171379089
2024-02-12,latte,48,47.476317516569914,49.61226352542697,0.9569472171379089
2024-02-12,masala_chai,21,37.45302409098679,39.138024982196384,0.9569472171379089
2024-02-12,sandwich,40,29.096422258482345,30.40546201232033,0.9569472171379089
2024-02-13,americano,40,36.30725981796503,30.474811178231175,1.1913858827745618
2024-02-13,cappuccino,47,54.460889726947556,45.71221676734677,1.1913858827745618
2024-02-13,cold_coffee,63,54.3593335978645,45.626974755878116,1.1913858827745618
2024-02-13,croissant,23,30.827464441541274,25.875297741273098,1.1913858827745618
2024-02-13,espresso,43,48.40967975728671,40.6330815709749,1.1913858827745618
2024-02-13,hot_chocolate,16,23.560052995174072,19.775333362441888,1.1913858827745618
2024-02-13,iced_latte,32,40.769500198398376,34.22023106690859,1.1913858827745618
2024-02-13,latte,54,60.51209969660839,50.791351963718625,1.1913858827745618
2024-02-13,masala_chai,47,47.76054062845354,40.08822105330499,1.1913858827745618
2024-02-13,sandwich,30,36.99295732984953,31.050357289527717,1.1913858827745618
2024-02-14,americano,40,31.909891262640667,31.422167895677003,1.0155216332807757
2024-02-14,cappuccino,44,47.864836893961,47.1332518435155,1.0155216332807757
2024-02-14,cold_coffee,43,47.77558077680034,47.045359952062334,1.0155216332807757
2024-02-14,croissant,41,27.093783534326732,26.679671457905545,1.0155216332807757
2024-02-14,espresso,46,42.546521683520886,41.89622386090267,1.0155216332807757
2024-02-14,hot_chocolate,18,20.706567584207,20.39008023621488,1.0155216332807757
2024-02-14,iced_latte,31,35.83168558260025,35.28401996404675,1.0155216332807757
2024-02-14,latte,37,53.18315210440111,52.37027982612834,1.0155216332807757
2024-02-14,masala_chai,37,41.976003304572814,41.33442550993605,1.0155216332807757
2024-02-14,sandwich,31,32.51254024119208,32.01560574948665,1.0155216332807757
2024-02-15,americano,38,26.906866412708847,30.408079236805346,0.8848591258648557
2024-02-15,cappuccino,31,40.36029961906327,45.61211885520802,0.8848591258648557
2024-02-15,cold_coffee,32,40.60861047992623,45.89274076846484,0.8848591258648557
2024-02-15,croissant,16,22.903043142495658,25.883264887063653,0.8848591258648557
2024-02-15,espresso,41,35.87582188361179,40.54410564907379,0.8848591258648557
2024-02-15,hot_chocolate,10,17.44261592452886,19.712308337760042,0.8848591258648557
2024-02-15,iced_latte,40,30.456457859944667,34.41955557634863,0.8848591258648557
2024-02-15,latte,46,57.78966153932312,65.30944853265753,0.8848591258648557
2024-02-15,masala_chai,33,35.37705985784144,39.9804430148857,0.8848591258648557
2024-02-15,sandwich,24,27.48365177099479,31.059917864476386,0.8848591258648557
2024-02-16,americano,33,35.68462798868448,34.7188400174547,1.0278174031950444
2024-02-16,cappuccino,53,53.52694198302672,52.07826002618204,1.0278174031950444
2024-02-16,cold_coffee,55,49.715592753799754,48.37006320310908,1.0278174031950444
2024-02-16,croissant,19,29.624694481462164,28.8229158110883,1.0278174031950444
2024-02-16,espresso,51,47.579503984912634,46.29178668993959,1.0278174031950444
2024-02-16,hot_chocolate,18,23.36536737645884,22.732994502550657,1.0278174031950444
2024-02-16,iced_latte,47,37.286694565349805,36.277547402331805,1.0278174031950444
2024-02-16,latte,55,59.4743799811408,57.864733362424495,1.0278174031950444
2024-02-16,masala_chai,60,47.15320965103375,45.87702981527127,1.0278174031950444
2024-02-16,sandwich,37,35.5496333777546,34.58749897330596,1.0278174031950444
2024-02-17,americano,50,35.02703454527044,35.61394414606811,0.9835202302112201
2024-02-17,cappuccino,29,52.540551817905666,53.42091621910217,0.9835202302112201
2024-02-17,cold_coffee,48,62.19789239811138,63.24007426339751,0.9835202302112201
2024-02-17,croissant,32,34.12774807858388,34.69958932238193,0.9835202302112201
2024-02-17,espresso,52,46.70271272702726,47.48525886142415,0.9835202302112201
2024-02-17,hot_chocolate,29,22.593337700404152,22.97190948024732,0.9835202302112201
2024-02-17,iced_latte,50,46.64841929858353,47.430055697548134,0.9835202302112201
2024-02-17,latte,64,58.378390908784084,59.35657357678019,0.9835202302112201
2024-02-17,masala_chai,31,45.93844055182304,46.70818061562123,0.9835202302112201
2024-02-17,sandwich,30,36.227917191112105,36.83494866529774,0.9835202302112201
2024-02-18,americano,29,29.252722137815713,34.914111791858,0.8378480974170872
2024-02-18,cappuccino,50,43.87908320672358,52.37116768778701,0.8378480974170872
2024-02-18,cold_coffee,49,55.377510843047894,66.09492939563309,0.8378480974170872
2024-02-18,croissant,32,29.077458005904344,34.704928131416835,0.8378480974170872
2024-02-18,espresso,25,39.003629517087624,46.55214905581067,0.8378480974170872
2024-02-18,hot_chocolate,9,18.71840989209625,22.341054362719504,0.8378480974170872
2024-02-18,iced_latte,45,41.53313313228592,49.57119704672481,0.8378480974170872
2024-02-18,latte,42,48.75453689635953,58.19018631976334,0.8378480974170872
2024-02-18,masala_chai,34,38.212195031960945,45.60754526955573,0.8378480974170872
2024-02-18,sandwich,29,30.86684003703691,36.84061601642709,0.8378480974170872
2024-02-19,americano,27,29.054484849480133,28.761292566918844,1.0101939883918332
2024-02-19,cappuccino,28,43.58172727422019,43.14193885037826,1.0101939883918332
2024-02-19,cold_coffee,36,44.55709805591283,44.107467048823956,1.0101939883918332
2024-02-19,croissant,20,24.855054548708157,24.60423921971252,1.0101939883918332
2024-02-19,espresso,47,38.73931313264017,38.34839008922512,1.0101939883918332
2024-02-19,hot_chocolate,23,18.797196701153858,18.607511940432197,1.0101939883918332
2024-02-19,iced_latte,33,33.417823541934624,33.080600286617965,1.0101939883918332
2024-02-19,latte,44,62.402244092526054,61.772535581870365,1.0101939883918332
2024-02-19,masala_chai,41,38.16255989898555,37.77745694145142,1.0101939883918332
2024-02-19,sandwich,32,29.826065458449794,29.52508706365503,1.0101939883918332
2024-02-20,americano,29,29.91193621711865,29.828895408159397,1.0027839049291962
2024-02-20,cappuccino,31,44.86790432567798,44.7433431122391,1.0027839049291962
2024-02-20,cold_coffee,58,48.12761935181215,47.99400859471344,1.0027839049291962
2024-02-20,croissant,30,25.97529474968392,25.903182751540037,1.0027839049291962
2024-02-20,espresso,38,39.88258162282487,39.77186054421254,1.0027839049291962
2024-02-20,hot_chocolate,24,19.236172620753194,19.182769613869507,1.0027839049291962
2024-02-20,iced_latte,41,36.095714513859114,35.99550644603508,1.0027839049291962
2024-02-20,latte,50,49.85322702853109,49.71482568026566,1.0027839049291962
2024-02-20,masala_chai,42,39.171117539787865,39.06237161091415,1.0027839049291962
2024-02-20,sandwich,33,31.170353699620705,31.083819301848045,1.0027839049291962
2024-02-21,americano,35,29.261301487708295,30.374108485079546,0.9633633033898629
2024-02-21,cappuccino,50,43.89195223156245,45.561162727619326,0.9633633033898629
2024-02-21,cold_coffee,37,49.002165381674686,50.86571723175139,0.9633633033898629
2024-02-21,croissant,30,25.729910651318164,26.70841889117043,0.9633633033898629
2024-02-21,espresso,35,39.01506865027773,40.498811313439404,0.9633633033898629
2024-02-21,hot_chocolate,28,18.723899698724864,19.43596941344931,0.9633633033898629
2024-02-21,iced_latte,22,36.75162403625601,38.14928792381354,0.9633633033898629
2024-02-21,latte,38,48.768835812847165,50.62351414179925,0.9633633033898629
2024-02-21,masala_chai,45,38.22340205022743,39.677037640657176,0.9633633033898629
2024-02-21,sandwich,41,30.875892781581797,32.05010266940452,0.9633633033898629
2024-02-22,americano,27,26.41698308082237,30.15179033932525,0.8761331510841734
2024-02-22,cappuccino,39,39.62547462123355,45.22768550898787,0.8761331510841734
2024-02-22,cold_coffee,39,45.31353237190251,51.719915307198626,0.8761331510841734
2024-02-22,croissant,29,23.403729286353204,26.712525667351127,0.8761331510841734
2024-02-22,espresso,39,35.222644107763166,40.20238711910034,0.8761331510841734
2024-02-22,hot_chocolate,20,16.853224335794323,19.235916726743252,0.8761331510841734
2024-02-22,iced_latte,20,33.98514927892688,38.78993648039897,0.8761331510841734
2024-02-22,latte,58,44.02830513470394,50.25298389887541,0.8761331510841734
2024-02-22,masala_chai,35,34.456207651103355,39.32759262500845,0.8761331510841734
2024-02-22,sandwich,36,28.084475143623852,32.055030800821356,0.8761331510841734
2024-02-23,americano,32,34.02220910936101,32.32558660265215,1.0524854359973055
2024-02-23,cappuccino,58,51.0333136640415,48.48837990397822,1.0524854359973055
2024-02-23,cold_coffee,66,59.7764717394221,56.79553340591322,1.0524854359973055
2024-02-23,croissant,21,30.368375869367185,28.853963039014378,1.0524854359973055
2024-02-23,espresso,42,45.362945479147996,43.100782136869526,1.0524854359973055
2024-02-23,hot_chocolate,22,21.6401072996171,20.5609565315377,1.0524854359973055
2024-02-23,iced_latte,43,44.83235380456659,42.596650054434924,1.0524854359973055
2024-02-23,latte,72,56.703681848935005,53.875977671086915,1.0524854359973055
2024-02-23,masala_chai,42,44.30934455835345,42.09972227916595,1.0524854359973055
2024-02-23,sandwich,22,36.442051043240625,34.624755646817256,1.0524854359973055
2024-02-24,americano,30,32.52218042119417,35.20942058428059,0.9236783758865332
2024-02-24,cappuccino,56,48.78327063179126,52.8141308764209,0.9236783758865332
2024-02-24,cold_coffee,77,60.10681725917588,65.07331862293108,0.9236783758865332
2024-02-24,croissant,33,32.08577970643715,34.73696098562628,0.9236783758865332
2024-02-24,espresso,43,43.362907228258905,46.945894112374134,0.9236783758865332
2024-02-24,hot_chocolate,20,20.87301597165469,22.597709891845277,0.9236783758865332
2024-02-24,iced_latte,32,45.0801129443819,48.804988967198305,0.9236783758865332
2024-02-24,latte,43,54.203634035323624,58.68236764046766,0.9236783758865332
2024-02-24,masala_chai,35,42.54678965921703,46.062342445097556,0.9236783758865332
2024-02-24,sandwich,30,34.060289226833284,36.87462012320328,0.9236783758865332
2024-02-25,americano,58,44.58399758968328,43.68963589060763,1.0204707977268337
2024-02-25,cappuccino,47,51.895773194391346,50.854736176667295,1.0204707977268337
2024-02-25,cold_coffee,81,65.49495870826217,64.18111998320435,1.0204707977268337
2024-02-25,croissant,27,34.38989731473304,33.70003080082136,1.0204707977268337
2024-02-25,espresso,42,46.129576172792305,45.204209934815374,1.0204707977268337
2024-02-25,hot_chocolate,23,22.138255481395976,21.694158745855745,1.0204707977268337
2024-02-25,iced_latte,40,49.12121903119664,48.13583998740327,1.0204707977268337
2024-02-25,latte,50,57.66197021599037,56.50526241851921,1.0204707977268337
2024-02-25,masala_chai,32,45.19354694116832,44.286957590398416,1.0204707977268337
2024-02-25,sandwich,21,36.506198687947375,35.77387885010267,1.0204707977268337
2024-02-26,americano,31,26.43142788411086,29.534698071160292,0.8949279867506187
2024-02-26,cappuccino,47,39.64714182616628,44.30204710674043,0.8949279867506187
2024-02-26,cold_coffee,32,41.188223008266235,46.024064078961224,0.8949279867506187
2024-02-26,croissant,19,22.724463497651257,25.392505133470223,0.8949279867506187
2024-02-26,espresso,60,35.24190384548114,39.379597428213714,0.8949279867506187
2024-02-26,hot_chocolate,8,17.06600791967534,19.069699654427016,0.8949279867506187
2024-02-26,iced_latte,41,30.891167256199683,34.518048059220924,0.8949279867506187
2024-02-26,latte,42,44.052379806851434,49.22449678526715,0.8949279867506187
2024-02-26,masala_chai,19,34.68252038509941,38.75453768188397,0.8949279867506187
2024-02-26,sandwich,21,27.269356197181512,30.471006160164272,0.8949279867506187
2024-02-27,americano,35,32.125257385694695,32.65554064310436,0.9837613082813362
2024-02-27,cappuccino,51,48.187886078542036,48.98331096465654,0.9837613082813362
2024-02-27,cold_coffee,50,49.66205542048051,50.4818140360102,0.9837613082813362
2024-02-27,croissant,27,27.550779638206198,28.005553182751544,0.9837613082813362
2024-02-27,espresso,36,42.833676514259594,43.540720857472486,0.9837613082813362
2024-02-27,hot_chocolate,30,20.76310154280747,21.105832652720707,0.9837613082813362
2024-02-27,iced_latte,34,37.246541565360396,37.861360527007655,0.9837613082813362
2024-02-27,latte,58,53.542095642824485,54.4259010718406,0.9837613082813362
2024-02-27,masala_chai,34,42.174873441833576,42.87104309429945,0.9837613082813362
2024-02-27,sandwich,41,33.06093556584744,33.60666381930185,0.9837613082813362
2024-02-28,americano,32,28.16446748807285,31.458466413685603,0.8952905433374928
2024-02-28,cappuccino,40,42.246701232109274,47.1876996205284,0.8952905433374928
2024-02-28,cold_coffee,84,49.09021752441482,54.831605102646044,0.8952905433374928
2024-02-28,croissant,34,25.07695869700586,28.00985544147844,0.8952905433374928
2024-02-28,espresso,38,37.55262331743047,41.94462188491414,0.8952905433374928
2024-02-28,hot_chocolate,32,23.10846073356159,25.811130147110823,0.8952905433374928
2024-02-28,iced_latte,51,36.81766314331112,41.12370382698454,0.8952905433374928
2024-02-28,latte,55,46.94077914678809,52.43077735614268,0.8952905433374928
2024-02-28,masala_chai,32,36.69876993539438,40.99090536418215,0.8952905433374928
2024-02-28,sandwich,33,30.092350436407035,33.61182652977413,0.8952905433374928
2024-02-29,americano,29,32.135696266451255,32.76238121436918,0.9808718131988811
2024-02-29,cappuccino,39,48.20354439967687,49.143571821553756,0.9808718131988811
2024-02-29,cold_coffee,47,54.247996420775046,55.30589796831663,0.9808718131988811
2024-02-29,croissant,26,28.32814191612351,28.880574948665295,0.9808718131988811
2024-02-29,espresso,30,42.847595021935,43.68317495249223,0.9808718131988811
2024-02-29,hot_chocolate,27,20.542632018370746,20.94323819070284,0.9808718131988811
2024-02-29,iced_latte,38,40.68599731558128,41.47942347623747,0.9808718131988811
2024-02-29,latte,60,53.55949377741875,54.60396869061529,0.9808718131988811
2024-02-29,masala_chai,43,41.957177631670724,42.775393346086,0.9808718131988811
2024-02-29,sandwich,27,33.99377029934821,34.65668993839836,0.9808718131988811
2024-03-01,americano,23,33.64669588643546,33.53552694138866,1.0033149604370641
2024-03-01,cappuccino,60,50.4700438296532,50.303290412082994,1.0033149604370641
2024-03-01,cold_coffee,49,67.61743346192365,67.39402493556773,1.0033149604370641
2024-03-01,croissant,25,31.299223967855518,31.19581108829569,1.0033149604370641
2024-03-01,espresso,41,44.86226118191395,44.71403592185155,1.0033149604370641
2024-03-01,hot_chocolate,15,21.465559189611,21.394636815003906,1.0033149604370641
2024-03-01,iced_latte,56,50.71307509644274,50.5455187016758,1.0033149604370641
2024-03-01,latte,53,56.077826477392435,55.892544902314434,1.0033149604370641
2024-03-01,masala_chai,62,43.886068923524284,43.74106901028031,1.0033149604370641
2024-03-01,sandwich,24,37.55906876142662,37.43497330595483,1.0033149604370641
2024-03-02,americano,33,31.790877444178832,34.55667104736707,0.9199635404869542
2024-03-02,cappuccino,38,47.68631616626825,51.835006571050606,0.9199635404869542
2024-03-02,cold_coffee,101,93.81600188700851,101.97795647135094,0.9199635404869542
2024-03-02,croissant,43,33.51389540717628,36.42959088295688,0.9199635404869542
2024-03-02,espresso,27,42.38783659223844,46.07556139648943,0.9199635404869542
2024-03-02,hot_chocolate,31,20.261332521266436,22.024060334545137,0.9199635404869542
2024-03-02,iced_latte,53,54.60091309823895,59.35117066632624,0.9199635404869542
2024-03-02,latte,57,52.98479574029805,57.59445174561178,0.9199635404869542
2024-03-02,masala_chai,23,41.44475967001011,45.05043715979506,0.9199635404869542
2024-03-02,sandwich,40,35.57628897069481,38.6714118603696,0.9199635404869542
2024-03-03,americano,35,37.15363642569302,34.38959786277271,1.0803742624135895
2024-03-03,cappuccino,68,55.73045463853954,51.584396794159076,1.0803742624135895
2024-03-03,cold_coffee,96,86.45421383621203,80.02246706902352,1.0803742624135895
2024-03-03,croissant,43,39.36363484468179,36.435183819301855,1.0803742624135895
2024-03-03,espresso,64,49.53818190092402,45.852797150363614,1.0803742624135895
2024-03-03,hot_chocolate,24,23.631877525605514,21.873787952714803,1.0803742624135895
2024-03-03,iced_latte,70,64.84066037715903,60.01685030176764,1.0803742624135895
2024-03-03,latte,51,61.92272737615504,57.315996437954524,1.0803742624135895
2024-03-03,masala_chai,30,48.38760683323375,44.78781892224491,1.0803742624135895
2024-03-03,sandwich,48,53.847954089671745,49.841944558521554,1.0803742624135895
2024-03-04,americano,25,30.06996749084639,25.213797007313918,1.1925997295101494
2024-03-04,cappuccino,46,45.10495123626959,37.82069551097088,1.1925997295101494
2024-03-04,cold_coffee,104,91.38493640083908,76.62666202211425,1.1925997295101494
2024-03-04,croissant,21,29.40619478406547,24.65722073921971,1.1925997295101494
2024-03-04,espresso,27,40.09328998779518,33.61839600975188,1.1925997295101494
2024-03-04,hot_chocolate,16,18.80385322809361,15.7671117666756,1.1925997295101494
2024-03-04,iced_latte,62,53.18603298528834,44.59671729687049,1.1925997295101494
2024-03-04,latte,43,50.11661248474398,42.02299501218986,1.1925997295101494
2024-03-04,masala_chai,42,38.83061525038963,32.55963781438973,1.1925997295101494
2024-03-04,sandwich,43,35.28743374087857,29.588664887063654,1.1925997295101494
2024-03-05,americano,20,24.558295098716933,25.813017017973728,0.9513918919906524
2024-03-05,cappuccino,35,36.8374426480754,38.719525526960595,0.9513918919906524
2024-03-05,cold_coffee,52,57.45492134018806,60.390383630421525,0.9513918919906524
2024-03-05,croissant,33,30.87142148989925,32.4486909650924,0.9513918919906524
2024-03-05,espresso,26,32.74439346495591,34.41735602396497,0.9513918919906524
2024-03-05,hot_chocolate,11,15.372567271914727,16.15797591016864,0.9513918919906524
2024-03-05,iced_latte,48,43.09119100514105,45.29278772281615,0.9513918919906524
2024-03-05,latte,25,40.9304918311949,43.02169502995622,0.9513918919906524
2024-03-05,masala_chai,13,31.729021142105218,33.3501067322707,0.9513918919906524
2024-03-05,sandwich,19,28.747467691394185,30.216221026694047,0.9513918919906524
2024-03-06,americano,35,26.560463643628907,27.301748836356627,0.9728484355646632
2024-03-06,cappuccino,33,39.84069546544336,40.95262325453494,0.9728484355646632
2024-03-06,cold_coffee,72,63.141280388866946,64.9035122847459,0.9728484355646632
2024-03-06,croissant,19,26.03917732563734,26.765913757700204,0.9728484355646632
2024-03-06,espresso,29,35.413951524838545,36.40233178180884,0.9728484355646632
2024-03-06,hot_chocolate,12,16.59263086177539,17.05572035190112,0.9728484355646632
2024-03-06,iced_latte,48,47.355960291650206,48.67763421355942,0.9728484355646632
2024-03-06,latte,39,44.267439406048176,45.50291472726104,0.9728484355646632
2024-03-06,masala_chai,47,34.281500113281325,35.238274390998605,0.9728484355646632
2024-03-06,sandwich,25,31.247012790764806,32.119096509240244,0.9728484355646632
2024-03-07,americano,28,29.610511237823008,27.305937827355685,1.0843982515831612
2024-03-07,cappuccino,35,44.41576685673451,40.95890674103352,1.0843982515831612
2024-03-07,cold_coffee,61,70.3920540548829,64.91347062955369,1.0843982515831612
2024-03-07,croissant,27,29.02936346178577,26.7700205338809,1.0843982515831612
2024-03-07,espresso,33,39.480681650430675,36.40791710314091,1.0843982515831612
2024-03-07,hot_chocolate,27,18.498031103289936,17.058337263347518,1.0843982515831612
2024-03-07,iced_latte,53,52.794040541162175,48.68510297216526,1.0843982515831612
2024-03-07,latte,50,49.35085206303834,45.509896378926136,1.0843982515831612
2024-03-07,masala_chai,38,38.21818617225979,35.243681107437574,1.0843982515831612
2024-03-07,sandwich,42,34.835236154142926,32.12402464065708,1.0843982515831612
2024-03-08,americano,50,29.685020902711234,30.577862462440944,0.9708010472992873
2024-03-08,cappuccino,37,44.52753135406684,45.86679369366141,0.9708010472992873
2024-03-08,cold_coffee,50,65.6668053796937,67.64187735723502,0.9708010472992873
2024-03-08,croissant,31,28.45491813576487,29.31076167967146,0.9708010472992873
2024-03-08,espresso,53,51.005190554486646,52.53928258151364,0.9708010472992873
2024-03-08,hot_chocolate,14,18.71223267549195,19.275043766741195,0.9708010472992873
2024-03-08,iced_latte,58,49.25010403477028,50.73140801792627,0.9708010472992873
2024-03-08,latte,82,49.47503483785205,50.963104104068236,0.9708010472992873
2024-03-08,masala_chai,47,38.487158658731,39.644743653501465,0.9708010472992873
2024-03-08,sandwich,25,34.145901762917845,35.172914015605755,0.9708010472992873
2024-03-09,americano,44,43.93209307608085,44.394990072287754,0.9895732154584744
2024-03-09,cappuccino,41,51.1369563405581,51.675768444142946,0.9895732154584744
2024-03-09,cold_coffee,82,83.89748580298217,84.78148407049602,0.9895732154584744
2024-03-09,croissant,40,47.36700398612774,47.866093429158106,0.9895732154584744
2024-03-09,espresso,55,45.455072302718314,45.93401639479373,0.9895732154584744
2024-03-09,hot_chocolate,27,21.532797451477975,21.75968095650378,0.9895732154584744
2024-03-09,iced_latte,114,62.92311435223664,63.58611305287202,0.9895732154584744
2024-03-09,latte,55,56.81884037839789,57.417520493492155,0.9895732154584744
2024-03-09,masala_chai,42,44.2442056101524,44.71039122623567,0.9895732154584744
2024-03-09,sandwich,28,39.01875171435729,39.42987856262834,0.9895732154584744
2024-03-10,americano,49,39.77026658874521,35.610353572428465,1.1168175151043034
2024-03-10,cappuccino,43,59.65539988311782,53.415530358642705,1.1168175151043034
2024-03-10,cold_coffee,83,97.09334789039634,86.93752253816369,1.1168175151043034
2024-03-10,croissant,49,42.77271194002621,38.29874743326489,1.1168175151043034
2024-03-10,espresso,57,53.02702211832695,47.48047142990462,1.1168175151043034
2024-03-10,hot_chocolate,25,25.144883949239006,22.514765043679173,1.1168175151043034
2024-03-10,iced_latte,60,72.82001091779725,65.20314190362276,1.1168175151043034
2024-03-10,latte,68,66.28377764790869,59.35058928738078,1.1168175151043034
2024-03-10,masala_chai,62,51.64026176035635,46.23876422240163,1.1168175151043034
2024-03-10,sandwich,53,45.4048788286432,40.6555934291581,1.1168175151043034
2024-03-11,americano,24,28.39014109040411,26.348842256691313,1.077472050340064
2024-03-11,cappuccino,34,42.585211635606164,39.52326338503697,1.077472050340064
2024-03-11,cold_coffee,43,64.32786655326669,59.70258489114774,1.077472050340064
2024-03-11,croissant,13,27.418566225568437,25.44712525667351,1.077472050340064
2024-03-11,espresso,34,37.85352145387215,35.131789675588415,1.077472050340064
2024-03-11,hot_chocolate,21,17.842385455499382,16.559487969890352,1.077472050340064
2024-03-11,iced_latte,51,48.245899914950016,44.776938668360806,1.077472050340064
2024-03-11,latte,72,47.31690181734019,43.914737094485524,1.077472050340064
2024-03-11,masala_chai,32,36.75315280701786,34.11053938282491,1.077472050340064
2024-03-11,sandwich,22,32.902279470682124,30.536550308008213,1.077472050340064
2024-03-12,americano,19,27.023244730007434,25.90542794742394,1.0431499060680312
2024-03-12,cappuccino,47,52.235653472952514,50.07492515610298,1.0431499060680312
2024-03-12,cold_coffee,79,62.717994001155645,60.123663565824415,1.0431499060680312
2024-03-12,croissant,22,26.294922369904413,25.207232648870637,1.0431499060680312
2024-03-12,espresso,40,36.03099297334325,34.54057059656526,1.0431499060680312
2024-03-12,hot_chocolate,14,16.93245684486764,16.232045601855575,1.0431499060680312
2024-03-12,iced_latte,39,47.03849550086674,45.09274767436831,1.0431499060680312
2024-03-12,latte,57,45.03874121667906,43.17571324570657,1.0431499060680312
2024-03-12,masala_chai,50,34.931167561330206,33.48623947347803,1.0431499060680312
2024-03-12,sandwich,28,31.553906843885294,30.248679178644764,1.0431499060680312
2024-03-13,americano,26,27.523841387618944,27.262829432385736,1.0095739129308108
2024-03-13,cappuccino,58,41.285762081428416,40.89424414857861,1.0095739129308108
2024-03-13,cold_coffee,72,65.95703658365467,65.33155793633794,1.0095739129308108
2024-03-13,croissant,27,27.051190944217964,26.79466119096509,1.0095739129308108
2024-03-13,espresso,55,36.69845518349193,36.350439243180986,1.0095739129308108
2024-03-13,hot_chocolate,7,17.17727828454477,17.014384053049497,1.0095739129308108
2024-03-13,iced_latte,42,49.467777437740985,48.99866845225345,1.0095739129308108
2024-03-13,latte,57,45.87306897936491,45.43804905397623,1.0095739129308108
2024-03-13,masala_chai,42,35.50717046737842,35.170451625775954,1.0095739129308108
2024-03-13,sandwich,23,32.46142913306156,32.15359342915811,1.0095739129308108
2024-03-14,americano,20,27.65394349124622,27.6099847023201,1.0015921337661018
2024-03-14,cappuccino,19,41.48091523686932,41.41497705348014,1.0015921337661018
2024-03-14,cold_coffee,45,63.670370948265465,63.56916034160286,1.0015921337661018
2024-03-14,croissant,24,26.84143519051621,26.798767967145793,1.0015921337661018
2024-03-14,espresso,52,36.871924654994956,36.8133129364268,1.0015921337661018
2024-03-14,hot_chocolate,14,17.344981805344645,17.317410171868577,1.0015921337661018
2024-03-14,iced_latte,39,47.7527782111991,47.67687025620214,1.0015921337661018
2024-03-14,latte,37,46.089905818743695,46.0166411705335,1.0015921337661018
2024-03-14,masala_chai,34,35.76430796950854,35.70745692164197,1.0015921337661018
2024-03-14,sandwich,33,32.209722228619455,32.158521560574954,1.0015921337661018
2024-03-15,americano,32,31.99144862306863,29.305984556341368,1.0916353470931646
2024-03-15,cappuccino,53,47.987172934602945,43.95897683451205,1.0916353470931646
2024-03-15,cold_coffee,63,77.8995064472021,71.36037382321392,1.0916353470931646
2024-03-15,croissant,31,31.599682711407894,28.94710472279261,1.0916353470931646
2024-03-15,espresso,45,42.65526483075817,39.07464607512182,1.0916353470931646
2024-03-15,hot_chocolate,13,19.925563960672793,18.252948673502658,1.0916353470931646
2024-03-15,iced_latte,53,58.42462983540158,53.52028036741044,1.0916353470931646
2024-03-15,latte,35,53.31908103844772,48.84330759390228,1.0916353470931646
2024-03-15,masala_chai,26,41.22936350817724,37.768439450008536,1.0916353470931646
2024-03-15,sandwich,40,37.91961925368947,34.73652566735113,1.0916353470931646
2024-03-16,americano,24,31.498390846081467,29.748736179711468,1.0588144200748688
2024-03-16,cappuccino,68,60.88606477979666,57.504000347380426,1.0588144200748688
2024-03-16,cold_coffee,87,91.69700913232633,86.60347591964457,1.0588144200748688
2024-03-16,croissant,43,35.7917430439253,33.80360369609857,1.0588144200748688
2024-03-16,espresso,47,41.99785446144197,39.66498157294863,1.0588144200748688
2024-03-16,hot_chocolate,25,19.481617958188668,18.399464144822584,1.0588144200748688
2024-03-16,iced_latte,61,68.77275684924474,64.95260693973343,1.0588144200748688
2024-03-16,latte,44,52.49731807680245,49.58122696618579,1.0588144200748688
2024-03-16,masala_chai,32,40.452098973512406,38.20508883006338,1.0588144200748688
2024-03-16,sandwich,43,37.994311846628385,35.88382546201232,1.0588144200748688
2024-03-17,americano,25,29.59963098770609,31.37147509260937,0.9435205357837733
2024-03-17,cappuccino,38,44.39944648155913,47.05721263891405,0.9435205357837733
2024-03-17,cold_coffee,100,80.1832946698607,84.983094303563,0.9435205357837733
2024-03-17,croissant,25,32.88585611180153,34.85441478439425,0.9435205357837733
2024-03-17,espresso,31,39.46617465027479,41.82863345681249,0.9435205357837733
2024-03-17,hot_chocolate,15,18.472752092822855,19.5785373950316,0.9435205357837733
2024-03-17,iced_latte,41,60.13747100239552,63.737320727672255,0.9435205357837733
2024-03-17,latte,53,49.33271831284348,52.285791821015614,0.9435205357837733
2024-03-17,masala_chai,27,38.18504577361603,40.470815764381946,0.9435205357837733
2024-03-17,sandwich,27,34.90960110329701,36.99930184804928,0.9435205357837733
2024-03-18,americano,29,25.301623126249687,25.790261760826855,0.9810533666114484
2024-03-18,cappuccino,24,37.952434689374535,38.685392641240284,0.9810533666114484
2024-03-18,cold_coffee,55,61.60971255383271,62.79955265495111,0.9810533666114484
2024-03-18,croissant,24,24.991780531519417,25.474435318275148,0.9810533666114484
2024-03-18,espresso,25,33.735497501666245,34.38701568110247,0.9810533666114484
2024-03-18,hot_chocolate,19,15.758870936134805,16.06321477756693,0.9810533666114484
2024-03-18,iced_latte,53,46.20728441537453,47.09966449121333,0.9810533666114484
2024-03-18,latte,35,42.1693718770828,42.983769601378086,0.9810533666114484
2024-03-18,masala_chai,27,32.60777057988039,33.237509486876746,0.9810533666114484
2024-03-18,sandwich,46,29.990136637823305,30.56932238193018,0.9810533666114484
2024-03-19,americano,33,24.16721188817046,26.601941339278167,0.9084754973309864
2024-03-19,cappuccino,39,36.250817832255684,39.90291200891724,0.9084754973309864
2024-03-19,cold_coffee,78,56.99410345944949,62.735983113350535,0.9084754973309864
2024-03-19,croissant,19,23.63373822694212,26.014722792607802,0.9084754973309864
2024-03-19,espresso,17,32.22294918422728,35.469255119037555,0.9084754973309864
2024-03-19,hot_chocolate,17,15.112643717214915,16.635169315644074,0.9084754973309864
2024-03-19,iced_latte,34,42.745577594587125,47.05198733501291,0.9084754973309864
2024-03-19,latte,46,40.278686480284094,44.33656889879694,0.9084754973309864
2024-03-19,masala_chai,23,31.20813837892763,34.35220704423414,0.9084754973309864
2024-03-19,sandwich,23,28.360485872330546,31.217667351129364,0.9084754973309864
2024-03-20,americano,23,25.445561016106137,26.88575303079781,0.9464328928022985
2024-03-20,cappuccino,32,38.1683415241592,40.328629546196716,0.9464328928022985
2024-03-20,cold_coffee,68,63.97499401924418,67.59591145423978,0.9464328928022985
2024-03-20,croissant,23,25.3865562190481,26.823408624229977,0.9464328928022985
2024-03-20,espresso,45,33.92741468814152,35.847670707730416,0.9464328928022985
2024-03-20,hot_chocolate,14,15.785253791157293,16.678682568204753,0.9464328928022985
2024-03-20,iced_latte,55,47.98124551443314,50.69693359067984,0.9464328928022985
2024-03-20,latte,42,42.40926836017689,44.809588384663016,0.9464328928022985
2024-03-20,masala_chai,40,32.72775126189246,34.580107592191425,0.9464328928022985
2024-03-20,sandwich,32,30.463867462857717,32.18809034907597,0.9464328928022985
2024-03-21,americano,27,31.22127825856874,27.765393418615993,1.1244673463778714
2024-03-21,cappuccino,61,46.8319173878531,41.648090127923986,1.1244673463778714
2024-03-21,cold_coffee,58,82.8186764713122,73.65147306241245,1.1244673463778714
2024-03-21,croissant,34,37.7083313152641,33.53439425051335,1.1244673463778714
2024-03-21,espresso,41,41.628371011424996,37.02052455815466,1.1244673463778714
2024-03-21,hot_chocolate,15,19.858552082108453,17.660407966560097,1.1244673463778714
2024-03-21,iced_latte,38,48.20046970630369,42.86515732232404,1.1244673463778714
2024-03-21,latte,62,52.035463764281225,46.27565569769332,1.1244673463778714
2024-03-21,masala_chai,41,40.66150941181886,36.16068491699427,1.1244673463778714
2024-03-21,sandwich,26,35.11399812077393,31.227227926078033,1.1244673463778714
2024-03-22,americano,19,31.634000520572084,28.95967990209371,1.0923463459375125
2024-03-22,cappuccino,72,61.14819688254913,55.97876269734609,1.0923463459375125
2024-03-22,cold_coffee,79,72.83404438719637,66.6766952240648,1.0923463459375125
2024-03-22,croissant,31,30.704553043527866,28.108807392197125,1.0923463459375125
2024-03-22,espresso,43,54.353952784488115,49.758900175418745,1.0923463459375125
2024-03-22,hot_chocolate,17,19.841335237893734,18.163959912242664,1.0923463459375125
2024-03-22,iced_latte,53,54.62553329039728,50.0075214180486,1.0923463459375125
2024-03-22,latte,44,52.723334200953474,48.26613317015619,1.0923463459375125
2024-03-22,masala_chai,50,40.91163841726462,37.45299150715058,1.0923463459375125
2024-03-22,sandwich,39,36.84546365223345,33.73056887063655,1.0923463459375125
2024-03-23,americano,41,43.076995033695916,41.44840518806859,1.0392919785028576
2024-03-23,cappuccino,77,64.61549255054389,62.1726077821029,1.0392919785028576
2024-03-23,cold_coffee,83,116.69251510985302,112.28078107362413,1.0392919785028576
2024-03-23,croissant,50,47.85951084982423,46.05011088295688,1.0392919785028576
2024-03-23,espresso,76,57.43599337826123,55.26454025075813,1.0392919785028576
2024-03-23,hot_chocolate,20,26.883803061319693,25.867420914810587,1.0392919785028576
2024-03-23,iced_latte,106,87.51938633238976,84.21058580521809,1.0392919785028576
2024-03-23,latte,85,71.79499172282654,69.08067531344767,1.0392919785028576
2024-03-23,masala_chai,66,55.57153830176806,53.47057367056861,1.0392919785028576
2024-03-23,sandwich,53,50.804711517505716,48.883963860369605,1.0392919785028576
2024-03-24,americano,42,43.684495697141266,41.042266562572486,1.0643782460342552
2024-03-24,cappuccino,81,65.5267435457119,61.56339984385873,1.0643782460342552
2024-03-24,cold_coffee,114,122.18625395022109,114.79589554321718,1.0643782460342552
2024-03-24,croissant,48,49.02223716738398,46.05715811088296,1.0643782460342552
2024-03-24,espresso,71,58.24599426285502,54.72302208342998,1.0643782460342552
2024-03-24,hot_chocolate,23,27.154102542481667,25.51170379858342,1.0643782460342552
2024-03-24,iced_latte,97,91.6396904626658,86.09692165741288,1.0643782460342552
2024-03-24,latte,64,72.80749282856877,68.40377760428747,1.0643782460342552
2024-03-24,masala_chai,64,56.24264753551994,52.840846517742406,1.0643782460342552
2024-03-24,sandwich,27,52.03899022383837,48.89144476386036,1.0643782460342552
2024-03-25,americano,26,19.445692548274735,23.009346333386997,0.845121467881887
2024-03-25,cappuccino,28,29.168538822412092,34.51401950008049,0.845121467881887
2024-03-25,cold_coffee,47,50.07773826340601,59.255077721448686,0.845121467881887
2024-03-25,croissant,23,25.188984721508948,29.805164912731012,0.845121467881887
2024-03-25,espresso,18,25.927590064366306,30.67912844451599,0.845121467881887
2024-03-25,hot_chocolate,17,12.027076399206372,14.231180790318367,0.845121467881887
2024-03-25,iced_latte,54,37.558303697554514,44.44130829108652,0.845121467881887
2024-03-25,latte,23,32.409487580457885,38.34891055564499,0.845121467881887
2024-03-25,masala_chai,25,24.973310014951462,29.54996525829787,0.845121467881887
2024-03-25,sandwich,29,23.455982572669136,27.75456956673512,0.845121467881887
2024-03-26,americano,17,24.357708599506235,25.908096218322314,0.9401581804486414
2024-03-26,cappuccino,44,36.53656289925935,38.86214432748347,0.9401581804486414
2024-03-26,cold_coffee,69,62.72746280001269,66.72011593844695,0.9401581804486414
2024-03-26,croissant,29,24.484170766088308,26.04260780287474,0.9401581804486414
2024-03-26,espresso,41,32.476944799341645,34.54412829109642,0.9401581804486414
2024-03-26,hot_chocolate,9,15.065136996720593,16.024045006481295,0.9401581804486414
2024-03-26,iced_latte,48,47.045597100009516,50.040086953835214,0.9401581804486414
2024-03-26,latte,43,40.59618099917705,43.18016036387052,0.9401581804486414
2024-03-26,masala_chai,28,31.281611935353144,33.27271153501598,0.9401581804486414
2024-03-26,sandwich,30,29.381004919305973,31.251129363449692,0.9401581804486414
2024-03-27,americano,34,26.20617085785961,26.2379927969962,0.9987871808875475
2024-03-27,cappuccino,41,39.30925628678942,39.3569891954943,0.9987871808875475
2024-03-27,cold_coffee,69,64.84150402460115,64.92024053310472,0.9987871808875475
2024-03-27,croissant,20,26.01500157193525,26.046591375770024,0.9987871808875475
2024-03-27,espresso,38,34.94156114381281,34.98399039599493,0.9987871808875475
2024-03-27,hot_chocolate,16,16.289647834178442,16.30942822043736,0.9987871808875475
2024-03-27,iced_latte,50,48.63112801845086,48.690180399828535,0.9987871808875475
2024-03-27,latte,48,43.676951429766014,43.729987994993664,0.9987871808875475
2024-03-27,masala_chai,53,33.73976069296059,33.7807306086754,0.9987871808875475
2024-03-27,sandwich,29,40.22938387412667,40.2782340862423,0.9987871808875475
2024-03-28,americano,36,27.888886591067056,26.85147094358596,1.0386353376938147
2024-03-28,cappuccino,41,41.83332988660058,40.277206415378934,1.0386353376938147
2024-03-28,cold_coffee,70,70.68117418321823,68.05196358922149,1.0386353376938147
2024-03-28,croissant,32,27.893863617448464,26.856262833675565,1.0386353376938147
2024-03-28,espresso,40,37.185182121422734,35.80196125811461,1.0386353376938147
2024-03-28,hot_chocolate,21,17.283688082367423,16.64076645104731,1.0386353376938147
2024-03-28,iced_latte,39,53.01088063741368,51.038972691916115,1.0386353376938147
2024-03-28,latte,38,46.48147765177842,44.75245157264326,1.0386353376938147
2024-03-28,masala_chai,37,35.85239431537862,34.518750724373824,1.0386353376938147
2024-03-28,sandwich,45,33.47263634093816,32.22751540041068,1.0386353376938147
2024-03-29,americano,35,30.9837095953492,31.201097441500984,0.9930326858996109
2024-03-29,cappuccino,59,46.475564393023795,46.80164616225147,0.9930326858996109
2024-03-29,cold_coffee,98,83.04748478209082,83.63016239174063,0.9930326858996109
2024-03-29,croissant,26,31.53632363149436,31.75758872722793,0.9930326858996109
2024-03-29,espresso,55,41.31161279379892,41.601463255334636,0.9930326858996109
2024-03-29,hot_chocolate,23,19.067712532775534,19.201495382301196,0.9930326858996109
2024-03-29,iced_latte,64,80.26496596207234,80.82812086830604,0.9930326858996109
2024-03-29,latte,55,51.63951599224866,52.0018290691683,0.9930326858996109
2024-03-29,masala_chai,52,39.69176128663201,39.97024654900895,0.9930326858996109
2024-03-29,sandwich,45,37.84358835779324,38.109106472673524,0.9930326858996109
2024-03-30,americano,45,35.7964674204478,36.330570650862974,0.9852987932518893
2024-03-30,cappuccino,34,53.69470113067168,54.49585597629445,0.9852987932518893
2024-03-30,cold_coffee,93,105.89017962741167,107.47012008198116,0.9852987932518893
2024-03-30,croissant,30,40.87955165246322,41.48949733059549,0.9852987932518893
2024-03-30,espresso,48,47.72862322726372,48.44076086781729,0.9852987932518893
2024-03-30,hot_chocolate,13,22.095723986365392,22.425404494245303,0.9852987932518893
2024-03-30,iced_latte,64,79.41763472055874,80.60259006148586,0.9852987932518893
2024-03-30,latte,71,59.66077903407965,60.55095108477162,0.9852987932518893
2024-03-30,masala_chai,36,45.92599449285443,46.61123590873368,0.9852987932518893
2024-03-30,sandwich,44,43.39521636953788,44.042697166324444,0.9852987932518893
2024-03-31,americano,34,39.52715163227694,36.518260092226086,1.0823941647945976
2024-03-31,cappuccino,76,59.29072744841541,54.77739013833913,1.0823941647945976
2024-03-31,cold_coffee,151,115.07005554382634,106.31067617189419,1.0823941647945976
2024-03-31,croissant,50,44.91485490144424,41.49583983572896,1.0823941647945976
2024-03-31,espresso,48,52.70286884303591,48.69101345630144,1.0823941647945976
2024-03-31,hot_chocolate,21,24.447371639977305,22.586385288409794,1.0823941647945976
2024-03-31,iced_latte,102,86.30254165786977,79.73300712892065,1.0823941647945976
2024-03-31,latte,74,65.8785860537949,60.86376682037681,1.0823941647945976
2024-03-31,masala_chai,33,50.76310906748483,46.89891235427898,1.0823941647945976
2024-03-31,sandwich,41,47.67884597230234,44.04942997946612,1.0823941647945976
2024-04-01,americano,19,24.71746531045686,25.399371428208,0.973152638061199
2024-04-01,cappuccino,40,37.07619796568528,38.09905714231199,0.973152638061199
2024-04-01,cold_coffee,45,77.07889516990043,79.2053498652214,0.973152638061199
2024-04-01,croissant,38,26.831161062092182,27.57137987679672,0.973152638061199
2024-04-01,espresso,45,32.95662041394247,33.86582857094399,0.973152638061199
2024-04-01,hot_chocolate,24,15.196193718536167,15.615426731834557,0.973152638061199
2024-04-01,iced_latte,55,57.809171377425336,59.40401239891606,0.973152638061199
2024-04-01,latte,35,41.19577551742809,42.332285713679994,0.973152638061199
2024-04-01,masala_chai,25,31.648544614832876,32.521665540449966,0.973152638061199
2024-04-01,sandwich,34,32.19739327451062,33.08565585215606,0.973152638061199
2024-04-02,americano,20,26.93955902361837,25.488091050147855,1.0569469078957208
2024-04-02,cappuccino,48,40.40933853542756,38.23213657522179,1.0569469078957208
2024-04-02,cold_coffee,81,88.84694947281247,84.05999280484028,1.0569469078957208
2024-04-02,croissant,28,29.759536907461133,28.15613223819302,1.0569469078957208
2024-04-02,espresso,41,35.919412031491156,33.98412140019714,1.0569469078957208
2024-04-02,hot_chocolate,14,16.446796126672357,15.560664404058233,1.0569469078957208
2024-04-02,iced_latte,81,66.63521210460934,63.0449946036302,1.0569469078957208
2024-04-02,latte,40,44.899265039363954,42.48015175024643,1.0569469078957208
2024-04-02,masala_chai,38,34.37322349364044,32.52123946516311,1.0569469078957208
2024-04-02,sandwich,39,35.71144428895335,33.78735868583162,1.0569469078957208
2024-04-03,americano,28,24.21188373558193,26.346180747402254,0.9189902691292071
2024-04-03,cappuccino,32,36.3178256033729,39.51927112110339,0.9189902691292071
2024-04-03,cold_coffee,105,79.2147876884206,86.1976348927839,0.9189902691292071
2024-04-03,croissant,30,26.679551832082318,29.03137577002054,0.9189902691292071
2024-04-03,espresso,34,32.28251164744258,35.12824099653635,0.9189902691292071
2024-04-03,hot_chocolate,22,14.796319508360536,16.10062696570318,0.9189902691292071
2024-04-03,iced_latte,61,59.411090766315446,64.64822616958791,0.9189902691292071
2024-04-03,latte,45,40.35313955930323,43.91030124567043,0.9189902691292071
2024-04-03,masala_chai,26,30.908327579082336,33.6329214980368,0.9189902691292071
2024-04-03,sandwich,19,32.01546219849878,34.83765092402464,0.9189902691292071
2024-04-04,americano,44,31.721791621758932,30.65079489209744,1.0349418908524823
2024-04-04,cappuccino,31,36.9241654477274,35.677525254401424,1.0349418908524823
2024-04-04,cold_coffee,93,79.25896562858753,76.58301043675203,1.0349418908524823
2024-04-04,croissant,31,26.989690660418077,26.078459958932235,1.0349418908524823
2024-04-04,espresso,35,32.82148039797992,31.713355781690158,1.0349418908524823
2024-04-04,hot_chocolate,17,15.073466468893093,14.564553432538196,1.0349418908524823
2024-04-04,iced_latte,75,59.444224221440656,57.437257827564025,1.0349418908524823
2024-04-04,latte,46,41.02685049747488,39.641694727112686,1.0349418908524823
2024-04-04,masala_chai,32,31.455793877706608,30.393777810845446,1.0349418908524823
2024-04-04,sandwich,28,32.3876287925017,31.29415195071869,1.0349418908524823
2024-04-05,americano,18,26.47823035866759,25.83238217732805,1.0250014952901392
2024-04-05,cappuccino,53,39.717345538001396,38.748573265992086,1.0250014952901392
2024-04-05,cold_coffee,91,92.35522820892517,90.10253022390265,1.0250014952901392
2024-04-05,croissant,27,29.7662959903292,29.04024640657084,1.0250014952901392
2024-04-05,espresso,47,35.304307144890124,34.4431762364374,1.0250014952901392
2024-04-05,hot_chocolate,17,16.05239069385824,15.660846123267767,1.0250014952901392
2024-04-05,iced_latte,52,69.26642115669387,67.57689766792697,1.0250014952901392
2024-04-05,latte,36,44.13038393111266,43.053970295546755,1.0250014952901392
2024-04-05,masala_chai,21,33.66655704005823,32.8453735870195,1.0250014952901392
2024-04-05,sandwich,21,35.71955518839504,34.848295687885006,1.0250014952901392
2024-04-06,americano,22,27.303907642679018,27.57976764865414,0.9899977400285102
2024-04-06,cappuccino,50,40.95586146401853,41.36965147298122,0.9899977400285102
2024-04-06,cold_coffee,95,106.79932109095297,107.8783483767118,0.9899977400285102
2024-04-06,croissant,35,34.61150004414665,34.961190965092406,0.9899977400285102
2024-04-06,espresso,50,36.4052101902387,36.77302353153886,0.9899977400285102
2024-04-06,hot_chocolate,21,16.5695176459631,16.73692471811696,0.9899977400285102
2024-04-06,iced_latte,79,80.09949081821472,80.90876128253383,0.9899977400285102
2024-04-06,latte,46,45.50651273779837,45.966279414423575,0.9899977400285102
2024-04-06,masala_chai,43,34.7337522491353,35.08467832273539,0.9899977400285102
2024-04-06,sandwich,37,36.74143850840182,37.11264887063655,0.9899977400285102
2024-04-07,americano,31,28.532855601047938,27.79163685173837,1.0266705683175046
2024-04-07,cappuccino,49,42.79928340157191,41.68745527760756,1.0266705683175046
2024-04-07,cold_coffee,113,108.95968942321785,106.1291642963718,1.0266705683175046
2024-04-07,croissant,45,35.89910699529423,34.96652977412731,1.0266705683175046
2024-04-07,espresso,29,38.043807468063925,37.055515802317835,1.0266705683175046
2024-04-07,hot_chocolate,19,17.367335004192057,16.9161711070119,1.0266705683175046
2024-04-07,iced_latte,52,81.71976706741337,79.59687322227883,1.0266705683175046
2024-04-07,latte,48,47.5547593350799,46.31939475289729,1.0266705683175046
2024-04-07,masala_chai,22,36.351603792208394,35.407271732529516,1.0266705683175046
2024-04-07,sandwich,30,38.10828281038925,37.1183162217659,1.0266705683175046
2024-04-08,americano,19,21.779951408504385,23.01929040713636,0.946160851324602
2024-04-08,cappuccino,40,32.669927112756575,34.52893561070454,0.946160851324602
2024-04-08,cold_coffee,66,72.98904088626631,77.14231759228194,0.946160851324602
2024-04-08,croissant,23,24.180432541156943,25.556365503080084,0.946160851324602
2024-04-08,espresso,36,29.039935211339174,30.692387209515143,0.946160851324602
2024-04-08,hot_chocolate,8,13.270251203949442,14.025364910597828,0.946160851324602
2024-04-08,iced_latte,52,54.74178066469973,57.85673819421146,0.946160851324602
2024-04-08,latte,40,36.29991901417397,38.36548401189393,0.946160851324602
2024-04-08,masala_chai,39,27.762104934636618,29.34184488374292,0.946160851324602
2024-04-08,sandwich,32,29.016519049388332,30.6676386036961,0.946160851324602
2024-04-09,americano,26,25.983255237290138,24.466854232786375,1.0619777675575366
2024-04-09,cappuccino,35,38.974882855935206,36.70028134917956,1.0619777675575366
2024-04-09,cold_coffee,77,76.61337882271367,72.14216828561136,1.0619777675575366
2024-04-09,croissant,32,27.71589701777661,26.098377823408622,1.0619777675575366
2024-04-09,espresso,38,34.64434031638685,32.62247231038183,1.0619777675575366
2024-04-09,hot_chocolate,14,16.086609101816485,15.147783308886392,1.0619777675575366
2024-04-09,iced_latte,66,57.46003411703525,54.10662621420852,1.0619777675575366
2024-04-09,latte,42,43.30542539548357,40.778090387977294,1.0619777675575366
2024-04-09,masala_chai,33,33.38592398781309,31.43749804160027,1.0619777675575366
2024-04-09,sandwich,48,33.259076421331926,31.318053388090345,1.0619777675575366
2024-04-10,americano,20,24.1372261620285,24.34854120445713,0.9913212442316689
2024-04-10,cappuccino,35,36.20583924304276,36.5228118066857,0.9913212442316689
2024-04-10,cold_coffee,72,72.31812008287274,72.95124613103944,0.9913212442316689
2024-04-10,croissant,25,33.34513579480498,33.6370636550308,0.9913212442316689
2024-04-10,espresso,25,32.182968216038,32.46472160594284,0.9913212442316689
2024-04-10,hot_chocolate,12,14.913848258904757,15.044415062913181,0.9913212442316689
2024-04-10,iced_latte,41,54.23859006215455,54.71343459827958,0.9913212442316689
2024-04-10,latte,24,40.22871027004751,40.580902007428556,0.9913212442316689
2024-04-10,masala_chai,27,30.98295997786995,31.2542076124713,0.9913212442316689
2024-04-10,sandwich,17,31.0509904521224,31.32283367556468,0.9913212442316689
2024-04-11,americano,20,22.854102439322887,23.79059782428986,0.9606359036505242
2024-04-11,cappuccino,30,34.28115365898432,35.685896736434785,0.9606359036505242
2024-04-11,cold_coffee,98,69.02370922938222,71.85210230752816,0.9606359036505242
2024-04-11,croissant,30,24.56160585151961,25.56806981519507,0.9606359036505242
2024-04-11,espresso,31,30.472136585763845,31.720797099053147,0.9606359036505242
2024-04-11,hot_chocolate,19,14.10692104123501,14.684982091161832,0.9606359036505242
2024-04-11,iced_latte,65,51.76778192203666,53.88907673064611,0.9606359036505242
2024-04-11,latte,36,38.09017073220481,39.65099637381643,0.9606359036505242
2024-04-11,masala_chai,26,29.321255933984105,30.522756668327766,0.9606359036505242
2024-04-11,sandwich,28,29.47392702182353,30.681683778234085,0.9606359036505242
2024-04-12,americano,26,29.4663254499654,27.735061400366135,1.0624214969135208
2024-04-12,cappuccino,49,44.1994881749481,41.6025921005492,1.0624214969135208
2024-04-12,cold_coffee,99,82.15169848670766,77.32495880906922,1.0624214969135208
2024-04-12,croissant,28,30.885967300374734,29.071293634496925,1.0624214969135208
2024-04-12,espresso,40,39.28843393328721,36.98008186715485,1.0624214969135208
2024-04-12,hot_chocolate,23,18.371177441223587,17.29179755360218,1.0624214969135208
2024-04-12,iced_latte,68,61.61377386503074,57.993719106801905,1.0624214969135208
2024-04-12,latte,46,49.110542416609,46.22510233394356,1.0624214969135208
2024-04-12,masala_chai,53,37.9940729897759,35.76176978737145,1.0624214969135208
2024-04-12,sandwich,28,37.063160760449676,34.88555236139631,1.0624214969135208
2024-04-13,americano,13,27.899562853526746,28.437014282319478,0.9811002862868452
2024-04-13,cappuccino,58,53.9295673715079,54.96845544262787,0.9811002862868452
2024-04-13,cold_coffee,102,90.06510169551416,91.80009725242475,0.9811002862868452
2024-04-13,croissant,27,33.3069868198606,33.94860574948665,0.9811002862868452
2024-04-13,espresso,44,37.19941713803566,37.91601904309264,0.9811002862868452
2024-04-13,hot_chocolate,15,17.342253321803938,17.676330915607913,0.9811002862868452
2024-04-13,iced_latte,91,67.5488262716356,68.85007293931855,0.9811002862868452
2024-04-13,latte,50,46.49927142254458,47.395023803865804,0.9811002862868452
2024-04-13,masala_chai,39,35.91995867011178,36.61191335093529,0.9811002862868452
2024-04-13,sandwich,25,35.356647547236626,36.03775071868583,0.9811002862868452
2024-04-14,americano,25,26.266343621993258,27.646802007444453,0.9500680626612987
2024-04-14,cappuccino,49,39.39951543298989,41.47020301116668,0.9500680626612987
2024-04-14,cold_coffee,86,86.85240207973293,91.4170315718696,0.9500680626612987
2024-04-14,croissant,35,31.593284382981214,33.253706365503085,0.9500680626612987
2024-04-14,espresso,28,35.021791495991,36.8624026765926,0.9500680626612987
2024-04-14,hot_chocolate,25,16.27814322183174,17.13366006245274,0.9500680626612987
2024-04-14,iced_latte,76,65.13930155979969,68.56277367890219,0.9500680626612987
2024-04-14,latte,44,43.777239369988756,46.078003345740754,0.9500680626612987
2024-04-14,masala_chai,42,33.76654373360918,35.54118390110228,0.9500680626612987
2024-04-14,sandwich,52,33.53748649885698,35.300088295687885,0.9500680626612987
2024-04-15,americano,18,21.331340094498874,23.62724813265618,0.9028279541795627
2024-04-15,cappuccino,43,31.997010141748305,35.440872198984266,0.9028279541795627
2024-04-15,cold_coffee,70,65.98957505254384,73.09208221461343,0.9028279541795627
2024-04-15,croissant,13,23.09765747045527,25.583675564681723,0.9028279541795627
2024-04-15,espresso,21,28.441786792665162,31.50299751020824,0.9028279541795627
2024-04-15,hot_chocolate,7,13.127539154376368,14.540465980925356,0.9028279541795627
2024-04-15,iced_latte,45,49.49218128940789,54.819061660960074,0.9028279541795627
2024-04-15,latte,23,35.552233490831455,39.3787468877603,0.9028279541795627
2024-04-15,masala_chai,30,27.32656838101472,30.267747309450012,0.9028279541795627
2024-04-15,sandwich,24,27.717188964546324,30.70041067761807,0.9028279541795627
2024-04-16,americano,27,24.701104597086182,23.22961545507974,1.063345393936974
2024-04-16,cappuccino,57,37.051656895629264,34.8444231826196,1.063345393936974
2024-04-16,cold_coffee,56,78.27023433228415,73.60753596956225,1.063345393936974
2024-04-16,croissant,34,26.94780400762639,25.342474948665295,1.063345393936974
2024-04-16,espresso,36,32.93480612944824,30.972820606772984,1.063345393936974
2024-04-16,hot_chocolate,24,15.155793302355043,14.252935489043319,1.063345393936974
2024-04-16,iced_latte,58,58.70267574921312,55.2056519771717,1.063345393936974
2024-04-16,latte,29,53.05220059511637,49.89178577121937,1.063345393936974
2024-04-16,masala_chai,32,31.595984369886423,29.71375486275832,1.063345393936974
2024-04-16,sandwich,34,32.337364809151666,30.410969938398352,1.063345393936974
2024-04-17,americano,16,24.184883524863288,23.18579165945549,1.0430906945116258
2024-04-17,cappuccino,28,36.27732528729494,34.77868748918324,1.0430906945116258
2024-04-17,cold_coffee,75,109.57946212676349,105.05266963201939,1.0430906945116258
2024-04-17,croissant,19,27.256216871989892,26.13024640657084,1.0430906945116258
2024-04-17,espresso,26,32.246511366484384,30.914388879273986,1.0430906945116258
2024-04-17,hot_chocolate,6,14.647397610100793,14.042304937787497,1.0430906945116258
2024-04-17,iced_latte,49,63.77524695777634,61.14065372583527,1.0430906945116258
2024-04-17,latte,55,40.30813920810549,38.64298609909249,1.0430906945116258
2024-04-17,masala_chai,15,30.735239498775066,29.465548547689114,1.0430906945116258
2024-04-17,sandwich,24,32.707460246387875,31.35629568788501,1.0430906945116258
2024-04-18,americano,28,25.006456449802684,23.787287732637193,1.051252952033398
2024-04-18,cappuccino,35,37.50968467470402,35.68093159895579,1.051252952033398
2024-04-18,cold_coffee,110,89.34037095282437,84.98465643308468,1.051252952033398
2024-04-18,croissant,21,28.323388056735553,26.942505133470224,1.051252952033398
2024-04-18,espresso,22,33.34194193307024,31.716383643516252,1.051252952033398
2024-04-18,hot_chocolate,17,15.114717551322508,14.377812230716398,1.051252952033398
2024-04-18,iced_latte,49,67.00527821461829,63.738492324813514,1.051252952033398
2024-04-18,latte,43,41.6774274163378,39.645479554395315,1.051252952033398
2024-04-18,masala_chai,39,31.747567936172768,30.199742007634484,1.051252952033398
2024-04-18,sandwich,52,33.98806566808266,32.33100616016427,1.051252952033398
2024-04-19,americano,29,23.28597751543156,25.50220109845474,0.9130967725308438
2024-04-19,cappuccino,27,34.92896627314734,38.25330164768211,0.9130967725308438
2024-04-19,cold_coffee,71,85.21442905281192,93.32464161123013,0.9130967725308438
2024-04-19,croissant,21,26.573253514570936,29.102340862423002,0.9130967725308438
2024-04-19,espresso,29,31.047970020575413,34.00293479793965,0.9130967725308438
2024-04-19,hot_chocolate,19,14.03264285282406,15.368187989460939,0.9130967725308438
2024-04-19,iced_latte,88,63.91082178960893,69.9934812084226,0.9130967725308438
2024-04-19,latte,45,38.809962525719264,42.50366849742456,0.9130967725308438
2024-04-19,masala_chai,24,29.5189794743627,32.3284238455301,0.9130967725308438
2024-04-19,sandwich,55,31.887904217485122,34.9228090349076,0.9130967725308438
2024-04-20,americano,31,29.33101553078871,27.777269985259,1.055935862176314
2024-04-20,cappuccino,27,43.99652329618307,41.6659049778885,1.055935862176314
2024-04-20,cold_coffee,117,112.90731346691948,106.92629875664444,1.055935862176314
2024-04-20,croissant,62,36.99569948333338,35.03593429158111,1.055935862176314
2024-04-20,espresso,33,39.10802070771828,37.03635998034534,1.055935862176314
2024-04-20,hot_chocolate,16,17.83531353801294,16.890527329239344,1.055935862176314
2024-04-20,iced_latte,55,84.68048510018959,80.1947240674833,1.055935862176314
2024-04-20,latte,64,48.88502588464787,46.29544997543168,1.055935862176314
2024-04-20,masala_chai,41,37.349800834094374,35.37127790803067,1.055935862176314
2024-04-20,sandwich,44,39.272357913076966,37.19199178644763,1.055935862176314
2024-04-21,americano,24,23.807456163253853,26.458491190558913,0.8998039983379317
2024-04-21,cappuccino,30,35.711184244880776,39.68773678583837,0.8998039983379317
2024-04-21,cold_coffee,132,90.91459564284689,101.0382214468699,0.8998039983379317
2024-04-21,croissant,27,29.953763760646424,33.28920944558522,0.8998039983379317
2024-04-21,espresso,39,31.74327488433846,35.277988254078544,0.8998039983379317
2024-04-21,hot_chocolate,16,14.491086085672432,16.10471404043499,0.8998039983379317
2024-04-21,iced_latte,124,68.18594673213518,75.77866608515244,0.8998039983379317
2024-04-21,latte,50,39.67909360542309,44.09748531759819,0.8998039983379317
2024-04-21,masala_chai,24,30.331321401815394,33.70880931607521,0.8998039983379317
2024-04-21,sandwich,27,31.79707229976312,35.33777618069815,0.8998039983379317
2024-04-22,americano,17,21.21522325871303,21.988252446924214,0.9648435367896043
2024-04-22,cappuccino,24,31.82283488806955,32.982378670386325,0.9648435367896043
2024-04-22,cold_coffee,73,75.19151715246423,77.9313062537109,0.9648435367896043
2024-04-22,croissant,33,23.96927613376103,24.842656057494864,0.9648435367896043
2024-04-22,espresso,32,28.2869643449507,29.317669929232277,0.9648435367896043
2024-04-22,hot_chocolate,9,12.83600219326887,13.303713715053796,0.9648435367896043
2024-04-22,iced_latte,84,56.39363786434819,58.44847969028319,0.9648435367896043
2024-04-22,latte,30,35.35870543118838,36.647087411540355,0.9648435367896043
2024-04-22,masala_chai,36,34.72652601791206,35.99187297606844,0.9648435367896043
2024-04-22,sandwich,22,28.763131360513242,29.81118726899384,0.9648435367896043
2024-04-23,americano,17,23.232417271915423,23.381706622811397,0.9936151217144122
2024-04-23,cappuccino,34,34.848625907873135,35.07255993421709,0.9936151217144122
2024-04-23,cold_coffee,60,79.74770932944074,80.26016068660644,0.9936151217144122
2024-04-23,croissant,25,25.987156793295668,26.154147843942507,0.9936151217144122
2024-04-23,espresso,34,30.976556362553897,31.175608830415193,0.9936151217144122
2024-04-23,hot_chocolate,9,14.112818409558086,14.203506067024646,0.9936151217144122
2024-04-23,iced_latte,40,59.81078199708056,60.19512051495484,0.9936151217144122
2024-04-23,latte,32,38.72069545319237,38.96951103801899,0.9936151217144122
2024-04-23,masala_chai,20,29.569122912192185,29.75913134370657,0.9936151217144122
2024-04-23,sandwich,16,31.1845881519548,31.384977412731008,0.9936151217144122
2024-04-24,americano,21,26.5762887930775,24.350818321063755,1.0913920198767482
2024-04-24,cappuccino,57,39.86443318961626,36.52622748159564,1.0913920198767482
2024-04-24,cold_coffee,84,88.35288372730435,80.95430616881559,1.0913920198767482
2024-04-24,croissant,36,29.43172771466393,26.967145790554415,1.0913920198767482
2024-04-24,espresso,30,35.43505172410334,32.46775776141835,1.0913920198767482
2024-04-24,hot_chocolate,10,16.208800109588843,14.851492235960565,1.0913920198767482
2024-04-24,iced_latte,79,66.26466279547826,60.71572962661169,1.0913920198767482
2024-04-24,latte,44,44.29381465512917,40.58469720177293,1.0913920198767482
2024-04-24,masala_chai,23,33.892762362160234,31.054618088546928,1.0913920198767482
2024-04-24,sandwich,38,35.318073257596716,32.360574948665295,1.0913920198767482
2024-04-25,americano,25,25.130467057616826,23.991934997751756,1.0474547826163985
2024-04-25,cappuccino,53,37.69570058642525,35.98790249662764,1.0474547826163985
2024-04-25,cold_coffee,79,87.65427253499692,83.68310879830875,1.0474547826163985
2024-04-25,croissant,34,28.251167494181512,26.971252566735117,1.0474547826163985
2024-04-25,espresso,29,33.50728941015577,31.98924666366901,1.0474547826163985
2024-04-25,hot_chocolate,19,15.235311048494825,14.545077554984385,1.0474547826163985
2024-04-25,iced_latte,79,65.74070440124768,62.762331598731556,1.0474547826163985
2024-04-25,latte,43,41.88411176269472,39.986558329586266,1.0474547826163985
2024-04-25,masala_chai,38,31.952902107810484,30.50528064609769,1.0474547826163985
2024-04-25,sandwich,52,33.90140099301781,32.365503080082135,1.0474547826163985
2024-04-26,americano,18,27.881774199902136,26.11033013399953,1.0678445679090025
2024-04-26,cappuccino,47,41.8226612998532,39.165495200999295,1.0678445679090025
2024-04-26,cold_coffee,67,94.94451225430808,88.91229595354262,1.0678445679090025
2024-04-26,croissant,26,31.109930217064093,29.13338809034908,1.0678445679090025
2024-04-26,espresso,29,37.17569893320285,34.81377351199938,1.0678445679090025
2024-04-26,hot_chocolate,6,16.95407321745612,15.876911047695549,1.0678445679090025
2024-04-26,iced_latte,57,71.20838419073105,66.68422196515696,1.0678445679090025
2024-04-26,latte,39,46.46962366650356,43.51721688999922,1.0678445679090025
2024-04-26,masala_chai,29,35.50435245497731,33.24861456616301,1.0678445679090025
2024-04-26,sandwich,32,37.33191626047691,34.960065708418895,1.0678445679090025
2024-04-27,americano,39,25.861283991097093,27.46147622530895,0.9417295624939095
2024-04-27,cappuccino,54,38.79192598664564,41.19221433796342,0.9417295624939095
2024-04-27,cold_coffee,103,103.61361751436702,110.02481141186128,0.9417295624939095
2024-04-27,croissant,41,33.02956907205281,35.07330595482546,0.9417295624939095
2024-04-27,espresso,20,34.48171198812946,36.61530163374527,0.9417295624939095
2024-04-27,hot_chocolate,19,15.647042408292279,16.615218457043472,0.9417295624939095
2024-04-27,iced_latte,69,77.71021313577526,82.51860855889595,0.9417295624939095
2024-04-27,latte,48,43.10213998516182,45.76912704218158,0.9417295624939095
2024-04-27,masala_chai,32,32.84925599732153,34.88183583228436,0.9417295624939095
2024-04-27,sandwich,49,35.06215793802529,37.23166324435318,0.9417295624939095
2024-04-28,americano,23,28.298739391085334,28.13285748255301,1.0058963761016881
2024-04-28,cappuccino,26,42.44810908662801,42.199286223829525,1.0058963761016881
2024-04-28,cold_coffee,170,121.84369073849552,121.12946585084237,1.0058963761016881
2024-04-28,croissant,37,36.96507057290023,36.74838825462013,1.0058963761016881
2024-04-28,espresso,42,37.73165252144711,37.51047664340401,1.0058963761016881
2024-04-28,hot_chocolate,16,21.866480857233004,21.738303643140352,1.0058963761016881
2024-04-28,iced_latte,79,91.38276805387163,90.84709938813177,1.0058963761016881
2024-04-28,latte,53,47.1645656518089,46.88809580425502,1.0058963761016881
2024-04-28,masala_chai,31,35.78394508926775,35.57418630728846,1.0058963761016881
2024-04-28,sandwich,33,39.23984414661715,39.00982753182751,1.0058963761016881
2024-04-29,americano,17,22.521817684011936,23.595007563633377,0.9545162307438488
2024-04-29,cappuccino,35,33.7827265260179,35.39251134545007,0.9545162307438488
2024-04-29,cold_coffee,105,105.3624901217118,110.38313098102422,0.9545162307438488
2024-04-29,croissant,30,25.637044624360612,26.858678562628334,0.9545162307438488
2024-04-29,espresso,23,30.02909024534924,31.460010084844498,0.9545162307438488
2024-04-29,hot_chocolate,22,13.585722241785316,14.233097148277974,0.9545162307438488
2024-04-29,iced_latte,62,61.32096925083629,64.24298223095612,0.9545162307438488
2024-04-29,latte,30,37.53636280668656,39.32501260605563,0.9545162307438488
2024-04-29,masala_chai,44,28.564554232363562,29.925687287793288,0.9545162307438488
2024-04-29,sandwich,26,30.764453549232737,32.230414275154004,0.9545162307438488
2024-04-30,americano,24,23.518399956113647,23.736676730969094,0.9908042403184999
2024-04-30,cappuccino,48,45.46082465743618,45.88275141295573,0.9908042403184999
2024-04-30,cold_coffee,87,89.57735110530207,90.40872804148164,0.9908042403184999
2024-04-30,croissant,35,27.176073584701385,27.428297618069816,0.9908042403184999
2024-04-30,espresso,27,31.35786660815153,31.648902307958792,0.9908042403184999
2024-04-30,hot_chocolate,10,18.172704986113697,18.341367796601247,0.9908042403184999
2024-04-30,iced_latte,49,67.18301332897656,67.80654603111122,0.9908042403184999
2024-04-30,latte,35,39.19733326018942,39.5611278849485,0.9908042403184999
2024-04-30,masala_chai,23,29.73917392525699,30.015186365872996,0.9908042403184999
2024-04-30,sandwich,29,32.611288301641665,32.91395714168378,0.9908042403184999
2024-05-01,americano,25,24.43152513461696,24.184570511997386,1.0102112469806759
2024-05-01,cappuccino,33,36.64728770192545,36.27685576799608,1.0102112469806759
2024-05-01,cold_coffee,93,98.94969812848939,97.94951147517978,1.0102112469806759
2024-05-01,croissant,43,27.99828735348559,27.71527978644764,1.0102112469806759
2024-05-01,espresso,41,32.57536684615595,32.24609401599652,1.0102112469806759
2024-05-01,hot_chocolate,17,14.518289566004237,14.371538239547984,1.0102112469806759
2024-05-01,iced_latte,78,74.21227359636704,73.46213360638484,1.0102112469806759
2024-05-01,latte,56,40.719208557694955,40.30761751999566,1.0102112469806759
2024-05-01,masala_chai,26,30.755116926823945,30.444243239960933,1.0102112469806759
2024-05-01,sandwich,50,44.17991903032651,43.73334702258727,1.0102112469806759
2024-05-02,americano,22,25.512779930221626,26.732631474493676,0.9543684449682426
2024-05-02,cappuccino,42,38.26916989533244,40.098947211740516,0.9543684449682426
2024-05-02,cold_coffee,41,79.4396402910252,83.23791582785265,0.9543684449682426
2024-05-02,croissant,25,27.818252101731844,29.148336,0.9543684449682426
2024-05-02,espresso,37,37.980190187384935,39.79615041510384,0.9543684449682426
2024-05-02,hot_chocolate,17,18.695804517158393,19.58971361189599,0.9543684449682426
2024-05-02,iced_latte,69,59.579730218268914,62.4284368708895,0.9543684449682426
2024-05-02,latte,46,42.521299883702696,44.55438579082278,0.9543684449682426
2024-05-02,masala_chai,36,39.289068378628365,41.16761046090092,0.9543684449682426
2024-05-02,sandwich,29,32.72735541380218,34.29216000000001,0.9543684449682426
2024-05-03,americano,24,26.305917939473492,28.316347893251965,0.9290010858265526
2024-05-03,cappuccino,40,39.45887690921023,42.474521839877944,0.9290010858265526
2024-05-03,cold_coffee,104,90.7883741846517,97.72687628656031,0.9290010858265526
2024-05-03,croissant,36,28.676069535562522,30.867638340862428,0.9290010858265526
2024-05-03,espresso,34,35.074557252631315,37.75513052433595,0.9290010858265526
2024-05-03,hot_chocolate,11,15.947926526999662,17.166746918073237,0.9290010858265526
2024-05-03,iced_latte,51,68.0912806384888,73.29515721492025,0.9290010858265526
2024-05-03,latte,46,43.84319656578914,47.193913155419935,0.9290010858265526
2024-05-03,masala_chai,39,33.447465136599135,36.00368788249606,0.9290010858265526
2024-05-03,sandwich,23,35.11355453334186,37.797108172484606,0.9290010858265526
2024-05-04,americano,27,31.36721964933448,27.644622658771095,1.134658990882709
2024-05-04,cappuccino,40,47.050829474001716,41.46693398815664,1.134658990882709
2024-05-04,cold_coffee,79,126.35596194879523,111.36029676237483,1.134658990882709
2024-05-04,croissant,33,39.041873114620664,34.408464065708415,1.134658990882709
2024-05-04,espresso,58,41.82295953244598,36.85949687836146,1.134658990882709
2024-05-04,hot_chocolate,13,18.94042031223845,16.692610259496323,1.134658990882709
2024-05-04,iced_latte,101,94.76697146159641,83.52022257178112,1.134658990882709
2024-05-04,latte,40,52.27869941555747,46.074371097951826,1.134658990882709
2024-05-04,masala_chai,30,39.803126315561364,35.07937330545143,1.134658990882709
2024-05-04,sandwich,40,42.290255022116575,37.27133470225873,1.134658990882709
2024-05-05,americano,29,29.629912278626946,26.953794027528893,1.0992854010965891
2024-05-05,cappuccino,48,44.44486841794042,40.430691041293336,1.0992854010965891
2024-05-05,cold_coffee,110,117.46307540549032,106.85403016206287,1.0992854010965891
2024-05-05,croissant,31,36.695559507356805,33.38128521560575,1.0992854010965891
2024-05-05,espresso,45,39.50654970483592,35.93839203670518,1.0992854010965891
2024-05-05,hot_chocolate,16,17.927203233113257,16.308051771841985,1.0992854010965891
2024-05-05,iced_latte,81,113.52745689963625,103.27386935766386,1.0992854010965891
2024-05-05,latte,38,49.38318713104491,44.92299004588149,1.0992854010965891
2024-05-05,masala_chai,29,37.636204526962715,34.23697293661757,1.0992854010965891
2024-05-05,sandwich,27,39.748722229318986,36.15869199178644,1.0992854010965891
2024-05-06,americano,11,23.008070897999417,21.396360828361473,1.0753263642619812
2024-05-06,cappuccino,29,34.51210634699911,32.0945412425422,1.0753263642619812
2024-05-06,cold_coffee,87,91.70550151724316,85.28155224779832,1.0753263642619812
2024-05-06,croissant,35,26.235516732828344,24.39772482546201,1.0753263642619812
2024-05-06,espresso,18,30.677427863999206,28.52848110448195,1.0753263642619812
2024-05-06,hot_chocolate,16,13.69978247369617,12.740115865287665,1.0753263642619812
2024-05-06,iced_latte,64,68.77912613793238,63.961164185848745,1.0753263642619812
2024-05-06,latte,47,49.41595983247296,45.95438322242583,1.0753263642619812
2024-05-06,masala_chai,31,28.99220890478319,26.96131134539898,1.0753263642619812
2024-05-06,sandwich,31,32.125122529993895,29.874765092402463,1.0753263642619812
2024-05-07,americano,25,24.534499548417998,23.788611042120394,1.031354857371745
2024-05-07,cappuccino,41,47.42493469410695,45.98313990100591,1.031354857371745
2024-05-07,cold_coffee,59,74.50137496284832,72.23641255028753,1.031354857371745
2024-05-07,croissant,39,25.696358831460593,24.915147921971254,1.031354857371745
2024-05-07,espresso,44,32.712666064557325,31.718148056160523,1.031354857371745
2024-05-07,hot_chocolate,20,15.113904739345456,14.654417566676324,1.031354857371745
2024-05-07,iced_latte,46,55.87603122213624,54.177309412715644,1.031354857371745
2024-05-07,latte,42,40.89083258069667,39.64768507020066,1.031354857371745
2024-05-07,masala_chai,45,31.44570300278683,30.48970272261241,1.031354857371745
2024-05-07,sandwich,25,31.464929181380317,30.508344394250514,1.031354857371745
2024-05-08,americano,23,25.668953078370603,27.312272174929735,0.9398322085385648
2024-05-08,cappuccino,26,38.50342961755591,40.96840826239461,0.9398322085385648
2024-05-08,cold_coffee,57,58.504296823139896,62.2497253143876,0.9398322085385648
2024-05-08,croissant,29,25.388468262623036,27.013830800821353,0.9398322085385648
2024-05-08,espresso,35,38.21268095809216,40.65904595620608,0.9398322085385648
2024-05-08,hot_chocolate,19,19.558341119294226,20.810460571155957,0.9398322085385648
2024-05-08,iced_latte,41,43.878222617354915,46.68729398579069,0.9398322085385648
2024-05-08,latte,44,42.78158846395102,45.520453624882904,0.9398322085385648
2024-05-08,masala_chai,20,40.30796256597247,42.88846689841709,0.9398322085385648
2024-05-08,sandwich,30,29.86878619132122,31.780977412731,0.9398322085385648
2024-05-09,americano,24,27.473400804280377,28.14833158219718,0.9760223523036913
2024-05-09,cappuccino,47,41.210101206420575,42.22249737329578,0.9760223523036913
2024-05-09,cold_coffee,61,56.88526158248647,58.28274470171817,0.9760223523036913
2024-05-09,croissant,17,26.3701093849777,27.017935934291582,0.9760223523036913
2024-05-09,espresso,41,40.89891381866981,41.90366513854596,0.9760223523036913
2024-05-09,hot_chocolate,21,21.18594381268764,21.70641252496192,0.9760223523036913
2024-05-09,iced_latte,32,42.663946186864855,43.71205852628863,0.9760223523036913
2024-05-09,latte,42,45.78900134046731,46.91388597032865,0.9760223523036913
2024-05-09,masala_chai,63,43.40111424542134,44.46733637091643,0.9760223523036913
2024-05-09,sandwich,30,31.02365809997376,31.785806981519503,0.9760223523036913
2024-05-10,americano,20,28.709456623565817,29.345577313880824,0.9783231154899068
2024-05-10,cappuccino,52,43.06418493534872,44.01836597082123,0.9783231154899068
2024-05-10,cold_coffee,75,60.403349511207765,61.741717592924374,0.9783231154899068
2024-05-10,croissant,34,27.694654684754045,28.30829022258727,0.9783231154899068
2024-05-10,espresso,48,42.73899691534069,43.68597270027565,0.9783231154899068
2024-05-10,hot_chocolate,22,22.094886651911583,22.584447103498427,0.9783231154899068
2024-05-10,iced_latte,63,45.30251213340583,46.30628819469329,0.9783231154899068
2024-05-10,latte,44,61.661204088414564,63.02744268445195,0.9783231154899068
2024-05-10,masala_chai,32,45.30844274095665,46.31235020780217,0.9783231154899068
2024-05-10,sandwich,19,32.581946687945944,33.303870850102676,0.9783231154899068
2024-05-11,americano,38,28.493985530101686,29.59294098257377,0.9628642704650674
2024-05-11,cappuccino,45,42.74097829515253,44.389411473860655,0.9628642704650674
2024-05-11,cold_coffee,88,84.01813448582128,87.25854418218279,0.9628642704650674
2024-05-11,croissant,45,32.17096646854438,33.41173564681725,0.9628642704650674
2024-05-11,espresso,30,48.9587380242297,50.84697763328826,0.9628642704650674
2024-05-11,hot_chocolate,17,17.889749995141695,18.579721507893186,0.9628642704650674
2024-05-11,iced_latte,74,63.01360086436596,65.44390813663709,0.9628642704650674
2024-05-11,latte,30,47.48997588350281,49.32156830428961,0.9628642704650674
2024-05-11,masala_chai,39,36.869147987577335,38.29111653480442,0.9628642704650674
2024-05-11,sandwich,26,34.847671684922474,36.19167597535934,0.9628642704650674
2024-05-12,americano,27,32.58259178936464,33.205175278303514,0.981250407994513
2024-05-12,cappuccino,43,48.87388768404697,49.80776291745528,0.981250407994513
2024-05-12,cold_coffee,89,70.40036620761431,71.74556630401725,0.981250407994513
2024-05-12,croissant,24,34.48047869548206,35.13932673511293,0.981250407994513
2024-05-12,espresso,39,48.5048292009959,49.43165251786283,0.981250407994513
2024-05-12,hot_chocolate,18,25.378384112780484,25.863310635099776,0.981250407994513
2024-05-12,iced_latte,59,52.80027465571072,53.80917472801293,0.981250407994513
2024-05-12,latte,43,54.30431964894107,55.34195879717252,0.981250407994513
2024-05-12,masala_chai,38,51.730366718618896,52.71882314357026,0.981250407994513
2024-05-12,sandwich,32,35.88466108579581,36.57034004106776,0.981250407994513
2024-05-13,americano,22,28.45835324896796,26.824143777372086,1.060923080533681
2024-05-13,cappuccino,44,42.68752987345194,40.23621566605813,1.060923080533681
2024-05-13,cold_coffee,64,58.45514572243246,55.098382526495236,1.060923080533681
2024-05-13,croissant,29,27.247304107236232,25.68263864476386,1.060923080533681
2024-05-13,espresso,35,42.3651860664248,39.932382322301486,1.060923080533681
2024-05-13,hot_chocolate,14,21.96744028399298,20.705968874711065,1.060923080533681
2024-05-13,iced_latte,50,43.84135929182435,41.323786894871425,1.060923080533681
2024-05-13,latte,44,47.43058874827993,44.706906295620136,1.060923080533681
2024-05-13,masala_chai,57,44.979577371398776,42.39664325972859,1.060923080533681
2024-05-13,sandwich,26,32.05565189086616,30.21486899383984,1.060923080533681
2024-05-14,americano,8,26.567272941051378,29.00096443537601,0.9160823944407877
2024-05-14,cappuccino,57,39.850909411577064,43.50144665306401,0.9160823944407877
2024-05-14,cold_coffee,35,41.24368907893787,45.02181171608982,0.9160823944407877
2024-05-14,croissant,17,30.032968608309133,32.78413469199179,0.9160823944407877
2024-05-14,espresso,49,39.549985608037645,43.17295676463741,0.9160823944407877
2024-05-14,hot_chocolate,31,21.238164143151337,23.18368333682031,0.9160823944407877
2024-05-14,iced_latte,24,30.932766809203404,33.76635878706737,0.9160823944407877
2024-05-14,latte,46,44.27878823508564,48.334940725626694,0.9160823944407877
2024-05-14,masala_chai,62,55.06694891929632,60.11134943043123,0.9160823944407877
2024-05-14,sandwich,39,35.332904245069564,38.56957022587269,0.9160823944407877
2024-05-15,americano,13,29.44829885785235,28.599788279248347,1.0296684216791798
2024-05-15,cappuccino,35,44.172448286778526,42.899682418872516,1.0296684216791798
2024-05-15,cold_coffee,61,58.116762649362684,56.44221132331713,1.0296684216791798
2024-05-15,croissant,25,27.844877008297626,27.042566735112935,1.0296684216791798
2024-05-15,espresso,32,43.83889150359897,42.57573659693929,1.0296684216791798
2024-05-15,hot_chocolate,28,22.84553710684614,22.187275656749495,1.0296684216791798
2024-05-15,iced_latte,31,43.587571987022,42.33165849248784,1.0296684216791798
2024-05-15,latte,60,49.08049809642059,47.66631379874725,1.0296684216791798
2024-05-15,masala_chai,40,46.66073255002942,45.31627033286624,1.0296684216791798
2024-05-15,sandwich,42,32.75867883329132,31.81478439425051,1.0296684216791798
2024-05-16,americano,31,28.762510193201308,31.44034367455871,0.91482811037068
2024-05-16,cappuccino,49,43.143765289801955,47.16051551183806,0.91482811037068
2024-05-16,cold_coffee,41,38.04960872476384,41.59208521625607,0.91482811037068
2024-05-16,croissant,27,24.00076404583121,26.235271712525666,0.91482811037068
2024-05-16,espresso,47,42.817976339393525,46.80439511422979,0.91482811037068
2024-05-16,hot_chocolate,28,23.457551079604073,25.641484792262546,0.91482811037068
2024-05-16,iced_latte,29,36.77475070048052,40.198535969319664,0.91482811037068
2024-05-16,latte,62,47.93751698866883,52.40057279093117,0.91482811037068
2024-05-16,masala_chai,49,46.727816571460856,51.0782474234719,0.91482811037068
2024-05-16,sandwich,15,28.236192995095546,30.865025544147848,0.91482811037068
2024-05-17,americano,35,32.586492053629165,32.22378059798812,1.011256018037303
2024-05-17,cappuccino,31,48.87973808044376,48.33567089698219,1.011256018037303
2024-05-17,cold_coffee,46,65.71443409779027,64.98298445267321,1.011256018037303
2024-05-17,croissant,46,28.65737146122095,28.33839398735113,1.011256018037303
2024-05-17,espresso,58,48.51063541964212,47.97067661836419,1.011256018037303
2024-05-17,hot_chocolate,24,26.023955762218463,25.734290128356495,1.011256018037303
2024-05-17,iced_latte,37,38.24580064491394,37.82009695145581,1.011256018037303
2024-05-17,latte,35,54.31082008938194,53.70630099664687,1.011256018037303
2024-05-17,masala_chai,28,52.387324847629245,51.80421566173246,1.011256018037303
2024-05-17,sandwich,33,33.71455466025994,33.339287043942505,1.011256018037303
2024-05-18,americano,25,36.42395389458184,35.37893412001314,1.0295379100745026
2024-05-18,cappuccino,58,54.63593084187278,53.06840118001973,1.0295379100745026
2024-05-18,cold_coffee,46,64.4343544870245,62.58570360207689,1.0295379100745026
2024-05-18,croissant,38,36.210234854454676,35.171346776180705,1.0295379100745026
2024-05-18,espresso,44,54.2233617848144,52.66766891652443,1.0295379100745026
2024-05-18,hot_chocolate,37,29.088597915899804,28.254032834783914,1.0295379100745026
2024-05-18,iced_latte,56,48.32576586526838,46.939277701557664,1.0295379100745026
2024-05-18,latte,87,60.70658982430308,58.96489020002191,1.0295379100745026
2024-05-18,masala_chai,59,58.5565792651197,56.876564419936955,1.0295379100745026
2024-05-18,sandwich,38,37.68485980327861,36.603664065708415,1.0295379100745026
2024-05-19,americano,28,42.07019977291004,44.230377864362836,0.951160758832375
2024-05-19,cappuccino,75,48.96971253566729,51.484159834118344,0.951160758832375
2024-05-19,cold_coffee,47,57.751954950360975,60.71734395482848,0.951160758832375
2024-05-19,croissant,20,32.45492049551883,34.12138294620124,0.951160758832375
2024-05-19,espresso,62,48.599930456109924,51.09539055813254,0.951160758832375
2024-05-19,hot_chocolate,22,26.071858867562714,27.41057032206415,0.951160758832375
2024-05-19,iced_latte,34,43.31396621277072,45.53800796612135,0.951160758832375
2024-05-19,latte,45,54.410791706297,57.20462203790928,0.951160758832375
2024-05-19,masala_chai,78,52.48375582698568,55.1786386682033,0.951160758832375
2024-05-19,sandwich,35,33.776614090358954,35.51094152772073,0.951160758832375
2024-05-20,americano,18,28.27108279850857,29.589084856654836,0.955456477801481
2024-05-20,cappuccino,52,42.40662419776285,44.38362728498225,0.955456477801481
2024-05-20,cold_coffee,44,49.7624270877328,52.082358792769774,0.955456477801481
2024-05-20,croissant,10,23.8277848000703,24.938639648870637,0.955456477801481
2024-05-20,espresso,39,42.08640157706777,44.04847583838583,0.955456477801481
2024-05-20,hot_chocolate,29,22.96471974128237,24.035338369492788,0.955456477801481
2024-05-20,iced_latte,27,28.961732565060487,30.311932817392005,0.955456477801481
2024-05-20,latte,56,47.11847133084761,49.31514142775806,0.955456477801481
2024-05-20,masala_chai,57,45.83767240126993,47.974631462798875,0.955456477801481
2024-05-20,sandwich,31,28.032688000082707,29.339576057494867,0.955456477801481
2024-05-21,americano,29,30.247575134417836,29.484081539922318,1.0258951120272044
2024-05-21,cappuccino,51,45.37136270162676,44.22612230988348,1.0258951120272044
2024-05-21,cold_coffee,41,49.265991318273315,48.02244473211496,1.0258951120272044
2024-05-21,croissant,31,26.935062478938086,26.255181609856262,1.0258951120272044
2024-05-21,espresso,48,45.028752627288696,43.892160221243586,1.0258951120272044
2024-05-21,hot_chocolate,11,24.035590307730658,23.428896410506816,1.0258951120272044
2024-05-21,iced_latte,44,36.94949348870498,36.01683354908622,1.0258951120272044
2024-05-21,latte,67,50.412625224029725,49.14013589987053,1.0258951120272044
2024-05-21,masala_chai,52,48.505773977628984,47.28141640306667,1.0258951120272044
2024-05-21,sandwich,46,31.68830879875069,30.888448952772073,1.0258951120272044
2024-05-22,americano,30,30.71257552659632,29.48855322894028,1.0415083876158013
2024-05-22,cappuccino,59,46.06886328989449,44.23282984341042,1.0415083876158013
2024-05-22,cold_coffee,32,50.023364601330044,48.02972803305258,1.0415083876158013
2024-05-22,croissant,15,27.34913913005471,26.25916358932238,1.0415083876158013
2024-05-22,espresso,31,45.72098622082301,43.89881710457129,1.0415083876158013
2024-05-22,hot_chocolate,24,31.449862048326963,30.196455854111086,1.0415083876158013
2024-05-22,iced_latte,40,37.51752345099753,36.02229602478943,1.0415083876158013
2024-05-22,latte,51,51.187625877660544,49.14758871490047,1.0415083876158013
2024-05-22,masala_chai,26,49.25146032842851,47.28858731629987,1.0415083876158013
2024-05-22,sandwich,39,32.175457800064365,30.89313363449692,1.0415083876158013
2024-05-23,americano,29,25.549420578055987,27.68303318217086,0.9229270654673413
2024-05-23,cappuccino,44,38.324130867083994,41.524549773256304,0.9229270654673413
2024-05-23,cold_coffee,52,47.67621469145365,51.657618976979414,0.9229270654673413
2024-05-23,croissant,23,23.739195336346803,25.721637412731006,0.9229270654673413
2024-05-23,espresso,46,38.03473613561734,41.21098790873333,0.9229270654673413
2024-05-23,hot_chocolate,18,19.960080010043193,21.626931051085858,0.9229270654673413
2024-05-23,iced_latte,23,35.75716101859023,38.74321423273455,0.9229270654673413
2024-05-23,latte,40,42.582367630093316,46.13838863695144,0.9229270654673413
2024-05-23,masala_chai,31,40.62491140934296,44.01746674182946,0.9229270654673413
2024-05-23,sandwich,19,27.92846510158447,30.26074989733059,0.9229270654673413
2024-05-24,americano,22,30.874587920435797,32.84257354178794,0.9400782152821204
2024-05-24,cappuccino,43,46.311881880653694,49.26386031268191,0.9400782152821204
2024-05-24,cold_coffee,41,50.28724364462121,53.492616706929915,0.9400782152821204
2024-05-24,croissant,25,27.493409007260937,29.24587397125257,0.9400782152821204
2024-05-24,espresso,33,45.96216971974261,48.89185705249985,0.9400782152821204
2024-05-24,hot_chocolate,42,24.533832642048825,26.097650432933545,0.9400782152821204
2024-05-24,iced_latte,45,37.71543273346591,40.11946253019744,0.9400782152821204
2024-05-24,latte,42,51.457646534059656,54.73762256964656,0.9400782152821204
2024-05-24,masala_chai,48,49.511267487257925,52.66717883936863,0.9400782152821204
2024-05-24,sandwich,30,32.345187067365806,34.406910554414786,0.9400782152821204
2024-05-25,americano,26,32.2117111772145,35.06411114469106,0.9186518672694649
2024-05-25,cappuccino,72,48.31756676582175,52.596166717036596,0.9186518672694649
2024-05-25,cold_coffee,62,58.83579339970295,64.04579960696347,0.9186518672694649
2024-05-25,croissant,30,32.34454120592338,35.20870349075975,0.9186518672694649
2024-05-25,espresso,39,47.9527091958533,52.199000409572456,0.9186518672694649
2024-05-25,hot_chocolate,29,25.621958264694314,27.890824780938168,0.9186518672694649
2024-05-25,iced_latte,55,44.126845049777216,48.0343497052226,0.9186518672694649
2024-05-25,latte,63,53.686185295357504,58.440185241151774,0.9186518672694649
2024-05-25,masala_chai,35,51.68134626256608,56.257814416880265,0.9186518672694649
2024-05-25,sandwich,41,33.66173971657184,36.64254209445585,0.9186518672694649
2024-05-26,americano,52,37.871085330258374,34.445228626948264,1.0994580915810757
2024-05-26,cappuccino,61,56.80662799538755,51.66784294042239,1.0994580915810757
2024-05-26,cold_coffee,75,66.46052844894352,60.44844178950919,1.0994580915810757
2024-05-26,croissant,25,37.55487055399273,34.15761895934291,1.0994580915810757
2024-05-26,espresso,44,56.37766748193801,51.2776866291139,1.0994580915810757
2024-05-26,hot_chocolate,41,39.013599896374146,35.48439016922477,1.0994580915810757
2024-05-26,iced_latte,45,49.845396336707644,45.3363313421319,1.0994580915810757
2024-05-26,latte,81,63.11847555043061,57.4087143782471,1.0994580915810757
2024-05-26,masala_chai,61,60.91349374837585,55.40319746137772,1.0994580915810757
2024-05-26,sandwich,48,39.08425442270735,35.54865321560574,1.0994580915810757
2024-05-27,americano,25,29.471499677025168,26.67983363826143,1.1046358113253083
2024-05-27,cappuccino,44,44.20724951553775,40.01975045739214,1.1046358113253083
2024-05-27,cold_coffee,78,58.56639060774017,53.01873251553741,1.1046358113253083
2024-05-27,croissant,30,27.036632724231367,24.475607659137577,1.1046358113253083
2024-05-27,espresso,52,50.63831559626317,45.84163855371379,1.1046358113253083
2024-05-27,hot_chocolate,14,19.14341085247903,17.330065399121317,1.1046358113253083
2024-05-27,iced_latte,41,43.924792955805124,39.764049386653056,1.1046358113253083
2024-05-27,latte,47,49.11916612837527,44.466389397102375,1.1046358113253083
2024-05-27,masala_chai,46,38.787799688596095,35.113654012411274,1.1046358113253083
2024-05-27,sandwich,38,33.10608088681392,29.970131827515402,1.1046358113253083
2024-05-28,americano,24,29.4657582725865,26.986933248991487,1.0918527867069758
2024-05-28,cappuccino,44,44.19863740887974,40.48039987348723,1.0918527867069758
2024-05-28,cold_coffee,83,66.55083966799602,60.95220938045423,1.0918527867069758
2024-05-28,croissant,22,28.134536621427593,25.76770143737166,1.0918527867069758
2024-05-28,espresso,46,39.28767769678199,35.982577665321976,1.0918527867069758
2024-05-28,hot_chocolate,24,18.83588344615792,17.251303175189832,1.0918527867069758
2024-05-28,iced_latte,50,49.91312975099703,45.71415703534068,1.0918527867069758
2024-05-28,latte,51,49.10959712097749,44.978222081652476,1.0918527867069758
2024-05-28,masala_chai,44,38.471239074581504,35.234822443976746,1.0918527867069758
2024-05-28,sandwich,44,34.45045300582971,31.552287474332648,1.0918527867069758
2024-05-29,americano,37,30.02126898935122,29.223270547713508,1.0273069518462967
2024-05-29,cappuccino,44,45.03190348402683,43.83490582157026,1.0273069518462967
2024-05-29,cold_coffee,66,67.26522628340238,65.47724237873788,1.0273069518462967
2024-05-29,croissant,30,28.593377270781474,27.83333376591376,1.0273069518462967
2024-05-29,espresso,32,40.02835865246829,38.964360730284675,1.0273069518462967
2024-05-29,hot_chocolate,15,19.21019232931855,18.699564229360664,1.0273069518462967
2024-05-29,iced_latte,50,50.448919712551785,49.10793178405341,1.0273069518462967
2024-05-29,latte,66,64.47867050977496,62.7647563309998,1.0273069518462967
2024-05-29,masala_chai,65,50.53625138843324,49.19294208766764,1.0273069518462967
2024-05-29,sandwich,24,35.012298698916084,34.08163318275154,1.0273069518462967
2024-05-30,americano,31,30.5737406712273,30.029360906922374,1.0181282500813873
2024-05-30,cappuccino,40,45.86061100684095,45.04404136038356,1.0181282500813873
2024-05-30,cold_coffee,71,77.7549521791488,76.37048885828796,1.0181282500813873
2024-05-30,croissant,50,28.90903996808994,28.39430097905544,1.0181282500813873
2024-05-30,espresso,41,45.514306500856165,44.70390296823395,1.0181282500813873
2024-05-30,hot_chocolate,19,23.718637547491713,23.296316103197892,1.0181282500813873
2024-05-30,iced_latte,45,45.25338216826461,44.44762451552359,1.0181282500813873
2024-05-30,latte,38,50.956234452045486,50.048934844870615,1.0181282500813873
2024-05-30,masala_chai,56,48.44399139659283,47.581423453008306,1.0181282500813873
2024-05-30,sandwich,40,34.0106352565764,33.40505997535934,1.0181282500813873
2024-05-31,americano,14,32.33332443632517,32.436621814278055,0.9968154088750569
2024-05-31,cappuccino,36,48.49998665448775,48.654932721417076,0.9968154088750569
2024-05-31,cold_coffee,44,63.810414007316645,64.01427329391814,0.9968154088750569
2024-05-31,croissant,46,39.397959625167005,39.523826853388094,0.9968154088750569
2024-05-31,espresso,42,48.13375158805689,48.28752761996086,0.9968154088750569
2024-05-31,hot_chocolate,36,25.083695556179666,25.163832072467205,0.9968154088750569
2024-05-31,iced_latte,77,61.672436218411704,61.86946516809098,0.9968154088750569
2024-05-31,latte,71,53.88887406054195,54.06103635713009,0.9968154088750569
2024-05-31,masala_chai,56,51.232046077065924,51.39572043221441,0.9968154088750569
2024-05-31,sandwich,46,35.968019610740704,36.082928986151956,0.9968154088750569
2024-06-01,americano,36,37.56347670504713,37.486951554874224,1.0020413809872186
2024-06-01,cappuccino,72,56.345215057570705,56.23042733231134,1.0020413809872186
2024-06-01,cold_coffee,99,74.76563332454751,74.6133191135159,1.0020413809872186
2024-06-01,croissant,40,38.53267060491682,38.45417099137577,1.0020413809872186
2024-06-01,espresso,72,55.91973878421256,55.80581784868008,1.0020413809872186
2024-06-01,hot_chocolate,39,29.14116720526552,29.081800171321692,1.0020413809872186
2024-06-01,iced_latte,60,56.07422499341063,55.959989335136925,1.0020413809872186
2024-06-01,latte,73,62.60579450841189,62.47825259145705,1.0020413809872186
2024-06-01,masala_chai,57,59.51920512094705,59.39795127253955,1.0020413809872186
2024-06-01,sandwich,38,39.69680494697313,39.61593373305955,1.0020413809872186
2024-06-02,americano,22,39.00126414603115,37.569220328097884,1.0381174750348023
2024-06-02,cappuccino,48,58.50189621904672,56.353830492146834,1.0381174750348023
2024-06-02,cold_coffee,71,69.95975704582392,67.39098293618316,1.0381174750348023
2024-06-02,croissant,60,49.90748906221766,48.07499176386038,1.0381174750348023
2024-06-02,espresso,40,58.06013432742501,55.92828916156967,1.0381174750348023
2024-06-02,hot_chocolate,29,30.652483921088788,29.52698963097715,1.0381174750348023
2024-06-02,iced_latte,61,52.46981778436792,50.543237202137355,1.0381174750348023
2024-06-02,latte,69,65.00210691005192,62.615367213496484,1.0381174750348023
2024-06-02,masala_chai,83,62.20036582318765,59.91650012548187,1.0381174750348023
2024-06-02,sandwich,32,39.898253461621245,38.43327409577002,1.0381174750348023
2024-06-03,americano,36,45.750826611328904,42.57997219376091,1.0744682124999745
2024-06-03,cappuccino,59,53.25396217558684,49.5630876335377,1.0744682124999745
2024-06-03,cold_coffee,41,46.12388351611811,42.92717362833962,1.0744682124999745
2024-06-03,croissant,37,37.75363611458663,35.13704330698152,1.0744682124999745
2024-06-03,espresso,39,52.851828696375286,49.18882483587344,1.0744682124999745
2024-06-03,hot_chocolate,30,36.86746668606415,34.31229165941009,1.0744682124999745
2024-06-03,iced_latte,35,34.59291263708858,32.19538022125471,1.0744682124999745
2024-06-03,latte,43,59.17106908398537,55.07009737059744,1.0744682124999745
2024-06-03,masala_chai,46,57.332859426310925,53.35928858510766,1.0744682124999745
2024-06-03,sandwich,19,34.11869898089226,31.754032910390144,1.0744682124999745
2024-06-04,americano,27,34.095930580380816,31.41435190429277,1.085361578817789
2024-06-04,cappuccino,45,51.143895870571235,47.12152785643916,1.085361578817789
2024-06-04,cold_coffee,40,47.985641706177034,44.211664244135626,1.085361578817789
2024-06-04,croissant,23,28.848268440417016,26.57940819301848,1.085361578817789
2024-06-04,espresso,62,50.7576960096284,46.7657018639957,1.085361578817789
2024-06-04,hot_chocolate,28,27.202195319312736,25.06279552381267,1.085361578817789
2024-06-04,iced_latte,27,35.98923127963277,33.158748183101714,1.085361578817789
2024-06-04,latte,50,56.82655096730137,52.35725317382129,1.085361578817789
2024-06-04,masala_chai,44,54.7865573962345,50.47770113247402,1.085361578817789
2024-06-04,sandwich,38,33.59631975235731,30.95403449691992,1.085361578817789
2024-06-05,americano,36,34.854140506628326,32.86526047293371,1.0605161804615109
2024-06-05,cappuccino,35,52.28121075994249,49.29789070940056,1.0605161804615109
2024-06-05,cold_coffee,59,54.73473373964569,51.61140843303915,1.0605161804615109
2024-06-05,croissant,27,28.19215850080525,26.58343080492813,1.0605161804615109
2024-06-05,espresso,41,51.886422760676474,48.925630477506495,1.0605161804615109
2024-06-05,hot_chocolate,26,28.312165270168663,26.696589634160883,1.0605161804615109
2024-06-05,iced_latte,34,31.855615036473786,30.03783970802878,1.0605161804615109
2024-06-05,latte,33,58.09023417771388,54.77543412155619,1.0605161804615109
2024-06-05,masala_chai,44,56.51119505245637,53.286499624988345,1.0605161804615109
2024-06-05,sandwich,24,32.832222615316866,30.95871917864476,1.0605161804615109
2024-06-06,americano,40,37.08258658857917,33.46588974510354,1.108071139629712
2024-06-06,cappuccino,48,55.62387988286875,50.1988346176553,1.108071139629712
2024-06-06,cold_coffee,44,47.034025703721,42.446756369305426,1.108071139629712
2024-06-06,croissant,28,30.371948255100335,27.409745790554418,1.108071139629712
2024-06-06,espresso,52,55.20385058493986,49.81977114157807,1.108071139629712
2024-06-06,hot_chocolate,16,29.9721056125445,27.048900147837422,1.108071139629712
2024-06-06,iced_latte,18,35.27551927779074,31.835067276979064,1.108071139629712
2024-06-06,latte,66,61.80431098096528,55.7764829085059,1.108071139629712
2024-06-06,masala_chai,40,59.97419082497693,54.12485595917489,1.108071139629712
2024-06-06,sandwich,40,35.37077752822142,31.92103490759753,1.108071139629712
2024-06-07,americano,45,37.256152678769006,35.951824111434306,1.036279899548125
2024-06-07,cappuccino,42,55.88422901815351,53.927736167151465,1.036279899548125
2024-06-07,cold_coffee,46,43.62109656324617,42.093932905836894,1.036279899548125
2024-06-07,croissant,38,29.76070907653931,28.71879411104723,1.036279899548125
2024-06-07,espresso,64,71.47195072329156,68.96973564232718,1.036279899548125
2024-06-07,hot_chocolate,35,30.41502545621944,29.35020303827379,1.036279899548125
2024-06-07,iced_latte,37,32.715822422434634,31.570449679377678,1.036279899548125
2024-06-07,latte,61,62.09358779794834,59.91970685239051,1.036279899548125
2024-06-07,masala_chai,34,60.55693066478039,58.43684770030427,1.036279899548125
2024-06-07,sandwich,52,34.65893629828702,33.445535625462014,1.036279899548125
2024-06-08,americano,47,33.983379441655636,36.69468741142021,0.9261117027823282
2024-06-08,cappuccino,55,50.97506916248346,55.04203111713032,0.9261117027823282
2024-06-08,cold_coffee,53,51.531727344664425,55.643101355751206,0.9261117027823282
2024-06-08,croissant,37,32.01952329217724,34.57414823285421,0.9261117027823282
2024-06-08,espresso,34,50.590144152626515,54.626395499201614,0.9261117027823282
2024-06-08,hot_chocolate,31,27.275563899789685,29.45169985202151,0.9261117027823282
2024-06-08,iced_latte,41,38.64879550849832,41.7323260168134,0.9261117027823282
2024-06-08,latte,64,56.63896573609273,61.157812352367024,0.9261117027823282
2024-06-08,masala_chai,62,70.57959961631587,76.21067675127391,0.9261117027823282
2024-06-08,sandwich,51,32.98688491273251,35.61868920739219,0.9261117027823282
2024-06-09,americano,29,46.733335421176875,49.34744474730175,0.9470264501128438
2024-06-09,cappuccino,41,54.3976024302499,57.440425685859246,0.9470264501128438
2024-06-09,cold_coffee,73,61.854437868900085,65.31437201308344,0.9470264501128438
2024-06-09,croissant,23,32.747585242475246,34.57937762833676,0.9470264501128438
2024-06-09,espresso,59,53.9868330483602,57.00667921358199,0.9470264501128438
2024-06-09,hot_chocolate,35,29.605928036260533,31.261986434204463,0.9470264501128438
2024-06-09,iced_latte,21,35.99928283969986,38.01296451161457,0.9470264501128438
2024-06-09,latte,58,60.441780478055435,63.82269520651027,0.9470264501128438
2024-06-09,masala_chai,57,58.946001341968156,62.24324709721085,0.9470264501128438
2024-06-09,sandwich,40,43.475441743400324,45.90731519507187,0.9470264501128438
2024-06-10,americano,42,31.855121044218237,32.211979437737526,0.9889215627307518
2024-06-10,cappuccino,52,47.78268156632734,48.317969156606274,0.9889215627307518
2024-06-10,cold_coffee,34,38.81947101739261,39.254347847567125,0.9889215627307518
2024-06-10,croissant,20,25.76636831340452,26.05501718685831,0.9889215627307518
2024-06-10,espresso,50,47.42186304317276,47.95310854808821,0.9889215627307518
2024-06-10,hot_chocolate,46,25.876049117711553,26.165926695196028,0.9889215627307518
2024-06-10,iced_latte,22,29.114603263044458,29.44076088567535,0.9889215627307518
2024-06-10,latte,57,53.091868407030375,53.686632396229186,0.9889215627307518
2024-06-10,masala_chai,53,51.64869747418042,52.22729427757712,0.9889215627307518
2024-06-10,sandwich,26,30.007178784475855,30.343335523613963,0.9889215627307518
2024-06-11,americano,26,33.29802679870759,31.922902437168318,1.0430764202674188
2024-06-11,cappuccino,64,49.94704019806137,47.88435365575247,1.0430764202674188
2024-06-11,cold_coffee,54,44.666417621321685,42.8218074471191,1.0430764202674188
2024-06-11,croissant,25,27.753725192216127,26.60756647638604,1.0430764202674188
2024-06-11,espresso,49,49.56987808221841,47.52276738219231,1.0430764202674188
2024-06-11,hot_chocolate,11,26.725489713121075,25.62179452419155,1.0430764202674188
2024-06-11,iced_latte,23,33.499813215991274,32.116355585339335,1.0430764202674188
2024-06-11,latte,63,55.49671133117931,53.20483739528053,1.0430764202674188
2024-06-11,masala_chai,42,53.665211522496904,51.44897390043433,1.0430764202674188
2024-06-11,sandwich,28,32.32162886318693,30.98682726899384,1.0430764202674188
2024-06-12,americano,36,32.148457695147584,32.81792527867292,0.9796005512889508
2024-06-12,cappuccino,51,48.222686542721384,49.22688791800938,0.9796005512889508
2024-06-12,cold_coffee,27,39.4916111366349,40.31399439768806,0.9796005512889508
2024-06-12,croissant,25,26.06872734156948,26.611589088295684,0.9796005512889508
2024-06-12,espresso,55,47.85854543614203,48.855163845273594,0.9796005512889508
2024-06-12,hot_chocolate,22,26.08822644099457,26.63149424188041,0.9796005512889508
2024-06-12,iced_latte,32,29.61870835247618,30.23549579826605,0.9796005512889508
2024-06-12,latte,55,53.580762825245976,54.69654213112153,0.9796005512889508
2024-06-12,masala_chai,82,67.1369160719554,68.53499212879899,0.9796005512889508
2024-06-12,sandwich,27,30.35930219220213,30.99151195071868,0.9796005512889508
2024-06-13,americano,41,34.297688578470535,33.00256298708646,1.0392431821701495
2024-06-13,cappuccino,58,51.4465328677058,49.503844480629695,1.0392431821701495
2024-06-13,cold_coffee,30,45.640786576262755,43.9173307646393,1.0392431821701495
2024-06-13,croissant,23,28.5155597925015,27.43877494866529,1.0392431821701495
2024-06-13,espresso,45,51.05804772199496,49.13002904226463,1.0392431821701495
2024-06-13,hot_chocolate,32,27.555374671952492,26.514847674450273,1.0392431821701495
2024-06-13,iced_latte,32,34.23058993219707,32.93799807347948,1.0392431821701495
2024-06-13,latte,45,57.16281429745088,55.0042716451441,1.0392431821701495
2024-06-13,masala_chai,67,55.30397491410543,53.21562446877888,1.0392431821701495
2024-06-13,sandwich,39,33.208851570589985,31.95484188911704,1.0392431821701495
2024-06-14,americano,40,33.47111577960066,33.65559733313177,0.9945185476369631
2024-06-14,cappuccino,50,50.206673669400985,50.483395999697656,0.9945185476369631
2024-06-14,cold_coffee,56,50.56835396677179,50.84706975744725,0.9945185476369631
2024-06-14,croissant,26,28.030997704988824,28.185495154004105,0.9945185476369631
2024-06-14,espresso,38,44.62815437280088,44.874129777509026,0.9945185476369631
2024-06-14,hot_chocolate,31,28.5832391424847,28.740780360909532,0.9945185476369631
2024-06-14,iced_latte,31,37.92626547507885,38.135302318085444,0.9945185476369631
2024-06-14,latte,59,55.78519296600109,56.09266222188628,0.9945185476369631
2024-06-14,masala_chai,18,44.494470535700984,44.73970911997827,0.9945185476369631
2024-06-14,sandwich,32,33.97696691513797,34.16423655030801,0.9945185476369631
2024-06-15,americano,29,35.88376503799834,39.34625400878086,0.9119995268162046
2024-06-15,cappuccino,74,53.82564755699751,59.0193810131713,0.9119995268162046
2024-06-15,cold_coffee,52,68.00154336992182,74.56313448682982,0.9119995268162046
2024-06-15,croissant,26,35.093481300852275,38.47971437371663,0.9119995268162046
2024-06-15,espresso,47,47.845020050664445,52.46167201170781,0.9119995268162046
2024-06-15,hot_chocolate,17,23.472273129902607,25.73715494331937,0.9119995268162046
2024-06-15,iced_latte,46,51.001157527441364,55.92235086512237,0.9119995268162046
2024-06-15,latte,49,59.80627506333056,65.57709001463476,0.9119995268162046
2024-06-15,masala_chai,43,47.39264454606563,51.965645981762314,0.9119995268162046
2024-06-15,sandwich,44,37.62937388902574,41.26029979466119,0.9119995268162046
2024-06-16,americano,47,40.29618023394084,39.91097898533769,1.0096515108974065
2024-06-16,cappuccino,44,60.44427035091125,59.86646847800653,1.0096515108974065
2024-06-16,cold_coffee,47,63.598049330039615,62.99009969639118,1.0096515108974065
2024-06-16,croissant,36,38.44508793146165,38.07758173638604,1.0096515108974065
2024-06-16,espresso,68,59.98784112496048,59.41440237299463,1.0096515108974065
2024-06-16,hot_chocolate,34,32.181003406829376,31.873377159834092,1.0096515108974065
2024-06-16,iced_latte,83,61.46718685248673,60.87960666532651,1.0096515108974065
2024-06-16,latte,51,67.16030038990141,66.51829830889616,1.0096515108974065
2024-06-16,masala_chai,44,64.78172245603749,64.16245779542061,1.0096515108974065
2024-06-16,sandwich,41,39.60657625920497,39.227967107186856,1.0096515108974065
2024-06-17,americano,30,31.977693720191432,31.893849396763486,1.0026288555634948
2024-06-17,cappuccino,57,47.96654058028715,47.84077409514523,1.0026288555634948
2024-06-17,cold_coffee,61,46.46792939313099,46.34609221077645,1.0026288555634948
2024-06-17,croissant,19,27.32796456352132,27.256311656981516,1.0026288555634948
2024-06-17,espresso,61,47.604333693488854,47.47951690133075,1.0026288555634948
2024-06-17,hot_chocolate,29,25.410392133220686,25.343767030263262,1.0026288555634948
2024-06-17,iced_latte,39,34.85094704484823,34.75956915808233,1.0026288555634948
2024-06-17,latte,67,53.29615620031905,53.15641566127247,1.0026288555634948
2024-06-17,masala_chai,34,51.280235755245606,51.14578088461779,1.0026288555634948
2024-06-17,sandwich,34,31.825793549911936,31.74234750308008,1.0026288555634948
2024-06-18,americano,35,29.879640011430382,31.638711502921208,0.9444012917109974
2024-06-18,cappuccino,64,44.819460017145566,47.45806725438181,0.9444012917109974
2024-06-18,cold_coffee,45,41.38428039282626,43.82065204278707,0.9444012917109974
2024-06-18,croissant,22,25.154812868769888,26.635724759753593,0.9444012917109974
2024-06-18,espresso,43,44.48101749274425,47.099699971986254,0.9444012917109974
2024-06-18,hot_chocolate,15,23.88610605646593,25.292326753588853,0.9444012917109974
2024-06-18,iced_latte,31,31.0382102946197,32.8654890320903,0.9444012917109974
2024-06-18,latte,74,49.79940001905063,52.73118583820201,0.9444012917109974
2024-06-18,masala_chai,56,48.05970700780992,50.88907377576628,0.9444012917109974
2024-06-18,sandwich,30,29.294969235168736,31.01962004106776,0.9444012917109974
2024-06-19,americano,31,33.070563070775904,32.62215431114289,1.0137455287396469
2024-06-19,cappuccino,45,49.605844606163856,48.93323146671434,1.0137455287396469
2024-06-19,cold_coffee,64,45.80381337747312,45.18275255370975,1.0137455287396469
2024-06-19,croissant,34,27.841159571935435,27.46365708418891,1.0137455287396469
2024-06-19,espresso,44,49.23125894031363,48.563724864484556,1.0137455287396469
2024-06-19,hot_chocolate,19,26.43696431929616,26.07850152706891,1.0137455287396469
2024-06-19,iced_latte,42,34.35286003310483,33.8870644152823,1.0137455287396469
2024-06-19,latte,53,55.11760511795983,54.37025718523815,1.0137455287396469
2024-06-19,masala_chai,61,53.19212584745941,52.47088577898958,1.0137455287396469
2024-06-19,sandwich,44,32.42345380926527,31.983819301848047,1.0137455287396469
2024-06-20,americano,0,0.0,0.0,1.0249166677831978
2024-06-20,cappuccino,0,0.0,0.0,1.0249166677831978
2024-06-20,cold_coffee,0,0.0,0.0,1.0249166677831978
2024-06-20,croissant,0,0.0,0.0,1.0249166677831978
2024-06-20,espresso,0,0.0,0.0,1.0249166677831978
2024-06-20,hot_chocolate,0,0.0,0.0,1.0249166677831978
2024-06-20,iced_latte,0,0.0,0.0,1.0249166677831978
2024-06-20,latte,0,0.0,0.0,1.0249166677831978
2024-06-20,masala_chai,0,0.0,0.0,1.0249166677831978
2024-06-20,sandwich,0,0.0,0.0,1.0249166677831978
2024-06-21,americano,29,37.08244414021272,34.52885759628441,1.0739551413425013
2024-06-21,cappuccino,76,55.62366621031909,51.793286394426616,1.0739551413425013
2024-06-21,cold_coffee,50,49.74288555892336,46.31747048274484,1.0739551413425013
2024-06-21,croissant,46,39.82991826342124,37.087134024640655,1.0739551413425013
2024-06-21,espresso,55,55.20363852588301,51.40218282942015,1.0739551413425013
2024-06-21,hot_chocolate,20,29.762919148263403,27.713372749496934,1.0739551413425013
2024-06-21,iced_latte,26,37.307164169192525,34.73810286205863,1.0739551413425013
2024-06-21,latte,67,61.8040735670212,57.548095993807344,1.0739551413425013
2024-06-21,masala_chai,66,59.764418491997006,55.648896486764144,1.0739551413425013
2024-06-21,sandwich,19,35.99507574684086,33.51636801314168,1.0739551413425013
2024-06-22,americano,66,43.045113569004315,38.67550595482547,1.112981265695211
2024-06-22,cappuccino,115,64.56767035350647,58.013258932238195,1.112981265695211
2024-06-22,cold_coffee,55,61.226177577930336,55.01096870636552,1.112981265695211
2024-06-22,croissant,41,39.75449724678115,35.71892759753594,1.112981265695211
2024-06-22,espresso,76,64.08010434220705,57.575186858316215,1.112981265695211
2024-06-22,hot_chocolate,40,34.82614366424297,31.290862422997947,1.112981265695211
2024-06-22,iced_latte,42,45.91963318344774,41.258226529774134,1.112981265695211
2024-06-22,latte,65,71.74185594834051,64.45917659137577,1.112981265695211
2024-06-22,masala_chai,70,69.65228732848594,62.58172484599589,1.112981265695211
2024-06-22,sandwich,41,40.95554494914973,36.79805420944559,1.112981265695211
2024-06-23,americano,48,38.06140628957608,37.24054889614216,1.022042032616736
2024-06-23,cappuccino,51,57.092109434364126,55.860823344213244,1.022042032616736
2024-06-23,cold_coffee,45,55.452507197896615,54.256581851062876,1.022042032616736
2024-06-23,croissant,44,35.416402665723716,34.652589165092394,1.022042032616736
2024-06-23,espresso,40,56.6609931818932,55.43900482920839,1.022042032616736
2024-06-23,hot_chocolate,51,30.701774414148634,30.03963969617064,1.022042032616736
2024-06-23,iced_latte,49,41.58938039842246,40.69243638829716,1.022042032616736
2024-06-23,latte,81,63.435677149293475,62.06758149357027,1.022042032616736
2024-06-23,masala_chai,69,79.24706606325336,77.53797156498246,1.022042032616736
2024-06-23,sandwich,20,36.48638950982278,35.69949996714578,1.022042032616736
2024-06-24,americano,25,30.794084785146683,29.636118966532976,1.0390727888466555
2024-06-24,cappuccino,41,46.19112717772002,44.45417844979946,1.0390727888466555
2024-06-24,cold_coffee,71,57.66492906715471,55.496525061695934,1.0390727888466555
2024-06-24,croissant,42,33.91296230940135,32.637715734086235,1.0390727888466555
2024-06-24,espresso,43,45.84232686461966,44.11849425438566,1.0390727888466555
2024-06-24,hot_chocolate,16,24.469862542968208,23.549709708141943,1.0390727888466555
2024-06-24,iced_latte,42,33.560988717084044,32.29897758590704,1.0390727888466555
2024-06-24,latte,59,51.32347464191113,49.39353161088829,1.0390727888466555
2024-06-24,masala_chai,31,49.382170630155436,47.525227452995274,1.0390727888466555
2024-06-24,sandwich,20,30.64780698402085,29.495341724845993,1.0390727888466555
2024-06-25,americano,32,29.58102875158087,33.12996044132091,0.8928784809137991
2024-06-25,cappuccino,38,44.371543127371304,49.69494066198136,0.8928784809137991
2024-06-25,cold_coffee,40,35.47602197640496,39.732195068804565,0.8928784809137991
2024-06-25,croissant,24,23.807607386805216,26.66388304312115,0.8928784809137991
2024-06-25,espresso,35,44.03648293115598,49.319682210380634,0.8928784809137991
2024-06-25,hot_chocolate,25,24.076900039744512,26.96548360657486,0.8928784809137991
2024-06-25,iced_latte,23,26.607016482303724,29.79914630160343,0.8928784809137991
2024-06-25,latte,47,49.301714585968114,55.21660073553485,0.8928784809137991
2024-06-25,masala_chai,44,48.00955515482123,53.76941675835528,0.8928784809137991
2024-06-25,sandwich,20,27.726031181306134,31.052412813141682,0.8928784809137991
2024-06-26,americano,31,31.763769780011195,32.64164328542094,0.9731057196559145
2024-06-26,cappuccino,44,47.645654670016796,48.96246492813142,0.9731057196559145
2024-06-26,cold_coffee,52,39.966840422227676,41.071426891170425,0.9731057196559145
2024-06-26,croissant,30,25.950691524154777,26.667905655030797,0.9731057196559145
2024-06-26,espresso,40,47.28587086991957,48.59273757700204,0.9731057196559145
2024-06-26,hot_chocolate,36,25.698842864086725,26.409096509240243,0.9731057196559145
2024-06-26,iced_latte,41,29.975130316670764,30.803570168377824,0.9731057196559145
2024-06-26,latte,48,52.939616300018656,54.4027388090349,0.9731057196559145
2024-06-26,masala_chai,74,66.23413109300702,68.06468172484598,0.9731057196559145
2024-06-26,sandwich,25,30.221839208165992,31.05709749486653,0.9731057196559145
2024-06-27,americano,27,34.596441773363004,34.578762884268585,1.0005112643605438
2024-06-27,cappuccino,52,51.89466266004451,51.86814432640288,1.0005112643605438
2024-06-27,cold_coffee,47,36.21504475801937,36.196538757777475,1.0005112643605438
2024-06-27,croissant,25,26.68556467329032,26.67192826694045,1.0005112643605438
2024-06-27,espresso,66,51.502793578469195,51.476475491144164,1.0005112643605438
2024-06-27,hot_chocolate,26,28.64189421850806,28.62725812169035,1.0005112643605438
2024-06-27,iced_latte,38,35.00165408313728,34.98376812929524,1.0005112643605438
2024-06-27,latte,61,74.3050725372917,74.26710241466621,1.0005112643605438
2024-06-27,masala_chai,38,56.628798281903755,56.59986079026995,1.0005112643605438
2024-06-27,sandwich,43,40.04853474071294,40.02806981519507,1.0005112643605438
2024-06-28,americano,25,37.30623045451034,37.05163918356477,1.0068712552684715
2024-06-28,cappuccino,43,55.95934568176551,55.57745877534715,1.0068712552684715
2024-06-28,cold_coffee,41,51.25863772041514,50.90883015301451,1.0068712552684715
2024-06-28,croissant,21,31.328627038506706,31.11482910509076,1.0068712552684715
2024-06-28,espresso,51,55.53678320088918,55.15778001436826,1.0068712552684715
2024-06-28,hot_chocolate,25,38.47015511188836,38.20762079619673,1.0068712552684715
2024-06-28,iced_latte,42,38.44397829031135,38.18162261476088,1.0068712552684715
2024-06-28,latte,93,62.17705075751723,61.75273197260793,1.0068712552684715
2024-06-28,masala_chai,35,60.034966683974616,59.625266259058044,1.0068712552684715
2024-06-28,sandwich,49,36.484913247458785,36.235926943540036,1.0068712552684715
2024-06-29,americano,23,41.988152277642286,38.77455678445841,1.0828789742471523
2024-06-29,cappuccino,63,62.982228416463435,58.161835176687624,1.0828789742471523
2024-06-29,cold_coffee,80,68.97289543509966,63.694001892549025,1.0828789742471523
2024-06-29,croissant,36,40.56321998656765,37.458682781026695,1.0828789742471523
2024-06-29,espresso,66,62.50663445862605,57.722641167802166,1.0828789742471523
2024-06-29,hot_chocolate,44,33.36498947235169,30.811374369465394,1.0828789742471523
2024-06-29,iced_latte,36,51.72967157632476,47.77050141941178,1.0828789742471523
2024-06-29,latte,55,69.98025379607047,64.62426130743069,1.0828789742471523
2024-06-29,masala_chai,54,67.33325944532059,62.17985670294555,1.0828789742471523
2024-06-29,sandwich,72,53.85141818528352,49.72985852156057,1.0828789742471523
2024-06-30,americano,36,43.6348118816421,41.40386555561755,1.0538825613523388
2024-06-30,cappuccino,93,65.45221782246313,62.10579833342631,1.0538825613523388
2024-06-30,cold_coffee,54,64.08314540851502,60.806723404061,1.0538825613523388
2024-06-30,croissant,49,40.70412847046916,38.62302116303903,1.0538825613523388
2024-06-30,espresso,67,64.95797238043808,61.63682250998082,1.0538825613523388
2024-06-30,hot_chocolate,38,35.162314925273186,33.36454764006439,1.0538825613523388
2024-06-30,iced_latte,38,48.06235905638626,45.605042553045756,1.0538825613523388
2024-06-30,latte,76,72.7246864694035,69.0064425926959,1.0538825613523388
2024-06-30,masala_chai,74,70.46541985332024,66.86268701789622,1.0538825613523388
2024-06-30,sandwich,45,41.933866069033066,39.789885141683776,1.0538825613523388
2024-07-01,americano,36,38.92966611963897,35.88356710449983,1.084888411630547
2024-07-01,cappuccino,85,75.250643272498,69.36256527931667,1.084888411630547
2024-07-01,cold_coffee,54,41.440158866110146,38.19762329641546,1.084888411630547
2024-07-01,croissant,34,30.006377586746932,27.658492122381933,1.084888411630547
2024-07-01,espresso,40,57.95354826871819,53.41890248566316,1.084888411630547
2024-07-01,hot_chocolate,41,31.62273190704841,29.148372835433477,1.084888411630547
2024-07-01,iced_latte,36,31.08011914958261,28.648217472311593,1.084888411630547
2024-07-01,latte,67,64.88277686606494,59.805945174166375,1.084888411630547
2024-07-01,masala_chai,50,63.11909929311112,58.18026869532642,1.084888411630547
2024-07-01,sandwich,21,34.595588276484705,31.888614446981524,1.084888411630547
2024-07-02,americano,37,36.62793845125992,35.06363866059208,1.0446131619655878
2024-07-02,cappuccino,42,54.941907676889876,52.595457990888114,1.0446131619655878
2024-07-02,cold_coffee,50,51.533107190753924,49.332239978469225,1.0446131619655878
2024-07-02,croissant,37,29.82123817045937,28.547637782340864,1.0446131619655878
2024-07-02,espresso,60,48.837251268346556,46.75151821412277,1.0446131619655878
2024-07-02,hot_chocolate,25,24.079146772132436,23.050778650753458,1.0446131619655878
2024-07-02,iced_latte,39,38.64983039306544,36.999179983851924,1.0446131619655878
2024-07-02,latte,38,61.046564085433204,58.43939776765347,1.0446131619655878
2024-07-02,masala_chai,46,48.496584235140276,46.42540033086226,1.0446131619655878
2024-07-02,sandwich,63,35.78548580455125,34.25716533880904,1.0446131619655878
2024-07-03,americano,29,37.59754856627946,36.21140604627954,1.0382791686748747
2024-07-03,cappuccino,62,56.39632284941919,54.317109069419324,1.0382791686748747
2024-07-03,cold_coffee,36,45.85263637243568,44.162146131618975,1.0382791686748747
2024-07-03,croissant,37,30.2377822612926,29.122978841889122,1.0382791686748747
2024-07-03,espresso,53,55.97046064883026,53.906947512260814,1.0382791686748747
2024-07-03,hot_chocolate,36,38.69309848178905,37.26656534116149,1.0382791686748747
2024-07-03,iced_latte,25,44.31633670016335,42.68248659628122,1.0382791686748747
2024-07-03,latte,56,62.6625809437991,60.35234341046591,1.0382791686748747
2024-07-03,masala_chai,83,60.44329616623586,58.21487899384312,1.0382791686748747
2024-07-03,sandwich,32,34.86238425419617,33.57708148829569,1.0382791686748747
2024-07-04,americano,55,38.39156444501625,36.800925348080625,1.0432228016521488
2024-07-04,cappuccino,65,57.58734666752438,55.201388022120945,1.0432228016521488
2024-07-04,cold_coffee,30,38.33378437686024,36.74553922340572,1.0432228016521488
2024-07-04,croissant,31,29.00566395435507,27.803901437371664,1.0432228016521488
2024-07-04,espresso,48,57.15249075957111,54.784549061867594,1.0432228016521488
2024-07-04,hot_chocolate,25,31.436115292085052,30.13365432801102,1.0432228016521488
2024-07-04,iced_latte,32,28.750338282645174,27.559154417554286,1.0432228016521488
2024-07-04,latte,87,63.98594074169376,61.33487558013439,1.0432228016521488
2024-07-04,masala_chai,93,62.496126640806324,59.90678744926913,1.0432228016521488
2024-07-04,sandwich,41,33.44182432384467,32.05626283367556,1.0432228016521488
2024-07-05,americano,48,40.312088601350304,36.878719564137086,1.093098922028519
2024-07-05,cappuccino,69,60.46813290202546,55.318079346205636,1.093098922028519
2024-07-05,cold_coffee,27,51.16958106665812,46.811482506725135,1.093098922028519
2024-07-05,croissant,39,32.82875307098634,30.032737577002052,1.093098922028519
2024-07-05,espresso,47,60.011523484210805,54.900359221692746,1.093098922028519
2024-07-05,hot_chocolate,42,32.03314122752549,29.304887766314845,1.093098922028519
2024-07-05,iced_latte,33,38.3771857999936,35.10861188004386,1.093098922028519
2024-07-05,latte,68,67.18681433558383,61.46453260689514,1.093098922028519
2024-07-05,masala_chai,43,64.64548148318488,59.13964434547148,1.093098922028519
2024-07-05,sandwich,34,37.849621187725425,34.62597979466119,1.093098922028519
2024-07-06,americano,53,42.969534863528224,41.269634935166856,1.0411900888154657
2024-07-06,cappuccino,68,64.45430229529236,61.90445240275031,1.0411900888154657
2024-07-06,cold_coffee,30,47.731308323574275,45.84302985238451,1.0411900888154657
2024-07-06,croissant,42,47.05653795975009,45.19495379876797,1.0411900888154657
2024-07-06,espresso,59,63.96759235347246,61.4369969908633,1.0411900888154657
2024-07-06,hot_chocolate,34,35.255128710685916,33.860415201219155,1.0411900888154657
2024-07-06,iced_latte,53,35.79848124268072,34.382272389288396,1.0411900888154657
2024-07-06,latte,52,71.61589143921374,68.7827248919448,1.0411900888154657
2024-07-06,masala_chai,52,70.0184090969368,67.24843988535741,1.0411900888154657
2024-07-06,sandwich,49,37.24288632196864,35.76953595893223,1.0411900888154657
2024-07-07,americano,36,39.52854939806221,39.164769301141924,1.0092884524385461
2024-07-07,cappuccino,87,76.40827847563571,75.70509529859908,1.0092884524385461
2024-07-07,cold_coffee,61,51.94156563503408,51.46354890867704,1.0092884524385461
2024-07-07,croissant,59,35.40237338389656,35.076566365503076,1.0092884524385461
2024-07-07,espresso,69,58.845089718798114,58.303540059952375,1.0092884524385461
2024-07-07,hot_chocolate,41,31.757941542046595,31.465674124494438,1.0092884524385461
2024-07-07,iced_latte,37,38.95617422627556,38.59766168150778,1.0092884524385461
2024-07-07,latte,62,65.880915663437,65.27461550190318,1.0092884524385461
2024-07-07,masala_chai,58,63.73857816394274,63.151993872459045,1.0092884524385461
2024-07-07,sandwich,53,36.107217016879105,35.7749233429158,1.0092884524385461
2024-07-08,americano,30,33.35286788154651,34.033051345169355,0.9800140323380263
2024-07-08,cappuccino,51,50.02930182231977,51.04957701775404,0.9800140323380263
2024-07-08,cold_coffee,43,36.36612132973593,37.10775573588168,0.9800140323380263
2024-07-08,croissant,22,25.901402614800983,26.429624229979467,0.9800140323380263
2024-07-08,espresso,57,49.65151852916309,50.66408938115826,0.9800140323380263
2024-07-08,hot_chocolate,27,27.011518957461327,27.56237978860339,0.9800140323380263
2024-07-08,iced_latte,29,27.274590997301953,27.830816801911265,0.9800140323380263
2024-07-08,latte,74,55.58811313591085,56.72175224194893,0.9800140323380263
2024-07-08,masala_chai,52,53.99603314771959,55.097204086864835,0.9800140323380263
2024-07-08,sandwich,14,29.862793602947015,30.471802053388092,0.9800140323380263
2024-07-09,americano,38,35.5712008156058,33.044580938490114,1.0764609447406457
2024-07-09,cappuccino,43,53.3568012234087,49.56687140773517,1.0764609447406457
2024-07-09,cold_coffee,34,41.34825380873553,38.411290266269404,1.0764609447406457
2024-07-09,croissant,23,28.182175531529257,26.18039759753593,1.0764609447406457
2024-07-09,espresso,59,52.95389118180798,49.19258003788172,1.0764609447406457
2024-07-09,hot_chocolate,12,28.578537115196752,26.548605645959825,1.0764609447406457
2024-07-09,iced_latte,29,31.011190356551655,28.80846769970206,1.0764609447406457
2024-07-09,latte,32,59.28533469267634,55.07430156415019,1.0764609447406457
2024-07-09,masala_chai,51,57.35747448607209,53.283377131616575,1.0764609447406457
2024-07-09,sandwich,32,41.87163738765718,38.89749794661191,1.0764609447406457
2024-07-10,americano,26,31.987645963714883,33.564445235308966,0.9530217389103357
2024-07-10,cappuccino,56,61.83178987831483,64.8797266146436,0.9530217389103357
2024-07-10,cold_coffee,38,39.01099818246927,40.93400663354605,0.9530217389103357
2024-07-10,croissant,31,25.726024982639988,26.99416386036961,0.9530217389103357
2024-07-10,espresso,56,47.61914933109657,49.96648805256349,0.9530217389103357
2024-07-10,hot_chocolate,34,25.545710232547485,26.804960673568573,0.9530217389103357
2024-07-10,iced_latte,23,29.25824863685195,30.700504975159532,0.9530217389103357
2024-07-10,latte,49,53.31274327285813,55.940742058848265,0.9530217389103357
2024-07-10,masala_chai,61,51.424596346677305,53.95952080324534,0.9530217389103357
2024-07-10,sandwich,45,38.22241431623284,40.10655030800821,0.9530217389103357
2024-07-11,americano,33,34.70092280496151,36.747751804815756,0.9443005653590483
2024-07-11,cappuccino,57,52.05138420744227,55.121627707223645,0.9443005653590483
2024-07-11,cold_coffee,40,34.92699852461621,36.987162568663756,0.9443005653590483
2024-07-11,croissant,24,26.282928988331662,27.833223819301846,0.9443005653590483
2024-07-11,espresso,51,51.65833168376146,54.705391036295296,0.9443005653590483
2024-07-11,hot_chocolate,28,28.385712039387403,30.060039229770446,0.9443005653590483
2024-07-11,iced_latte,26,26.19524889346216,27.74037192649782,0.9443005653590483
2024-07-11,latte,37,57.834871341602515,61.246253008026265,0.9443005653590483
2024-07-11,masala_chai,27,56.46003834206863,59.79032567941015,0.9443005653590483
2024-07-11,sandwich,33,30.30267106890003,32.090069815195065,0.9443005653590483
2024-07-12,americano,32,40.399469178312934,37.47554468980546,1.0780222012170746
2024-07-12,cappuccino,71,60.5992037674694,56.21331703470819,1.0780222012170746
2024-07-12,cold_coffee,61,48.87717370790256,45.339672645629,1.0780222012170746
2024-07-12,croissant,35,32.41009686434487,30.06440574948665,1.0780222012170746
2024-07-12,espresso,48,60.14160460201924,55.78883675505019,1.0780222012170746
2024-07-12,hot_chocolate,34,32.29577080075116,29.95835407127015,1.0780222012170746
2024-07-12,iced_latte,45,36.657880280926925,34.004754484221756,1.0780222012170746
2024-07-12,latte,75,67.33244863052155,62.45924114967576,1.0780222012170746
2024-07-12,masala_chai,65,64.98025582764778,60.27728905238299,1.0780222012170746
2024-07-12,sandwich,42,37.3669352083035,34.66249133470226,1.0780222012170746
2024-07-13,americano,43,42.96366945894118,42.14772625374487,1.0193591274718838
2024-07-13,cappuccino,68,64.44550418841176,63.221589380617296,1.0193591274718838
2024-07-13,cold_coffee,36,44.76609436983355,43.9159204674589,1.0193591274718838
2024-07-13,croissant,43,35.78792494575366,35.10825967145791,1.0193591274718838
2024-07-13,espresso,65,63.95886068321339,62.74418795055868,1.0193591274718838
2024-07-13,hot_chocolate,36,35.53344988870955,34.85861746962151,1.0193591274718838
2024-07-13,iced_latte,30,33.574570777375165,32.93694035059418,1.0193591274718838
2024-07-13,latte,79,92.27592237745098,90.52346703983004,1.0193591274718838
2024-07-13,masala_chai,83,70.28944770555532,68.95454782445557,1.0193591274718838
2024-07-13,sandwich,26,36.50044471842929,35.807247646817245,1.0193591274718838
2024-07-14,americano,54,39.01628786298222,41.422788764840135,0.9419039380588357
2024-07-14,cappuccino,75,58.52443179447333,62.13418314726021,0.9419039380588357
2024-07-14,cold_coffee,33,42.9946360537516,45.64651905199483,0.9419039380588357
2024-07-14,croissant,34,33.073583384553245,35.11354188911706,0.9419039380588357
2024-07-14,espresso,61,58.08249973130039,61.66499298325716,0.9419039380588357
2024-07-14,hot_chocolate,22,32.04364364281631,34.0200760906201,0.9419039380588357
2024-07-14,iced_latte,41,41.55409412411559,44.11712537241768,0.9419039380588357
2024-07-14,latte,72,65.0271464383037,69.03798127473357,0.9419039380588357
2024-07-14,masala_chai,91,63.608430588244254,67.5317598940445,0.9419039380588357
2024-07-14,sandwich,37,33.7320619677751,35.81263503080082,0.9419039380588357
2024-07-15,americano,54,44.6574530840878,44.21345373265459,1.0100421775262782
2024-07-15,cappuccino,58,51.98127538987819,51.46446014480994,1.0100421775262782
2024-07-15,cold_coffee,51,33.51229221764619,33.17910178733531,1.0100421775262782
2024-07-15,croissant,21,33.40396401102502,33.07185061601643,1.0100421775262782
2024-07-15,espresso,49,51.58875227474426,51.075839625917084,1.0100421775262782
2024-07-15,hot_chocolate,20,28.48957121232423,28.206318356030252,1.0100421775262782
2024-07-15,iced_latte,50,25.13421916323464,24.88432634050148,1.0100421775262782
2024-07-15,latte,74,57.75697265542021,57.18273349423327,1.0100421775262782
2024-07-15,masala_chai,52,56.525127765297604,55.963136018472845,1.0100421775262782
2024-07-15,sandwich,20,29.88593711894624,29.588801125256673,1.0100421775262782
2024-07-16,americano,32,38.90602629651957,36.83361401290879,1.0562641581378487
2024-07-16,cappuccino,71,58.35903944477936,55.250421019363195,1.0562641581378487
2024-07-16,cold_coffee,21,32.0610854263849,30.35328348441483,1.0562641581378487
2024-07-16,croissant,21,27.682557353238643,26.207987026694042,1.0562641581378487
2024-07-16,espresso,51,74.63705708637357,70.66135541127866,1.0562641581378487
2024-07-16,hot_chocolate,28,32.63119710680958,30.89302695297081,1.0562641581378487
2024-07-16,iced_latte,13,24.045814069788673,22.764962613311123,1.0562641581378487
2024-07-16,latte,31,64.84337716086596,61.38935668818132,1.0562641581378487
2024-07-16,masala_chai,81,64.09818047502257,60.68385448960523,1.0562641581378487
2024-07-16,sandwich,42,41.12933020948131,38.93848891170431,1.0562641581378487
2024-07-17,americano,33,40.46642309665444,35.91612464253049,1.126692356132868
2024-07-17,cappuccino,79,60.699634644981636,53.87418696379572,1.126692356132868
2024-07-17,cold_coffee,41,37.298996296224004,33.10486318043808,1.126692356132868
2024-07-17,croissant,37,29.81840830190278,26.465439425051336,1.126692356132868
2024-07-17,espresso,69,60.241277101815655,53.46737001800655,1.126692356132868
2024-07-17,hot_chocolate,33,33.468082111898035,29.70472101787405,1.126692356132868
2024-07-17,iced_latte,34,27.974247222168,24.828647385328555,1.126692356132868
2024-07-17,latte,64,67.44403849442406,59.860207737550816,1.126692356132868
2024-07-17,masala_chai,69,66.20390124734162,58.75951930176613,1.126692356132868
2024-07-17,sandwich,42,34.37887074807614,30.51309486652977,1.126692356132868
2024-07-18,americano,44,38.84616227095516,37.62354295086538,1.0324961240807775
2024-07-18,cappuccino,43,58.26924340643275,56.43531442629808,1.0324961240807775
2024-07-18,cold_coffee,35,36.383054666826915,35.2379576235392,1.0324961240807775
2024-07-18,croissant,19,28.767970959793665,27.862546201232032,1.0324961240807775
2024-07-18,espresso,39,57.829238332166256,56.00915779093227,1.0324961240807775
2024-07-18,hot_chocolate,27,32.0638404560884,31.054683604390828,1.0324961240807775
2024-07-18,iced_latte,27,27.287291000120177,26.428468217654395,1.0324961240807775
2024-07-18,latte,50,64.74360378492527,62.70590491810897,1.0324961240807775
2024-07-18,masala_chai,59,63.48959982582032,61.491368679320296,1.0324961240807775
2024-07-18,sandwich,34,33.16777828305622,32.123876796714576,1.0324961240807775
2024-07-19,americano,60,52.75702702225809,55.72255042001441,0.9467805515827367
2024-07-19,cappuccino,67,61.409179453908415,64.86104868889676,0.9467805515827367
2024-07-19,cold_coffee,40,36.7519330253408,38.81779464512917,0.9467805515827367
2024-07-19,croissant,20,27.6395461442692,29.19319170431212,0.9467805515827367
2024-07-19,espresso,51,60.945463967201434,64.37126730721144,0.9467805515827367
2024-07-19,hot_chocolate,34,45.18732459248052,47.72734771213952,0.9467805515827367
2024-07-19,iced_latte,34,27.5639497690056,29.11334598384688,0.9467805515827367
2024-07-19,latte,83,68.2324216154538,72.06783187655196,0.9467805515827367
2024-07-19,masala_chai,54,68.16021520740034,71.99156667662496,0.9467805515827367
2024-07-19,sandwich,17,31.866770848686844,33.65803278850103,0.9467805515827367
2024-07-20,americano,39,45.87266644130157,44.154399808476725,1.0389149584249353
2024-07-20,cappuccino,78,68.80899966195234,66.23159971271508,1.0389149584249353
2024-07-20,cold_coffee,50,45.557059983146814,43.85061511888747,1.0389149584249353
2024-07-20,croissant,37,37.6421758366213,36.23220123203285,1.0389149584249353
2024-07-20,espresso,103,68.28940635274667,65.73146897054787,1.0389149584249353
2024-07-20,hot_chocolate,35,38.16767977438354,36.738021206517516,1.0389149584249353
2024-07-20,iced_latte,46,34.16779498736011,32.8879613391656,1.0389149584249353
2024-07-20,latte,56,76.45444406883593,73.5906663474612,1.0389149584249353
2024-07-20,masala_chai,73,75.27411059146183,72.45454498564774,1.0389149584249353
2024-07-20,sandwich,26,38.39161282160381,36.953566324435315,1.0389149584249353
2024-07-21,americano,39,38.34063723313093,42.00727693104841,0.9127141779759735
2024-07-21,cappuccino,53,57.510955849696394,63.01091539657262,0.9127141779759735
2024-07-21,cold_coffee,45,44.68359922537057,48.95683698533149,0.9127141779759735
2024-07-21,croissant,29,33.07461402658859,36.23764681724847,0.9127141779759735
2024-07-21,espresso,56,57.07667678718521,62.53510481644748,0.9127141779759735
2024-07-21,hot_chocolate,41,31.269087790999812,34.25945224203907,0.9127141779759735
2024-07-21,iced_latte,22,33.512699419027925,36.717627738998615,0.9127141779759735
2024-07-21,latte,93,63.90106205521821,70.01212821841402,0.9127141779759735
2024-07-21,masala_chai,91,62.28852251866895,68.24537628723967,0.9127141779759735
2024-07-21,sandwich,22,33.733113129380385,36.95912032854209,0.9127141779759735
2024-07-22,americano,44,31.640231268393315,33.24747027496835,0.9516583068340959
2024-07-22,cappuccino,34,47.460346902589954,49.87120541245251,0.9516583068340959
2024-07-22,cold_coffee,31,33.95116941648773,35.67579789161289,0.9516583068340959
2024-07-22,croissant,29,24.448841010825404,25.690776652977412,0.9516583068340959
2024-07-22,espresso,45,47.10196240602239,49.49461594331856,0.9516583068340959
2024-07-22,hot_chocolate,15,25.67580460010282,26.98006670642021,0.9516583068340959
2024-07-22,iced_latte,21,25.4633770623658,26.75684841870967,0.9516583068340959
2024-07-22,latte,87,67.95582317094782,71.40779698232032,0.9516583068340959
2024-07-22,masala_chai,47,51.27463952809123,53.87925388753005,0.9516583068340959
2024-07-22,sandwich,19,28.18807551836341,29.6199542587269,0.9516583068340959
2024-07-23,americano,45,36.62589202277995,35.44287399174512,1.0333781631622303
2024-07-23,cappuccino,66,54.938838034169926,53.16431098761767,1.0333781631622303
2024-07-23,cold_coffee,31,37.75995951233586,36.540311048171354,1.0333781631622303
2024-07-23,croissant,30,27.949764749949228,27.04698603696098,1.0333781631622303
2024-07-23,espresso,63,54.52398165203486,52.76285448609303,1.0333781631622303
2024-07-23,hot_chocolate,34,29.87061029059644,28.905788176508086,1.0333781631622303
2024-07-23,iced_latte,24,28.31996963425191,27.405233286128524,1.0333781631622303
2024-07-23,latte,55,61.04315337129991,59.071456652908516,1.0333781631622303
2024-07-23,masala_chai,55,59.50273299202979,57.58079192417427,1.0333781631622303
2024-07-23,sandwich,22,32.22443465288264,31.18358390143737,1.0333781631622303
2024-07-24,americano,34,37.37319251243299,35.44819854278421,1.0543044230393093
2024-07-24,cappuccino,29,56.0597887686495,53.172297814176325,1.0543044230393093
2024-07-24,cold_coffee,56,49.652576127599616,47.0951036935452,1.0543044230393093
2024-07-24,croissant,20,28.520040905143855,27.051049281314167,1.0543044230393093
2024-07-24,espresso,52,55.63646781786141,52.77078100220303,1.0543044230393093
2024-07-24,hot_chocolate,48,39.278451846516575,37.25532302452657,1.0543044230393093
2024-07-24,iced_latte,42,28.897799306262975,27.409350349643304,1.0543044230393093
2024-07-24,latte,72,62.28865418738832,59.08033090464035,1.0543044230393093
2024-07-24,masala_chai,33,60.71680366839673,57.58944223468645,1.0543044230393093
2024-07-24,sandwich,27,32.881929514165854,31.188268583162216,1.0543044230393093
2024-07-25,americano,29,36.10750678520995,36.82517953079475,0.980511357860872
2024-07-25,cappuccino,45,54.16126017781493,55.237769296192134,0.980511357860872
2024-07-25,cold_coffee,35,36.34274636737565,37.06509473450939,0.980511357860872
2024-07-25,croissant,37,27.34829393775338,27.891868583162214,0.980511357860872
2024-07-25,espresso,64,53.75227547312807,54.82065561218636,0.980511357860872
2024-07-25,hot_chocolate,27,29.5363122135372,30.123375906603428,0.980511357860872
2024-07-25,iced_latte,18,27.25705977553174,27.79882105088204,0.980511357860872
2024-07-25,latte,38,60.179177975349916,61.375299217991255,0.980511357860872
2024-07-25,masala_chai,54,58.74861683038514,59.91630424205772,0.980511357860872
2024-07-25,sandwich,31,31.530974187056835,32.15768377823408,0.980511357860872
2024-07-26,americano,30,34.2772326511017,38.680432187369775,0.8861646758511184
2024-07-26,cappuccino,71,66.2575373410471,74.76887665084362,0.8861646758511184
2024-07-26,cold_coffee,40,34.2256447341358,38.62221736751549,0.8861646758511184
2024-07-26,croissant,23,25.897196583041776,29.223909831622176,0.8861646758511184
2024-07-26,espresso,66,51.02759553238439,57.582520408382166,0.8861646758511184
2024-07-26,hot_chocolate,34,28.067182285756907,31.672648493689657,0.8861646758511184
2024-07-26,iced_latte,31,25.669233550601856,28.966663025636624,0.8861646758511184
2024-07-26,latte,95,73.61948593449677,83.07652961204846,0.8861646758511184
2024-07-26,masala_chai,45,55.79856678483752,62.966363143786666,0.8861646758511184
2024-07-26,sandwich,41,29.85794429574229,33.69344898234087,0.8861646758511184
2024-07-27,americano,46,36.5321458572965,41.83545152993213,0.8732341715293486
2024-07-27,cappuccino,68,54.79821878594475,62.75317729489819,0.8732341715293486
2024-07-27,cold_coffee,21,43.2626099288858,49.54296492213233,0.8732341715293486
2024-07-27,croissant,35,31.67248312319855,36.2703203285421,0.8732341715293486
2024-07-27,espresso,43,54.384424253580534,62.279312957180494,0.8732341715293486
2024-07-27,hot_chocolate,34,29.734625912781606,34.05114788477131,0.8732341715293486
2024-07-27,iced_latte,35,32.446957446664356,37.15722369159925,0.8732341715293486
2024-07-27,latte,56,60.88690976216082,69.72575254988686,0.8732341715293486
2024-07-27,masala_chai,39,59.29111141430868,67.89829503633432,0.8732341715293486
2024-07-27,sandwich,36,32.303066497597065,36.99244435318275,0.8732341715293486
2024-07-28,americano,40,39.825211292592265,39.50298428949589,1.0081570293711215
2024-07-28,cappuccino,51,59.73781693888838,59.25447643424383,1.0081570293711215
2024-07-28,cold_coffee,62,53.544637280749455,53.111405982211004,1.0081570293711215
2024-07-28,croissant,33,34.778939558551826,34.49754209445585,1.0081570293711215
2024-07-28,espresso,59,53.10028172345635,52.67064571932786,1.0081570293711215
2024-07-28,hot_chocolate,26,26.736643846654278,26.52031684323258,1.0081570293711215
2024-07-28,iced_latte,41,40.15847796056208,39.833554486658244,1.0081570293711215
2024-07-28,latte,91,85.53524762154693,84.84317931592759,1.0081570293711215
2024-07-28,masala_chai,37,68.6681164026959,68.1125205718502,1.0081570293711215
2024-07-28,sandwich,41,36.919181992924244,36.62046776180698,1.0081570293711215
2024-07-29,americano,42,47.1513818257858,45.51735542653266,1.0358989748842184
2024-07-29,cappuccino,51,54.88420844521467,52.98220171648401,1.0358989748842184
2024-07-29,cold_coffee,54,41.523287037552045,40.08430169765644,1.0358989748842184
2024-07-29,croissant,24,28.77232296746392,27.775221006160162,1.0358989748842184
2024-07-29,espresso,73,54.46976458424756,52.58212036587409,1.0358989748842184
2024-07-29,hot_chocolate,38,29.48495690412879,28.463158685357612,1.0358989748842184
2024-07-29,iced_latte,38,31.142465278164032,30.06322627324233,1.0358989748842184
2024-07-29,latte,79,78.58563637630965,75.86225904422109,1.0358989748842184
2024-07-29,masala_chai,63,59.087971654367585,57.040283934031116,1.0358989748842184
2024-07-29,sandwich,25,33.17279589189958,32.0231959835729,1.0358989748842184
2024-07-30,americano,41,43.74951492568364,41.49094048434409,1.054435363840253
2024-07-30,cappuccino,85,65.62427238852543,62.2364107265161,1.054435363840253
2024-07-30,cold_coffee,29,31.72085565825513,30.083262327932353,1.054435363840253
2024-07-30,croissant,34,29.908235745602344,28.364219155811092,1.054435363840253
2024-07-30,espresso,53,65.12872772108241,61.76644861747013,1.054435363840253
2024-07-30,hot_chocolate,51,48.04811598088439,45.56762569674558,1.054435363840253
2024-07-30,iced_latte,21,23.79064174369135,22.562446745949266,1.054435363840253
2024-07-30,latte,72,72.91585820947272,69.1515674739068,1.054435363840253
2024-07-30,masala_chai,71,72.65682628491771,68.90590810640265,1.054435363840253
2024-07-30,sandwich,46,34.48243650669447,32.702276203170435,1.054435363840253
2024-07-31,americano,41,36.57331228186783,40.40863811408335,0.9050864861768547
2024-07-31,cappuccino,44,54.85996842280174,60.61295717112503,0.9050864861768547
2024-07-31,cold_coffee,25,35.08636692171188,38.765761568177886,0.9050864861768547
2024-07-31,croissant,26,27.28868539654051,30.15036221765914,0.9050864861768547
2024-07-31,espresso,41,54.445707604075075,60.15525415041534,0.9050864861768547
2024-07-31,hot_chocolate,33,30.097389570746067,33.253606180641846,0.9050864861768547
2024-07-31,iced_latte,30,26.314775191283907,29.07432117613341,0.9050864861768547
2024-07-31,latte,50,60.95552046977971,67.34773019013892,0.9050864861768547
2024-07-31,masala_chai,63,59.68529190706977,65.94429683640996,0.9050864861768547
2024-07-31,sandwich,25,31.462249045423174,34.7615940862423,0.9050864861768547
2024-08-01,americano,49,48.944307789167574,48.99542399981003,0.9989567145976194
2024-08-01,cappuccino,55,56.97117426659106,57.030673535778874,0.9989567145976194
2024-08-01,cold_coffee,54,39.79436087850911,39.83592111349721,0.9989567145976194
2024-08-01,croissant,36,29.5119205400524,29.54274205158111,0.9989567145976194
2024-08-01,espresso,36,56.54097122466426,56.60002120055724,0.9989567145976194
2024-08-01,hot_chocolate,33,30.759532867282818,30.791657353915266,0.9989567145976194
2024-08-01,iced_latte,41,29.845770658881836,29.87694083512291,0.9989567145976194
2024-08-01,latte,73,63.30130474065674,63.36741503975431,0.9989567145976194
2024-08-01,masala_chai,84,61.488313890300084,61.55253074710813,0.9989567145976194
2024-08-01,sandwich,33,33.68862216569755,33.72380571991786,0.9989567145976194
2024-08-02,americano,40,41.34889384911661,42.213294346175545,0.979523026798849
2024-08-02,cappuccino,68,62.023340773674896,63.3199415192633,0.979523026798849
2024-08-02,cold_coffee,40,39.673782090026755,40.50316429995883,0.979523026798849
2024-08-02,croissant,23,31.257508546947186,31.910948177603288,0.979523026798849
2024-08-02,espresso,84,79.32343763801437,80.9816976914254,0.979523026798849
2024-08-02,hot_chocolate,29,33.85766152099994,34.56545746724218,0.979523026798849
2024-08-02,iced_latte,31,38.34450588597947,39.146099516712795,0.979523026798849
2024-08-02,latte,71,68.91482308186103,70.35549057695926,0.979523026798849
2024-08-02,masala_chai,69,67.31024754546324,68.71737131636193,0.979523026798849
2024-08-02,sandwich,29,35.681256116491845,36.42717439027516,0.979523026798849
2024-08-03,americano,43,47.013178682714646,45.656468949781434,1.0297156079771628
2024-08-03,cappuccino,37,70.51976802407198,68.48470342467216,1.0297156079771628
2024-08-03,cold_coffee,74,53.49965367929543,51.95575677870268,1.0297156079771628
2024-08-03,croissant,56,40.782139680644725,39.605245724846,1.0297156079771628
2024-08-03,espresso,77,69.98725629141985,67.96755895436718,1.0297156079771628
2024-08-03,hot_chocolate,38,38.26545767560147,37.161190312315945,1.0297156079771628
2024-08-03,iced_latte,39,40.12474025947158,38.96681758402702,1.0297156079771628
2024-08-03,latte,83,78.35529780452441,76.0941149163024,1.0297156079771628
2024-08-03,masala_chai,76,76.30166665013742,74.09974759927078,1.0297156079771628
2024-08-03,sandwich,43,41.18226909196415,39.99382817248459,1.0297156079771628
2024-08-04,americano,44,39.498814665089185,41.44363177313693,0.9530731978632156
2024-08-04,cappuccino,51,59.24822199763378,62.16544765970539,0.9530731978632156
2024-08-04,cold_coffee,53,47.91927784419294,50.278696276033855,0.9530731978632156
2024-08-04,croissant,29,34.955888418707936,36.677023860369616,0.9530731978632156
2024-08-04,espresso,76,58.800824420521124,61.696021409847866,0.9530731978632156
2024-08-04,hot_chocolate,20,31.893119725525548,33.463452541766706,0.9530731978632156
2024-08-04,iced_latte,45,35.939458383144704,37.70902220702539,0.9530731978632156
2024-08-04,latte,52,65.83135777514865,69.07271962189489,0.9530731978632156
2024-08-04,masala_chai,67,63.850057594255574,66.99386546322677,0.9530731978632156
2024-08-04,sandwich,22,35.298854216104864,37.03687638603696,0.9530731978632156
2024-08-05,americano,39,33.9205512694255,33.631722268123326,1.008587993175001
2024-08-05,cappuccino,47,50.88082690413823,50.447583402184975,1.008587993175001
2024-08-05,cold_coffee,23,34.976134638207526,34.678317484331565,1.008587993175001
2024-08-05,croissant,13,26.225573263682048,26.002265980903488,1.008587993175001
2024-08-05,espresso,51,50.496613540245065,50.06664156419652,1.008587993175001
2024-08-05,hot_chocolate,27,27.52626676251741,27.29188424687235,1.008587993175001
2024-08-05,iced_latte,24,26.23210097865565,26.008738113248683,1.008587993175001
2024-08-05,latte,56,72.85341767488293,72.23308047277345,1.008587993175001
2024-08-05,masala_chai,55,54.97001662789204,54.50195421705178,1.008587993175001
2024-08-05,sandwich,46,29.937171576480385,29.68226052566735,1.008587993175001
2024-08-06,americano,20,39.04156045205757,36.3776199362265,1.073230203638974
2024-08-06,cappuccino,52,58.56234067808636,54.566429904339756,1.073230203638974
2024-08-06,cold_coffee,33,33.49082865766203,31.205633743912102,1.073230203638974
2024-08-06,croissant,22,28.49819300644384,26.553662867310063,1.073230203638974
2024-08-06,espresso,58,58.12012235581385,54.154385665579895,1.073230203638974
2024-08-06,hot_chocolate,36,32.41905516524918,30.20699105869992,1.073230203638974
2024-08-06,iced_latte,35,32.36871326449293,30.16008415970886,1.073230203638974
2024-08-06,latte,61,65.06926742009595,60.629366560377505,1.073230203638974
2024-08-06,masala_chai,67,64.00067005192997,59.63368328148476,1.073230203638974
2024-08-06,sandwich,41,32.5314259130052,30.31169436221766,1.073230203638974
2024-08-07,americano,48,39.84122391276625,39.05699799191466,1.0200790117308538
2024-08-07,cappuccino,62,59.76183586914937,58.58549698787199,1.0200790117308538
2024-08-07,cold_coffee,45,33.10045576224635,32.44891364452448,1.0200790117308538
2024-08-07,croissant,24,28.79253360160417,28.22578767967146,1.0200790117308538
2024-08-07,espresso,61,59.31055987013746,58.143103806733805,1.0200790117308538
2024-08-07,hot_chocolate,25,33.215671374730796,32.56186137814068,1.0200790117308538
2024-08-07,iced_latte,24,24.82534182168476,24.336685233393357,1.0200790117308538
2024-08-07,latte,61,66.40203985461044,65.09499665319112,1.0200790117308538
2024-08-07,masala_chai,54,65.44230890635797,64.15415683861244,1.0200790117308538
2024-08-07,sandwich,22,32.867423330893516,32.220468172484594,1.0200790117308538
2024-08-08,americano,36,36.113481313897935,35.95300750915261,1.0044634320148174
2024-08-08,cappuccino,38,54.1702219708469,53.92951126372892,1.0044634320148174
2024-08-08,cold_coffee,23,35.49213553871286,35.3344227450077,1.0044634320148174
2024-08-08,croissant,24,27.50534061129481,27.383117926078032,1.0044634320148174
2024-08-08,espresso,69,53.761169593505,53.522276550842065,1.0044634320148174
2024-08-08,hot_chocolate,37,29.482176083652526,29.3511691356601,1.0044634320148174
2024-08-08,iced_latte,16,34.30296604901372,34.15053744685023,1.0044634320148174
2024-08-08,latte,52,60.18913552316322,59.92167918192102,1.0044634320148174
2024-08-08,masala_chai,53,58.69960870210333,58.43877121973458,1.0044634320148174
2024-08-08,sandwich,27,31.398059171891568,31.25853880903491,1.0044634320148174
2024-08-09,americano,46,38.96361456828414,37.9710352019384,1.026140434704163
2024-08-09,cappuccino,73,58.44542185242623,56.956552802907616,1.026140434704163
2024-08-09,cold_coffee,25,41.15202554893633,40.103697463983565,1.026140434704163
2024-08-09,croissant,57,39.11261152194912,38.11623652977413,1.026140434704163
2024-08-09,espresso,43,58.00408641233237,56.52646017117042,1.026140434704163
2024-08-09,hot_chocolate,24,31.52396000670238,30.720902266940453,1.026140434704163
2024-08-09,iced_latte,28,30.864019161702256,30.07777309798768,1.026140434704163
2024-08-09,latte,66,64.9393576138069,63.28505866989734,1.026140434704163
2024-08-09,masala_chai,83,63.04792001340476,61.441804533880905,1.026140434704163
2024-08-09,sandwich,38,34.64689436250655,33.76428137002054,1.026140434704163
2024-08-10,americano,63,42.52797308548021,43.173789278794835,0.9850414753001118
2024-08-10,cappuccino,56,63.791959628220326,64.76068391819226,0.9850414753001118
2024-08-10,cold_coffee,30,45.39533154483077,46.08469052635597,0.9850414753001118
2024-08-10,croissant,40,36.160896304441486,36.71002410677619,0.9850414753001118
2024-08-10,espresso,80,63.31025119521327,64.27166041503439,0.9850414753001118
2024-08-10,hot_chocolate,34,34.89284139786663,35.42271292407851,0.9850414753001118
2024-08-10,iced_latte,25,34.04649865862308,34.56351789476698,0.9850414753001118
2024-08-10,latte,69,70.87995514246704,71.95631546465808,0.9850414753001118
2024-08-10,masala_chai,62,69.29888878294848,70.35123953723395,0.9850414753001118
2024-08-10,sandwich,36,36.5156849022047,37.07020041067762,0.9850414753001118
2024-08-11,americano,21,37.97889017613351,41.7994588883434,0.9085976514094222
2024-08-11,cappuccino,70,56.968335264200284,62.69918833251512,0.9085976514094222
2024-08-11,cold_coffee,58,44.98268798801957,49.507818909989645,0.9085976514094222
2024-08-11,croissant,39,33.359639010996936,36.71552414784395,0.9085976514094222
2024-08-11,espresso,52,56.5381536602635,62.225731678440034,0.9085976514094222
2024-08-11,hot_chocolate,20,30.75800005023151,33.85216768117275,0.9085976514094222
2024-08-11,iced_latte,40,33.73701599101468,37.13086418249223,0.9085976514094222
2024-08-11,latte,61,63.298150293555864,69.66576481390568,0.9085976514094222
2024-08-11,masala_chai,67,61.48524978863137,67.67049165629592,0.9085976514094222
2024-08-11,sandwich,49,33.68694338550561,37.075754414784384,0.9085976514094222
2024-08-12,americano,43,29.33168157448214,32.67200974462717,0.8977617784686681
2024-08-12,cappuccino,38,43.997522361723206,49.00801461694075,0.8977617784686681
2024-08-12,cold_coffee,25,33.2918663320172,37.08318523963435,0.8977617784686681
2024-08-12,croissant,29,30.113841715266283,33.54324324948665,0.8977617784686681
2024-08-12,espresso,28,43.66528648628408,48.6379433091537,0.8977617784686681
2024-08-12,hot_chocolate,20,23.51851198836601,26.196829217303115,0.8977617784686681
2024-08-12,iced_latte,18,24.9688997490129,27.812388929725763,0.8977617784686681
2024-08-12,latte,42,48.88613595747024,54.45334957437861,0.8977617784686681
2024-08-12,masala_chai,50,47.24916754967427,52.62996117997829,0.8977617784686681
2024-08-12,sandwich,32,26.675567091002566,29.713413659137576,0.8977617784686681
2024-08-13,americano,39,40.69000848242388,41.48298566855471,0.9808842788591292
2024-08-13,cappuccino,63,61.03501272363581,62.224478502832056,0.9808842788591292
2024-08-13,cold_coffee,41,45.45066577686327,46.336419857526046,0.9808842788591292
2024-08-13,croissant,40,32.25575642519628,32.88436477207392,0.9808842788591292
2024-08-13,espresso,54,60.57412265991904,61.75460649687756,0.9808842788591292
2024-08-13,hot_chocolate,38,32.69107848398671,33.32817049734944,0.9808842788591292
2024-08-13,iced_latte,31,34.08799933264745,34.75231489314453,0.9808842788591292
2024-08-13,latte,45,67.81668080403979,69.13830944759118,0.9808842788591292
2024-08-13,masala_chai,35,65.61139545069187,66.89004693500111,0.9808842788591292
2024-08-13,sandwich,29,36.820781941400526,37.53835466119096,0.9808842788591292
2024-08-14,americano,49,38.52830796686454,42.98676648644688,0.8962829986063727
2024-08-14,cappuccino,30,57.792461950296804,64.48014972967032,0.8962829986063727
2024-08-14,cold_coffee,41,42.352952765101804,47.25399548017341,0.8962829986063727
2024-08-14,croissant,35,30.389805100187328,33.90648394250513,0.8962829986063727
2024-08-14,espresso,67,57.3560571675006,63.99324460765554,0.8962829986063727
2024-08-14,hot_chocolate,21,31.016300347256518,34.60547661339516,0.8962829986063727
2024-08-14,iced_latte,25,31.764714573826353,35.440496610130054,0.8962829986063727
2024-08-14,latte,64,64.21384661144089,71.6446108107448,0.8962829986063727
2024-08-14,masala_chai,75,62.187876209770735,69.38419707443569,0.8962829986063727
2024-08-14,sandwich,47,34.69075014348699,38.70513018480492,0.8962829986063727
2024-08-15,americano,21,30.595977494756802,30.225971822454312,1.0122413159939367
2024-08-15,cappuccino,46,45.893966242135214,45.338957733681475,1.0122413159939367
2024-08-15,cold_coffee,43,34.45015320059141,34.03353790865988,1.0122413159939367
2024-08-15,croissant,28,24.31473381742027,24.02068897330596,1.0122413159939367
2024-08-15,espresso,41,45.54740986274474,44.99659235705172,1.0122413159939367
2024-08-15,hot_chocolate,22,24.556784903264727,24.25981286799384,1.0122413159939367
2024-08-15,iced_latte,19,25.83761490044356,25.52515343149491,1.0122413159939367
2024-08-15,latte,66,50.99329582459468,50.37661970409053,1.0122413159939367
2024-08-15,masala_chai,49,49.31041751871639,48.714092913998144,1.0122413159939367
2024-08-15,sandwich,28,27.755898824777933,27.420239014373713,1.0122413159939367
2024-08-16,americano,37,39.13694017378285,37.351460454197195,1.0478021394042978
2024-08-16,cappuccino,61,58.70541026067427,56.02719068129579,1.0478021394042978
2024-08-16,cold_coffee,61,43.71589128903852,41.72151367613366,1.0478021394042978
2024-08-16,croissant,36,31.024609149892676,29.609224855687884,1.0478021394042978
2024-08-16,espresso,47,75.08004070304986,71.65478851354014,1.0478021394042978
2024-08-16,hot_chocolate,46,31.443315707267036,30.00882945814881,1.0478021394042978
2024-08-16,iced_latte,44,32.786918466778886,31.291135257100244,1.0478021394042978
2024-08-16,latte,57,65.2282336229714,62.252434090328656,1.0478021394042978
2024-08-16,masala_chai,61,63.107120254873216,60.228088759917235,1.0478021394042978
2024-08-16,sandwich,31,35.415395418631135,33.79969756386038,1.0478021394042978
2024-08-17,americano,39,36.040087517620826,39.579946643180584,0.9105643280049833
2024-08-17,cappuccino,68,54.06013127643124,59.36991996477088,0.9105643280049833
2024-08-17,cold_coffee,53,46.24156559296348,50.783414384656645,0.9105643280049833
2024-08-17,croissant,35,32.4580385576187,35.646068662423005,0.9105643280049833
2024-08-17,espresso,53,53.6519102204064,58.92160341703258,0.9105643280049833
2024-08-17,hot_chocolate,30,37.23891292212034,40.896520736442184,0.9105643280049833
2024-08-17,iced_latte,38,44.69223478701367,49.0819082325934,0.9105643280049833
2024-08-17,latte,93,77.40568624918565,85.00847646731228,0.9105643280049833
2024-08-17,masala_chai,54,58.055455474003296,63.75766509676576,0.9105643280049833
2024-08-17,sandwich,27,32.77649697991691,35.9958060862423,0.9105643280049833
2024-08-18,americano,44,40.317012710007106,39.522599721130064,1.020100220999691
2024-08-18,cappuccino,69,60.475519065010666,59.2838995816951,1.020100220999691
2024-08-18,cold_coffee,75,59.6766051505171,58.500727597171235,1.020100220999691
2024-08-18,croissant,40,36.757635734408055,36.03335728952772,1.020100220999691
2024-08-18,espresso,79,53.75601694667614,52.69679962817342,1.020100220999691
2024-08-18,hot_chocolate,14,26.61056782053709,26.08622885549316,1.020100220999691
2024-08-18,iced_latte,52,44.75745386288782,43.87554569787842,1.020100220999691
2024-08-18,latte,65,67.19502118334518,65.87099953521678,1.020100220999691
2024-08-18,masala_chai,52,53.48790769363608,52.43397324354886,1.020100220999691
2024-08-18,sandwich,38,38.6333109775195,37.87207392197124,1.020100220999691
2024-08-19,americano,31,31.878365137158994,34.485048455852166,0.9244112032485541
2024-08-19,cappuccino,45,47.81754770573848,51.727572683778234,0.9244112032485541
2024-08-19,cold_coffee,37,33.66882952513661,36.42191852156058,0.9244112032485541
2024-08-19,croissant,26,24.832208030352046,26.862729425051338,0.9244112032485541
2024-08-19,espresso,38,47.45646589997778,51.33696533880904,0.9244112032485541
2024-08-19,hot_chocolate,37,25.791557554335753,27.90052464065709,0.9244112032485541
2024-08-19,iced_latte,20,25.25162214385246,27.316438891170435,0.9244112032485541
2024-08-19,latte,54,53.13060856193164,57.475080759753595,0.9244112032485541
2024-08-19,masala_chai,65,51.58311510867151,55.80104928131418,0.9244112032485541
2024-08-19,sandwich,22,28.346609050372752,30.664501848049287,0.9244112032485541
2024-08-20,americano,33,32.85744129058427,34.60539344832821,0.9494890251615278
2024-08-20,cappuccino,37,49.2861619358764,51.90809017249231,0.9494890251615278
2024-08-20,cold_coffee,41,36.701702409974345,38.65416180427217,0.9494890251615278
2024-08-20,croissant,31,26.04672897726413,27.432364447638605,0.9494890251615278
2024-08-20,espresso,51,48.91399027077271,51.51611969654038,0.9494890251615278
2024-08-20,hot_chocolate,23,26.398254315367257,27.802590252031997,0.9494890251615278
2024-08-20,iced_latte,34,27.52627680748076,28.990621353204126,0.9494890251615278
2024-08-20,latte,52,54.762402150973784,57.67565574721368,0.9494890251615278
2024-08-20,masala_chai,51,52.98162016716284,55.80013961525207,0.9494890251615278
2024-08-20,sandwich,26,29.73301618837373,31.314754989733057,0.9494890251615278
2024-08-21,americano,40,34.9812785502692,35.753892293517765,0.9783907794735781
2024-08-21,cappuccino,55,52.47191782540381,53.63083844027665,0.9783907794735781
2024-08-21,cold_coffee,35,35.21449960590317,35.99226438422722,0.9783907794735781
2024-08-21,croissant,25,26.843587629946406,27.436468324435317,0.9783907794735781
2024-08-21,espresso,34,52.075689751209815,53.22585907772871,0.9783907794735781
2024-08-21,hot_chocolate,31,28.47232778786571,29.10118163949297,0.9783907794735781
2024-08-21,iced_latte,35,26.41087470442737,26.994198288170406,0.9783907794735781
2024-08-21,latte,88,75.13161200659194,76.79100578504675,0.9783907794735781
2024-08-21,masala_chai,60,56.77407760389543,58.02801783806941,0.9783907794735781
2024-08-21,sandwich,51,30.6426509928334,31.3194396714579,0.9783907794735781
2024-08-22,americano,29,30.77382782900544,35.791452576649114,0.859809412962545
2024-08-22,cappuccino,55,46.160741743508154,53.68717886497366,0.859809412962545
2024-08-22,cold_coffee,38,35.453741818922275,41.23441926131449,0.859809412962545
2024-08-22,croissant,28,23.846434481198347,27.734558521560576,0.859809412962545
2024-08-22,espresso,35,41.03177043867392,47.721936768865476,0.859809412962545
2024-08-22,hot_chocolate,15,20.63935055626799,24.00456455245516,0.859809412962545
2024-08-22,iced_latte,26,26.5903063641917,30.925814445985868,0.859809412962545
2024-08-22,latte,51,51.289713048342406,59.65242096108186,0.859809412962545
2024-08-22,masala_chai,44,41.15505057773844,47.865317542797406,0.859809412962545
2024-08-22,sandwich,18,28.332397403403974,32.95195071868583,0.859809412962545
2024-08-23,americano,39,35.48050940782827,38.6605497995735,0.917744563690082
2024-08-23,cappuccino,98,53.220764111742405,57.99082469936025,0.917744563690082
2024-08-23,cold_coffee,37,40.876189570520516,44.53983296415822,0.917744563690082
2024-08-23,croissant,31,27.493610728394795,29.957802874743326,0.917744563690082
2024-08-23,espresso,37,47.30734587710435,51.54739973276467,0.917744563690082
2024-08-23,hot_chocolate,20,23.796021595107447,25.928806921424872,0.917744563690082
2024-08-23,iced_latte,37,30.65714217789039,33.40487472311867,0.917744563690082
2024-08-23,latte,59,59.13418234638044,64.43424966595583,0.917744563690082
2024-08-23,masala_chai,37,47.44948101083492,51.70227412739913,0.917744563690082
2024-08-23,sandwich,32,32.66567611294432,35.59342915811089,0.917744563690082
2024-08-24,americano,45,42.640600542595095,46.765188931696194,0.9118021655996013
2024-08-24,cappuccino,71,63.960900813892636,70.14778339754429,0.9118021655996013
2024-08-24,cold_coffee,40,48.13714307731816,52.79340726906825,0.9118021655996013
2024-08-24,croissant,39,36.896737647838975,40.46572714989734,0.9118021655996013
2024-08-24,espresso,65,63.47791666535192,69.61808061029207,0.9118021655996013
2024-08-24,hot_chocolate,24,34.74120702508039,38.10169391540606,0.9118021655996013
2024-08-24,iced_latte,44,36.10285730798862,39.59505545180119,0.9118021655996013
2024-08-24,latte,76,71.06766757099182,77.94198155282699,0.9118021655996013
2024-08-24,masala_chai,67,69.23965068469568,75.93714217509417,0.9118021655996013
2024-08-24,sandwich,41,37.258745870807324,40.86275211498973,0.9118021655996013
2024-08-25,americano,32,44.56825738377264,45.59642852327951,0.9774506211822723
2024-08-25,cappuccino,81,66.85238607565896,68.39464278491927,0.9774506211822723
2024-08-25,cold_coffee,36,49.514675900378336,50.656958855361935,0.9774506211822723
2024-08-25,croissant,41,38.37238884688332,39.257623879219715,0.9774506211822723
2024-08-25,espresso,52,66.34756762632821,67.87817838417016,0.9774506211822723
2024-08-25,hot_chocolate,23,36.38445157111628,37.22382571828292,0.9774506211822723
2024-08-25,iced_latte,41,37.136006925283745,37.99271914152145,0.9774506211822723
2024-08-25,latte,58,74.28042897295443,75.99404753879921,0.9774506211822723
2024-08-25,masala_chai,80,72.44217875930133,74.11338965816924,0.9774506211822723
2024-08-25,sandwich,48,49.93411759906821,51.08607689938398,0.9774506211822723
2024-08-26,americano,38,36.640551952118535,35.89469614050886,1.0207789977853563
2024-08-26,cappuccino,59,54.96082792817782,53.84204421076331,1.0207789977853563
2024-08-26,cold_coffee,56,39.32264267601503,38.52219017174918,1.0207789977853563
2024-08-26,croissant,42,28.684862784886032,28.10095314178645,1.0207789977853563
2024-08-26,espresso,41,54.54580549506319,53.43546998263456,1.0207789977853563
2024-08-26,hot_chocolate,36,29.585229838582976,28.982992305650857,1.0207789977853563
2024-08-26,iced_latte,23,29.491982007011263,28.891642628811876,1.0207789977853563
2024-08-26,latte,65,61.06758658686425,59.8244935675148,1.0207789977853563
2024-08-26,masala_chai,70,59.22965973193716,58.023979588568736,1.0207789977853563
2024-08-26,sandwich,38,32.74451430307316,32.07796631211499,1.0207789977853563
2024-08-27,americano,64,37.05938884840779,36.417746634618354,1.0176189433197798
2024-08-27,cappuccino,53,55.58908327261168,54.62661995192752,1.0176189433197798
2024-08-27,cold_coffee,31,35.274722411802664,34.66397971791473,1.0176189433197798
2024-08-27,croissant,18,27.9449270013548,27.461091585215605,1.0176189433197798
2024-08-27,espresso,59,55.16931673225755,54.21412120363897,1.0176189433197798
2024-08-27,hot_chocolate,29,30.37565213262524,29.849731406857174,1.0176189433197798
2024-08-27,iced_latte,26,26.456041808851992,25.997984788436042,1.0176189433197798
2024-08-27,latte,63,61.76564808067965,60.69624439103058,1.0176189433197798
2024-08-27,masala_chai,62,60.357701382703794,59.312674728517514,1.0176189433197798
2024-08-27,sandwich,18,31.899858429036346,31.34754776180698,1.0176189433197798
2024-08-28,americano,47,31.94439233389148,36.42318902371417,0.8770344714487611
2024-08-28,cappuccino,67,47.91658850083721,54.63478353557125,0.8770344714487611
2024-08-28,cold_coffee,32,30.40604843218161,34.66916001825365,0.8770344714487611
2024-08-28,croissant,14,24.087923185262888,27.46519546201232,0.8770344714487611
2024-08-28,espresso,66,47.55475881420737,54.222223142098755,0.8770344714487611
2024-08-28,hot_chocolate,9,33.74118005211998,38.471897229288366,0.8770344714487611
2024-08-28,iced_latte,18,22.80453632413621,26.001870013690237,0.8770344714487611
2024-08-28,latte,40,53.240653889819114,60.705315039523605,0.8770344714487611
2024-08-28,masala_chai,55,52.02703426189372,59.321538611761724,0.8770344714487611
2024-08-28,sandwich,31,27.496988609851634,31.352232443531825,0.8770344714487611
2024-08-29,americano,23,37.8026934502478,40.055872474761244,0.943749096317072
2024-08-29,cappuccino,96,56.704040175371716,60.083808712141874,0.943749096317072
2024-08-29,cold_coffee,45,37.4506944798093,39.68289307609251,0.943749096317072
2024-08-29,croissant,27,28.863975816145675,30.584374521560576,0.943749096317072
2024-08-29,espresso,54,56.27585432722974,59.63010141873842,0.943749096317072
2024-08-29,hot_chocolate,37,30.83036239185439,32.66796494128381,0.943749096317072
2024-08-29,iced_latte,31,28.088020859856982,29.762169807069387,0.943749096317072
2024-08-29,latte,48,63.00448908374635,66.75978745793542,0.943749096317072
2024-08-29,masala_chai,56,61.41457451331502,65.0751081542562,0.943749096317072
2024-08-29,sandwich,21,32.94897647038178,34.91285618069815,0.943749096317072
2024-08-30,americano,58,44.31992157083126,44.696076333660066,0.9915841659115494
2024-08-30,cappuccino,86,66.47988235624688,67.04411450049008,0.9915841659115494
2024-08-30,cold_coffee,29,39.57031323826232,39.906156833278885,0.9915841659115494
2024-08-30,croissant,30,32.75803329544795,33.03605928936345,0.9915841659115494
2024-08-30,espresso,60,65.97787677211124,66.53784826370105,0.9915841659115494
2024-08-30,hot_chocolate,26,36.618512326034505,36.92930321489313,0.9915841659115494
2024-08-30,iced_latte,30,29.677734928696747,29.92961762495917,0.9915841659115494
2024-08-30,latte,82,73.8665359513854,74.49346055610008,0.9915841659115494
2024-08-30,masala_chai,82,72.47205899105174,73.08714830518616,0.9915841659115494
2024-08-30,sandwich,42,37.39414400645195,37.71151788418892,0.9915841659115494
2024-08-31,americano,39,43.39988866607937,48.660946037135524,0.8918833726117616
2024-08-31,cappuccino,63,65.09983299911907,72.9914190557033,0.8918833726117616
2024-08-31,cold_coffee,27,37.029100239922506,41.517872601983505,0.8918833726117616
2024-08-31,croissant,26,34.407451301935865,38.57841995773307,0.8918833726117616
2024-08-31,espresso,45,64.60824849966508,72.44024329152862,0.8918833726117616
2024-08-31,hot_chocolate,63,47.18987116347631,52.910360942470604,0.8918833726117616
2024-08-31,iced_latte,35,27.77182517994188,31.13840445148763,0.8918833726117616
2024-08-31,latte,88,93.21281929999867,104.51234114505056,0.8918833726117616
2024-08-31,masala_chai,86,71.71670444079919,80.41040638619192,0.8918833726117616
2024-08-31,sandwich,42,34.74503616977887,38.956927818973305,0.8918833726117616
2024-09-01,americano,49,45.33090947763491,44.086677421946916,1.0282224047818265
2024-09-01,cappuccino,51,67.99636421645238,66.13001613292039,1.0282224047818265
2024-09-01,cold_coffee,46,50.3874454679142,49.004422811235735,1.0282224047818265
2024-09-01,croissant,26,40.065923367986535,38.96620340274333,1.0282224047818265
2024-09-01,espresso,71,67.48290731298401,65.63065247280123,1.0282224047818265
2024-09-01,hot_chocolate,53,47.73722672484658,46.42694664387877,1.0282224047818265
2024-09-01,iced_latte,33,37.790584100935654,36.753317108426806,1.0282224047818265
2024-09-01,latte,64,75.5515157960582,73.47779570324487,1.0282224047818265
2024-09-01,masala_chai,76,73.71865955819933,71.69524726884485,1.0282224047818265
2024-09-01,sandwich,47,40.062368588165036,38.96274619367556,1.0282224047818265
2024-09-02,americano,26,33.44649597564913,37.08493894557241,0.9018889319121375
2024-09-02,cappuccino,46,50.16974396347369,55.62740841835861,0.9018889319121375
2024-09-02,cold_coffee,51,34.229834680335294,37.95349235272574,0.9018889319121375
2024-09-02,croissant,39,26.479788884131086,29.360365724845995,0.9018889319121375
2024-09-02,espresso,48,49.79090015792426,55.207352475609405,0.9018889319121375
2024-09-02,hot_chocolate,25,27.195912001942506,30.154391566024835,0.9018889319121375
2024-09-02,iced_latte,23,25.672376010251472,28.465119264544306,0.9018889319121375
2024-09-02,latte,61,55.744159959415214,61.80823157595401,0.9018889319121375
2024-09-02,masala_chai,55,54.256014276768425,60.158199482210826,0.9018889319121375
2024-09-02,sandwich,26,29.93101857721853,33.187033921971256,0.9018889319121375
2024-09-03,americano,28,38.6095131219421,36.55197084266647,1.0562908711032866
2024-09-03,cappuccino,43,74.63179082849632,70.65458281443262,1.0562908711032866
2024-09-03,cold_coffee,45,40.15107826329659,38.011384327651285,1.0562908711032866
2024-09-03,croissant,15,30.720599757031266,29.083466114730186,1.0562908711032866
2024-09-03,espresso,82,57.47694510062576,54.413937176785026,1.0562908711032866
2024-09-03,hot_chocolate,28,31.331323283163567,29.661643530477807,1.0562908711032866
2024-09-03,iced_latte,32,30.113308697472448,28.508538245738468,1.0562908711032866
2024-09-03,latte,62,82.92421203166258,78.50509201603623,1.0562908711032866
2024-09-03,masala_chai,72,62.56872305672051,59.23436883570529,1.0562908711032866
2024-09-03,sandwich,44,34.72455335858206,32.87404474329364,1.0562908711032866
2024-09-04,americano,25,36.47329422040971,35.88580295483832,1.0163711333507222
2024-09-04,cappuccino,50,54.709941330614576,53.82870443225748,1.0163711333507222
2024-09-04,cold_coffee,34,38.234219897842934,37.618364633983894,1.0163711333507222
2024-09-04,croissant,30,29.093508072121736,28.624886242299795,1.0163711333507222
2024-09-04,espresso,39,54.29681340255166,53.42223093600525,1.0163711333507222
2024-09-04,hot_chocolate,18,29.568215051856278,29.091946909567618,1.0163711333507222
2024-09-04,iced_latte,35,28.6756649233822,28.21377347548792,1.0163711333507222
2024-09-04,latte,60,60.78882370068286,59.8096715913972,1.0163711333507222
2024-09-04,masala_chai,71,59.0773232319703,58.12573900756813,1.0163711333507222
2024-09-04,sandwich,22,32.885395514047644,32.35569609856263,1.0163711333507222
2024-09-05,americano,28,33.29426729066572,34.81442466123252,0.9563354159846402
2024-09-05,cappuccino,57,49.94140093599858,52.22163699184878,0.9563354159846402
2024-09-05,cold_coffee,20,34.901709980902645,36.49526034228058,0.9563354159846402
2024-09-05,croissant,26,26.557706258249816,27.770284164271043,0.9563354159846402
2024-09-05,espresso,51,49.564281403580026,51.827298848436754,0.9563354159846402
2024-09-05,hot_chocolate,35,26.991037587537377,28.223400635798352,0.9563354159846402
2024-09-05,iced_latte,26,26.176282485676982,27.371445256710434,0.9563354159846402
2024-09-05,latte,44,55.49044548444288,58.02404110205421,0.9563354159846402
2024-09-05,masala_chai,63,53.92812008194251,56.3903826843203,0.9563354159846402
2024-09-05,sandwich,48,38.68439596945983,40.450657084188904,0.9563354159846402
2024-09-06,americano,41,40.87056609960995,38.26907295165508,1.0679789957609191
2024-09-06,cappuccino,51,61.30584914941491,57.403609427482614,1.0679789957609191
2024-09-06,cold_coffee,50,52.20422881390665,48.88132540164043,1.0679789957609191
2024-09-06,croissant,29,32.03550695797546,29.996382967392197,1.0679789957609191
2024-09-06,espresso,62,60.8429139346944,56.97014096362891,1.0679789957609191
2024-09-06,hot_chocolate,43,33.36574549304238,31.241949163307076,1.0679789957609191
2024-09-06,iced_latte,27,30.382861169693673,28.44893138375473,1.0679789957609191
2024-09-06,latte,85,68.11761016601656,63.78178825275845,1.0679789957609191
2024-09-06,masala_chai,63,66.43187392064824,62.20335248570738,1.0679789957609191
2024-09-06,sandwich,31,36.21083831466661,33.90594614537988,1.0679789957609191
2024-09-07,americano,67,45.56418252331623,41.49410600471661,1.0980880638357884
2024-09-07,cappuccino,61,68.34627378497433,62.24115900707491,1.0980880638357884
2024-09-07,cold_coffee,56,53.13707283820816,48.390538599055795,1.0980880638357884
2024-09-07,croissant,39,40.8807376650298,37.22901560574948,1.0980880638357884
2024-09-07,espresso,44,67.83017463017949,61.77116104262019,1.0980880638357884
2024-09-07,hot_chocolate,35,37.01197755127349,33.70583723675588,1.0980880638357884
2024-09-07,iced_latte,39,39.852804628656116,36.29290394929184,1.0980880638357884
2024-09-07,latte,68,75.94030420552706,69.15684334119436,1.0980880638357884
2024-09-07,masala_chai,65,73.87605514160282,67.27698585807639,1.0980880638357884
2024-09-07,sandwich,20,40.87711059221771,37.22571252566735,1.0980880638357884
2024-09-08,americano,52,49.05477317174841,43.51912863175929,1.1272002614489236
2024-09-08,cappuccino,81,73.5821597576226,65.27869294763893,1.1272002614489236
2024-09-08,cold_coffee,44,49.140837574302935,43.595480993888714,1.1272002614489236
2024-09-08,croissant,46,41.97081715466723,37.23457010266941,1.1272002614489236
2024-09-08,espresso,68,73.0265231682986,64.78575783368696,1.1272002614489236
2024-09-08,hot_chocolate,35,40.611737857385656,36.0288577339244,1.1272002614489236
2024-09-08,iced_latte,31,36.85562818072721,32.69661074541654,1.1272002614489236
2024-09-08,latte,105,81.75795528624735,72.53188105293215,1.1272002614489236
2024-09-08,masala_chai,121,80.29475611698008,71.23379834366588,1.1272002614489236
2024-09-08,sandwich,47,41.967093366435954,37.231266529774125,1.1272002614489236
2024-09-09,americano,31,33.497730513295416,33.60902082984754,0.9966886772121226
2024-09-09,cappuccino,71,50.24659576994314,50.41353124477132,0.9966886772121226
2024-09-09,cold_coffee,54,36.84162376394129,36.964023577545255,0.9966886772121226
2024-09-09,croissant,28,27.123823076969497,27.2139372073922,0.9966886772121226
2024-09-09,espresso,50,49.86717163791551,50.03284654281511,0.9966886772121226
2024-09-09,hot_chocolate,23,26.993533346386933,27.083214612100956,0.9966886772121226
2024-09-09,iced_latte,22,27.631217822955968,27.72301768315894,0.9966886772121226
2024-09-09,latte,41,55.82955085549238,56.01503471641258,0.9966886772121226
2024-09-09,masala_chai,46,54.095148872311555,54.27487048776679,0.9966886772121226
2024-09-09,sandwich,23,30.658992636020876,30.76085174537987,0.9966886772121226
2024-09-10,americano,50,33.232009415192955,34.321697602836494,0.96825074912514
2024-09-10,cappuccino,53,49.84801412278945,51.482546404254755,0.96825074912514
2024-09-10,cold_coffee,40,36.54937719760908,37.747842932869574,0.96825074912514
2024-09-10,croissant,27,26.908663066356578,27.79100671047228,0.96825074912514
2024-09-10,espresso,75,49.47159977666265,51.09378931166597,0.96825074912514
2024-09-10,hot_chocolate,24,26.779406860426324,27.65751215232498,0.96825074912514
2024-09-10,iced_latte,26,27.412032898206814,28.31088219965218,0.96825074912514
2024-09-10,latte,74,55.38668235865494,57.20282933806083,0.96825074912514
2024-09-10,masala_chai,58,53.66603853736926,55.42576505709812,0.96825074912514
2024-09-10,sandwich,29,30.415789855858645,31.413133305954826,0.96825074912514
2024-09-11,americano,29,33.40149289547488,35.03634898564973,0.9533382861654774
2024-09-11,cappuccino,54,50.102239343212325,52.55452347847461,0.9533382861654774
2024-09-11,cold_coffee,40,37.930335174286945,39.78685816432544,0.9533382861654774
2024-09-11,croissant,22,27.317713224238165,28.654795071868584,0.9533382861654774
2024-09-11,espresso,52,49.72390528128947,52.15767162912258,0.9533382861654774
2024-09-11,hot_chocolate,27,26.808533135529476,28.120692858522347,0.9533382861654774
2024-09-11,iced_latte,24,28.447751380715204,29.84014362324407,0.9533382861654774
2024-09-11,latte,46,55.669154825791466,58.39391497608289,0.9533382861654774
2024-09-11,masala_chai,62,53.831964045161094,56.4668017915071,0.9533382861654774
2024-09-11,sandwich,35,30.878153356116957,32.389503080082136,0.9533382861654774
2024-09-12,americano,41,31.802194662182835,34.77974450900361,0.9143883921847107
2024-09-12,cappuccino,22,47.703291993274256,52.169616763505424,0.9143883921847107
2024-09-12,cold_coffee,49,36.991416446614046,40.45481850248773,0.9143883921847107
2024-09-12,croissant,27,26.20551889223136,28.65906776180698,0.9143883921847107
2024-09-12,espresso,56,47.34307295988382,51.77567143735165,0.9143883921847107
2024-09-12,hot_chocolate,19,25.448452684665934,27.831119579135283,0.9143883921847107
2024-09-12,iced_latte,33,27.743562334960533,30.3411138768658,0.9143883921847107
2024-09-12,latte,40,53.00365777030473,57.96624084833936,0.9143883921847107
2024-09-12,masala_chai,47,51.177609577828385,55.96922491060043,0.9143883921847107
2024-09-12,sandwich,29,29.621001746697495,32.39433264887063,0.9143883921847107
2024-09-13,americano,45,41.5355785248611,37.02474517459404,1.121832934406321
2024-09-13,cappuccino,57,62.303367787291656,55.53711776189106,1.121832934406321
2024-09-13,cold_coffee,53,52.70025464806329,46.97691878332357,1.121832934406321
2024-09-13,croissant,29,34.04697811292004,30.34941930184805,1.121832934406321
2024-09-13,espresso,49,55.38077136648147,49.36632689945872,1.121832934406321
2024-09-13,hot_chocolate,23,27.552279308482923,24.560055658433413,1.121832934406321
2024-09-13,iced_latte,35,39.52519098604747,35.23268908749267,1.121832934406321
2024-09-13,latte,88,69.22596420810183,61.707908624323395,1.121832934406321
2024-09-13,masala_chai,53,55.24249235884512,49.2430652235038,1.121832934406321
2024-09-13,sandwich,42,40.05526836814122,35.70519917864477,1.121832934406321
2024-09-14,americano,42,43.678728988747245,43.44284677261693,1.005429713604289
2024-09-14,cappuccino,44,65.51809348312086,65.16427015892539,1.005429713604289
2024-09-14,cold_coffee,33,54.304883081101224,54.01161547775205,1.005429713604289
2024-09-14,croissant,26,39.980757915153525,39.76484618882958,1.005429713604289
2024-09-14,espresso,102,83.7929775749163,83.34046273064001,1.005429713604289
2024-09-14,hot_chocolate,20,35.197704722640175,35.00762335386189,1.005429713604289
2024-09-14,iced_latte,33,40.728662310825925,40.508711608314044,1.005429713604289
2024-09-14,latte,63,72.79788164791208,72.40474462102821,1.005429713604289
2024-09-14,masala_chai,105,70.53634114889728,70.15541732503299,1.005429713604289
2024-09-14,sandwich,34,39.97721069148967,39.76131812156057,1.005429713604289
2024-09-15,americano,38,40.3284246424942,43.340833960928336,0.9304948926190526
2024-09-15,cappuccino,85,77.95442907698622,83.77738523375324,0.9304948926190526
2024-09-15,cold_coffee,43,50.54224212737767,54.317592206354874,0.9304948926190526
2024-09-15,croissant,37,37.00650100038117,39.77077283704312,0.9304948926190526
2024-09-15,espresso,52,60.03584250986191,64.5203353463658,0.9304948926190526
2024-09-15,hot_chocolate,28,32.46544157399953,34.890510234418855,0.9304948926190526
2024-09-15,iced_latte,56,48.848816489089245,52.4976728798533,0.9304948926190526
2024-09-15,latte,79,67.21404107082367,72.2347232682139,0.9304948926190526
2024-09-15,masala_chai,71,65.09341343407547,69.95569126753381,0.9304948926190526
2024-09-15,sandwich,27,37.003217662522914,39.7672442439425,0.9304948926190526
2024-09-16,americano,37,40.82424094728318,35.15809616645541,1.1611618773098948
2024-09-16,cappuccino,64,61.23636142092475,52.7371442496831,1.1611618773098948
2024-09-16,cold_coffee,47,44.89949923118927,38.66773454120759,1.1611618773098948
2024-09-16,croissant,38,33.05625401297516,28.46825637227926,1.1611618773098948
2024-09-16,espresso,71,60.77395092475811,52.33891338695626,1.1611618773098948
2024-09-16,hot_chocolate,28,32.89746775274932,28.33150863423458,1.1611618773098948
2024-09-16,iced_latte,26,33.674624423391954,29.00080090590569,1.1611618773098948
2024-09-16,latte,71,68.04040157880529,58.596826944092335,1.1611618773098948
2024-09-16,masala_chai,77,65.92665705415111,56.77645670462912,1.1611618773098948
2024-09-16,sandwich,35,37.36462391316685,32.17865195482546,1.1611618773098948
2024-09-17,americano,28,34.44099939192805,32.4371088502992,1.0617777173322391
2024-09-17,cappuccino,39,51.66149908789209,48.6556632754488,1.0617777173322391
2024-09-17,cold_coffee,39,43.005052605718795,40.502877300694145,1.0617777173322391
2024-09-17,croissant,20,28.09070121110212,26.45629188911704,1.0617777173322391
2024-09-17,espresso,60,59.17697490022004,55.73386400395052,1.0617777173322391
2024-09-17,hot_chocolate,17,22.891887482254138,21.559962229920366,1.0617777173322391
2024-09-17,iced_latte,48,41.56416166789832,39.145822133402845,1.0617777173322391
2024-09-17,latte,47,57.40166565321342,54.061848083832,1.0617777173322391
2024-09-17,masala_chai,30,45.85250215946491,43.18465288070957,1.0617777173322391
2024-09-17,sandwich,35,33.04788377776721,31.12504928131417,1.0617777173322391
2024-09-18,americano,38,32.07964817511063,33.361791379289826,0.961568514424105
2024-09-18,cappuccino,59,48.11947226266596,50.042687068934754,0.961568514424105
2024-09-18,cold_coffee,19,40.37826840969889,41.99208668337266,0.961568514424105
2024-09-18,croissant,33,26.23023418988671,27.2785909650924,0.961568514424105
2024-09-18,espresso,39,42.772864233480846,44.482388505719776,0.961568514424105
2024-09-18,hot_chocolate,24,27.449816046180917,28.54691645412386,0.961568514424105
2024-09-18,iced_latte,44,30.28370130727417,31.4940650125295,0.961568514424105
2024-09-18,latte,50,53.46608029185105,55.60298563214971,0.961568514424105
2024-09-18,masala_chai,43,42.68740399374037,44.39351263420514,0.961568514424105
2024-09-18,sandwich,37,30.859099046925547,32.09245995893224,0.961568514424105
2024-09-19,americano,43,32.84448924245053,34.99055705656821,0.9386672292570767
2024-09-19,cappuccino,43,49.26673386367579,52.4858355848523,0.9386672292570767
2024-09-19,cold_coffee,47,37.597387685934045,40.05401117038154,0.9386672292570767
2024-09-19,croissant,24,26.929402167247822,28.688976591375766,0.9386672292570767
2024-09-19,espresso,43,48.8947089046189,52.08950241430865,0.9386672292570767
2024-09-19,hot_chocolate,22,26.33512545262142,28.05586967541711,0.9386672292570767
2024-09-19,iced_latte,31,28.198040764450532,30.040508377786157,0.9386672292570767
2024-09-19,latte,50,54.74081540408422,58.31759509428035,0.9386672292570767
2024-09-19,masala_chai,47,52.90780112143701,56.36481116243053,0.9386672292570767
2024-09-19,sandwich,32,30.43923197681991,32.428139630390135,0.9386672292570767
2024-09-20,americano,32,36.119940054212904,36.69459195126249,0.984339602472952
2024-09-20,cappuccino,55,54.17991008131935,55.04188792689373,0.984339602472952
2024-09-20,cold_coffee,49,47.31914557747747,48.071971765229996,0.984339602472952
2024-09-20,croissant,22,29.905307567180582,30.38108747433265,0.984339602472952
2024-09-20,espresso,36,48.15992007228388,48.926122601683325,0.984339602472952
2024-09-20,hot_chocolate,32,23.864212715054006,24.24388153753039,0.984339602472952
2024-09-20,iced_latte,32,35.4893591831081,36.05397882392249,0.984339602472952
2024-09-20,latte,76,60.19990009035483,61.15765325210414,0.984339602472952
2024-09-20,masala_chai,42,47.94368732054266,48.706449684736796,0.984339602472952
2024-09-20,sandwich,24,35.18271478491834,35.74245585215606,0.984339602472952
2024-09-21,americano,41,43.59403495480814,38.689923262583406,1.1267542367282863
2024-09-21,cappuccino,67,65.39105243221219,58.0348848938751,1.1267542367282863
2024-09-21,cold_coffee,59,66.65916615573911,59.16034214283925,1.1267542367282863
2024-09-21,croissant,37,41.21134392561322,36.575273100616016,1.1267542367282863
2024-09-21,espresso,47,58.12537993974418,51.5865643501112,1.1267542367282863
2024-09-21,hot_chocolate,21,28.68732019027398,25.46013962509896,1.1267542367282863
2024-09-21,iced_latte,53,49.994374616804336,44.37025660712944,1.1267542367282863
2024-09-21,latte,71,72.65672492468023,64.48320543763901,1.1267542367282863
2024-09-21,masala_chai,67,57.7487902126576,51.25233909067924,1.1267542367282863
2024-09-21,sandwich,36,42.88963394973321,38.0647638603696,1.1267542367282863
2024-09-22,americano,29,35.09695317183276,40.056336011944325,0.8761898033151925
2024-09-22,cappuccino,37,52.645429757749135,60.08450401791648,0.8761898033151925
2024-09-22,cold_coffee,43,46.14862841880046,52.6696707085501,0.8761898033151925
2024-09-22,croissant,28,32.69268576467654,37.31233305954826,0.8761898033151925
2024-09-22,espresso,43,52.24789145321381,59.630791474091865,0.8761898033151925
2024-09-22,hot_chocolate,30,28.08495330768525,32.053503934218035,0.8761898033151925
2024-09-22,iced_latte,22,34.611471314100356,39.502253031412586,0.8761898033151925
2024-09-22,latte,62,58.49492195305459,66.7605600199072,0.8761898033151925
2024-09-22,masala_chai,52,56.47969223128127,64.46056781028732,0.8761898033151925
2024-09-22,sandwich,33,32.68978516262129,37.30902258726899,0.8761898033151925
2024-09-23,americano,35,32.687277702001595,32.84765905048831,0.9951174192279515
2024-09-23,cappuccino,45,49.03091655300239,49.27148857573247,0.9951174192279515
2024-09-23,cold_coffee,42,38.94446032687734,39.135542775536855,0.9951174192279515
2024-09-23,croissant,22,27.137612275707625,27.27076398357289,0.9951174192279515
2024-09-23,espresso,73,48.66067230718683,48.89942771270104,0.9951174192279515
2024-09-23,hot_chocolate,21,26.078352969726517,26.20630738225752,0.9951174192279515
2024-09-23,iced_latte,27,29.208345245158,29.35165708165264,0.9951174192279515
2024-09-23,latte,39,54.47879617000266,54.746098417480525,0.9951174192279515
2024-09-23,masala_chai,67,52.5230837071749,52.78079017843365,0.9951174192279515
2024-09-23,sandwich,40,30.67457904289904,30.825085010266932,0.9951174192279515
2024-09-24,americano,34,31.5729894951663,34.22181818156084,0.9225982479264715
2024-09-24,cappuccino,60,47.35948424274947,51.33272727234128,0.9225982479264715
2024-09-24,cold_coffee,50,35.284811002528045,38.245044451179304,0.9225982479264715
2024-09-24,croissant,34,25.693466136684467,27.84902983983573,0.9225982479264715
2024-09-24,espresso,59,47.001861384389954,50.94510150005821,0.9225982479264715
2024-09-24,hot_chocolate,27,25.39168182611771,27.52192721283095,0.9225982479264715
2024-09-24,iced_latte,22,26.463608251896037,28.68378333838448,0.9225982479264715
2024-09-24,latte,68,52.62164915861051,57.03636363593475,0.9225982479264715
2024-09-24,masala_chai,35,50.93594249702519,55.209233934167024,0.9225982479264715
2024-09-24,sandwich,53,29.042210858074714,31.47871885010267,0.9225982479264715
2024-09-25,americano,34,33.61371229350556,34.05620366171882,0.987007026014745
2024-09-25,cappuccino,52,50.42056844025834,51.08430549257823,0.987007026014745
2024-09-25,cold_coffee,39,38.171328980251815,38.673816876843155,0.987007026014745
2024-09-25,croissant,24,27.49127877935166,27.853174349075974,0.987007026014745
2024-09-25,espresso,78,64.48431778188936,65.33319022282828,0.987007026014745
2024-09-25,hot_chocolate,18,26.978863569019715,27.334013697909253,0.987007026014745
2024-09-25,iced_latte,63,36.89239269998564,37.37804466189738,0.987007026014745
2024-09-25,latte,51,56.02285382250926,56.760339436198024,0.987007026014745
2024-09-25,masala_chai,64,54.173990284533794,54.88713743333017,0.987007026014745
2024-09-25,sandwich,27,31.07434048877119,31.48340353182751,0.987007026014745
2024-09-26,americano,37,35.72005471848989,35.11471254857894,1.0172389897560317
2024-09-26,cappuccino,64,53.58008207773485,52.672068822868425,1.0172389897560317
2024-09-26,cold_coffee,46,40.56326620358173,39.875846887573765,1.0172389897560317
2024-09-26,croissant,27,29.21396999252087,28.71888542094456,1.0172389897560317
2024-09-26,espresso,51,53.17548598869046,52.27432936034406,1.0172389897560317
2024-09-26,hot_chocolate,37,28.66944521073472,28.18358861530723,1.0172389897560317
2024-09-26,iced_latte,31,30.422449652686296,29.90688516568032,1.0172389897560317
2024-09-26,latte,65,59.53342453081649,58.52452091429824,1.0172389897560317
2024-09-26,masala_chai,63,57.56870530650563,56.593097478806385,1.0172389897560317
2024-09-26,sandwich,37,33.02155777701321,32.46194661190965,1.0172389897560317
2024-09-27,americano,36,36.45907951266112,36.791645777126284,0.9909608212016456
2024-09-27,cappuccino,67,54.68861926899167,55.187468665689416,0.9909608212016456
2024-09-27,cold_coffee,36,41.402493906150085,41.78015217185393,0.9909608212016456
2024-09-27,croissant,47,29.81838810808079,30.090380436960984,0.9909608212016456
2024-09-27,espresso,30,54.27565234894534,54.77073481384494,0.9909608212016456
2024-09-27,hot_chocolate,22,29.26259746127982,29.52952007304971,0.9909608212016456
2024-09-27,iced_latte,29,31.05187042961257,31.335114128890453,0.9909608212016456
2024-09-27,latte,50,60.76513252110186,61.3194096285438,0.9909608212016456
2024-09-27,masala_chai,71,75.72134604214274,76.41204820824555,0.9909608212016456
2024-09-27,sandwich,27,33.7047524174385,34.01219472689939,0.9909608212016456
2024-09-28,americano,53,47.533688621693244,43.95387090524681,1.0814448794319753
2024-09-28,cappuccino,74,71.30053293253987,65.93080635787021,1.0814448794319753
2024-09-28,cold_coffee,56,59.572354259370634,55.085890545490194,1.0814448794319753
2024-09-28,croissant,40,43.618254646053686,40.333312844353195,1.0814448794319753
2024-09-28,espresso,68,70.76212545624236,65.43294697868456,1.0814448794319753
2024-09-28,hot_chocolate,31,38.265868414760504,35.38402108377405,1.0814448794319753
2024-09-28,iced_latte,60,44.67926569452797,41.314417909117644,1.0814448794319753
2024-09-28,latte,75,79.22281436948873,73.25645150874468,1.0814448794319753
2024-09-28,masala_chai,86,76.72330553269843,70.94518360750577,1.0814448794319753
2024-09-28,sandwich,21,43.614384691777566,40.32973434086243,1.0814448794319753
2024-09-29,americano,35,43.96553387938671,43.960408254976144,1.0001165963787424
2024-09-29,cappuccino,87,65.94830081908007,65.94061238246422,1.0001165963787424
2024-09-29,cold_coffee,47,55.10050735405958,55.094083583423625,1.0001165963787424
2024-09-29,croissant,40,40.34401511869199,40.339311701026695,1.0001165963787424
2024-09-29,espresso,35,65.45030933500934,65.44267895562791,1.0001165963787424
2024-09-29,hot_chocolate,50,35.393410084432396,35.38928382209245,1.0001165963787424
2024-09-29,iced_latte,55,41.32538051554469,41.320562687567715,1.0001165963787424
2024-09-29,latte,84,73.27588979897786,73.26734709162692,1.0001165963787424
2024-09-29,masala_chai,65,70.96400861255592,70.95573543075369,1.0001165963787424
2024-09-29,sandwich,29,40.34043566566043,40.33573266529773,1.0001165963787424
2024-09-30,americano,28,35.85633896510911,33.79537897201052,1.0609834851920283
2024-09-30,cappuccino,56,53.78450844766365,50.693068458015766,1.0609834851920283
2024-09-30,cold_coffee,57,52.122164694400055,49.12627333211169,1.0609834851920283
2024-09-30,croissant,26,30.66773966540748,28.905011334702255,1.0609834851920283
2024-09-30,espresso,41,47.8084519534788,45.060505296014014,1.0609834851920283
2024-09-30,hot_chocolate,12,23.38407563820279,22.03999964614952,1.0609834851920283
2024-09-30,iced_latte,41,39.09162352080004,36.84470499908377,1.0609834851920283
2024-09-30,latte,42,59.7605649418485,56.32563162001752,1.0609834851920283
2024-09-30,masala_chai,40,47.28544081692655,44.56755592983459,1.0609834851920283
2024-09-30,sandwich,41,36.07969372400881,34.005895687885015,1.0609834851920283
2024-10-01,americano,41,29.558667798287075,33.51776102177511,0.8818807371734654
2024-10-01,cappuccino,44,44.33800169743062,50.276641532662666,0.8818807371734654
2024-10-01,cold_coffee,37,45.226278608243675,51.28389441093744,0.8818807371734654
2024-10-01,croissant,23,27.052125432928378,30.67549192607803,0.8818807371734654
2024-10-01,espresso,41,39.41155706438276,44.69034802903347,0.8818807371734654
2024-10-01,hot_chocolate,12,19.200031491972858,21.77168712575726,0.8818807371734654
2024-10-01,iced_latte,40,33.91970895618275,38.46292080820308,0.8818807371734654
2024-10-01,latte,68,49.26444633047846,55.862935036291844,0.8818807371734654
2024-10-01,masala_chai,37,38.90252271469897,44.11313352799412,0.8818807371734654
2024-10-01,sandwich,27,30.62504765991892,34.72697199178645,0.8818807371734654
2024-10-02,americano,26,32.28599806999839,33.38109229110375,0.9671941765249784
2024-10-02,cappuccino,49,48.428997104997606,50.07163843665564,0.9671941765249784
2024-10-02,cold_coffee,49,40.81360973598049,42.197948174811465,0.9671941765249784
2024-10-02,croissant,44,28.75368733357261,29.728970698398356,0.9671941765249784
2024-10-02,espresso,33,48.06329809773224,49.69353544953957,0.9671941765249784
2024-10-02,hot_chocolate,26,25.629737051531954,26.499060554331255,0.9671941765249784
2024-10-02,iced_latte,26,30.610207301985362,31.648461131108593,0.9671941765249784
2024-10-02,latte,53,53.80999678333066,55.635153818506254,0.9671941765249784
2024-10-02,masala_chai,64,66.68654578995697,68.94845668897051,0.9671941765249784
2024-10-02,sandwich,40,40.30260418964776,41.669610061601645,0.9671941765249784
2024-10-03,americano,46,34.8262397878087,36.486107350047455,0.9545068607534919
2024-10-03,cappuccino,69,52.239359681713054,54.729161025071186,0.9545068607534919
2024-10-03,cold_coffee,22,39.0464935083851,40.90750429762404,0.9545068607534919
2024-10-03,croissant,36,38.497998482915115,40.33286722792608,0.9545068607534919
2024-10-03,espresso,53,51.844887710006475,54.31588796447193,0.9545068607534919
2024-10-03,hot_chocolate,21,28.064088242287273,29.401662152677833,0.9545068607534919
2024-10-03,iced_latte,22,29.284870131288823,30.680628223218026,0.9545068607534919
2024-10-03,latte,34,58.04373297968118,60.81017891674577,0.9545068607534919
2024-10-03,masala_chai,55,56.24054516877166,58.92104863905863,0.9545068607534919
2024-10-03,sandwich,27,32.49384893039654,34.04255146447638,0.9545068607534919
2024-10-04,americano,25,34.29838419305112,37.43250279001506,0.9162728013527338
2024-10-04,cappuccino,66,51.44757628957667,56.148754185022575,0.9162728013527338
2024-10-04,cold_coffee,38,39.07489553199526,42.645482299929974,0.9162728013527338
2024-10-04,croissant,40,29.569121348390496,32.27108924845996,0.9162728013527338
2024-10-04,espresso,30,51.05908326473627,55.72476143497385,0.9162728013527338
2024-10-04,hot_chocolate,27,27.583503257213867,30.104029298360846,0.9162728013527338
2024-10-04,iced_latte,35,29.30617164899645,31.984111724947482,0.9162728013527338
2024-10-04,latte,49,57.16397365508519,62.38750465002508,0.9162728013527338
2024-10-04,masala_chai,45,55.33275603393816,60.38895397991513,0.9162728013527338
2024-10-04,sandwich,45,32.16175241001409,35.10062981519508,0.9162728013527338
2024-10-05,americano,44,39.456460094063026,40.34750939294575,0.9779156306723974
2024-10-05,cappuccino,89,76.268930594194,77.99131970285907,0.9779156306723974
2024-10-05,cold_coffee,36,44.35307617751586,45.35470626133614,0.9779156306723974
2024-10-05,croissant,39,36.85283260085816,37.685083912115,0.9779156306723974
2024-10-05,espresso,69,58.737772308313886,60.064253465226685,0.9779156306723974
2024-10-05,hot_chocolate,36,32.275790491759395,33.00467799002981,0.9779156306723974
2024-10-05,iced_latte,38,33.2648071331369,34.01602969600211,0.9779156306723974
2024-10-05,latte,52,65.76076682343837,67.24584898824293,0.9779156306723974
2024-10-05,masala_chai,82,64.19752184326876,65.64730108580807,0.9779156306723974
2024-10-05,sandwich,35,35.4590133536815,36.25978790143738,0.9779156306723974
2024-10-06,americano,25,42.62205967827682,41.084767877213345,1.0374175608258966
2024-10-06,cappuccino,76,63.93308951741522,61.62715181582001,1.0374175608258966
2024-10-06,cold_coffee,60,49.86683896029951,48.068242570137436,1.0374175608258966
2024-10-06,croissant,55,40.31028504011015,38.85637429158111,1.0374175608258966
2024-10-06,espresso,74,63.450315378664506,61.1617903673726,1.0374175608258966
2024-10-06,hot_chocolate,24,34.6913922088343,33.440143601594905,1.0374175608258966
2024-10-06,iced_latte,36,37.400129220224635,36.05118192760308,1.0374175608258966
2024-10-06,latte,100,71.03676613046136,68.4746131286889,1.0374175608258966
2024-10-06,masala_chai,87,69.17494797495696,66.67994700213694,1.0374175608258966
2024-10-06,sandwich,35,38.78570070878864,37.38677864476385,1.0374175608258966
2024-10-07,americano,31,29.37406910656574,31.714422363538095,0.9262053954461096
2024-10-07,cappuccino,47,44.06110365984862,47.57163354530715,0.9262053954461096
2024-10-07,cold_coffee,28,34.277674044957855,37.00871773527935,0.9262053954461096
2024-10-07,croissant,23,25.51444228902219,27.5472831560575,0.9262053954461096
2024-10-07,espresso,25,43.72838766673218,47.21240869652921,0.9262053954461096
2024-10-07,hot_chocolate,43,30.35115830650896,32.769360290640755,0.9262053954461096
2024-10-07,iced_latte,24,25.70825553371839,27.756538301459507,0.9262053954461096
2024-10-07,latte,59,48.95678184427626,52.85737060589685,0.9262053954461096
2024-10-07,masala_chai,38,47.317447835628904,51.08742409434822,0.9262053954461096
2024-10-07,sandwich,31,27.751557650656757,29.962638726899378,0.9262053954461096
2024-10-08,americano,40,33.918742146987526,33.20678261452236,1.0214401840952156
2024-10-08,cappuccino,63,65.56457889237281,64.18836845590664,1.0214401840952156
2024-10-08,cold_coffee,32,36.53788564287257,35.77094989192888,1.0214401840952156
2024-10-08,croissant,22,28.734546263240986,28.131403787186855,1.0214401840952156
2024-10-08,espresso,53,50.49392034826623,49.43404531611744,1.0214401840952156
2024-10-08,hot_chocolate,27,27.46980408912632,26.893208742770263,1.0214401840952156
2024-10-08,iced_latte,28,27.403414232154425,26.82821241894666,1.0214401840952156
2024-10-08,latte,53,56.53123691164589,55.34463769087061,1.0214401840952156
2024-10-08,masala_chai,76,54.91214524047011,53.759530998979535,1.0214401840952156
2024-10-08,sandwich,39,31.254001484990198,30.597975262422995,1.0214401840952156
2024-10-09,americano,43,39.15692030625857,35.121766475989375,1.114890400886521
2024-10-09,cappuccino,49,58.73538045938786,52.68264971398407,1.114890400886521
2024-10-09,cold_coffee,30,42.8608631426669,38.44401486333138,1.114890400886521
2024-10-09,croissant,21,33.33838863424076,29.90283942505134,1.114890400886521
2024-10-09,espresso,64,58.29185547210014,52.284830352605546,1.114890400886521
2024-10-09,hot_chocolate,39,31.648691713501574,28.387267204323997,1.114890400886521
2024-10-09,iced_latte,35,32.14564735700018,28.833011147498542,1.114890400886521
2024-10-09,latte,56,65.26153384376428,58.536277459982294,1.114890400886521
2024-10-09,masala_chai,73,63.32904003220843,56.80292877385207,1.114890400886521
2024-10-09,sandwich,26,36.26151039018417,32.52473100616017,1.114890400886521
2024-10-10,americano,26,37.812850969932704,34.501759971689246,1.0959687564043228
2024-10-10,cappuccino,44,56.71927645489906,51.75263995753387,1.0959687564043228
2024-10-10,cold_coffee,27,39.76674361334401,36.28455955606944,1.0959687564043228
2024-10-10,croissant,53,40.971805136205006,37.38409958932238,1.0959687564043228
2024-10-10,espresso,76,72.5399169509602,66.18794242725558,1.0959687564043228
2024-10-10,hot_chocolate,40,30.715538252719206,28.025925076086462,1.0959687564043228
2024-10-10,iced_latte,19,29.825057710008004,27.213419667052076,1.0959687564043228
2024-10-10,latte,70,63.02141828322117,57.50293328614874,1.0959687564043228
2024-10-10,masala_chai,59,61.30833713271338,55.93985848087044,1.0959687564043228
2024-10-10,sandwich,39,34.581840588214405,31.5536737577002,1.0959687564043228
2024-10-11,americano,55,37.24334541923849,36.98897271900971,1.0068769874243642
2024-10-11,cappuccino,81,71.99100274337337,71.49930293623011,1.0068769874243642
2024-10-11,cold_coffee,36,40.119208725049845,39.84519382817215,1.0068769874243642
2024-10-11,croissant,29,31.551011747704774,31.335517785954824,1.0068769874243642
2024-10-11,espresso,56,55.44316793802493,55.06449013185911,1.0068769874243642
2024-10-11,hot_chocolate,43,30.162303715646615,29.9562946540303,1.0068769874243642
2024-10-11,iced_latte,48,38.775008432715694,38.51017444733132,1.0068769874243642
2024-10-11,latte,55,62.07224236539748,61.64828786501618,1.0068769874243642
2024-10-11,masala_chai,73,60.294452666896895,59.8826405012322,1.0068769874243642
2024-10-11,sandwich,33,34.317415663430275,34.08302711457905,1.0068769874243642
2024-10-12,americano,28,37.456798963265655,37.23599401320786,1.0059298792984948
2024-10-12,cappuccino,72,56.18519844489848,55.85399101981179,1.0059298792984948
2024-10-12,cold_coffee,63,46.34773952424469,46.0745231631515,1.0059298792984948
2024-10-12,croissant,43,36.050579463008134,35.8380640687885,1.0059298792984948
2024-10-12,espresso,54,55.76093049547637,55.43222409733208,1.0059298792984948
2024-10-12,hot_chocolate,32,30.274563823997273,30.09609759788609,1.0059298792984948
2024-10-12,iced_latte,32,34.76080464318351,34.55589237236362,1.0059298792984948
2024-10-12,latte,41,62.42799827210943,62.0599900220131,1.0059298792984948
2024-10-12,masala_chai,83,60.57940978172109,60.22229881864862,1.0059298792984948
2024-10-12,sandwich,41,44.69987424186599,44.43637191991786,1.0059298792984948
2024-10-13,americano,61,51.53590471917474,50.7707468674115,1.0150708409659888
2024-10-13,cappuccino,70,59.9877930931194,59.097149353667,1.0150708409659888
2024-10-13,cold_coffee,60,48.69908614147806,47.97604677042416,1.0150708409659888
2024-10-13,croissant,37,38.298498095574104,37.72987711786447,1.0150708409659888
2024-10-13,espresso,48,59.5348108367528,58.6508925624311,1.0150708409659888
2024-10-13,hot_chocolate,24,32.38824751354343,31.907376516422502,1.0150708409659888
2024-10-13,iced_latte,60,36.524314606108554,35.982035077818125,1.0150708409659888
2024-10-13,latte,92,66.65310343679931,65.6634992818522,1.0150708409659888
2024-10-13,masala_chai,73,64.74411487528586,63.7828536318434,1.0150708409659888
2024-10-13,sandwich,49,47.48711599160685,46.782070841889116,1.0150708409659888
2024-10-14,americano,31,34.79262698935705,37.553626128303044,0.9264784942601026
2024-10-14,cappuccino,48,52.18894048403559,56.33043919245458,0.9264784942601026
2024-10-14,cold_coffee,30,26.14838564012165,28.22341349758375,0.9264784942601026
2024-10-14,croissant,32,26.338661278215323,28.428788624229977,0.9264784942601026
2024-10-14,espresso,47,51.79484923981955,55.9050744952084,0.9264784942601026
2024-10-14,hot_chocolate,23,29.474489814340995,31.813463557920674,0.9264784942601026
2024-10-14,iced_latte,29,19.611289230091238,21.167560123187812,0.9264784942601026
2024-10-14,latte,50,57.98771164892842,62.58937688050507,0.9264784942601026
2024-10-14,masala_chai,59,57.608626247826066,62.18020882808838,0.9264784942601026
2024-10-14,sandwich,39,28.64804445355274,30.921434907597533,0.9264784942601026
2024-10-15,americano,54,35.79661608858587,37.38588358488642,0.9574901715859666
2024-10-15,cappuccino,71,53.694924132878796,56.07882537732962,0.9574901715859666
2024-10-15,cold_coffee,23,26.475911618171914,27.651366461879988,0.9574901715859666
2024-10-15,croissant,19,26.963544242841724,28.160648582094453,0.9574901715859666
2024-10-15,espresso,30,53.28946084384951,55.65536067652994,0.9574901715859666
2024-10-15,hot_chocolate,53,39.15686530383608,40.89531826627261,0.9574901715859666
2024-10-15,iced_latte,16,19.856933713628933,20.73852484640999,0.9574901715859666
2024-10-15,latte,53,59.66102681430978,62.30980597481069,0.9574901715859666
2024-10-15,masala_chai,42,59.330303030398305,61.964398999652225,0.9574901715859666
2024-10-15,sandwich,33,29.3277173784516,30.629784251334698,0.9574901715859666
2024-10-16,americano,22,40.65846133624973,40.039239062306294,1.0154653856677907
2024-10-16,cappuccino,71,60.98769200437459,60.05885859345943,1.0154653856677907
2024-10-16,cold_coffee,22,29.358699948340895,28.911571347194684,1.0154653856677907
2024-10-16,croissant,30,30.39686078502973,29.933921149897333,1.0154653856677907
2024-10-16,espresso,69,60.52715927079246,59.60533970440417,1.0154653856677907
2024-10-16,hot_chocolate,31,34.616367046768275,34.089164963514584,1.0154653856677907
2024-10-16,iced_latte,25,22.019024961255674,21.683678510396014,1.0154653856677907
2024-10-16,latte,43,67.76410222708289,66.73206510384382,1.0154653856677907
2024-10-16,masala_chai,86,67.48961855136388,66.46176177337776,1.0154653856677907
2024-10-16,sandwich,35,33.06206833443855,32.55853798767967,1.0154653856677907
2024-10-17,americano,45,38.51251281823127,36.14390291888743,1.0655327650879147
2024-10-17,cappuccino,63,57.768769227346915,54.215854378331144,1.0655327650879147
2024-10-17,cold_coffee,49,38.60435733963627,36.230098786733336,1.0655327650879147
2024-10-17,croissant,25,31.900305000804977,29.9383613963039,1.0655327650879147
2024-10-17,espresso,52,57.33254335400125,53.80645741970297,1.0655327650879147
2024-10-17,hot_chocolate,20,31.472144018515912,29.536533319009873,1.0655327650879147
2024-10-17,iced_latte,34,28.9532680047272,27.172574090049995,1.0655327650879147
2024-10-17,latte,66,64.1875213637188,60.239838198145726,1.0655327650879147
2024-10-17,masala_chai,78,62.63035209074534,58.77843848901057,1.0655327650879147
2024-10-17,sandwich,16,34.697335073017626,32.56336755646817,1.0655327650879147
2024-10-18,americano,32,34.74915445818478,37.30615809347686,0.9314589395969138
2024-10-18,cappuccino,53,52.12373168727717,55.95923714021529,0.9314589395969138
2024-10-18,cold_coffee,30,36.5447375871744,39.233868540667004,0.9314589395969138
2024-10-18,croissant,30,37.65216186001778,40.42278221765915,0.9314589395969138
2024-10-18,espresso,44,51.73013285037215,55.5366754789623,0.9314589395969138
2024-10-18,hot_chocolate,29,28.226884660422158,30.303949493079383,0.9314589395969138
2024-10-18,iced_latte,27,27.40855319038081,29.42540140550026,0.9314589395969138
2024-10-18,latte,71,57.91525743030796,62.17693015579476,0.9314589395969138
2024-10-18,masala_chai,63,56.340974614507196,60.48680432321428,0.9314589395969138
2024-10-18,sandwich,33,31.779929024757287,34.1184433084189,0.9314589395969138
2024-10-19,americano,31,43.19435926658772,44.03861215344744,0.9808292576542145
2024-10-19,cappuccino,69,64.79153889988157,66.05791823017115,0.9808292576542145
2024-10-19,cold_coffee,33,40.718974757935,41.51484515798389,0.9808292576542145
2024-10-19,croissant,63,38.18507034016203,38.93141445585216,0.9808292576542145
2024-10-19,espresso,75,64.30228240333447,65.55909899865962,0.9808292576542145
2024-10-19,hot_chocolate,23,36.1193797023984,36.825348979477596,0.9808292576542145
2024-10-19,iced_latte,23,30.539231068451254,31.136133868487924,0.9808292576542145
2024-10-19,latte,56,71.9905987776462,73.3976869224124,0.9808292576542145
2024-10-19,masala_chai,56,71.0565995138488,72.44543222924472,0.9808292576542145
2024-10-19,sandwich,50,36.74086423065192,37.45898069815195,0.9808292576542145
2024-10-20,americano,30,42.816152579844946,40.94607055384043,1.0456718312822113
2024-10-20,cappuccino,78,64.22422886976743,61.41910583076064,1.0456718312822113
2024-10-20,cold_coffee,42,46.24251939194647,44.22278386828449,1.0456718312822113
2024-10-20,croissant,40,39.49405381918958,37.76907117289528,1.0456718312822113
2024-10-20,espresso,65,63.73925626773034,60.95531538759416,1.0456718312822113
2024-10-20,hot_chocolate,50,35.199612326136425,33.662198094190195,1.0456718312822113
2024-10-20,iced_latte,42,34.68188954395986,33.16708790121337,1.0456718312822113
2024-10-20,latte,131,91.95909059245051,87.9425913957054,1.0456718312822113
2024-10-20,masala_chai,72,69.83827763483866,66.78794966600793,1.0456718312822113
2024-10-20,sandwich,33,38.00034035193942,36.34059866119095,1.0456718312822113
2024-10-21,americano,26,27.104733701776798,33.49341484619814,0.8092556052060327
2024-10-21,cappuccino,45,40.65710055266521,50.24012226929723,0.8092556052060327
2024-10-21,cold_coffee,26,26.738122225123654,33.040391753995024,0.8092556052060327
2024-10-21,croissant,17,22.339150391911424,27.604566774948665,0.8092556052060327
2024-10-21,espresso,49,40.35008900588132,49.86074702023025,0.8092556052060327
2024-10-21,hot_chocolate,21,22.19413420441971,27.42536976159614,0.8092556052060327
2024-10-21,iced_latte,20,25.842257305209714,31.933368318938484,0.8092556052060327
2024-10-21,latte,58,58.21463423921136,71.9360284497383,0.8092556052060327
2024-10-21,masala_chai,48,44.122736191634175,54.5226204276963,0.8092556052060327
2024-10-21,sandwich,31,24.29785503226769,30.024944993839828,0.8092556052060327
2024-10-22,americano,24,33.54268789820515,33.52633162299814,1.0004878635512806
2024-10-22,cappuccino,67,50.31403184730772,50.28949743449721,1.0004878635512806
2024-10-22,cold_coffee,34,35.275929625380336,35.25872817703825,1.0004878635512806
2024-10-22,croissant,24,28.20364619849518,28.189893377002054,1.0004878635512806
2024-10-22,espresso,48,49.93409848923743,49.90974934168007,1.0004878635512806
2024-10-22,hot_chocolate,22,27.246866787579208,27.23358051627445,1.0004878635512806
2024-10-22,iced_latte,35,26.456947219035257,26.44404613277869,1.0004878635512806
2024-10-22,latte,76,55.90447983034191,55.877219371663564,1.0004878635512806
2024-10-22,masala_chai,88,70.08357606037791,70.04940151059186,1.0004878635512806
2024-10-22,sandwich,23,30.67655191401251,30.6615932402464,1.0004878635512806
2024-10-23,americano,39,34.6012356398646,35.637475105965684,0.9709227586123906
2024-10-23,cappuccino,53,51.9018534597969,53.45621265894852,0.9709227586123906
2024-10-23,cold_coffee,27,36.38917540202194,37.47896017395668,0.9709227586123906
2024-10-23,croissant,33,29.09370325297401,29.96500287474333,0.9709227586123906
2024-10-23,espresso,59,51.50993007876283,53.05255193768353,0.9709227586123906
2024-10-23,hot_chocolate,25,28.106729580710674,28.948471267559786,0.9709227586123906
2024-10-23,iced_latte,27,27.29188155151645,28.109220130467502,0.9709227586123906
2024-10-23,latte,60,57.66872606644099,59.39579184327613,0.9709227586123906
2024-10-23,masala_chai,66,56.10114459510303,57.78126436677708,0.9709227586123906
2024-10-23,sandwich,29,31.644649487141542,32.59234496919918,0.9709227586123906
2024-10-24,americano,34,32.87312661164321,35.804970276837786,0.9181162938406016
2024-10-24,cappuccino,59,49.30968991746481,53.70745541525668,0.9181162938406016
2024-10-24,cold_coffee,39,30.908692699199577,33.66533510684626,0.9181162938406016
2024-10-24,croissant,26,26.689971025451147,29.0703598275154,0.9181162938406016
2024-10-24,espresso,54,48.93734058691221,53.30189749949961,0.9181162938406016
2024-10-24,hot_chocolate,21,27.079450189441086,29.494575328975127,0.9181162938406016
2024-10-24,iced_latte,30,23.18151952439968,25.24900133013469,0.9181162938406016
2024-10-24,latte,62,70.60379426899314,76.90070935746947,0.9181162938406016
2024-10-24,masala_chai,78,53.67365714541026,58.46063021154572,0.9181162938406016
2024-10-24,sandwich,53,37.40999634561559,40.7464681724846,0.9181162938406016
2024-10-25,americano,52,38.37665259182459,36.805125131725305,1.0426986039165687
2024-10-25,cappuccino,55,57.5649788877369,55.20768769758797,1.0426986039165687
2024-10-25,cold_coffee,24,44.024687008452766,42.22187201851801,1.0426986039165687
2024-10-25,croissant,35,32.0994154070152,30.784941388090353,1.0426986039165687
2024-10-25,espresso,49,51.1688701224328,49.073500175633754,1.0426986039165687
2024-10-25,hot_chocolate,35,33.30098312929855,31.93730480141999,1.0426986039165687
2024-10-25,iced_latte,30,33.01851525633957,31.666404013888506,1.0426986039165687
2024-10-25,latte,54,63.96108765304099,61.34187521954218,1.0426986039165687
2024-10-25,masala_chai,45,51.42535515127349,49.31948211890795,1.0426986039165687
2024-10-25,sandwich,43,36.338960838130426,34.85087704312116,1.0426986039165687
2024-10-26,americano,52,40.207042025799346,40.71291403547746,0.9875746548321918
2024-10-26,cappuccino,54,60.310563038699,61.06937105321617,0.9875746548321918
2024-10-26,cold_coffee,49,50.90421618499351,51.54467658310159,0.9875746548321918
2024-10-26,croissant,33,37.73292389623479,38.207667351129366,0.9875746548321918
2024-10-26,espresso,45,53.60938936773245,54.2838853806366,0.9875746548321918
2024-10-26,hot_chocolate,32,27.155430558424797,27.497091410308656,0.9875746548321918
2024-10-26,iced_latte,28,38.17816213874514,38.65850743732619,0.9875746548321918
2024-10-26,latte,60,67.01173670966557,67.85485672579576,0.9875746548321918
2024-10-26,masala_chai,52,53.95898535471205,54.637879871350826,0.9875746548321918
2024-10-26,sandwich,23,37.787688662412194,38.26312114989733,0.9875746548321918
2024-10-27,americano,45,36.23569548535413,39.497375911104896,0.9174203260213616
2024-10-27,cappuccino,49,54.35354322803118,59.24606386665733,0.9174203260213616
2024-10-27,cold_coffee,43,45.8762839458939,50.00574180086969,0.9174203260213616
2024-10-27,croissant,36,34.00595197226084,37.06692669404518,0.9174203260213616
2024-10-27,espresso,43,48.31426064713884,52.66316788147319,0.9174203260213616
2024-10-27,hot_chocolate,33,24.473223169646946,26.676129223974815,0.9174203260213616
2024-10-27,iced_latte,23,34.40721295942043,37.50430635065227,0.9174203260213616
2024-10-27,latte,66,60.392825808923526,65.82895985184147,0.9174203260213616
2024-10-27,masala_chai,74,48.62932619508355,53.006593396483396,0.9174203260213616
2024-10-27,sandwich,42,43.88570552881805,47.83598562628336,0.9174203260213616
2024-10-28,americano,39,35.793208827816144,33.224457956049974,1.077315057334093
2024-10-28,cappuccino,56,53.689813241724224,49.83668693407497,1.077315057334093
2024-10-28,cold_coffee,42,41.72328864278243,38.7289571038116,1.077315057334093
2024-10-28,croissant,27,30.08861096666833,27.929258726899384,1.077315057334093
2024-10-28,espresso,49,47.724278437088195,44.299277274733306,1.077315057334093
2024-10-28,hot_chocolate,15,24.05380196106232,22.32754642879074,1.077315057334093
2024-10-28,iced_latte,38,31.292466482086823,29.046717827858703,1.077315057334093
2024-10-28,latte,55,59.655348046360245,55.37409659341663,1.077315057334093
2024-10-28,masala_chai,40,47.91555785463248,44.47682925104896,1.077315057334093
2024-10-28,sandwich,36,34.062578452832064,31.61802874743326,1.077315057334093
2024-10-29,americano,34,38.28790944203823,42.12291230348639,0.9089568443459511
2024-10-29,cappuccino,50,57.43186416305735,63.18436845522959,0.9089568443459511
2024-10-29,cold_coffee,46,46.45273953524424,51.10555008656078,0.9089568443459511
2024-10-29,croissant,21,32.5905612770982,35.85490497136755,0.9089568443459511
2024-10-29,espresso,62,65.78678598288356,72.37613797849896,0.9089568443459511
2024-10-29,hot_chocolate,31,25.60196375892115,28.16631385546505,0.9089568443459511
2024-10-29,iced_latte,29,34.83955465143318,38.329162564920594,0.9089568443459511
2024-10-29,latte,91,63.81318240339706,70.204853839144,0.9089568443459511
2024-10-29,masala_chai,41,51.127179202192586,56.24819211189465,0.9089568443459511
2024-10-29,sandwich,25,36.894975030677216,40.59045845815195,0.9089568443459511
2024-10-30,americano,35,37.629438267486336,46.58213430389185,0.8078083761040221
2024-10-30,cappuccino,71,56.444157401229496,69.87320145583776,0.8078083761040221
2024-10-30,cold_coffee,37,38.635387631340386,47.827416469330196,0.8078083761040221
2024-10-30,croissant,33,31.40349055327556,38.87492564106776,0.8078083761040221
2024-10-30,espresso,59,56.01793399043272,69.34557210288105,0.8078083761040221
2024-10-30,hot_chocolate,29,30.658388682456017,37.95255111158703,0.8078083761040221
2024-10-30,iced_latte,23,28.976540723505288,35.87056235199764,0.8078083761040221
2024-10-30,latte,64,62.71573044581057,77.63689050648642,0.8078083761040221
2024-10-30,masala_chai,74,61.10254377161984,75.63989874221312,0.8078083761040221
2024-10-30,sandwich,30,34.15695975827974,42.283492928131416,0.8078083761040221
2024-10-31,americano,22,37.41026445700859,35.84968547605046,1.0435311763613848
2024-10-31,cappuccino,65,56.11539668551289,53.7745282140757,1.0435311763613848
2024-10-31,cold_coffee,49,39.97791094790832,38.310221921020585,1.0435311763613848
2024-10-31,croissant,56,31.61328651724426,30.294529989486655,1.0435311763613848
2024-10-31,espresso,61,55.69165582596749,53.36846381547966,1.0435311763613848
2024-10-31,hot_chocolate,22,30.327799236534663,29.062667147408593,1.0435311763613848
2024-10-31,iced_latte,32,29.98343321093124,28.732666440765435,1.0435311763613848
2024-10-31,latte,47,62.350440761681,59.74947579341745,1.0435311763613848
2024-10-31,masala_chai,78,60.59497319228875,58.06723801350438,1.0435311763613848
2024-10-31,sandwich,37,34.385150706880545,32.95076513839835,1.0435311763613848
2024-11-01,americano,65,58.895001300144955,57.4786090542684,1.0246420758814687
2024-11-01,cappuccino,78,68.5537815133687,66.90510093916839,1.0246420758814687
2024-11-01,cold_coffee,19,42.83614103816273,41.80595551018348,1.0246420758814687
2024-11-01,croissant,34,37.72138821635041,36.814209668190564,1.0246420758814687
2024-11-01,espresso,50,68.03611541779851,66.39988442722215,1.0246420758814687
2024-11-01,hot_chocolate,28,37.385132612310706,36.48604082567017,1.0246420758814687
2024-11-01,iced_latte,33,32.127105778622045,31.35446663263761,1.0246420758814687
2024-11-01,latte,54,76.17086834818745,74.33900104352044,1.0246420758814687
2024-11-01,masala_chai,82,74.36015759567803,72.57183688431712,1.0246420758814687
2024-11-01,sandwich,41,39.53685609842076,38.586016550616854,1.0246420758814687
2024-11-02,americano,34,53.179796806529524,50.52718353237196,1.0524987361003029
2024-11-02,cappuccino,130,79.76969520979429,75.79077529855795,1.0524987361003029
2024-11-02,cold_coffee,65,60.06994236501275,57.07364798135786,1.0524987361003029
2024-11-02,croissant,62,50.62040149470781,48.095451099794666,1.0524987361003029
2024-11-02,espresso,98,79.1673350517915,75.21846092197765,1.0524987361003029
2024-11-02,hot_chocolate,33,43.15499655786683,41.00242126443197,1.0524987361003029
2024-11-02,iced_latte,38,45.05245677375958,42.80523598601841,1.0524987361003029
2024-11-02,latte,59,88.6329946775492,84.21197255395326,1.0524987361003029
2024-11-02,masala_chai,100,86.18062517627119,81.8819274744081,1.0524987361003029
2024-11-02,sandwich,51,46.9347531752659,44.59364326570842,1.0524987361003029
2024-11-03,americano,41,46.412739412831314,50.53465962670243,0.918433798816108
2024-11-03,cappuccino,74,69.61910911924694,75.80198944005362,0.918433798816108
2024-11-03,cold_coffee,55,52.426123245149654,57.08209270252106,0.918433798816108
2024-11-03,croissant,47,44.17902370131475,48.102567390554434,0.918433798816108
2024-11-03,espresso,50,69.09339847864854,75.22959038279323,0.918433798816108
2024-11-03,hot_chocolate,47,37.663581470397425,41.008488057546494,0.918433798816108
2024-11-03,iced_latte,48,39.319592433862226,42.81156952689078,0.918433798816108
2024-11-03,latte,88,77.35456568805216,84.22443271117069,0.918433798816108
2024-11-03,masala_chai,59,75.21425689708634,81.89404287390126,0.918433798816108
2024-11-03,sandwich,39,40.96236915786237,44.600241422587274,0.918433798816108
2024-11-04,americano,38,33.48096655427191,34.60581369836566,0.9674954285456703
2024-11-04,cappuccino,66,50.221449831407874,51.9087205475485,0.9674954285456703
2024-11-04,cold_coffee,28,31.887236409417692,32.95853961537604,0.9674954285456703
2024-11-04,croissant,32,27.772627529499733,28.705693804928128,0.9674954285456703
2024-11-04,espresso,45,49.84221558241126,51.51674531148286,0.9674954285456703
2024-11-04,hot_chocolate,25,27.333054457534473,28.251352565687316,0.9674954285456703
2024-11-04,iced_latte,33,30.818849622504207,31.854258648881476,0.9674954285456703
2024-11-04,latte,53,55.80161092378652,57.67635616394277,0.9674954285456703
2024-11-04,masala_chai,45,54.42066408999555,56.2490141910026,0.9674954285456703
2024-11-04,sandwich,29,29.10927805230987,30.087251260780278,0.9674954285456703
2024-11-05,americano,54,42.662578766503465,35.371418010183135,1.206131423801592
2024-11-05,cappuccino,78,63.993868149755194,53.0571270152747,1.206131423801592
2024-11-05,cold_coffee,53,46.5008308772311,38.55370149520328,1.206131423801592
2024-11-05,croissant,19,35.73576953885328,29.628420944558524,1.206131423801592
2024-11-05,espresso,31,56.883438355337944,47.16189068024418,1.206131423801592
2024-11-05,hot_chocolate,24,28.69885000335284,23.794131748012383,1.206131423801592
2024-11-05,iced_latte,42,34.87562315792333,28.915276121402464,1.206131423801592
2024-11-05,latte,61,71.10429794417244,58.95236335030523,1.206131423801592
2024-11-05,masala_chai,51,57.13999063764032,47.37459741952616,1.206131423801592
2024-11-05,sandwich,45,38.98447586056722,32.32191375770021,1.206131423801592
2024-11-06,americano,28,35.851462057219194,35.83808611600912,1.0003732325762813
2024-11-06,cappuccino,46,53.7771930858288,53.75712917401369,1.0003732325762813
2024-11-06,cold_coffee,38,41.32767486351249,41.31225578385429,1.0003732325762813
2024-11-06,croissant,28,30.56068330113681,30.54928131416838,1.0003732325762813
2024-11-06,espresso,63,47.80194940962559,47.7841148213455,1.0003732325762813
2024-11-06,hot_chocolate,32,23.94882448805574,23.93988934148093,1.0003732325762813
2024-11-06,iced_latte,19,30.995756147634367,30.984191837890716,1.0003732325762813
2024-11-06,latte,62,59.75243676203199,59.73014352668188,1.0003732325762813
2024-11-06,masala_chai,61,47.84977526797891,47.83192283619027,1.0003732325762813
2024-11-06,sandwich,29,33.33892723760379,33.3264887063655,1.0003732325762813
2024-11-07,americano,45,39.714479440727764,36.17103440688168,1.0979636079517794
2024-11-07,cappuccino,49,59.571719161091636,54.25655161032252,1.0979636079517794
2024-11-07,cold_coffee,48,49.926269333545136,45.471697761168244,1.0979636079517794
2024-11-07,croissant,34,33.191361365111604,30.229928501026702,1.0979636079517794
2024-11-07,espresso,44,59.121878779076916,53.84684733710541,1.0979636079517794
2024-11-07,hot_chocolate,25,32.324824118018185,29.440706307487957,1.0979636079517794
2024-11-07,iced_latte,37,29.057088752123263,26.464528096999913,1.0979636079517794
2024-11-07,latte,104,66.1907990678796,60.285057344802794,1.0979636079517794
2024-11-07,masala_chai,70,64.45598992403995,58.70503307871999,1.0979636079517794
2024-11-07,sandwich,51,34.78880656450199,31.68484484599589,1.0979636079517794
2024-11-08,americano,24,34.478609787386596,36.44516216624357,0.9460407839623103
2024-11-08,cappuccino,47,51.71791468107989,54.66774324936535,0.9460407839623103
2024-11-08,cold_coffee,34,43.74980457126719,46.24515698787269,0.9460407839623103
2024-11-08,croissant,32,30.285501514513967,32.01289207392197,0.9460407839623103
2024-11-08,espresso,61,59.24159757282921,62.62055355024668,0.9460407839623103
2024-11-08,hot_chocolate,31,22.757027925269693,24.05501782910061,0.9460407839623103
2024-11-08,iced_latte,29,32.8123534284504,34.683867740904525,0.9460407839623103
2024-11-08,latte,71,57.46434964564432,60.741936943739276,0.9460407839623103
2024-11-08,masala_chai,56,58.94612887227598,62.30823223644908,0.9460407839623103
2024-11-08,sandwich,39,33.038728924924335,34.923154989733064,0.9460407839623103
2024-11-09,americano,26,37.665138992389885,39.995119946724216,0.9417433687550382
2024-11-09,cappuccino,66,56.49770848858483,59.992679920086324,0.9417433687550382
2024-11-09,cold_coffee,80,63.24955377542246,67.16219712705472,0.9417433687550382
2024-11-09,croissant,20,36.29453823579535,38.53973326488706,0.9417433687550382
2024-11-09,espresso,50,50.22018532318651,53.326826595632284,0.9417433687550382
2024-11-09,hot_chocolate,26,25.160363100598637,26.716793486807372,0.9417433687550382
2024-11-09,iced_latte,56,47.437165331566845,50.371647845291044,0.9417433687550382
2024-11-09,latte,84,62.775231653983134,66.65853324454035,0.9417433687550382
2024-11-09,masala_chai,61,50.27043062697449,53.38018009453125,0.9417433687550382
2024-11-09,sandwich,28,35.02549843734096,37.19219014373716,0.9417433687550382
2024-11-10,americano,0,0.0,0.0,0.944421503584758
2024-11-10,cappuccino,0,0.0,0.0,0.944421503584758
2024-11-10,cold_coffee,0,0.0,0.0,0.944421503584758
2024-11-10,croissant,0,0.0,0.0,0.944421503584758
2024-11-10,espresso,0,0.0,0.0,0.944421503584758
2024-11-10,hot_chocolate,0,0.0,0.0,0.944421503584758
2024-11-10,iced_latte,0,0.0,0.0,0.944421503584758
2024-11-10,latte,0,0.0,0.0,0.944421503584758
2024-11-10,masala_chai,0,0.0,0.0,0.944421503584758
2024-11-10,sandwich,0,0.0,0.0,0.944421503584758
2024-11-11,americano,35,34.66109457593574,33.049213950250575,1.0487721320123242
2024-11-11,cappuccino,47,51.991641863903624,49.57382092537587,1.0487721320123242
2024-11-11,cold_coffee,38,39.955482004095344,38.097391019945434,1.0487721320123242
2024-11-11,croissant,25,29.54598427576888,28.171976899383978,1.0487721320123242
2024-11-11,espresso,47,46.21479276791433,44.065618600334105,1.0487721320123242
2024-11-11,hot_chocolate,19,23.15365742234312,22.07691901377776,1.0487721320123242
2024-11-11,iced_latte,30,29.966611503071512,28.573043264959075,1.0487721320123242
2024-11-11,latte,64,57.76849095989291,55.08202325041763,1.0487721320123242
2024-11-11,masala_chai,66,46.26103067578302,44.10970625908985,1.0487721320123242
2024-11-11,sandwich,64,41.5360603689347,39.6044661190965,1.0487721320123242
2024-11-12,americano,38,32.289744237842974,35.46472092662444,0.9104750691440544
2024-11-12,cappuccino,42,48.434616356764465,53.197081389936656,0.9104750691440544
2024-11-12,cold_coffee,34,30.50767728845013,33.50742741053927,0.9104750691440544
2024-11-12,croissant,35,26.71762509504235,29.344708054620128,0.9104750691440544
2024-11-12,espresso,55,48.06887491717724,52.795377431220835,0.9104750691440544
2024-11-12,hot_chocolate,17,26.386943011762416,28.98151075851974,0.9104750691440544
2024-11-12,iced_latte,43,29.485512843218547,32.38475587358821,0.9104750691440544
2024-11-12,latte,59,53.81624039640495,59.10786821104072,0.9104750691440544
2024-11-12,masala_chai,35,52.510675168899496,57.67392974116825,0.9104750691440544
2024-11-12,sandwich,39,36.086984664454356,39.63533531827516,0.9104750691440544
2024-11-13,americano,36,36.329095035089146,37.697906896345394,0.9636899771379894
2024-11-13,cappuccino,69,54.493642552633716,56.54686034451809,0.9636899771379894
2024-11-13,cold_coffee,18,34.32409681997448,35.617364125661815,0.9636899771379894
2024-11-13,croissant,26,30.05992038958672,31.192521560574953,0.9636899771379894
2024-11-13,espresso,69,54.08214794867639,56.119861399090226,0.9636899771379894
2024-11-13,hot_chocolate,20,29.68787096295179,30.806454012441,0.9636899771379894
2024-11-13,iced_latte,30,25.74307261498086,26.713023094246363,0.9636899771379894
2024-11-13,latte,54,60.54849172514857,62.82984482724232,0.9636899771379894
2024-11-13,masala_chai,63,59.07960417759821,61.305612364108555,0.9636899771379894
2024-11-13,sandwich,33,31.506654525983937,32.6937659137577,0.9636899771379894
2024-11-14,americano,48,37.90320395116899,37.780499222607084,1.0032478323761398
2024-11-14,cappuccino,50,73.26650248292977,73.0293155076168,1.0032478323761398
2024-11-14,cold_coffee,28,32.27407730687095,32.1695958519357,1.0032478323761398
2024-11-14,croissant,32,30.359498837931767,30.26121548254621,1.0032478323761398
2024-11-14,espresso,45,56.425481610154485,56.24281437669663,1.0032478323761398
2024-11-14,hot_chocolate,38,31.37951484212388,31.277929370455897,1.0032478323761398
2024-11-14,iced_latte,20,24.205557980153213,24.127196888951776,1.0032478323761398
2024-11-14,latte,71,63.17200658528166,62.96749870434515,1.0032478323761398
2024-11-14,masala_chai,35,62.04143492124105,61.84058706042671,1.0032478323761398
2024-11-14,sandwich,20,31.820651188420452,31.717637618069816,1.0032478323761398
2024-11-15,americano,44,41.43253126488351,41.281674762622146,1.003654321272788
2024-11-15,cappuccino,65,62.14879689732526,61.92251214393322,1.003654321272788
2024-11-15,cold_coffee,30,39.14587504199833,39.00334429124496,1.003654321272788
2024-11-15,croissant,34,34.282675914676965,34.15785214893636,1.003654321272788
2024-11-15,espresso,90,61.67949638137998,61.45492035859607,1.003654321272788
2024-11-15,hot_chocolate,57,33.85836175308706,33.7350829219262,1.003654321272788
2024-11-15,iced_latte,26,29.359406281498746,29.252508218433718,1.003654321272788
2024-11-15,latte,77,69.05421877480585,68.80279127103691,1.003654321272788
2024-11-15,masala_chai,91,86.82858883850994,86.51244457194977,1.003654321272788
2024-11-15,sandwich,18,35.93264427420686,35.80181294754826,1.003654321272788
2024-11-16,americano,49,47.68368693917232,47.094704026087776,1.0125063513034986
2024-11-16,cappuccino,95,71.5255304087585,70.64205603913167,1.0125063513034986
2024-11-16,cold_coffee,70,48.15477829257576,47.559976518252356,1.0125063513034986
2024-11-16,croissant,45,56.47896268707936,55.78134163244355,1.0125063513034986
2024-11-16,espresso,88,70.98542392239246,70.10862088026012,1.0125063513034986
2024-11-16,hot_chocolate,46,39.240484726052024,38.7557911864295,1.0125063513034986
2024-11-16,iced_latte,37,36.11608371943183,35.66998238868927,1.0125063513034986
2024-11-16,latte,77,79.47281156528722,78.49117337681297,1.0125063513034986
2024-11-16,masala_chai,76,77.81670832096923,76.85552611179985,1.0125063513034986
2024-11-16,sandwich,40,40.636602036948275,40.134663831622184,1.0125063513034986
2024-11-17,americano,26,46.0106897021612,45.82401041873163,1.004073831201672
2024-11-17,cappuccino,81,69.01603455324181,68.73601562809746,1.004073831201672
2024-11-17,cold_coffee,71,50.73950399879165,50.53363848559502,1.004073831201672
2024-11-17,croissant,23,43.46907979349848,43.292712590143736,1.004073831201672
2024-11-17,espresso,103,88.266595198154,87.90847092640274,1.004073831201672
2024-11-17,hot_chocolate,36,37.44950136865794,37.29755741551248,1.004073831201672
2024-11-17,iced_latte,29,38.05462799909372,37.90022886419625,1.004073831201672
2024-11-17,latte,67,76.68448283693535,76.37335069788607,1.004073831201672
2024-11-17,masala_chai,74,74.67464243782337,74.3716648291222,1.004073831201672
2024-11-17,sandwich,31,40.30411594181225,40.140589954004106,1.004073831201672
2024-11-18,americano,22,34.54869251920846,33.83621244735511,1.021056732427185
2024-11-18,cappuccino,53,51.82303877881269,50.75431867103267,1.021056732427185
2024-11-18,cold_coffee,29,37.05924049093188,36.29498666821111,1.021056732427185
2024-11-18,croissant,34,28.794940104352026,28.20111673511294,1.021056732427185
2024-11-18,espresso,78,59.362014637815214,58.137822074493315,1.021056732427185
2024-11-18,hot_chocolate,31,23.287217345327583,22.80697693454391,1.021056732427185
2024-11-18,iced_latte,42,27.794430368198906,27.22124000115833,1.021056732427185
2024-11-18,latte,58,57.581154198680764,56.39368741225852,1.021056732427185
2024-11-18,masala_chai,30,46.31897844848482,45.36376577076042,1.021056732427185
2024-11-18,sandwich,44,31.412661932020384,30.764854620123202,1.021056732427185
2024-11-19,americano,50,48.12768637894749,44.0848440186586,1.0917059468006234
2024-11-19,cappuccino,53,56.020626945094875,51.31475843771861,1.0917059468006234
2024-11-19,cold_coffee,48,41.36366644409641,37.889018160355036,1.0917059468006234
2024-11-19,croissant,36,31.440121361397804,28.799074928131418,1.0917059468006234
2024-11-19,espresso,46,49.796112840084334,45.61311861130543,1.0917059468006234
2024-11-19,hot_chocolate,27,25.072954243197977,22.96676528755505,1.0917059468006234
2024-11-19,iced_latte,20,31.022749833072314,28.416763620266284,1.0917059468006234
2024-11-19,latte,44,62.24514105010542,57.016398264131794,1.0917059468006234
2024-11-19,masala_chai,61,64.39523787675523,58.98588174358974,1.0917059468006234
2024-11-19,sandwich,35,34.298314212433965,31.417172648870636,1.0917059468006234
2024-11-20,americano,28,34.059365718934245,35.643944981772,0.9555442231871895
2024-11-20,cappuccino,68,51.08904857840137,53.465917472658,0.9555442231871895
2024-11-20,cold_coffee,57,40.21552330120055,42.08651188017532,0.9555442231871895
2024-11-20,croissant,40,29.251622058606934,30.61252566735113,0.9555442231871895
2024-11-20,espresso,30,45.41248762524566,47.525259975696,0.9555442231871895
2024-11-20,hot_chocolate,19,22.683548918148688,23.7388792352157,0.9555442231871895
2024-11-20,iced_latte,36,30.16164247590041,31.564883910131492,0.9555442231871895
2024-11-20,latte,31,56.76560953155708,59.40657496962,0.9555442231871895
2024-11-20,masala_chai,35,45.38978705704802,47.50150328537566,0.9555442231871895
2024-11-20,sandwich,42,31.910860427571198,33.39548254620123,0.9555442231871895
2024-11-21,americano,48,38.62563406173806,35.102334443892325,1.10037223089756
2024-11-21,cappuccino,52,57.93845109260709,52.65350166583848,1.10037223089756
2024-11-21,cold_coffee,41,43.46970119608146,39.50454216808412,1.10037223089756
2024-11-21,croissant,51,42.112680053383144,38.27130390143738,1.10037223089756
2024-11-21,espresso,37,51.50084541565075,46.80311259185643,1.10037223089756
2024-11-21,hot_chocolate,24,25.879497238786744,23.518857085004004,1.10037223089756
2024-11-21,iced_latte,52,32.60227589706109,29.62840662606309,1.10037223089756
2024-11-21,latte,92,64.37605676956345,58.50389073982055,1.10037223089756
2024-11-21,masala_chai,41,51.629758603532444,46.92026675502224,1.10037223089756
2024-11-21,sandwich,51,45.941105512781604,41.75051334702259,1.10037223089756
2024-11-22,americano,21,37.42869383696606,37.538843138547016,0.9970657246635327
2024-11-22,cappuccino,61,56.14304075544909,56.30826470782052,0.9970657246635327
2024-11-22,cold_coffee,31,43.492375436659685,43.62036961137794,0.9970657246635327
2024-11-22,croissant,37,31.985017808874954,32.07914685831622,0.9970657246635327
2024-11-22,espresso,82,49.904925115954754,50.05179085139602,0.9970657246635327
2024-11-22,hot_chocolate,20,24.977427500926414,25.050933838243445,0.9970657246635327
2024-11-22,iced_latte,47,32.61928157749476,32.71527720853345,0.9970657246635327
2024-11-22,latte,61,80.3880881378137,80.62466309825389,0.9970657246635327
2024-11-22,masala_chai,41,49.92988381766819,50.07682300433846,0.9970657246635327
2024-11-22,sandwich,29,34.892746700590855,34.99543293634497,0.9970657246635327
2024-11-23,americano,34,36.45626558434352,40.398143745689815,0.9024242750815287
2024-11-23,cappuccino,49,54.68439837651528,60.59721561853472,0.9024242750815287
2024-11-23,cold_coffee,46,51.052967966950305,56.57313236873861,0.9024242750815287
2024-11-23,croissant,35,35.92903114278756,39.81390143737167,0.9024242750815287
2024-11-23,espresso,62,48.608354112458024,53.864191660919744,0.9024242750815287
2024-11-23,hot_chocolate,23,24.134641882212527,26.74422945906692,0.9024242750815287
2024-11-23,iced_latte,39,38.28972597521274,42.429849276553966,0.9024242750815287
2024-11-23,latte,63,60.76044264057253,67.33023957614968,0.9024242750815287
2024-11-23,masala_chai,61,48.43852225218987,53.67599652371246,0.9024242750815287
2024-11-23,sandwich,34,34.67277131262016,38.42180698151951,0.9024242750815287
2024-11-24,americano,42,37.572395397654425,38.705128946189284,0.9707342778754292
2024-11-24,cappuccino,53,56.35859309648164,58.05769341928393,0.9707342778754292
2024-11-24,cold_coffee,40,54.76328338431432,56.414288268639766,0.9707342778754292
2024-11-24,croissant,40,37.49478709215792,38.62518090349076,0.9707342778754292
2024-11-24,espresso,35,50.09652719687258,51.606838594919054,0.9707342778754292
2024-11-24,hot_chocolate,28,24.74948071792409,25.49562870293543,0.9707342778754292
2024-11-24,iced_latte,45,52.92843110597389,54.52411881633998,0.9707342778754292
2024-11-24,latte,48,62.620658996090725,64.50854824364882,0.9707342778754292
2024-11-24,masala_chai,48,49.79684797040788,51.29812463138149,0.9707342778754292
2024-11-24,sandwich,33,36.18378055047407,37.2746501026694,0.9707342778754292
2024-11-25,americano,40,34.629095534724634,34.14183836538707,1.0142715563269593
2024-11-25,cappuccino,57,51.943643302086954,51.21275754808061,1.0142715563269593
2024-11-25,cold_coffee,39,39.91859519682912,39.35691082710498,1.0142715563269593
2024-11-25,croissant,29,29.51870749238884,29.103357289527725,1.0142715563269593
2024-11-25,espresso,58,46.17212737963285,45.52245115384943,1.0142715563269593
2024-11-25,hot_chocolate,11,23.132282020120254,22.806793580893203,1.0142715563269593
2024-11-25,iced_latte,20,29.938946397621848,29.51768312032874,1.0142715563269593
2024-11-25,latte,85,57.71515922454107,56.903063942311796,1.0142715563269593
2024-11-25,masala_chai,35,46.218322600773455,45.567996373817834,1.0142715563269593
2024-11-25,sandwich,33,32.20222635533327,31.74911704312115,1.0142715563269593
2024-11-26,americano,34,34.038880093287226,36.288652888255264,0.9380034083410087
2024-11-26,cappuccino,62,51.05832013993083,54.432979332382885,0.9380034083410087
2024-11-26,cold_coffee,34,34.523885702937996,36.80571455918093,0.9380034083410087
2024-11-26,croissant,23,27.87787540417567,29.720441478439426,0.9380034083410087
2024-11-26,espresso,46,45.38517345771629,48.384870517673676,0.9380034083410087
2024-11-26,hot_chocolate,12,23.104751645837748,24.63184188925471,0.9380034083410087
2024-11-26,iced_latte,17,25.892914277203506,27.604285919385703,0.9380034083410087
2024-11-26,latte,73,56.73146682214537,60.4810881470921,0.9380034083410087
2024-11-26,masala_chai,40,45.79548364508889,48.82229983160153,0.9380034083410087
2024-11-26,sandwich,27,30.412227713646185,32.42229979466119,0.9380034083410087
2024-11-27,americano,33,32.595924315519255,37.229882606022755,0.8755312140104934
2024-11-27,cappuccino,57,48.89388647327887,55.84482390903412,0.8755312140104934
2024-11-27,cold_coffee,32,33.59359016327913,38.3693803552691,0.8755312140104934
2024-11-27,croissant,23,26.829907964124025,30.644147843942505,0.8755312140104934
2024-11-27,espresso,45,43.46123242069233,49.639843474697,0.8755312140104934
2024-11-27,hot_chocolate,11,22.081102482883423,25.22023444685409,0.8755312140104934
2024-11-27,iced_latte,32,25.195192622459352,28.77703526645183,0.8755312140104934
2024-11-27,latte,60,54.32654052586542,62.04980434337125,0.8755312140104934
2024-11-27,masala_chai,44,43.81031675561644,50.03855494190452,0.8755312140104934
2024-11-27,sandwich,22,29.268990506317117,33.42997946611909,0.8755312140104934
2024-11-28,americano,33,36.942369746369884,39.714651755869525,0.9301949812743877
2024-11-28,cappuccino,41,55.413554619554816,59.57197763380428,0.9301949812743877
2024-11-28,cold_coffee,35,39.62685893176642,42.60059420819143,0.9301949812743877
2024-11-28,croissant,47,30.789973414134817,33.10055852156058,0.9301949812743877
2024-11-28,espresso,42,49.25649299515984,52.95286900782603,0.9301949812743877
2024-11-28,hot_chocolate,29,24.900652696389788,26.76928299728659,0.9301949812743877
2024-11-28,iced_latte,37,29.720144198824816,31.950445656143575,0.9301949812743877
2024-11-28,latte,76,61.5706162439498,66.19108625978254,0.9301949812743877
2024-11-28,masala_chai,47,49.52815007881138,53.24491216987294,0.9301949812743877
2024-11-28,sandwich,35,33.58906190632889,36.10970020533881,0.9301949812743877
2024-11-29,americano,39,44.134051518330104,44.497286122251126,0.9918369267976685
2024-11-29,cappuccino,63,66.20107727749513,66.74592918337666,0.9918369267976685
2024-11-29,cold_coffee,53,47.2788518587578,47.66796897893934,0.9918369267976685
2024-11-29,croissant,34,35.08611356867255,35.3748813143655,0.9918369267976685
2024-11-29,espresso,72,65.70117701757879,66.24191461564892,0.9918369267976685
2024-11-29,hot_chocolate,37,47.226445775467376,47.61513158009433,0.9918369267976685
2024-11-29,iced_latte,14,27.516291781797037,27.742757945742696,0.9918369267976685
2024-11-29,latte,57,73.55675253055016,74.1621435370852,0.9918369267976685
2024-11-29,masala_chai,68,72.34876978721431,72.94421878484185,0.9918369267976685
2024-11-29,sandwich,40,47.39014181776711,47.780174882956885,0.9918369267976685
2024-11-30,americano,39,60.147452358898775,62.01773678490102,0.9698427494623185
2024-11-30,cappuccino,82,70.01163454575816,72.18864561762477,0.9698427494623185
2024-11-30,cold_coffee,37,43.464593767052484,44.816124872974804,0.9698427494623185
2024-11-30,croissant,29,40.49297995142626,41.75210875564682,0.9698427494623185
2024-11-30,espresso,38,62.232564040673935,64.16768499344425,0.9698427494623185
2024-11-30,hot_chocolate,30,32.51596566098466,33.52704928609461,0.9698427494623185
2024-11-30,iced_latte,33,32.59844532528937,33.61209365473111,0.9698427494623185
2024-11-30,latte,72,77.79070505084242,80.20960624180532,0.9698427494623185
2024-11-30,masala_chai,52,63.61685178223743,65.5950171484054,0.9698427494623185
2024-11-30,sandwich,35,39.07714149158617,40.29224481314168,0.9698427494623185
2024-12-01,americano,61,53.604749481916855,52.30819492764632,1.0247868341865736
2024-12-01,cappuccino,108,80.40712422287527,78.46229239146946,1.0247868341865736
2024-12-01,cold_coffee,31,42.87605662804449,41.839000265921094,1.0247868341865736
2024-12-01,croissant,51,47.044573343812445,45.90669178644763,1.0247868341865736
2024-12-01,espresso,112,79.7999506850542,77.86980474665793,1.0247868341865736
2024-12-01,hot_chocolate,53,44.914348744934856,43.82799158479207,1.0247868341865736
2024-12-01,iced_latte,42,32.15704247103336,31.37925019944081,1.0247868341865736
2024-12-01,latte,61,89.34124913652809,87.18032487941053,1.0247868341865736
2024-12-01,masala_chai,69,88.27037041530201,86.13534783101188,1.0247868341865736
2024-12-01,sandwich,39,41.72278902890154,40.71362710472279,1.0247868341865736
2024-12-02,americano,42,43.73997516138566,44.53365215637169,0.9821780393802158
2024-12-02,cappuccino,68,65.6099627420785,66.80047823455753,0.9821780393802158
2024-12-02,cold_coffee,25,28.115921040621757,28.626094163501925,0.9821780393802158
2024-12-02,croissant,35,32.954175416998105,33.55214034086243,0.9821780393802158
2024-12-02,espresso,68,65.11452613021812,66.29605175382191,0.9821780393802158
2024-12-02,hot_chocolate,29,37.09128692819237,37.76432117296992,0.9821780393802158
2024-12-02,iced_latte,21,21.08694078046632,21.469570622626446,0.9821780393802158
2024-12-02,latte,71,72.89995860230944,74.22275359395282,0.9821780393802158
2024-12-02,masala_chai,67,72.45960751686597,73.7744121855852,0.9821780393802158
2024-12-02,sandwich,24,33.0384571955582,33.63795144147844,0.9821780393802158
2024-12-03,americano,46,45.194042660370606,42.40331383247383,1.06581393234789
2024-12-03,cappuccino,50,67.7910639905559,63.604970748710734,1.06581393234789
2024-12-03,cold_coffee,42,36.344352674183895,34.100091555493776,1.06581393234789
2024-12-03,croissant,31,36.51856655256512,34.26354773963039,1.06581393234789
2024-12-03,espresso,46,67.27915735848048,63.12467431371505,1.06581393234789
2024-12-03,hot_chocolate,36,37.266131801198995,34.96495088885275,1.06581393234789
2024-12-03,iced_latte,29,27.25826450563793,25.57506866662034,1.06581393234789
2024-12-03,latte,103,75.32340443395098,70.67218972078969,1.06581393234789
2024-12-03,masala_chai,87,73.82755974146696,69.26871332863105,1.06581393234789
2024-12-03,sandwich,34,36.611964420986006,34.35117829650924,1.06581393234789
2024-12-04,americano,28,38.79792294565913,38.31547829738187,1.0125913774201853
2024-12-04,cappuccino,59,58.196884418488686,57.4732174460728,1.0125913774201853
2024-12-04,cold_coffee,40,35.14068529276376,34.70371768550205,1.0125913774201853
2024-12-04,croissant,21,31.499712321596334,31.108019507186857,1.0125913774201853
2024-12-04,espresso,57,66.66309784477512,65.83415515014066,1.0125913774201853
2024-12-04,hot_chocolate,38,26.414196313227173,26.08574090421701,1.0125913774201853
2024-12-04,iced_latte,21,26.355513969572822,26.027788264126535,1.0125913774201853
2024-12-04,latte,63,64.66320490943187,63.85913049563645,1.0125913774201853
2024-12-04,masala_chai,67,67.3667480710587,66.52905562230968,1.0125913774201853
2024-12-04,sandwich,46,32.86926503123096,32.46054209445585,1.0125913774201853
2024-12-05,americano,36,37.87959020387246,39.17583112037225,0.9669122293151372
2024-12-05,cappuccino,49,73.22085735284627,75.72647768113194,0.9669122293151372
2024-12-05,cold_coffee,41,30.706857579541943,31.757647331952327,0.9669122293151372
2024-12-05,croissant,17,30.684817101852428,31.73485262833675,0.9669122293151372
2024-12-05,espresso,44,56.390328458839264,58.32000749311079,0.9669122293151372
2024-12-05,hot_chocolate,21,31.203556882201024,32.27134370231563,0.9669122293151372
2024-12-05,iced_latte,29,23.030143184656456,23.818235498964242,0.9669122293151372
2024-12-05,latte,76,63.132650339787446,65.29305186728709,0.9669122293151372
2024-12-05,masala_chai,50,61.84796966319544,63.9644093725056,0.9669122293151372
2024-12-05,sandwich,21,30.7632948949518,31.81601593429158,0.9669122293151372
2024-12-06,americano,22,41.144969519148255,41.82811336568702,0.9836678302804073
2024-12-06,cappuccino,47,61.717454278722364,62.74217004853051,0.9836678302804073
2024-12-06,cold_coffee,26,39.72952220601512,40.38916490202765,0.9836678302804073
2024-12-06,croissant,20,34.080091012637155,34.64593429158111,0.9836678302804073
2024-12-06,espresso,46,54.85995935886432,55.77081782091601,0.9836678302804073
2024-12-06,hot_chocolate,24,27.788897325219793,28.25028578732539,0.9836678302804073
2024-12-06,iced_latte,17,29.797141654511343,30.291873676520744,0.9836678302804073
2024-12-06,latte,73,68.5749491985804,69.71352227614501,0.9836678302804073
2024-12-06,masala_chai,53,55.21771052641011,56.13450885210873,0.9836678302804073
2024-12-06,sandwich,40,35.56183410014312,36.1522792607803,0.9836678302804073
2024-12-07,americano,56,56.32333910737152,56.92411967442192,0.9894459401307114
2024-12-07,cappuccino,63,65.56036672098044,66.2596753010271,0.9894459401307114
2024-12-07,cold_coffee,43,42.69928242684084,43.15474013789982,0.9894459401307114
2024-12-07,croissant,36,40.83191830016127,41.2674575174538,0.9894459401307114
2024-12-07,espresso,51,65.06530462060626,65.75933255333865,0.9894459401307114
2024-12-07,hot_chocolate,44,46.02702109719973,46.51797458597819,0.9894459401307114
2024-12-07,iced_latte,37,32.02446182013063,32.36605510342487,0.9894459401307114
2024-12-07,latte,74,72.8448519122005,73.62186144558568,0.9894459401307114
2024-12-07,masala_chai,81,91.5949207435572,92.5719304396327,0.9894459401307114
2024-12-07,sandwich,28,36.21292301733759,36.59919309240246,0.9894459401307114
2024-12-08,americano,39,44.595712126271486,44.441067352410464,1.0034797718208412
2024-12-08,cappuccino,72,66.89356818940722,66.66160102861568,1.0034797718208412
2024-12-08,cold_coffee,41,49.06926676302433,48.89910902138746,1.0034797718208412
2024-12-08,croissant,32,41.86087986820072,41.71571868583162,1.0034797718208412
2024-12-08,espresso,59,59.46094950169531,59.25475646988061,1.0034797718208412
2024-12-08,hot_chocolate,28,30.089389630165517,29.985048503337048,1.0034797718208412
2024-12-08,iced_latte,46,36.80195007226825,36.674331766040595,1.0034797718208412
2024-12-08,latte,91,74.32618687711914,74.06844558735077,1.0034797718208412
2024-12-08,masala_chai,66,59.81878763960544,59.61135373069118,1.0034797718208412
2024-12-08,sandwich,31,38.640812186031425,38.50681724845995,1.0034797718208412
2024-12-09,americano,40,33.09868987624315,34.99820257257658,0.9457254214014458
2024-12-09,cappuccino,68,49.64803481436473,52.497303858864875,0.9457254214014458
2024-12-09,cold_coffee,34,34.0723625173632,36.02775366540561,0.9457254214014458
2024-12-09,croissant,21,27.969241852150816,29.574378798767963,0.9457254214014458
2024-12-09,espresso,53,44.13158650165753,46.66427009676877,0.9457254214014458
2024-12-09,hot_chocolate,20,22.17639849977777,23.449087862008767,0.9457254214014458
2024-12-09,iced_latte,23,32.93076274229691,34.820638207544086,0.9457254214014458
2024-12-09,latte,76,55.16448312707192,58.33033762096097,0.9457254214014458
2024-12-09,masala_chai,64,44.24205349411735,46.78107671945226,0.9457254214014458
2024-12-09,sandwich,28,29.18529584572259,30.860221355236135,0.9457254214014458
2024-12-10,americano,28,37.30546448641482,36.47901431141498,1.0226554963339902
2024-12-10,cappuccino,69,55.95819672962223,54.71852146712247,1.0226554963339902
2024-12-10,cold_coffee,63,39.651655037511475,38.77322830577307,1.0226554963339902
2024-12-10,croissant,37,31.840896505832795,31.135506160164265,1.0226554963339902
2024-12-10,espresso,54,49.74061931521975,48.6386857485533,1.0226554963339902
2024-12-10,hot_chocolate,27,24.895192406568402,24.3436743808766,1.0226554963339902
2024-12-10,iced_latte,31,29.738741278133606,29.079921229329802,1.0226554963339902
2024-12-10,latte,61,62.175774144024686,60.79835718569162,1.0226554963339902
2024-12-10,masala_chai,55,49.765495843491166,48.663011172276725,1.0226554963339902
2024-12-10,sandwich,45,33.22528331043423,32.48922381930185,1.0226554963339902
2024-12-11,americano,41,39.68056563277187,37.878522719502485,1.0475742659399323
2024-12-11,cappuccino,67,59.520848449157796,56.81778407925373,1.0475742659399323
2024-12-11,cold_coffee,38,37.40687116967693,35.708085226887235,1.0475742659399323
2024-12-11,croissant,30,32.62155406212165,31.140087268993838,1.0475742659399323
2024-12-11,espresso,65,52.90742084369581,50.50469695933664,1.0475742659399323
2024-12-11,hot_chocolate,23,26.880373995065824,25.65963566406197,1.0475742659399323
2024-12-11,iced_latte,53,36.15354816656921,34.51168030949153,1.0475742659399323
2024-12-11,latte,90,85.22458254461313,81.354215462849,1.0475742659399323
2024-12-11,masala_chai,47,53.33237777172297,50.91035500368146,1.0475742659399323
2024-12-11,sandwich,31,34.039882499605206,32.49400410677618,1.0475742659399323
2024-12-12,americano,37,45.94873061494087,44.90501047600926,1.0232428436797543
2024-12-12,cappuccino,51,68.9230959224113,67.35751571401389,1.0232428436797543
2024-12-12,cold_coffee,27,26.618322026202982,26.013689898361758,1.0232428436797543
2024-12-12,croissant,36,33.51126826506668,32.7500636550308,1.0232428436797543
2024-12-12,espresso,100,68.4026410448958,66.84888290926945,1.0232428436797543
2024-12-12,hot_chocolate,34,39.47414355526849,38.57749291782271,1.0232428436797543
2024-12-12,iced_latte,21,19.963741519652235,19.510267423771317,1.0232428436797543
2024-12-12,latte,60,76.58121769156811,74.8416841266821,1.0232428436797543
2024-12-12,masala_chai,90,76.61501260772587,74.8747113952005,1.0232428436797543
2024-12-12,sandwich,30,33.59697483351954,32.83382340862423,1.0232428436797543
2024-12-13,americano,42,42.064469397083286,45.679860066717296,0.92085372712715
2024-12-13,cappuccino,60,63.09670409562492,68.51979010007594,0.92085372712715
2024-12-13,cold_coffee,18,29.526169760744963,32.06390862190433,0.92085372712715
2024-12-13,croissant,27,32.57545049451221,35.375271375770026,0.92085372712715
2024-12-13,espresso,72,62.62024570439582,68.00238068184451,0.92085372712715
2024-12-13,hot_chocolate,38,35.28024120552179,38.31253560279107,0.92085372712715
2024-12-13,iced_latte,17,22.144627320558723,24.04793146642825,0.92085372712715
2024-12-13,latte,69,70.1074489951388,76.13310011119549,0.92085372712715
2024-12-13,masala_chai,61,69.30175624853028,75.25815903980286,0.92085372712715
2024-12-13,sandwich,35,32.65876366713244,35.46574521560575,0.92085372712715
2024-12-14,americano,41,43.68441666074203,45.26556821053398,0.9650694421323095
2024-12-14,cappuccino,60,65.52662499111304,67.89835231580096,0.9650694421323095
2024-12-14,cold_coffee,45,45.44880983046578,47.09382335228351,0.9650694421323095
2024-12-14,croissant,41,40.29411637833697,41.752556468172486,0.9650694421323095
2024-12-14,espresso,52,58.24588888098936,60.35409094737863,0.9650694421323095
2024-12-14,hot_chocolate,24,29.681570527456547,30.755890956277167,0.9650694421323095
2024-12-14,iced_latte,25,34.086607372849336,35.320367514212634,0.9650694421323095
2024-12-14,latte,57,72.80736110123672,75.4426136842233,0.9650694421323095
2024-12-14,masala_chai,59,58.80186151399431,60.93018693460265,0.9650694421323095
2024-12-14,sandwich,50,37.19456896461874,38.54082135523614,0.9650694421323095
2024-12-15,americano,54,47.44340095481564,45.935327785006926,1.0328303561230043
2024-12-15,cappuccino,69,71.16510143222347,68.9029916775104,1.0328303561230043
2024-12-15,cold_coffee,40,42.739888252664166,41.38132462827621,1.0328303561230043
2024-12-15,croissant,45,41.835759493829435,40.50593521560575,1.0328303561230043
2024-12-15,espresso,61,63.25786793975419,61.247103713342575,1.0328303561230043
2024-12-15,hot_chocolate,28,32.82112403709237,31.77784603494318,1.0328303561230043
2024-12-15,iced_latte,35,32.05491618949812,31.035993471207153,1.0328303561230043
2024-12-15,latte,71,79.07233492469274,76.55887964167822,1.0328303561230043
2024-12-15,masala_chai,96,83.03998783937863,80.40041362754933,1.0328303561230043
2024-12-15,sandwich,27,38.61762414815024,37.390094045174536,1.0328303561230043
2024-12-16,americano,47,41.35699682640424,37.38712030970925,1.1061829978829376
2024-12-16,cappuccino,85,62.03549523960638,56.08068046456389,1.1061829978829376
2024-12-16,cold_coffee,25,34.5785825331457,31.25936901880045,1.1061829978829376
2024-12-16,croissant,30,32.74837417239323,29.604843172484593,1.1061829978829376
2024-12-16,espresso,56,55.142662435205665,49.84949374627901,1.1061829978829376
2024-12-16,hot_chocolate,19,28.439428473811272,25.709515087684334,1.1061829978829376
2024-12-16,iced_latte,49,33.42002177816917,30.212019025902496,1.1061829978829376
2024-12-16,latte,49,68.92832804400709,62.31186718284877,1.1061829978829376
2024-12-16,masala_chai,62,56.004032072370485,50.628180128923965,1.1061829978829376
2024-12-16,sandwich,32,34.17221652771467,30.892010266940446,1.1061829978829376
2024-12-17,americano,44,40.860089892716154,37.25426953790112,1.096789452579297
2024-12-17,cappuccino,52,61.29013483907422,55.88140430685168,1.096789452579297
2024-12-17,cold_coffee,39,40.73740291156667,37.14240943488777,1.096789452579297
2024-12-17,croissant,36,34.184266340103626,31.167573921971254,1.096789452579297
2024-12-17,espresso,61,54.480119856954865,49.67235938386816,1.096789452579297
2024-12-17,hot_chocolate,40,27.486327007388294,25.060714198836678,1.096789452579297
2024-12-17,iced_latte,24,30.553052183675,27.856807076165826,1.096789452579297
2024-12-17,latte,90,68.10014982119357,62.090449229835194,1.096789452579297
2024-12-17,masala_chai,65,54.72583283587323,49.89638868898276,1.096789452579297
2024-12-17,sandwich,43,35.67053878967335,32.522685831622184,1.096789452579297
2024-12-18,americano,26,38.53281466576911,38.39447346653927,1.0036031539630412
2024-12-18,cappuccino,42,57.799221998653664,57.5917101998089,1.0036031539630412
2024-12-18,cold_coffee,32,34.900567113108394,34.775266473897155,1.0036031539630412
2024-12-18,croissant,31,31.284473104736584,31.17215503080082,1.0036031539630412
2024-12-18,espresso,53,66.20758533637304,65.96988568133895,1.0036031539630412
2024-12-18,hot_chocolate,35,26.233706698896924,26.139521976694592,1.0036031539630412
2024-12-18,iced_latte,27,26.175425334831296,26.081449855422868,1.0036031539630412
2024-12-18,latte,87,82.7594816704663,82.46235710167369,1.0036031539630412
2024-12-18,masala_chai,39,51.919387726865985,51.73298581401028,1.0036031539630412
2024-12-18,sandwich,32,32.64466758755122,32.52746611909651,1.0036031539630412
2024-12-19,americano,34,35.99906808124419,37.469215931398885,0.9607638480387116
2024-12-19,cappuccino,61,53.99860212186629,56.20382389709833,0.9607638480387116
2024-12-19,cold_coffee,44,38.88023107944312,40.46804129736211,0.9607638480387116
2024-12-19,croissant,28,30.879877301854492,32.14096509240246,0.9607638480387116
2024-12-19,espresso,54,47.99875744165892,49.95895457519851,0.9607638480387116
2024-12-19,hot_chocolate,27,23.975391337799095,24.954510295888095,0.9607638480387116
2024-12-19,iced_latte,23,29.160173309582333,30.35103097302158,0.9607638480387116
2024-12-19,latte,42,59.99844680207366,62.44869321899815,0.9607638480387116
2024-12-19,masala_chai,66,47.97476406178292,49.93398134173955,0.9607638480387116
2024-12-19,sandwich,19,32.222480662804685,33.53839835728952,0.9607638480387116
2024-12-20,americano,36,38.041564810369714,40.67556963954276,0.9352435662852427
2024-12-20,cappuccino,63,57.062347215554574,61.01335445931414,0.9352435662852427
2024-12-20,cold_coffee,26,40.43404969524557,43.233710610646924,0.9352435662852427
2024-12-20,croissant,29,32.46917160053087,34.71734291581109,0.9352435662852427
2024-12-20,espresso,55,50.72208641382628,54.23409285272368,0.9352435662852427
2024-12-20,hot_chocolate,31,25.38641693486956,27.14417703583205,0.9352435662852427
2024-12-20,iced_latte,27,30.325537271434186,32.4252829579852,0.9352435662852427
2024-12-20,latte,69,63.402608017282844,67.79261606590458,0.9352435662852427
2024-12-20,masala_chai,59,50.74745379835084,54.26121667954166,0.9352435662852427
2024-12-20,sandwich,38,33.88087471359744,36.226792607802885,0.9352435662852427
2024-12-21,americano,48,37.53697643696832,40.776920976277694,0.9205446497249207
2024-12-21,cappuccino,84,56.305464655452475,61.165381464416534,0.9205446497249207
2024-12-21,cold_coffee,57,49.646191423442474,53.93132363354441,0.9205446497249207
2024-12-21,croissant,35,37.320415443568486,40.54166786447638,0.9205446497249207
2024-12-21,espresso,60,50.04930191595776,54.36922796837026,0.9205446497249207
2024-12-21,hot_chocolate,18,24.750888252754883,26.887221885598926,0.9205446497249207
2024-12-21,iced_latte,28,37.234643567581855,40.44849272515831,0.9205446497249207
2024-12-21,latte,84,62.5616273949472,67.96153496046283,0.9205446497249207
2024-12-21,masala_chai,64,64.14276593452604,69.67914696336928,0.9205446497249207
2024-12-21,sandwich,27,34.44961425560168,37.42307802874743,0.9205446497249207
2024-12-22,americano,41,38.767195770524665,41.81533528237318,0.9271047453938885
2024-12-22,cappuccino,90,74.93658976261214,80.82861201489663,0.9271047453938885
2024-12-22,cold_coffee,33,47.331195989654134,51.05269520494695,0.9271047453938885
2024-12-22,croissant,43,37.591893981394556,40.54762330595483,0.9271047453938885
2024-12-22,espresso,31,51.68959436069956,55.75378037649757,0.9271047453938885
2024-12-22,hot_chocolate,21,25.818965301261635,27.84902723186065,0.9271047453938885
2024-12-22,iced_latte,35,35.49839699224059,38.289521403710204,0.9271047453938885
2024-12-22,latte,64,64.61199295087445,69.69222547062196,0.9271047453938885
2024-12-22,masala_chai,55,51.663756023641774,55.72591045437048,0.9271047453938885
2024-12-22,sandwich,44,34.700209828979574,37.42857535934291,0.9271047453938885
2024-12-23,americano,40,43.19787711547542,43.93167284258528,0.9832968862865938
2024-12-23,cappuccino,73,64.79681567321312,65.89750926387791,0.9832968862865938
2024-12-23,cold_coffee,53,42.724999815532,43.450762848321766,0.9832968862865938
2024-12-23,croissant,34,36.049862640402395,36.66223613963039,0.9832968862865938
2024-12-23,espresso,37,57.59716948730056,58.575563790113705,0.9832968862865938
2024-12-23,hot_chocolate,22,29.08801533211154,29.582128996626846,0.9832968862865938
2024-12-23,iced_latte,39,32.043749861649,32.58807213624132,0.9832968862865938
2024-12-23,latte,62,71.9964618591257,73.21945473764214,0.9832968862865938
2024-12-23,masala_chai,39,57.88587650079811,58.86917502546283,0.9832968862865938
2024-12-23,sandwich,48,37.6172479725938,38.25624640657084,0.9832968862865938
2024-12-24,americano,35,45.32699575810866,43.30020023186504,1.0468079943138942
2024-12-24,cappuccino,92,87.61661551180798,83.6988406543783,1.0468079943138942
2024-12-24,cold_coffee,45,45.55387353730081,43.51693317661185,1.0468079943138942
2024-12-24,croissant,41,38.01627996513457,36.31638291991786,1.0468079943138942
2024-12-24,espresso,63,60.43599434414487,57.73360030915338,1.0468079943138942
2024-12-24,hot_chocolate,37,30.460710709126417,29.098660761653026,1.0468079943138942
2024-12-24,iced_latte,24,34.16540515297561,32.63769988245889,1.0468079943138942
2024-12-24,latte,84,97.35179501311998,92.99871183819812,1.0468079943138942
2024-12-24,masala_chai,63,60.67822245477198,57.96499719563386,1.0468079943138942
2024-12-24,sandwich,51,51.120053740656104,48.83422176591377,1.0468079943138942
2024-12-25,americano,30,31.464748170157964,32.03669643257448,0.9821470898655154
2024-12-25,cappuccino,33,47.197122255236934,48.05504464886171,0.9821470898655154
2024-12-25,cold_coffee,30,33.44360826118681,34.05152711470765,0.9821470898655154
2024-12-25,croissant,43,26.855738264106904,27.343906570841888,0.9821470898655154
2024-12-25,espresso,48,41.95299756021061,42.71559524343264,0.9821470898655154
2024-12-25,hot_chocolate,20,20.997485770631762,21.37916610179737,0.9821470898655154
2024-12-25,iced_latte,25,25.08270619589011,25.538645336030743,0.9821470898655154
2024-12-25,latte,75,52.44124695026327,53.394494054290796,0.9821470898655154
2024-12-25,masala_chai,39,41.973979303989545,42.73695838139378,0.9821470898655154
2024-12-25,sandwich,14,28.023379058198508,28.53277207392197,0.9821470898655154
2024-12-26,americano,41,38.455648124580414,39.29696672421939,0.9785907496234192
2024-12-26,cappuccino,57,57.683472186870624,58.94545008632909,0.9785907496234192
2024-12-26,cold_coffee,32,31.173835401465098,31.855845166594307,0.9785907496234192
2024-12-26,croissant,30,31.15145974085304,31.832979979466113,0.9785907496234192
2024-12-26,espresso,42,57.24789041199673,58.50033881275378,0.9785907496234192
2024-12-26,hot_chocolate,28,31.678088311910507,32.371129937719985,0.9785907496234192
2024-12-26,iced_latte,27,23.380376551098824,23.89188387494573,0.9785907496234192
2024-12-26,latte,73,82.59374597203698,84.40070172727533,0.9785907496234192
2024-12-26,masala_chai,54,62.788529278873284,64.16219374956849,0.9785907496234192
2024-12-26,sandwich,27,31.231130993387193,31.914394250513343,0.9785907496234192
2024-12-27,americano,37,47.07644902288992,43.30443924190873,1.0871044596585089
2024-12-27,cappuccino,67,70.6146735343349,64.95665886286311,1.0871044596585089
2024-12-27,cold_coffee,26,35.796367035875726,32.928176053219765,1.0871044596585089
2024-12-27,croissant,27,37.37972258634229,34.38466492731006,1.0871044596585089
2024-12-27,espresso,66,70.08144514734423,64.4661555057541,1.0871044596585089
2024-12-27,hot_chocolate,23,39.09100917549717,35.95883434033266,1.0871044596585089
2024-12-27,iced_latte,29,26.8472752769068,24.69613203991483,1.0871044596585089
2024-12-27,latte,98,101.10921181892171,93.00781624121296,1.0871044596585089
2024-12-27,masala_chai,65,77.17222995813148,70.98878978233014,1.0871044596585089
2024-12-27,sandwich,33,37.47532289986234,34.472605246817245,1.0871044596585089
2024-12-28,americano,44,45.66485954223207,45.24549991557862,1.0092685378089736
2024-12-28,cappuccino,102,68.49728931334809,67.86824987336792,1.0092685378089736
2024-12-28,cold_coffee,61,47.89084016720702,47.45103842350371,1.0092685378089736
2024-12-28,croissant,45,42.226293117430714,41.83851129363449,1.0092685378089736
2024-12-28,espresso,51,60.886479389642766,60.32733322077149,1.0092685378089736
2024-12-28,hot_chocolate,39,30.996179538627256,30.711528574859795,1.0092685378089736
2024-12-28,iced_latte,32,35.91813012540527,35.58827881762779,1.0092685378089736
2024-12-28,latte,90,76.10809923705347,75.40916652596438,1.0092685378089736
2024-12-28,masala_chai,52,61.43693102094693,60.87272982304658,1.0092685378089736
2024-12-28,sandwich,31,38.97811672378219,38.62016427104722,1.0092685378089736
2024-12-29,americano,44,42.528221278486804,46.5837507800386,0.9129411128635521
2024-12-29,cappuccino,48,63.7923319177302,69.8756261700579,0.9129411128635521
2024-12-29,cold_coffee,35,47.17023499799241,51.66843111056437,0.9129411128635521
2024-12-29,croissant,46,40.02010320582748,43.8364563080082,0.9129411128635521
2024-12-29,espresso,54,56.704295037982405,62.11166770671814,0.9129411128635521
2024-12-29,hot_chocolate,32,28.66574275341051,31.399333811900398,0.9129411128635521
2024-12-29,iced_latte,38,35.37767624849431,38.75132333292328,0.9129411128635521
2024-12-29,latte,80,91.34068144004895,100.05101112551245,0.9129411128635521
2024-12-29,masala_chai,99,57.01702788768098,62.45422304275471,0.9129411128635521
2024-12-29,sandwich,19,36.941633728456154,40.4644212073922,0.9129411128635521
2024-12-30,americano,66,58.1429059545879,61.329905393846865,0.9480351482887057
2024-12-30,cappuccino,47,67.67834253114033,71.38800987843776,0.9480351482887057
2024-12-30,cold_coffee,50,51.82624843087357,54.6670115811897,0.9480351482887057
2024-12-30,croissant,31,36.44895604763293,38.446840408213546,0.9480351482887057
2024-12-30,espresso,66,77.5238746061172,81.77320719179582,0.9480351482887057
2024-12-30,hot_chocolate,29,30.77910371739166,32.4662052593207,0.9480351482887057
2024-12-30,iced_latte,33,30.162876586768416,31.816200740252402,0.9480351482887057
2024-12-30,latte,88,75.19815836793371,79.32001097604197,0.9480351482887057
2024-12-30,masala_chai,68,60.85434302678453,64.1899650415203,0.9480351482887057
2024-12-30,sandwich,34,38.03369326709523,40.11844216509239,0.9480351482887057
2024-12-31,americano,37,46.416658316640095,47.89948748838418,0.9690429010935936
2024-12-31,cappuccino,62,69.62498747496014,71.84923123257626,0.9690429010935936
2024-12-31,cold_coffee,51,47.78210904789605,49.30855898533752,0.9690429010935936
2024-12-31,croissant,50,39.223266760131665,40.47629544147844,0.9690429010935936
2024-12-31,espresso,77,61.88887775552012,63.86598331784557,0.9690429010935936
2024-12-31,hot_chocolate,36,31.09954852311729,32.09305644571621,0.9690429010935936
2024-12-31,iced_latte,45,35.836581785922036,36.98141923900314,0.9690429010935936
2024-12-31,latte,82,77.36109719440014,79.83247914730696,0.9690429010935936
2024-12-31,masala_chai,51,62.043793513921635,64.0258480237597,0.9690429010935936
2024-12-31,sandwich,50,40.928626184485225,42.236134373716645,0.9690429010935936
2025-01-01,americano,54,35.60386346606733,35.14040791637541,1.0131886787084208
2025-01-01,cappuccino,59,53.405795199101,52.71061187456312,1.0131886787084208
2025-01-01,cold_coffee,28,34.72519601090647,34.273178076933306,1.0131886787084208
2025-01-01,croissant,20,27.34715725201211,26.99117926078029,1.0131886787084208
2025-01-01,espresso,57,47.47181795475645,46.85387722183389,1.0131886787084208
2025-01-01,hot_chocolate,20,24.070548715463577,23.75722234297753,1.0131886787084208
2025-01-01,iced_latte,20,26.043897008179854,25.704883557699983,1.0131886787084208
2025-01-01,latte,43,59.33977244344556,58.56734652729236,1.0131886787084208
2025-01-01,masala_chai,41,47.80528645854103,47.18300496555254,1.0131886787084208
2025-01-01,sandwich,37,31.253894002299553,30.84706201232033,1.0131886787084208
2025-01-02,americano,31,41.23498335322871,41.55497583883728,0.992299538643709
2025-01-02,cappuccino,68,61.85247502984306,62.33246375825592,0.992299538643709
2025-01-02,cold_coffee,32,39.57898848252154,39.88613008590001,0.992299538643709
2025-01-02,croissant,52,31.514426784753176,31.758985626283373,0.992299538643709
2025-01-02,espresso,61,54.97997780430494,55.406634451783034,0.992299538643709
2025-01-02,hot_chocolate,23,27.93336628497233,28.150135314133173,0.992299538643709
2025-01-02,iced_latte,22,29.684241361891154,29.914597564425005,0.992299538643709
2025-01-02,latte,57,68.72497225538118,69.25829306472879,0.992299538643709
2025-01-02,masala_chai,57,55.42158168705218,55.851665277203786,0.992299538643709
2025-01-02,sandwich,38,36.01648775400363,36.29598357289528,0.992299538643709
2025-01-03,americano,40,48.37391560966015,45.450550750873866,1.0643196795306178
2025-01-03,cappuccino,79,72.56087341449023,68.1758261263108,1.0643196795306178
2025-01-03,cold_coffee,33,44.61062733745993,41.914688035397354,1.0643196795306178
2025-01-03,croissant,25,36.5112036327617,34.30473412731007,1.0643196795306178
2025-01-03,espresso,60,64.49855414621354,60.60073433449848,1.0643196795306178
2025-01-03,hot_chocolate,34,32.93367289642521,30.943403123908684,1.0643196795306178
2025-01-03,iced_latte,31,33.45797050309495,31.436016026548018,1.0643196795306178
2025-01-03,latte,90,80.62319268276691,75.75091791812311,1.0643196795306178
2025-01-03,masala_chai,53,65.1793569244706,61.24039438340156,1.0643196795306178
2025-01-03,sandwich,42,41.727089866013365,39.205410431211504,1.0643196795306178
2025-01-04,americano,42,43.62292536788077,44.93025526475354,0.9709031277661506
2025-01-04,cappuccino,59,65.43438805182114,67.3953828971303,0.9709031277661506
2025-01-04,cold_coffee,41,45.114176071834265,46.46619707120807,0.9709031277661506
2025-01-04,croissant,40,37.126966782207504,38.23962012320329,0.9709031277661506
2025-01-04,espresso,40,58.16390049050769,59.90700701967139,0.9709031277661506
2025-01-04,hot_chocolate,27,29.728842878489274,30.61978278604299,0.9709031277661506
2025-01-04,iced_latte,35,33.8356320538757,34.84964780340606,0.9709031277661506
2025-01-04,latte,79,72.7048756131346,74.88375877458923,0.9709031277661506
2025-01-04,masala_chai,56,58.807235250135484,60.56962179680984,0.9709031277661506
2025-01-04,sandwich,39,37.53495542816583,38.65983572895277,0.9709031277661506
2025-01-05,americano,38,43.97043560476463,42.83256944539888,1.0265654424681725
2025-01-05,cappuccino,73,84.9943987205502,82.79491516507517,1.0265654424681725
2025-01-05,cold_coffee,36,48.09273802433639,46.848194995447116,1.0265654424681725
2025-01-05,croissant,41,38.08339040368435,37.097869096509235,1.0265654424681725
2025-01-05,espresso,75,58.627247473019516,57.11009259386518,1.0265654424681725
2025-01-05,hot_chocolate,57,38.3461886935058,37.35386669680796,1.0265654424681725
2025-01-05,iced_latte,39,36.06955351825229,35.136146246585334,1.0265654424681725
2025-01-05,latte,76,73.28405934127439,71.38761574233148,1.0265654424681725
2025-01-05,masala_chai,32,59.06860485037146,57.540028532767224,1.0265654424681725
2025-01-05,sandwich,32,38.50188919932923,37.505537987679666,1.0265654424681725
2025-01-06,americano,30,34.872664023306214,35.65502561460674,0.9780574665754826
2025-01-06,cappuccino,42,52.308996034959314,53.482538421910114,0.9780574665754826
2025-01-06,cold_coffee,44,32.94088638541731,33.679908912463745,0.9780574665754826
2025-01-06,croissant,25,26.519006015641743,27.11395487679671,0.9780574665754826
2025-01-06,espresso,42,59.9186667067117,61.26293060928993,0.9780574665754826
2025-01-06,hot_chocolate,19,23.67070359774049,24.201751335348227,0.9780574665754826
2025-01-06,iced_latte,14,24.70566478906299,25.259931684347816,0.9780574665754826
2025-01-06,latte,60,58.12110670551035,59.425042691011235,0.9780574665754826
2025-01-06,masala_chai,58,46.91724611865079,47.96982562070129,0.9780574665754826
2025-01-06,sandwich,22,30.307435446447705,30.987377002053382,0.9780574665754826
2025-01-07,americano,29,32.354198212434,36.51890033217474,0.8859576251787774
2025-01-07,cappuccino,43,48.53129731865098,54.778350498262085,0.8859576251787774
2025-01-07,cold_coffee,29,33.37326613113975,37.66914486954764,0.8859576251787774
2025-01-07,croissant,32,25.2898268688857,28.545187885010264,0.8859576251787774
2025-01-07,espresso,31,43.13893094991198,48.6918671095663,0.8859576251787774
2025-01-07,hot_chocolate,17,21.720981420400133,24.516952959253615,0.8859576251787774
2025-01-07,iced_latte,16,25.029949598354815,28.25185865216073,0.8859576251787774
2025-01-07,latte,43,53.92366368738997,60.86483388695787,0.8859576251787774
2025-01-07,masala_chai,70,43.290181742722275,48.86258723038446,0.8859576251787774
2025-01-07,sandwich,28,28.902659278726524,32.62307186858317,0.8859576251787774
2025-01-08,americano,44,38.73974952059407,37.842608300246575,1.0237071719060562
2025-01-08,cappuccino,82,58.1096242808911,56.76391245036986,1.0237071719060562
2025-01-08,cold_coffee,46,39.32567326352742,38.41496312886657,1.0237071719060562
2025-01-08,croissant,14,30.1300984268461,29.432340862422997,1.0237071719060562
2025-01-08,espresso,60,51.652999360792094,50.456811066995435,1.0237071719060562
2025-01-08,hot_chocolate,20,26.059987295749426,25.456486005883825,1.0237071719060562
2025-01-08,iced_latte,22,29.494254947645565,28.811222346649927,1.0237071719060562
2025-01-08,latte,78,64.56624920099011,63.071013833744296,1.0237071719060562
2025-01-08,masala_chai,41,51.88596162989746,50.68437835918467,1.0237071719060562
2025-01-08,sandwich,36,34.434398202109826,33.63696098562628,1.0237071719060562
2025-01-09,americano,49,42.09251999400566,39.0008004469752,1.0792732331541224
2025-01-09,cappuccino,64,63.138779991008484,58.50120067046279,1.0792732331541224
2025-01-09,cold_coffee,51,38.81789802378911,35.96670132395087,1.0792732331541224
2025-01-09,croissant,26,31.77019163216816,29.43665297741273,1.0792732331541224
2025-01-09,espresso,63,56.12335999200754,52.00106726263359,1.0792732331541224
2025-01-09,hot_chocolate,16,28.657206417914768,26.5523182986439,1.0792732331541224
2025-01-09,iced_latte,29,29.11342351784183,26.97502599296315,1.0792732331541224
2025-01-09,latte,67,70.15419999000943,65.00133407829199,1.0792732331541224
2025-01-09,masala_chai,42,56.715759928928044,52.54995508707193,1.0792732331541224
2025-01-09,sandwich,55,36.308790436763616,33.64188911704312,1.0792732331541224
2025-01-10,americano,58,39.283867366752496,39.85430705491193,0.98568687476178
2025-01-10,cappuccino,61,58.92580105012875,59.78146058236789,0.98568687476178
2025-01-10,cold_coffee,40,39.245049622756476,39.814925639789195,0.98568687476178
2025-01-10,croissant,44,30.400904540603328,30.842355030800825,0.98568687476178
2025-01-10,espresso,48,52.37848982233666,53.139076073215904,0.98568687476178
2025-01-10,hot_chocolate,37,34.122315567226224,34.6178045390661,0.98568687476178
2025-01-10,iced_latte,21,29.43378721706735,29.861194229841892,0.98568687476178
2025-01-10,latte,61,65.47311227792083,66.42384509151988,0.98568687476178
2025-01-10,masala_chai,51,52.66736519542922,53.4321461956748,0.98568687476178
2025-01-10,sandwich,39,44.77305528807558,45.42320328542094,0.98568687476178
2025-01-11,americano,49,58.93383265408485,53.61241138078118,1.0992572640597784
2025-01-11,cappuccino,78,68.59898120935476,62.40484684722929,1.0992572640597784
2025-01-11,cold_coffee,54,55.06015277548631,50.088504825647526,1.0992572640597784
2025-01-11,croissant,33,40.81596586158691,37.13049455852157,1.0992572640597784
2025-01-11,espresso,41,60.976872186093125,55.47097497531493,1.0992572640597784
2025-01-11,hot_chocolate,27,30.580038736589046,27.81881888471749,1.0992572640597784
2025-01-11,iced_latte,54,41.29511458161473,37.56637861923565,1.0992572640597784
2025-01-11,latte,49,76.2210902326164,69.33871871914366,1.0992572640597784
2025-01-11,masala_chai,67,61.06840612766583,55.55424387383888,1.0992572640597784
2025-01-11,sandwich,38,41.26449295896698,37.53852197125257,1.0992572640597784
2025-01-12,americano,51,43.652525577988264,41.8370989207165,1.0433927472053475
2025-01-12,cappuccino,62,65.4787883669824,62.75564838107475,1.0433927472053475
2025-01-12,cold_coffee,54,56.93298300966986,54.565247038721296,1.0433927472053475
2025-01-12,croissant,24,39.94573427929416,38.284466119096514,1.0433927472053475
2025-01-12,espresso,69,58.203367437317695,55.78279856095534,1.0433927472053475
2025-01-12,hot_chocolate,20,28.8986832631404,27.696841233124772,1.0433927472053475
2025-01-12,iced_latte,54,42.69973725725239,40.92393527904096,1.0433927472053475
2025-01-12,latte,58,72.75420929664713,69.72849820119418,1.0433927472053475
2025-01-12,masala_chai,63,58.00001173136474,55.58790003736714,1.0433927472053475
2025-01-12,sandwich,36,40.384698392253426,38.70517453798767,1.0433927472053475
2025-01-13,americano,28,42.0089822029379,36.0509587454186,1.1652667131432797
2025-01-13,cappuccino,51,63.01347330440687,54.07643811812791,1.1652667131432797
2025-01-13,cold_coffee,43,40.68972145631851,34.918805280688865,1.1652667131432797
2025-01-13,croissant,51,33.25767973873986,28.540830492813143,1.1652667131432797
2025-01-13,espresso,60,62.53764340890433,53.668093925218635,1.1652667131432797
2025-01-13,hot_chocolate,47,33.919941909799725,29.10916576197519,1.1652667131432797
2025-01-13,iced_latte,33,30.517291092238878,26.189103960516643,1.1652667131432797
2025-01-13,latte,114,70.01497033822984,60.084931242364334,1.1652667131432797
2025-01-13,masala_chai,60,67.90775763467043,58.27657897434558,1.1652667131432797
2025-01-13,sandwich,47,36.518236575871214,31.338951129363448,1.1652667131432797
2025-01-14,americano,26,38.68511205314329,36.37403276079047,1.0635365153913883
2025-01-14,cappuccino,48,58.02766807971494,54.561049141185705,1.0635365153913883
2025-01-14,cold_coffee,58,40.54717866881927,38.12485803921612,1.0635365153913883
2025-01-14,croissant,37,30.389989217399794,28.574467145790553,1.0635365153913883
2025-01-14,espresso,78,51.580149404191076,48.49871034772064,1.0635365153913883
2025-01-14,hot_chocolate,22,25.919347989505297,24.370905572496316,1.0635365153913883
2025-01-14,iced_latte,35,30.41038400161445,28.593643529412088,1.0635365153913883
2025-01-14,latte,64,64.47518675523884,60.62338793465079,1.0635365153913883
2025-01-14,masala_chai,50,51.70926110007573,48.62010880843747,1.0635365153913883
2025-01-14,sandwich,28,34.7314162484569,32.65653388090349,1.0635365153913883
2025-01-15,americano,53,39.52187882286987,38.24456674853493,1.0333985238408767
2025-01-15,cappuccino,75,59.2828182343048,57.36685012280238,1.0333985238408767
2025-01-15,cold_coffee,37,35.29939375822363,34.158548656548156,1.0333985238408767
2025-01-15,croissant,50,38.058163166580755,36.828157084188916,1.0333985238408767
2025-01-15,espresso,47,52.69583843049316,50.992755664713236,1.0333985238408767
2025-01-15,hot_chocolate,29,27.014919965748465,26.141821710119103,1.0333985238408767
2025-01-15,iced_latte,30,26.474545318667722,25.61891149241112,1.0333985238408767
2025-01-15,latte,48,65.86979803811646,63.740944580891544,1.0333985238408767
2025-01-15,masala_chai,53,53.358670480584216,51.63416557076524,1.0333985238408767
2025-01-15,sandwich,29,33.75215384830476,32.66131416837783,1.0333985238408767
2025-01-16,americano,41,38.631477166353555,38.26773299225924,1.009505244906143
2025-01-16,cappuccino,64,57.947215749530336,57.40159948838887,1.009505244906143
2025-01-16,cold_coffee,34,37.9807249080736,37.62310805190991,1.009505244906143
2025-01-16,croissant,20,29.746927292071604,29.466837782340864,1.009505244906143
2025-01-16,espresso,61,51.508636221804736,51.02364398967899,1.009505244906143
2025-01-16,hot_chocolate,27,26.091309947325858,25.84564080174903,1.009505244906143
2025-01-16,iced_latte,24,28.485543681055194,28.217331038932432,1.009505244906143
2025-01-16,latte,59,64.38579527725592,63.779554987098734,1.009505244906143
2025-01-16,masala_chai,56,51.844532838615926,51.35637788928584,1.009505244906143
2025-01-16,sandwich,39,33.996488333796115,33.676386036960984,1.009505244906143
2025-01-17,americano,40,40.85343189534326,41.33519965265874,0.9883448547155019
2025-01-17,cappuccino,83,61.280147843014895,62.0027994789881,0.9883448547155019
2025-01-17,cold_coffee,37,40.16525052060836,40.638902837380634,0.9883448547155019
2025-01-17,croissant,32,31.457872112662066,31.828841889117044,0.9883448547155019
2025-01-17,espresso,41,54.471242527124346,55.11359953687831,0.9883448547155019
2025-01-17,hot_chocolate,28,27.591995755257884,27.917376838270002,0.9883448547155019
2025-01-17,iced_latte,33,30.123937890456276,30.47917712803548,0.9883448547155019
2025-01-17,latte,67,68.08905315890544,68.89199942109789,0.9883448547155019
2025-01-17,masala_chai,32,54.826458805799916,55.47300473535817,0.9883448547155019
2025-01-17,sandwich,38,35.951853843042365,36.375819301848054,0.9883448547155019
2025-01-18,americano,40,37.380055923719844,42.064427387159114,0.8886381735254703
2025-01-18,cappuccino,84,56.07008388557976,63.09664108073867,0.8886381735254703
2025-01-18,cold_coffee,80,56.16836825428066,63.207242191099446,0.8886381735254703
2025-01-18,croissant,34,33.02939913605058,37.16855759753594,0.8886381735254703
2025-01-18,espresso,34,49.84007456495979,56.085903182878816,0.8886381735254703
2025-01-18,hot_chocolate,21,25.095089511462675,28.239940910824934,0.8886381735254703
2025-01-18,iced_latte,23,32.68999032399134,36.786614955219875,0.8886381735254703
2025-01-18,latte,67,62.30009320619975,70.10737897859853,0.8886381735254703
2025-01-18,masala_chai,44,50.01482045285457,56.28254777130733,0.8886381735254703
2025-01-18,sandwich,38,33.392359566117065,37.57700328542094,0.8886381735254703
2025-01-19,americano,48,51.32338680301225,49.86736209056682,1.029197949348134
2025-01-19,cappuccino,76,76.98508020451841,74.80104313585026,1.029197949348134
2025-01-19,cold_coffee,39,36.77583281932869,35.732516609289306,1.029197949348134
2025-01-19,croissant,38,40.23153360285171,39.09018049281314,1.029197949348134
2025-01-19,espresso,103,76.4037473442901,74.23620246492149,1.029197949348134
2025-01-19,hot_chocolate,42,43.69641981685993,42.456769219697776,1.029197949348134
2025-01-19,iced_latte,12,27.581874614496513,26.799387456966972,1.029197949348134
2025-01-19,latte,85,85.53897800502043,83.11227015094471,1.029197949348134
2025-01-19,masala_chai,69,85.1924958363143,82.77561754789048,1.029197949348134
2025-01-19,sandwich,61,39.07859372584691,37.96994907597535,1.029197949348134
2025-01-20,americano,33,36.51713047957409,35.83406389353435,1.0190619347018297
2025-01-20,cappuccino,69,54.775695719361146,53.75109584030153,1.0190619347018297
2025-01-20,cold_coffee,38,37.66731927147639,36.96273797381861,1.0190619347018297
2025-01-20,croissant,18,28.54380447054395,28.009881930184807,1.0190619347018297
2025-01-20,espresso,55,48.68950730609881,47.778751858045815,1.0190619347018297
2025-01-20,hot_chocolate,15,24.515764769232568,24.0571882183056,1.0190619347018297
2025-01-20,iced_latte,14,28.250489453607283,27.722053480363954,1.0190619347018297
2025-01-20,latte,59,60.8618841326235,59.72343982255726,1.0190619347018297
2025-01-20,masala_chai,32,48.86021915313415,47.94627047612205,1.0190619347018297
2025-01-20,sandwich,23,32.621490823478794,32.011293634496916,1.0190619347018297
2025-01-21,americano,27,35.290991137086756,35.055063476561,1.0067302020629203
2025-01-21,cappuccino,44,52.93648670563013,52.582595214841504,1.0067302020629203
2025-01-21,cold_coffee,34,37.88817657800292,37.6348861893337,1.0067302020629203
2025-01-21,croissant,18,35.99531924955449,35.754683008213554,1.0067302020629203
2025-01-21,espresso,53,47.054654849449015,46.740084635414675,1.0067302020629203
2025-01-21,hot_chocolate,32,23.574429165614266,23.41682917360303,1.0067302020629203
2025-01-21,iced_latte,33,28.41613243350219,28.226164642000274,1.0067302020629203
2025-01-21,latte,55,58.81831856181125,58.42510579426833,1.0067302020629203
2025-01-21,masala_chai,30,47.1017330394703,46.78684809788437,1.0067302020629203
2025-01-21,sandwich,39,31.92270598589061,31.7092960164271,1.0067302020629203
2025-01-22,americano,40,38.29736777406945,35.42881581608113,1.080966633851936
2025-01-22,cappuccino,73,57.446051661104164,53.14322372412169,1.080966633851936
2025-01-22,cold_coffee,49,43.8332448487884,40.55004426232124,1.080966633851936
2025-01-22,croissant,36,30.92421688351777,28.607929158110885,1.080966633851936
2025-01-22,espresso,42,51.0631570320926,47.238421088108176,1.080966633851936
2025-01-22,hot_chocolate,27,25.378847695603536,23.477919577561885,1.080966633851936
2025-01-22,iced_latte,44,42.36460520179291,39.19140875868677,1.080966633851936
2025-01-22,latte,56,63.828946290115745,59.04802636013522,1.080966633851936
2025-01-22,masala_chai,43,50.91019711559099,47.09691818532518,1.080966633851936
2025-01-22,sandwich,37,35.34196215259174,32.694776180698156,1.080966633851936
2025-01-23,americano,35,35.41959767652085,35.53900769118181,0.9966400295782432
2025-01-23,cappuccino,69,53.12939651478127,53.30851153677271,0.9966400295782432
2025-01-23,cold_coffee,53,44.26864553062317,44.41788832158058,0.9966400295782432
2025-01-23,croissant,33,29.397913463845878,29.497022587268994,0.9966400295782432
2025-01-23,espresso,49,47.226130235361126,47.38534358824241,0.9966400295782432
2025-01-23,hot_chocolate,26,23.21503584532053,23.293300646517917,0.9966400295782432
2025-01-23,iced_latte,30,33.20148414796737,33.31341624118543,0.9966400295782432
2025-01-23,latte,37,59.032662794201414,59.23167948530301,0.9966400295782432
2025-01-23,masala_chai,50,46.826409348778476,46.984275123481055,0.9966400295782432
2025-01-23,sandwich,46,33.597615387252425,33.71088295687885,0.9966400295782432
2025-01-24,americano,32,36.74503922367005,39.145243176817075,0.9386846585086871
2025-01-24,cappuccino,38,55.1175588355051,58.71786476522564,0.9386846585086871
2025-01-24,cold_coffee,42,39.13489821661412,41.69120892929981,0.9386846585086871
2025-01-24,croissant,32,29.01061092436993,30.905598234086245,0.9386846585086871
2025-01-24,espresso,37,48.99338563156009,52.19365756908945,0.9386846585086871
2025-01-24,hot_chocolate,14,24.5702932396629,26.175236824151753,0.9386846585086871
2025-01-24,iced_latte,39,29.35117366246058,31.26840669697485,0.9386846585086871
2025-01-24,latte,57,61.24173203945012,65.24207196136183,0.9386846585086871
2025-01-24,masala_chai,41,49.06693085513539,52.27200680267781,0.9386846585086871
2025-01-24,sandwich,32,42.72549473397632,45.51634496919917,0.9386846585086871
2025-01-25,americano,32,42.732375524896895,41.60353657041384,1.0271332450925776
2025-01-25,cappuccino,73,64.09856328734534,62.405304855620756,1.0271332450925776
2025-01-25,cold_coffee,42,57.086664389213546,55.57863564631111,1.0271332450925776
2025-01-25,croissant,29,39.398099993142665,38.357340862423,1.0271332450925776
2025-01-25,espresso,54,56.97650069986252,55.47138209388511,1.0271332450925776
2025-01-25,hot_chocolate,41,28.20478752275412,27.459716309943765,1.0271332450925776
2025-01-25,iced_latte,29,42.81499829191015,41.68397673473333,1.0271332450925776
2025-01-25,latte,83,71.22062587482816,69.3392276173564,1.0271332450925776
2025-01-25,masala_chai,78,56.69232921709381,55.194717421481194,1.0271332450925776
2025-01-25,sandwich,29,39.83104614691346,38.7788501026694,1.0271332450925776
2025-01-26,americano,44,40.9103254486839,39.43043648561677,1.0375316404018748
2025-01-26,cappuccino,47,61.36548817302586,59.14565472842516,1.0375316404018748
2025-01-26,cold_coffee,35,55.091541150120406,53.09866128880792,1.0375316404018748
2025-01-26,croissant,42,37.81263238245896,36.44479928131417,1.0375316404018748
2025-01-26,espresso,62,54.5471005982452,52.57391531415569,1.0375316404018748
2025-01-26,hot_chocolate,18,26.97518526204424,25.999385668465724,1.0375316404018748
2025-01-26,iced_latte,35,41.318655862590305,39.823995966605935,1.0375316404018748
2025-01-26,latte,68,68.1838757478065,65.7173941426946,1.0375316404018748
2025-01-26,masala_chai,34,54.247915059383224,52.285552504568415,1.0375316404018748
2025-01-26,sandwich,36,38.22815581523323,36.845291581108825,1.0375316404018748
2025-01-27,americano,57,35.02782504561792,34.02048969663155,1.0296096663501615
2025-01-27,cappuccino,52,52.54173756842688,51.03073454494733,1.0296096663501615
2025-01-27,cold_coffee,55,50.0367073330437,48.5977443378301,1.0296096663501615
2025-01-27,croissant,35,36.08596228403668,35.04819686858316,1.0296096663501615
2025-01-27,espresso,75,46.70376672749056,45.36065292884207,1.0296096663501615
2025-01-27,hot_chocolate,14,23.305226269664235,22.6350111419198,1.0296096663501615
2025-01-27,iced_latte,34,29.12136366783143,28.283887204617116,1.0296096663501615
2025-01-27,latte,63,58.3797084093632,56.700816161052586,1.0296096663501615
2025-01-27,masala_chai,29,46.65708630486442,45.315314948681475,1.0296096663501615
2025-01-27,sandwich,27,32.00309340847139,31.082743737166325,1.0296096663501615
2025-01-28,americano,29,39.72937292418308,44.88240822508044,0.8851880836015875
2025-01-28,cappuccino,43,46.2449900837491,52.243123173993624,0.8851880836015875
2025-01-28,cold_coffee,34,33.90286094417895,38.30017775006358,0.8851880836015875
2025-01-28,croissant,17,24.585244724651684,27.774034897330594,0.8851880836015875
2025-01-28,espresso,42,41.10665785222143,46.43833171021656,0.8851880836015875
2025-01-28,hot_chocolate,27,20.53278587042437,23.195958294967205,0.8851880836015875
2025-01-28,iced_latte,35,25.427145708134212,28.72513331254769,0.8851880836015875
2025-01-28,latte,56,51.38332231527678,58.04791463777069,0.8851880836015875
2025-01-28,masala_chai,25,41.086109660771264,46.415118348185565,0.8851880836015875
2025-01-28,sandwich,30,28.097422542459064,31.74175416837782,0.8851880836015875
2025-01-29,americano,45,38.50337876563428,37.54384610773072,1.0255576547791672
2025-01-29,cappuccino,95,74.42663421192195,72.57186747628363,1.0255576547791672
2025-01-29,cold_coffee,42,46.98166290289012,45.810845137718424,1.0255576547791672
2025-01-29,croissant,38,31.71863696994027,30.928185092402465,1.0255576547791672
2025-01-29,espresso,44,51.33783835417905,50.0584614769743,1.0255576547791672
2025-01-29,hot_chocolate,11,25.31205816440986,24.681262966010713,1.0255576547791672
2025-01-29,iced_latte,30,35.2362471771676,34.35813385328883,1.0255576547791672
2025-01-29,latte,75,64.1722979427238,62.57307684621787,1.0255576547791672
2025-01-29,masala_chai,64,50.97972833305512,49.709275822267216,1.0255576547791672
2025-01-29,sandwich,37,36.24987082278889,35.34649724845997,1.0255576547791672
2025-01-30,americano,37,42.39208763218409,37.64332052695376,1.1261516529029385
2025-01-30,cappuccino,55,63.588131448276144,56.464980790430644,1.1261516529029385
2025-01-30,cold_coffee,55,51.31448696890115,45.56623154317199,1.1261516529029385
2025-01-30,croissant,38,34.834914008662395,30.93270246406571,1.1261516529029385
2025-01-30,espresso,50,56.522783509578794,50.19109403593835,1.1261516529029385
2025-01-30,hot_chocolate,38,27.896371434745777,24.77141632109306,1.1261516529029385
2025-01-30,iced_latte,34,38.48586522667586,34.17467365737899,1.1261516529029385
2025-01-30,latte,107,70.65347938697349,62.73886754492293,1.1261516529029385
2025-01-30,masala_chai,42,72.36672278050496,64.2601931933071,1.1261516529029385
2025-01-30,sandwich,33,39.81133029561417,35.35165995893224,1.1261516529029385
2025-01-31,americano,50,40.90255749077437,40.67939933748378,1.0054857779840658
2025-01-31,cappuccino,81,61.353836236161555,61.01909900622567,1.0054857779840658
2025-01-31,cold_coffee,67,54.50017803822189,54.202833328474554,1.0054857779840658
2025-01-31,croissant,37,34.63452507176017,34.44556435318276,1.0054857779840658
2025-01-31,espresso,49,54.5367433210325,54.239199116645054,1.0054857779840658
2025-01-31,hot_chocolate,38,26.59511316537398,26.450014259471146,1.0054857779840658
2025-01-31,iced_latte,45,40.87513352866642,40.652124996355916,1.0054857779840658
2025-01-31,latte,61,68.17092915129062,67.7989988958063,1.0054857779840658
2025-01-31,masala_chai,47,53.85927701508465,53.56542896416599,1.0054857779840658
2025-01-31,sandwich,48,39.5823143677259,39.366359260780285,1.0054857779840658
2025-02-01,americano,31,37.45256344230376,40.112559523897055,0.93368670278922
2025-02-01,cappuccino,63,72.39541902507173,77.53716402815155,0.93368670278922
2025-02-01,cold_coffee,55,62.38195764960027,66.81251587202159,0.93368670278922
2025-02-01,croissant,46,35.76843349453591,38.308817494866524,0.93368670278922
2025-02-01,espresso,54,49.93675125640502,53.483412698529406,0.93368670278922
2025-02-01,hot_chocolate,41,31.381319893598654,33.61011761209905,0.93368670278922
2025-02-01,iced_latte,32,46.786468237200204,50.1093869040162,0.93368670278922
2025-02-01,latte,62,62.42093907050628,66.85426587316176,0.93368670278922
2025-02-01,masala_chai,63,49.31642696961054,52.819031075720204,0.93368670278922
2025-02-01,sandwich,48,37.969567863430434,40.666283186858315,0.93368670278922
2025-02-02,americano,37,33.18258185439539,39.6200568345377,0.8375197944054784
2025-02-02,cappuccino,84,64.14158863607355,76.5851614069672,0.8375197944054784
2025-02-02,cold_coffee,25,57.52536789512236,68.68538305528325,0.8375197944054784
2025-02-02,croissant,32,32.08907714711538,38.31441043121151,0.8375197944054784
2025-02-02,espresso,68,44.24344247252717,52.82674244605026,0.8375197944054784
2025-02-02,hot_chocolate,22,21.467925568137183,25.632738129343437,0.8375197944054784
2025-02-02,iced_latte,42,43.144025921341765,51.51403729146244,0.8375197944054784
2025-02-02,latte,56,55.30430309065897,66.03342805756283,0.8375197944054784
2025-02-02,masala_chai,43,43.58474342882777,52.040254713940016,0.8375197944054784
2025-02-02,sandwich,32,34.06378958693786,40.67222030390144,0.8375197944054784
2025-02-03,americano,29,40.46917060382116,34.34256031778969,1.1783970161030144
2025-02-03,cappuccino,56,60.70375590573174,51.513840476684535,1.1783970161030144
2025-02-03,cold_coffee,56,58.68235459391481,49.79845823776666,1.1783970161030144
2025-02-03,croissant,34,34.01932493585782,28.869154004106775,1.1783970161030144
2025-02-03,espresso,55,53.95889413842821,45.79008042371958,1.1783970161030144
2025-02-03,hot_chocolate,23,26.36600145368984,22.374463863531158,1.1783970161030144
2025-02-03,iced_latte,45,44.01176594543609,37.34884367832498,1.1783970161030144
2025-02-03,latte,61,67.44861767303526,57.23760052964948,1.1783970161030144
2025-02-03,masala_chai,48,53.341921249488095,45.266510794376444,1.1783970161030144
2025-02-03,sandwich,54,40.82318992302938,34.64298480492813,1.1783970161030144
2025-02-04,americano,0,0.0,0.0,1.1014275150180337
2025-02-04,cappuccino,0,0.0,0.0,1.1014275150180337
2025-02-04,cold_coffee,0,0.0,0.0,1.1014275150180337
2025-02-04,croissant,0,0.0,0.0,1.1014275150180337
2025-02-04,espresso,0,0.0,0.0,1.1014275150180337
2025-02-04,hot_chocolate,0,0.0,0.0,1.1014275150180337
2025-02-04,iced_latte,0,0.0,0.0,1.1014275150180337
2025-02-04,latte,0,0.0,0.0,1.1014275150180337
2025-02-04,masala_chai,0,0.0,0.0,1.1014275150180337
2025-02-04,sandwich,0,0.0,0.0,1.1014275150180337
2025-02-05,americano,28,33.794101680723784,33.398451215436374,1.0118463716396688
2025-02-05,cappuccino,58,50.69115252108568,50.097676823154565,1.0118463716396688
2025-02-05,cold_coffee,45,49.39676294749797,48.81844154607373,1.0118463716396688
2025-02-05,croissant,23,28.479216049414664,28.145790554414784,1.0118463716396688
2025-02-05,espresso,40,45.058802240965036,44.531268287248494,1.0118463716396688
2025-02-05,hot_chocolate,15,21.995132363330914,21.73762043311814,1.0118463716396688
2025-02-05,iced_latte,48,37.047572210623485,36.6138311595553,1.0118463716396688
2025-02-05,latte,56,56.32350280120631,55.66408535906063,1.0118463716396688
2025-02-05,masala_chai,31,44.521327909737316,44.000086532495786,1.0118463716396688
2025-02-05,sandwich,37,34.1750592592976,33.77494866529774,1.0118463716396688
2025-02-06,americano,39,37.784343675458956,33.993027440865696,1.1115321735078947
2025-02-06,cappuccino,65,56.67651551318843,50.98954116129854,1.1115321735078947
2025-02-06,cold_coffee,35,52.221455860091304,46.98150634298342,1.1115321735078947
2025-02-06,croissant,34,31.289516563900875,28.14989733059548,1.1115321735078947
2025-02-06,espresso,52,50.37912490061194,45.32403658782093,1.1115321735078947
2025-02-06,hot_chocolate,14,24.76495924173497,22.28002016673886,1.1115321735078947
2025-02-06,iced_latte,25,39.166091895068476,35.23612975723756,1.1115321735078947
2025-02-06,latte,96,62.97390612576491,56.65504573477615,1.1115321735078947
2025-02-06,masala_chai,46,49.95271713926942,44.94041497838355,1.1115321735078947
2025-02-06,sandwich,44,37.54741987668105,33.779876796714575,1.1115321735078947
2025-02-07,americano,25,38.686732664645135,35.28541075434322,1.096394567544697
2025-02-07,cappuccino,53,58.0300989969677,52.92811613151483,1.096394567544697
2025-02-07,cold_coffee,45,55.20730767566427,50.3535034830548,1.096394567544697
2025-02-07,croissant,26,32.35876720136265,29.513797458726895,1.096394567544697
2025-02-07,espresso,72,66.47204925196759,60.62785352979934,1.096394567544697
2025-02-07,hot_chocolate,26,25.25518820163287,23.03476225551736,1.096394567544697
2025-02-07,iced_latte,44,41.405480756748204,37.7651276122911,1.096394567544697
2025-02-07,latte,65,64.47788777440856,58.80901792390536,1.096394567544697
2025-02-07,masala_chai,35,51.043529510980356,46.55580301285964,1.096394567544697
2025-02-07,sandwich,40,38.83052064163519,35.41655695047228,1.096394567544697
2025-02-08,americano,25,37.83124163986207,38.9602366326649,0.971021865101911
2025-02-08,cappuccino,46,56.74686245979313,58.440354948997374,0.971021865101911
2025-02-08,cold_coffee,58,60.059527516133095,61.8518796276845,0.971021865101911
2025-02-08,croissant,29,35.59217679651179,36.65435154004107,0.971021865101911
2025-02-08,espresso,54,50.441655519816116,51.94698217688656,0.971021865101911
2025-02-08,hot_chocolate,32,24.746155696702242,25.484653421377978,0.971021865101911
2025-02-08,iced_latte,44,45.04464563709982,46.38890972076337,0.971021865101911
2025-02-08,latte,74,63.05206939977013,64.93372772110818,0.971021865101911
2025-02-08,masala_chai,72,49.964728781267084,51.45582254836575,0.971021865101911
2025-02-08,sandwich,24,37.78246459937404,38.91000394250513,0.971021865101911
2025-02-09,americano,50,34.917643287785424,38.10683791277628,0.9163091245647125
2025-02-09,cappuccino,42,52.37646493167814,57.16025686916442,0.9163091245647125
2025-02-09,cold_coffee,52,54.11942484185968,59.06240960720413,0.9163091245647125
2025-02-09,croissant,46,32.60556048746286,35.58358158110883,0.9163091245647125
2025-02-09,espresso,48,46.556857717047244,50.809117217035045,0.9163091245647125
2025-02-09,hot_chocolate,20,29.521827071696467,32.21819610900486,0.9163091245647125
2025-02-09,iced_latte,51,52.30614514354994,57.08351443995244,0.9163091245647125
2025-02-09,latte,70,58.19607214630904,63.5113965212938,0.9163091245647125
2025-02-09,masala_chai,45,46.18588870983896,50.404265843995944,0.9163091245647125
2025-02-09,sandwich,31,34.612056517460566,37.773340447638596,0.9163091245647125
2025-02-10,americano,39,29.15080599627294,32.06129155429897,0.9092212004904159
2025-02-10,cappuccino,38,43.72620899440941,48.091937331448456,0.9092212004904159
2025-02-10,cold_coffee,49,37.79138536543373,41.56456684583445,0.9092212004904159
2025-02-10,croissant,18,23.66201077987243,26.024482015058172,0.9092212004904159
2025-02-10,espresso,35,38.867741328363934,42.748388739065305,0.9092212004904159
2025-02-10,hot_chocolate,28,19.25975054405413,21.182689683946876,0.9092212004904159
2025-02-10,iced_latte,33,28.3435390240753,31.173425134375837,0.9092212004904159
2025-02-10,latte,53,48.584676660454896,53.435485923831614,0.9092212004904159
2025-02-10,masala_chai,43,49.86240907039551,54.84079016580422,0.9092212004904159
2025-02-10,sandwich,21,28.394412935846916,31.229378418069807,0.9092212004904159
2025-02-11,americano,33,36.165086399525165,32.289858184076216,1.1200137886440154
2025-02-11,cappuccino,51,54.247629599287755,48.43478727611433,1.1200137886440154
2025-02-11,cold_coffee,60,54.146471147752045,48.34446834204282,1.1200137886440154
2025-02-11,croissant,24,30.706749024749655,27.416402669404523,1.1200137886440154
2025-02-11,espresso,41,48.22011519936689,43.05314424543495,1.1200137886440154
2025-02-11,hot_chocolate,35,23.467795598451143,20.953130967131457,1.1200137886440154
2025-02-11,iced_latte,50,40.609853360814036,36.25835125653212,1.1200137886440154
2025-02-11,latte,63,60.275143999208616,53.8164303067937,1.1200137886440154
2025-02-11,masala_chai,58,47.57351799546696,42.47583242083433,1.1200137886440154
2025-02-11,sandwich,41,36.84809882969959,32.89968320328543,1.1200137886440154
2025-02-12,americano,38,31.208870341237432,31.59703214078713,0.9877152449692058
2025-02-12,cappuccino,58,46.81330551185613,47.39554821118068,0.9877152449692058
2025-02-12,cold_coffee,49,50.21435661271343,50.83890004581125,0.9877152449692058
2025-02-12,croissant,40,27.101542341962098,27.438619055441478,0.9877152449692058
2025-02-12,espresso,46,53.623488558827184,54.29043323159299,0.9877152449692058
2025-02-12,hot_chocolate,19,20.070222563498668,20.319846904989706,0.9877152449692058
2025-02-12,iced_latte,48,48.531916829297785,49.135534838090784,0.9877152449692058
2025-02-12,latte,46,52.01478390206238,52.661720234645216,0.9877152449692058
2025-02-12,masala_chai,42,52.66690088159124,53.32194794992078,0.9877152449692058
2025-02-12,sandwich,22,32.52185081035452,32.92634286652978,0.9877152449692058
2025-02-13,americano,30,31.633965702668146,31.38633911454893,1.007889629536451
2025-02-13,cappuccino,61,61.148129579899766,60.66946993791675,1.007889629536451
2025-02-13,cold_coffee,77,52.13466180145017,51.72655841833392,1.007889629536451
2025-02-13,croissant,32,35.66687707887745,35.38768138261465,1.007889629536451
2025-02-13,espresso,47,42.178620936890866,41.848452152731916,1.007889629536451
2025-02-13,hot_chocolate,10,20.28265929843529,20.12388926728386,1.007889629536451
2025-02-13,iced_latte,39,39.10099635108762,38.79491881375044,1.007889629536451
2025-02-13,latte,57,52.723276171113575,52.310565190914886,1.007889629536451
2025-02-13,masala_chai,67,41.364105167181044,41.04031230701842,1.007889629536451
2025-02-13,sandwich,45,33.21299593585068,32.95300890349076,1.007889629536451
2025-02-14,americano,25,30.963124167259693,33.755482865140976,0.9172768847941758
2025-02-14,cappuccino,56,46.44468625088955,50.63322429771148,0.9172768847941758
2025-02-14,cold_coffee,43,51.852106845443586,56.528304272137504,0.9172768847941758
2025-02-14,croissant,24,27.226349403628554,29.68171318275154,0.9172768847941758
2025-02-14,espresso,66,41.28416555634627,45.00731048685464,0.9172768847941758
2025-02-14,hot_chocolate,5,19.812872353284362,21.599663832944067,0.9172768847941758
2025-02-14,iced_latte,34,38.88908013408269,42.396228204103124,0.9172768847941758
2025-02-14,latte,49,51.60520694543283,56.2591381085683,0.9172768847941758
2025-02-14,masala_chai,38,40.44645602224619,44.09405348890026,0.9172768847941758
2025-02-14,sandwich,56,42.10260217055962,45.899556468172484,0.9172768847941758
2025-02-15,americano,47,36.1943869556446,37.83412931462693,0.9566597041167169
2025-02-15,cappuccino,55,54.29158043346689,56.75119397194038,0.9566597041167169
2025-02-15,cold_coffee,73,64.27077297603432,67.18248160705743,0.9566597041167169
2025-02-15,croissant,37,35.26512980379635,36.862773305954825,0.9566597041167169
2025-02-15,espresso,49,48.25918260752613,50.4455057528359,0.9566597041167169
2025-02-15,hot_chocolate,18,23.346310013514948,24.403985986919537,0.9566597041167169
2025-02-15,iced_latte,52,48.20307973202575,50.38686120529307,0.9566597041167169
2025-02-15,latte,76,60.32397825940767,63.05688219104488,0.9566597041167169
2025-02-15,masala_chai,35,47.46943939323771,49.61998418974509,0.9566597041167169
2025-02-15,sandwich,44,37.43529163787613,39.13125166324435,0.9566597041167169
2025-02-16,americano,47,38.36457900147267,37.30098545001507,1.0285138191022556
2025-02-16,cappuccino,54,57.54686850220901,55.951478175022615,1.0285138191022556
2025-02-16,cold_coffee,69,71.47412871383656,69.4926284765169,1.0285138191022556
2025-02-16,croissant,21,37.94452456492664,36.892576317590695,1.0285138191022556
2025-02-16,espresso,45,51.15277200196357,49.73464726668677,1.0285138191022556
2025-02-16,hot_chocolate,23,24.598107373845437,23.916166138940206,1.0285138191022556
2025-02-16,iced_latte,41,53.605596535377416,52.119471357387674,1.0285138191022556
2025-02-16,latte,78,63.94096500245446,62.168309083358466,1.0285138191022556
2025-02-16,masala_chai,51,50.16495546044339,48.774216280565064,1.0285138191022556
2025-02-16,sandwich,48,40.279572230460566,39.16288870636549,1.0285138191022556
2025-02-17,americano,31,28.12053142260898,29.98847078146626,0.9377114167484752
2025-02-17,cappuccino,55,42.180797133913465,44.982706172199386,0.9377114167484752
2025-02-17,cold_coffee,50,45.975037173290495,49.02898306678343,0.9377114167484752
2025-02-17,croissant,13,24.542056658510944,26.172291624229977,0.9377114167484752
2025-02-17,espresso,39,37.49404189681198,39.98462770862168,0.9377114167484752
2025-02-17,hot_chocolate,23,18.04799967018885,19.24685926590346,0.9377114167484752
2025-02-17,iced_latte,43,34.48127787996786,36.771737300087565,0.9377114167484752
2025-02-17,latte,41,46.867552371014966,49.9807846357771,0.9377114167484752
2025-02-17,masala_chai,54,36.788380116219024,39.23209151466145,0.9377114167484752
2025-02-17,sandwich,35,37.951634008006614,40.47261591375769,0.9377114167484752
2025-02-18,americano,20,28.90171736720202,30.721241690978868,0.9407730865152126
2025-02-18,cappuccino,39,43.35257605080303,46.0818625364683,0.9407730865152126
2025-02-18,cold_coffee,81,46.87571004105126,49.82679746365519,0.9407730865152126
2025-02-18,croissant,38,25.16085205852822,26.744868044353183,0.9407730865152126
2025-02-18,espresso,55,49.65930819106875,52.78563864429358,0.9407730865152126
2025-02-18,hot_chocolate,18,18.567930198250572,19.73688497725782,0.9407730865152126
2025-02-18,iced_latte,30,35.15678253078845,37.37009809774139,0.9407730865152126
2025-02-18,latte,64,62.07413523883596,65.98204830536699,0.9407730865152126
2025-02-18,masala_chai,48,37.8292680582561,40.21083149644756,0.9407730865152126
2025-02-18,sandwich,31,30.193022470233874,32.093841653223826,0.9407730865152126
2025-02-19,americano,36,31.31560874566773,30.760159059942875,1.0180574386706662
2025-02-19,cappuccino,57,46.9734131185016,46.14023858991431,1.0180574386706662
2025-02-19,cold_coffee,67,72.04695274312115,70.76904505230749,1.0180574386706662
2025-02-19,croissant,30,28.09256454125806,27.59428247775496,1.0180574386706662
2025-02-19,espresso,49,41.75414499422364,41.01354541325716,1.0180574386706662
2025-02-19,hot_chocolate,24,19.87875447509752,19.52616200226807,1.0180574386706662
2025-02-19,iced_latte,47,41.9313264964965,41.18758422044296,1.0180574386706662
2025-02-19,latte,52,52.19268124277956,51.26693176657146,1.0180574386706662
2025-02-19,masala_chai,44,40.74359818812751,40.02092282860648,1.0180574386706662
2025-02-19,sandwich,31,33.71107744950967,33.11313897330595,1.0180574386706662
2025-02-20,americano,12,29.115857061782048,30.93928199870963,0.9410644068274231
2025-02-20,cappuccino,59,43.67378559267308,46.408922998064455,0.9410644068274231
2025-02-20,cold_coffee,41,51.156090459269905,54.35981861404217,0.9410644068274231
2025-02-20,croissant,30,25.988944109090298,27.61654135523614,0.9410644068274231
2025-02-20,espresso,44,38.821142749042735,41.25237599827951,0.9410644068274231
2025-02-20,hot_chocolate,20,23.8651823820351,25.35977581225385,0.9410644068274231
2025-02-20,iced_latte,44,38.36706784445242,40.769863960531616,0.9410644068274231
2025-02-20,latte,50,48.52642843630341,51.565469997849384,0.9410644068274231
2025-02-20,masala_chai,46,37.91948190416903,40.294247268373084,0.9410644068274231
2025-02-20,sandwich,21,31.18673293090836,33.13984962628337,0.9410644068274231
2025-02-21,americano,45,34.40450347297415,33.7774542300781,1.0185641356694572
2025-02-21,cappuccino,38,51.60675520946123,50.666181345117145,1.0185641356694572
2025-02-21,cold_coffee,87,75.44386301098952,74.06883903427799,1.0185641356694572
2025-02-21,croissant,25,30.404047766412045,29.849909987679673,1.0185641356694572
2025-02-21,espresso,26,45.872671297298865,45.03660564010413,1.0185641356694572
2025-02-21,hot_chocolate,27,21.97097716424177,21.570538756306412,1.0185641356694572
2025-02-21,iced_latte,44,43.90832827239589,43.10806431794978,1.0185641356694572
2025-02-21,latte,58,57.340839121623596,56.29575705013018,1.0185641356694572
2025-02-21,masala_chai,48,44.89693560891929,44.078653505123185,1.0185641356694572
2025-02-21,sandwich,32,36.48485731969445,35.819891985215605,1.0185641356694572
2025-02-22,americano,43,44.58806183212155,37.20187125991109,1.1985435227332195
2025-02-22,cappuccino,76,66.88209274818233,55.80280688986663,1.1985435227332195
2025-02-22,cold_coffee,96,85.08638948629677,70.99148914697852,1.1985435227332195
2025-02-22,croissant,38,44.43185878797361,37.07154387405886,1.1985435227332195
2025-02-22,espresso,54,59.45074910949539,49.60249501321478,1.1985435227332195
2025-02-22,hot_chocolate,36,28.50276337674584,23.781166754584508,1.1985435227332195
2025-02-22,iced_latte,50,63.81479211472258,53.2436168602339,1.1985435227332195
2025-02-22,latte,72,74.31343638686924,62.003118766518476,1.1985435227332195
2025-02-22,masala_chai,82,58.21530098587881,48.571703806901965,1.1985435227332195
2025-02-22,sandwich,62,47.16612702107967,39.35286965092401,1.1985435227332195
2025-02-23,americano,47,36.1801348814948,37.51211753584925,0.9644919364234367
2025-02-23,cappuccino,58,54.270202322242206,56.268176303773885,0.9644919364234367
2025-02-23,cold_coffee,68,67.40445704629425,69.88597260465014,0.9644919364234367
2025-02-23,croissant,33,35.783997961258486,37.10139671457906,0.9644919364234367
2025-02-23,espresso,38,48.24017984199307,50.01615671446567,0.9644919364234367
2025-02-23,hot_chocolate,26,23.197513586192557,24.05153709445659,0.9644919364234367
2025-02-23,iced_latte,52,50.553342784720684,52.414479453487594,0.9644919364234367
2025-02-23,latte,69,60.300224802491336,62.52019589308209,0.9644919364234367
2025-02-23,masala_chai,31,47.308608672946754,49.05028946989253,0.9644919364234367
2025-02-23,sandwich,37,37.986090143489776,39.38455958932238,0.9644919364234367
2025-02-24,americano,40,32.75508810515915,32.117892543583494,1.0198392706093962
2025-02-24,cappuccino,57,49.132632157738726,48.176838815375234,1.0198392706093962
2025-02-24,cold_coffee,52,48.262599628761556,47.323731316918845,1.0198392706093962
2025-02-24,croissant,22,27.672706181990637,27.134379876796714,1.0198392706093962
2025-02-24,espresso,29,43.673450806878876,42.823856724778,1.0198392706093962
2025-02-24,hot_chocolate,23,21.297574732215374,20.88326596747857,1.0198392706093962
2025-02-24,iced_latte,23,36.196949721571166,35.492798487689136,1.0198392706093962
2025-02-24,latte,53,54.59181350859859,53.52982090597249,1.0198392706093962
2025-02-24,masala_chai,33,43.130930487835165,42.29189023292136,1.0198392706093962
2025-02-24,sandwich,35,33.20724741838877,32.56125585215606,1.0198392706093962
2025-02-25,americano,19,31.139755675169912,32.15577932771693,0.9684030779601959
2025-02-25,cappuccino,48,46.70963351275486,48.233668991575385,0.9684030779601959
2025-02-25,cold_coffee,41,44.43751007371061,45.887411022393636,0.9684030779601959
2025-02-25,croissant,29,26.0462446734613,26.89607795167693,0.9684030779601959
2025-02-25,espresso,57,41.519674233559876,42.8743724369559,0.9684030779601959
2025-02-25,hot_chocolate,27,26.196425523355522,27.05115888162457,0.9684030779601959
2025-02-25,iced_latte,31,33.32813255528295,34.415558266795216,0.9684030779601959
2025-02-25,latte,63,51.89959279194984,53.59296554619487,0.9684030779601959
2025-02-25,masala_chai,50,41.08599843643149,42.426546725742895,0.9684030779601959
2025-02-25,sandwich,29,31.255493608153557,32.275293542012314,0.9684030779601959
2025-02-26,americano,48,38.70011130242496,43.21231378145178,0.895580632366795
2025-02-26,cappuccino,41,45.04692955602265,50.29913324160987,0.895580632366795
2025-02-26,cold_coffee,43,44.962928141140814,50.20533776206736,0.895580632366795
2025-02-26,croissant,24,25.498713407940794,28.47171152032854,0.895580632366795
2025-02-26,espresso,41,40.041715160909014,44.71034065920877,0.895580632366795
2025-02-26,hot_chocolate,35,25.11279225630558,28.040794260968738,0.895580632366795
2025-02-26,iced_latte,35,33.722196105855616,37.654003321550526,0.895580632366795
2025-02-26,latte,68,64.5001855040416,72.0205229690863,0.895580632366795
2025-02-26,masala_chai,42,39.504784443191845,44.11080701777863,0.895580632366795
2025-02-26,sandwich,36,30.59845608952896,34.166053824394254,0.895580632366795
2025-02-27,americano,40,34.74855013644431,36.23691577145324,0.958926812524662
2025-02-27,cappuccino,48,52.122825204666476,54.35537365717987,0.958926812524662
2025-02-27,cold_coffee,43,52.8647339923654,55.12906021804016,0.958926812524662
2025-02-27,croissant,22,29.651897721244442,30.92196123203286,0.958926812524662
2025-02-27,espresso,50,46.33140018192576,48.315887695270995,0.958926812524662
2025-02-27,hot_chocolate,30,22.503542479256865,23.467424401252842,0.958926812524662
2025-02-27,iced_latte,37,39.648550494274026,41.346795163530096,0.958926812524662
2025-02-27,latte,51,57.91425022740719,60.394859619088734,0.958926812524662
2025-02-27,masala_chai,47,45.66444201164437,47.62036207061418,0.958926812524662
2025-02-27,sandwich,35,35.582277265493325,37.106353478439424,0.958926812524662
2025-02-28,americano,25,42.065108481308286,38.6807512507968,1.0874946096203797
2025-02-28,cappuccino,63,63.09766272196242,58.021126876195204,1.0874946096203797
2025-02-28,cold_coffee,58,66.60750332856068,61.248582511881956,1.0874946096203797
2025-02-28,croissant,33,36.34682660009515,33.42253495195072,1.0874946096203797
2025-02-28,espresso,45,56.08681130841105,51.57433500106241,1.0874946096203797
2025-02-28,hot_chocolate,15,27.105956798345396,24.925141291327858,1.0874946096203797
2025-02-28,iced_latte,59,49.95562749642051,45.93643688391147,1.0874946096203797
2025-02-28,latte,93,70.1085141355138,64.467918751328,1.0874946096203797
2025-02-28,masala_chai,51,55.141394329174155,50.70498174553968,1.0874946096203797
2025-02-28,sandwich,45,43.616191920114176,40.107041942340864,1.0874946096203797
2025-03-01,americano,34,42.387667383366974,39.257992590859196,1.0797207036316088
2025-03-01,cappuccino,65,63.58150107505047,58.8869888862888,1.0797207036316088
2025-03-01,cold_coffee,90,88.89098746169984,82.327760468719,1.0797207036316088
2025-03-01,croissant,59,43.47292026604977,40.26311630390145,1.0797207036316088
2025-03-01,espresso,65,56.51688984448929,52.34399012114559,1.0797207036316088
2025-03-01,hot_chocolate,23,27.313807627210114,25.297104645063236,1.0797207036316088
2025-03-01,iced_latte,64,66.66824059627488,61.745820351539265,1.0797207036316088
2025-03-01,latte,71,70.6461123056116,65.42998765143197,1.0797207036316088
2025-03-01,masala_chai,89,55.564223325816506,51.46166331619638,1.0797207036316088
2025-03-01,sandwich,46,46.14817689780668,42.74084653798769,1.0797207036316088
2025-03-02,americano,35,37.528889248442574,38.51149741394705,0.9744853295382739
2025-03-02,cappuccino,60,56.29333387266385,57.76724612092056,0.9744853295382739
2025-03-02,cold_coffee,65,83.9032474576057,86.10006217062327,0.9744853295382739
2025-03-02,croissant,29,39.26728704930588,40.29541118685832,0.9744853295382739
2025-03-02,espresso,51,50.03851899792342,51.34866321859605,0.9744853295382739
2025-03-02,hot_chocolate,31,23.990211865855468,24.618340716552805,0.9744853295382739
2025-03-02,iced_latte,85,62.92743559320428,64.57504662796747,0.9744853295382739
2025-03-02,latte,62,62.548148747404284,64.18582902324508,0.9744853295382739
2025-03-02,masala_chai,52,48.998666761735805,50.28158482893952,0.9744853295382739
2025-03-02,sandwich,67,41.68373548310932,42.775128798357294,0.9744853295382739
2025-03-03,americano,39,34.50935919794064,31.130962940052083,1.1085220609588669
2025-03-03,cappuccino,57,51.76403879691096,46.69644441007812,1.1085220609588669
2025-03-03,cold_coffee,88,73.34552903814682,66.16515053809867,1.1085220609588669
2025-03-03,croissant,42,32.66842488463295,29.470252361396305,1.1085220609588669
2025-03-03,espresso,31,46.01247893058753,41.507950586736115,1.1085220609588669
2025-03-03,hot_chocolate,13,21.862338653030008,19.722060050044632,1.1085220609588669
2025-03-03,iced_latte,50,55.0091467786101,49.62386290357399,1.1085220609588669
2025-03-03,latte,54,57.51559866323441,51.884938233420144,1.1085220609588669
2025-03-03,masala_chai,46,44.853994173226376,40.462879136954534,1.1085220609588669
2025-03-03,sandwich,41,39.202109861559535,35.364302833675566,1.1085220609588669
2025-03-04,americano,36,31.949221618756642,29.455387608918514,1.0846647833309464
2025-03-04,cappuccino,48,47.923832428134965,44.18308141337777,1.0846647833309464
2025-03-04,cold_coffee,86,67.90426181325738,62.60391492081737,1.0846647833309464
2025-03-04,croissant,40,30.244860259159125,27.884062176591378,1.0846647833309464
2025-03-04,espresso,34,42.59896215834219,39.273850145224685,1.0846647833309464
2025-03-04,hot_chocolate,21,20.240442562945287,18.660551051346935,1.0846647833309464
2025-03-04,iced_latte,73,50.92819635994304,46.95293619061303,1.0846647833309464
2025-03-04,latte,45,53.24870269792774,49.092312681530856,1.0846647833309464
2025-03-04,masala_chai,36,41.52642163266672,38.285028029711945,1.0846647833309464
2025-03-04,sandwich,36,36.29383231099095,33.46087461190965,1.0846647833309464
2025-03-05,americano,33,29.62177223971507,29.40536837116893,1.0073593320040948
2025-03-05,cappuccino,42,44.4326583595726,44.10805255675339,1.0073593320040948
2025-03-05,cold_coffee,83,63.46322600804237,62.99959110100784,1.0073593320040948
2025-03-05,croissant,28,28.11176249247073,27.906390102669402,1.0073593320040948
2025-03-05,espresso,42,39.49569631962009,39.207157828225235,1.0073593320040948
2025-03-05,hot_chocolate,14,18.747202316137912,18.610243356599696,1.0073593320040948
2025-03-05,iced_latte,55,47.597419506031784,47.249693325755885,1.0073593320040948
2025-03-05,latte,69,63.62064484474885,63.15585990371333,1.0073593320040948
2025-03-05,masala_chai,28,38.482042812736985,38.20090963586821,1.0073593320040948
2025-03-05,sandwich,35,33.734114990964876,33.487668123203285,1.0073593320040948
2025-03-06,americano,20,31.42151743792017,30.263320477734773,1.038270650473979
2025-03-06,cappuccino,58,47.13227615688026,45.39498071660216,1.038270650473979
2025-03-06,cold_coffee,46,67.85980647495992,65.35849438099919,1.038270650473979
2025-03-06,croissant,21,29.89440592712821,28.792498288843255,1.038270650473979
2025-03-06,espresso,43,41.89535658389356,40.35109397031303,1.038270650473979
2025-03-06,hot_chocolate,24,19.866359399991655,19.134085501619932,1.038270650473979
2025-03-06,iced_latte,44,50.89485485621994,49.01887078574939,1.038270650473979
2025-03-06,latte,59,52.36919572986695,50.43886746289129,1.038270650473979
2025-03-06,masala_chai,37,40.79971105501695,39.2958339296132,1.038270650473979
2025-03-06,sandwich,38,35.873287112553854,34.55099794661191,1.038270650473979
2025-03-07,americano,30,32.56305540810748,32.14307390216234,1.0130660031838736
2025-03-07,cappuccino,60,48.84458311216124,48.21461085324353,1.0130660031838736
2025-03-07,cold_coffee,60,74.37570602715367,73.41644650339167,1.0130660031838736
2025-03-07,croissant,31,31.527394017498068,31.120769938398357,1.0130660031838736
2025-03-07,espresso,27,43.41740721080998,42.85743186954979,1.0130660031838736
2025-03-07,hot_chocolate,19,20.444487125662928,20.18080466762264,1.0130660031838736
2025-03-07,iced_latte,56,55.78177952036524,55.06233487754374,1.0130660031838736
2025-03-07,latte,50,54.27175901351247,53.57178983693724,1.0130660031838736
2025-03-07,masala_chai,51,42.134228905987335,41.59080333716409,1.0130660031838736
2025-03-07,sandwich,46,37.83287282099768,37.344923926078025,1.0130660031838736
2025-03-08,americano,35,33.79297263320936,34.08294016977267,0.991492296875829
2025-03-08,cappuccino,54,50.68945894981404,51.124410254659004,0.991492296875829
2025-03-08,cold_coffee,56,88.65976451613814,89.42052782003769,0.991492296875829
2025-03-08,croissant,43,37.17117650865717,37.490131416837784,0.991492296875829
2025-03-08,espresso,60,45.057296844279136,45.44392022636355,0.991492296875829
2025-03-08,hot_chocolate,27,21.174291114502047,21.355981464729265,0.991492296875829
2025-03-08,iced_latte,81,66.49482338710361,67.06539586502828,0.991492296875829
2025-03-08,latte,61,56.32162105534893,56.80490028295444,0.991492296875829
2025-03-08,masala_chai,48,43.68194867936413,44.05677060427501,0.991492296875829
2025-03-08,sandwich,46,39.45863352457453,39.79721642710472,0.991492296875829
2025-03-09,americano,44,35.42799134729895,34.539223641487986,1.0257321274802307
2025-03-09,cappuccino,53,53.141987020948434,51.80883546223198,1.0257321274802307
2025-03-09,cold_coffee,81,89.30482576839626,87.06447168402401,1.0257321274802307
2025-03-09,croissant,42,38.48555549749961,37.52008391512662,1.0257321274802307
2025-03-09,espresso,37,47.237321796398604,46.052298188650646,1.0257321274802307
2025-03-09,hot_chocolate,16,22.310047010818064,21.750363874849043,1.0257321274802307
2025-03-09,iced_latte,79,66.97861932629719,65.29835376301801,1.0257321274802307
2025-03-09,latte,53,59.046652245498244,57.5653727358133,1.0257321274802307
2025-03-09,masala_chai,37,45.9100614232391,44.75833426025153,1.0257321274802307
2025-03-09,sandwich,38,40.85389737426882,39.82901215605749,1.0257321274802307
2025-03-10,americano,41,28.676793321481775,30.09438277147188,0.9528952143409993
2025-03-10,cappuccino,52,43.015189982222665,45.14157415720782,0.9528952143409993
2025-03-10,cold_coffee,76,54.057007339259734,56.72922533947695,0.9528952143409993
2025-03-10,croissant,27,26.147841492912235,27.440416427104726,0.9528952143409993
2025-03-10,espresso,37,38.23572442864237,40.12584369529584,0.9528952143409993
2025-03-10,hot_chocolate,21,18.441860217192694,19.35350281924405,0.9528952143409993
2025-03-10,iced_latte,33,40.5427555044448,42.54691900460771,0.9528952143409993
2025-03-10,latte,92,47.79465553580296,50.157304619119806,0.9528952143409993
2025-03-10,masala_chai,31,37.553638577802886,39.410040068019576,0.9528952143409993
2025-03-10,sandwich,25,31.377409791494685,32.92849971252567,0.9528952143409993
2025-03-11,americano,28,32.15433713259886,31.033583189018973,1.0361142294382706
2025-03-11,cappuccino,59,48.231505698898296,46.55037478352846,1.0361142294382706
2025-03-11,cold_coffee,54,51.29426780795552,49.50638293594782,1.0361142294382706
2025-03-11,croissant,35,37.04273965017804,35.75159822895277,1.0361142294382706
2025-03-11,espresso,67,47.86729799674912,46.198861705335695,1.0361142294382706
2025-03-11,hot_chocolate,21,25.195539769672784,24.317337851187073,1.0361142294382706
2025-03-11,iced_latte,32,38.47070085596663,37.12978720196086,1.0361142294382706
2025-03-11,latte,45,53.590561887664784,51.72263864836497,1.0361142294382706
2025-03-11,masala_chai,51,51.20382140850917,49.419089086605176,1.0361142294382706
2025-03-11,sandwich,25,33.141485469608696,31.98632402488706,1.0361142294382706
2025-03-12,americano,38,38.22092579406606,40.10925884810675,0.952920270574139
2025-03-12,cappuccino,65,57.33138869109908,60.16388827216011,0.952920270574139
2025-03-12,cold_coffee,80,58.58125846189622,61.475508781653616,0.952920270574139
2025-03-12,croissant,37,33.74409467930792,35.41124658726899,0.952920270574139
2025-03-12,espresso,38,56.898465583399314,59.709576278734964,0.952920270574139
2025-03-12,hot_chocolate,28,30.09932668537353,31.5864061399791,0.952920270574139
2025-03-12,iced_latte,62,43.93594384642217,46.10663158624022,0.952920270574139
2025-03-12,latte,70,63.7015429901101,66.84876474684458,0.952920270574139
2025-03-12,masala_chai,74,61.01684556228891,64.0314278607233,0.952920270574139
2025-03-12,sandwich,43,38.904956218496196,40.827084300616015,0.952920270574139
2025-03-13,americano,29,32.84318844970191,35.885927838341395,0.9152107923098327
2025-03-13,cappuccino,33,49.26478267455287,53.828891757512096,0.9152107923098327
2025-03-13,cold_coffee,64,75.01554441114426,81.96531885492531,0.9152107923098327
2025-03-13,croissant,43,31.7986174843681,34.744583162217666,0.9152107923098327
2025-03-13,espresso,52,43.79091793293588,47.8479037844552,0.9152107923098327
2025-03-13,hot_chocolate,33,20.62036670116874,22.53072939527573,0.9152107923098327
2025-03-13,iced_latte,40,56.26165830835819,61.473989141193975,0.9152107923098327
2025-03-13,latte,74,54.73864741616986,59.809879730569,0.9152107923098327
2025-03-13,masala_chai,43,42.4967007180069,46.43378451728331,0.9152107923098327
2025-03-13,sandwich,44,38.158340981241714,41.693499794661186,0.9152107923098327
2025-03-14,americano,38,36.8643305959057,37.40169087502607,0.985632727650846
2025-03-14,cappuccino,33,42.91008081363424,43.53556817853035,0.985632727650846
2025-03-14,cold_coffee,45,67.46390099838005,68.44730202818377,0.985632727650846
2025-03-14,croissant,30,27.97524794996493,28.38303474017249,0.985632727650846
2025-03-14,espresso,28,38.142294056563756,38.698282825360295,0.985632727650846
2025-03-14,hot_chocolate,20,17.88883125931402,18.149591381721066,0.985632727650846
2025-03-14,iced_latte,67,65.20351256286732,66.15396458909514,0.985632727650846
2025-03-14,latte,52,47.677867570704706,48.37285353170038,0.985632727650846
2025-03-14,masala_chai,29,36.94106284938226,37.47954163152382,0.985632727650846
2025-03-14,sandwich,30,33.57029753995792,34.05964168820699,0.985632727650846
2025-03-15,americano,18,35.144601150509914,37.03001990819807,0.9490840468797386
2025-03-15,cappuccino,69,52.71690172576485,55.54502986229709,0.9490840468797386
2025-03-15,cold_coffee,91,88.59047219693288,93.34312644721807,0.9490840468797386
2025-03-15,croissant,27,38.17770769887459,40.22584493374401,0.9490840468797386
2025-03-15,espresso,30,46.85946820067988,49.37335987759742,0.9490840468797386
2025-03-15,hot_chocolate,22,22.131587878015697,23.318891462538787,0.9490840468797386
2025-03-15,iced_latte,88,85.62223472641709,90.21565056109993,0.9490840468797386
2025-03-15,latte,50,58.57433525084985,61.71669984699678,0.9490840468797386
2025-03-15,masala_chai,59,45.5428246467087,47.98608173473974,0.9490840468797386
2025-03-15,sandwich,24,40.527105095728416,42.70128154505134,0.9490840468797386
2025-03-16,americano,44,37.14958022035886,37.338480170670664,0.9949408773616825
2025-03-16,cappuccino,78,71.80975558059056,72.17489723712113,0.9949408773616825
2025-03-16,cold_coffee,109,91.42379412555069,91.88867017704828,0.9949408773616825
2025-03-16,croissant,35,40.054187979010095,40.25785741683778,0.9949408773616825
2025-03-16,espresso,65,63.83089384941384,64.15546421077434,0.9949408773616825
2025-03-16,hot_chocolate,18,23.464470029221417,23.583783281116087,0.9949408773616825
2025-03-16,iced_latte,46,68.56784559416302,68.91650263278622,0.9949408773616825
2025-03-16,latte,66,61.915967033931416,62.2308002844511,0.9949408773616825
2025-03-16,masala_chai,55,48.21328203386193,48.45843922074111,0.9949408773616825
2025-03-16,sandwich,48,42.519061085410726,42.735264027104726,0.9949408773616825
2025-03-17,americano,21,25.814224206393437,27.72718345765906,0.9310078048790345
2025-03-17,cappuccino,32,38.72133630959015,41.590775186488585,0.9310078048790345
2025-03-17,cold_coffee,62,64.38473986468564,69.15596145088293,0.9310078048790345
2025-03-17,croissant,24,25.69005903354991,27.59381704312115,0.9310078048790345
2025-03-17,espresso,49,34.41896560852458,36.96957794354541,0.9310078048790345
2025-03-17,hot_chocolate,21,16.02997741539541,17.21787651122665,0.9310078048790345
2025-03-17,iced_latte,42,48.288554898514235,51.8669710881622,0.9310078048790345
2025-03-17,latte,41,43.02370701065573,46.21197242943176,0.9310078048790345
2025-03-17,masala_chai,29,33.21852619746759,35.68018014820366,0.9310078048790345
2025-03-17,sandwich,28,30.828070840259894,33.11258045174538,0.9310078048790345
2025-03-18,americano,26,27.127042071379424,28.5467183742157,0.9502683186128121
2025-03-18,cappuccino,39,40.69056310706913,42.820077561323544,0.9502683186128121
2025-03-18,cold_coffee,61,66.05462646068345,69.51155286025849,0.9502683186128121
2025-03-18,croissant,16,26.794845474314734,28.197136481861733,0.9502683186128121
2025-03-18,espresso,44,36.1693894285059,38.062291165620934,0.9502683186128121
2025-03-18,hot_chocolate,23,16.89581544823729,17.780047084913402,0.9502683186128121
2025-03-18,iced_latte,52,49.540969845512585,52.13366464519387,0.9502683186128121
2025-03-18,latte,56,45.21173678563237,47.57786395702616,0.9502683186128121
2025-03-18,masala_chai,28,34.960301161730875,36.789926041905105,0.9502683186128121
2025-03-18,sandwich,28,32.15381456917769,33.83656377823409,0.9502683186128121
2025-03-19,americano,24,29.958419599330423,30.198593982178647,0.9920468355914199
2025-03-19,cappuccino,68,44.93762939899563,45.29789097326797,0.9920468355914199
2025-03-19,cold_coffee,54,67.3404696135834,67.88033306253894,0.9920468355914199
2025-03-19,croissant,23,28.860932099599182,29.092308008213557,0.9920468355914199
2025-03-19,espresso,21,39.9445594657739,40.2647919762382,0.9920468355914199
2025-03-19,hot_chocolate,24,18.84684072013181,18.997934415965403,0.9920468355914199
2025-03-19,iced_latte,46,50.505352210187546,50.9102497969042,0.9920468355914199
2025-03-19,latte,46,49.93069933221738,50.33098997029775,0.9920468355914199
2025-03-19,masala_chai,32,38.802802730918145,39.113881864040636,0.9920468355914199
2025-03-19,sandwich,41,34.633118519519016,34.91076960985627,0.9920468355914199
2025-03-20,americano,36,28.997652407283415,29.833439323074685,0.9719848956487953
2025-03-20,cappuccino,38,43.496478610925124,44.75015898461203,0.9719848956487953
2025-03-20,cold_coffee,68,79.42146046052615,81.71059119958103,0.9719848956487953
2025-03-20,croissant,40,27.450745290992383,28.24194636550308,0.9719848956487953
2025-03-20,espresso,43,38.66353654304455,39.777919097432914,0.9719848956487953
2025-03-20,hot_chocolate,19,18.37056705210314,18.90005403822749,0.9719848956487953
2025-03-20,iced_latte,52,46.22328998802622,47.55556407815616,0.9719848956487953
2025-03-20,latte,56,48.32942067880569,49.72239887179114,0.9719848956487953
2025-03-20,masala_chai,34,37.69008067211956,38.776405724866336,0.9719848956487953
2025-03-20,sandwich,40,32.94089434919086,33.890335638603695,0.9719848956487953
2025-03-21,americano,38,34.39434780782678,32.50335864020518,1.0581782697767896
2025-03-21,cappuccino,65,51.59152171174018,48.755037960307774,1.0581782697767896
2025-03-21,cold_coffee,96,78.55847276891869,74.23935551567288,1.0581782697767896
2025-03-21,croissant,39,33.30044253286635,31.469595893223822,1.0581782697767896
2025-03-21,espresso,38,45.85913041043571,43.337811520273576,1.0581782697767896
2025-03-21,hot_chocolate,22,21.594251280781613,20.407006926476264,1.0581782697767896
2025-03-21,iced_latte,53,58.918854576689014,55.679516636754656,1.0581782697767896
2025-03-21,latte,65,57.323913013044645,54.17226440034197,1.0581782697767896
2025-03-21,masala_chai,49,44.50378827922591,42.056985623616576,1.0581782697767896
2025-03-21,sandwich,51,39.960531039439616,37.76351507186858,1.0581782697767896
2025-03-22,americano,61,34.86359702097176,35.30542979076978,0.9874854159143098
2025-03-22,cappuccino,54,52.29539553145762,52.958144686154654,0.9874854159143098
2025-03-22,cold_coffee,65,73.77922620943067,74.71424389707944,0.9874854159143098
2025-03-22,croissant,36,37.038866597436204,37.508266958193026,0.9874854159143098
2025-03-22,espresso,75,66.88208816954845,67.7296971597525,0.9874854159143098
2025-03-22,hot_chocolate,40,34.507117920697645,34.94443296536953,0.9874854159143098
2025-03-22,iced_latte,47,55.33441965707302,56.03568292280959,0.9874854159143098
2025-03-22,latte,61,58.105995034952926,58.84238298461629,0.9874854159143098
2025-03-22,masala_chai,45,54.96573774678291,55.662328638940245,0.9874854159143098
2025-03-22,sandwich,33,37.7762919957562,38.2550378840575,0.9874854159143098
2025-03-23,americano,34,40.139038893515625,37.44115032368914,1.0720567756733563
2025-03-23,cappuccino,52,60.20855834027342,56.1617254855337,1.0720567756733563
2025-03-23,cold_coffee,104,94.68025336819943,88.31645442353647,1.0720567756733563
2025-03-23,croissant,35,39.45379200693644,36.80196133470226,1.0720567756733563
2025-03-23,espresso,44,53.518718524687486,49.92153376491885,1.0720567756733563
2025-03-23,hot_chocolate,30,26.308295063649926,24.540020324134183,1.0720567756733563
2025-03-23,iced_latte,49,55.10390746029208,51.40017647449823,1.0720567756733563
2025-03-23,latte,92,66.89839815585937,62.40191720614856,1.0720567756733563
2025-03-23,masala_chai,74,53.06573731469122,49.49899904448694,1.0720567756733563
2025-03-23,sandwich,57,41.88171766890175,39.06669741683778,1.0720567756733563
2025-03-24,americano,29,32.67209122548345,31.12359812683721,1.0497530231670422
2025-03-24,cappuccino,53,49.00813683822518,46.68539719025581,1.0497530231670422
2025-03-24,cold_coffee,52,57.3098330075826,54.59363463863362,1.0497530231670422
2025-03-24,croissant,16,29.127993197804418,27.74747255304586,1.0497530231670422
2025-03-24,espresso,28,43.562788300644605,41.498130835782945,1.0497530231670422
2025-03-24,hot_chocolate,30,21.20116485228864,20.196336075628523,1.0497530231670422
2025-03-24,iced_latte,63,42.98237475568695,40.945225978975216,1.0497530231670422
2025-03-24,latte,68,54.45348537580576,51.87266354472869,1.0497530231670422
2025-03-24,masala_chai,42,42.978642514330694,40.94167062712208,1.0497530231670422
2025-03-24,sandwich,31,34.953591837365295,33.296967063655025,1.0497530231670422
2025-03-25,americano,40,41.07443250613713,39.26114998145856,1.0461851607896078
2025-03-25,cappuccino,48,47.810639437143614,45.699978578417756,1.0461851607896078
2025-03-25,cold_coffee,57,58.19119586890681,55.62227228016409,1.0461851607896078
2025-03-25,croissant,25,28.773692999737793,27.50344210390144,1.0461851607896078
2025-03-25,espresso,56,42.49834616634988,40.62220318081579,1.0461851607896078
2025-03-25,hot_chocolate,7,20.57996399479505,19.671435579589307,1.0461851607896078
2025-03-25,iced_latte,45,43.64339690168011,41.71670421012307,1.0461851607896078
2025-03-25,latte,70,53.12293270793734,50.777753976019724,1.0461851607896078
2025-03-25,masala_chai,52,41.82378351947171,39.97741995107752,1.0461851607896078
2025-03-25,sandwich,36,34.52843159968536,33.004130524681734,1.0461851607896078
2025-03-26,americano,30,30.38449530481678,30.518779795688598,0.9955999390614304
2025-03-26,cappuccino,58,45.57674295722518,45.7781696935329,0.9955999390614304
2025-03-26,cold_coffee,78,67.21412615072094,67.51117945435482,0.9955999390614304
2025-03-26,croissant,32,29.12540736719266,29.254127310061605,0.9955999390614304
2025-03-26,espresso,33,40.51266040642238,40.69170639425147,0.9955999390614304
2025-03-26,hot_chocolate,18,19.153152956654843,19.23780045096312,0.9955999390614304
2025-03-26,iced_latte,39,50.41059461304072,50.63338459076612,0.9955999390614304
2025-03-26,latte,58,50.64082550802797,50.864632992814336,0.9955999390614304
2025-03-26,masala_chai,35,39.3940396873746,39.56814192306204,0.9955999390614304
2025-03-26,sandwich,37,34.95048884063119,35.10495277207392,0.9955999390614304
2025-03-27,americano,17,28.206355903592087,30.314704018832202,0.9304513046233155
2025-03-27,cappuccino,28,42.30953385538813,45.4720560282483,0.9304513046233155
2025-03-27,cold_coffee,58,63.91143646459386,68.68864189563129,0.9304513046233155
2025-03-27,croissant,22,27.241070583689176,29.277266255989044,0.9304513046233155
2025-03-27,espresso,27,37.608474538122785,40.41960535844294,0.9304513046233155
2025-03-27,hot_chocolate,25,17.726881762380387,19.051917789031368,0.9304513046233155
2025-03-27,iced_latte,56,47.9335773484454,51.51648142172347,0.9304513046233155
2025-03-27,latte,25,47.01059317265347,50.52450669805366,0.9304513046233155
2025-03-27,masala_chai,50,36.515229190046064,39.24464290458372,0.9304513046233155
2025-03-27,sandwich,37,32.68928470042702,35.132719507186856,0.9304513046233155
2025-03-28,americano,30,29.587632640367826,31.71799324658596,0.9328343193197621
2025-03-28,cappuccino,48,44.38144896055174,47.576989869878936,0.9328343193197621
2025-03-28,cold_coffee,75,74.388952163916,79.74508508452136,0.9328343193197621
2025-03-28,croissant,24,29.51902294226498,31.644443531827523,0.9328343193197621
2025-03-28,espresso,36,39.45017685382376,42.290657662114604,0.9328343193197621
2025-03-28,hot_chocolate,17,18.354804203849557,19.676381779386265,0.9328343193197621
2025-03-28,iced_latte,55,55.79171412293701,59.80881381339103,0.9328343193197621
2025-03-28,latte,59,49.31272106727971,52.86332207764327,0.9328343193197621
2025-03-28,masala_chai,38,38.055230178233664,40.79527241877652,0.9328343193197621
2025-03-28,sandwich,45,35.42282753071797,37.973332238193024,0.9328343193197621
2025-03-29,americano,17,42.80477772517386,39.24353905858822,1.0907471332101044
2025-03-29,cappuccino,91,82.74119405639279,75.85735642768343,1.0907471332101044
2025-03-29,cold_coffee,81,118.77168397248599,108.8902096152543,1.0907471332101044
2025-03-29,croissant,49,47.9150902217869,43.9286877433922,1.0907471332101044
2025-03-29,espresso,77,57.07303696689848,52.32471874478429,1.0907471332101044
2025-03-29,hot_chocolate,34,34.3220284241597,31.466530948514936,1.0907471332101044
2025-03-29,iced_latte,73,89.07876297936451,81.66765721144075,1.0907471332101044
2025-03-29,latte,64,71.34129620862312,65.40589843098039,1.0907471332101044
2025-03-29,masala_chai,34,55.1375955242167,50.55030065671129,1.0907471332101044
2025-03-29,sandwich,54,50.863711158512245,46.63199160452403,1.0907471332101044
2025-03-30,americano,49,40.392317342040414,39.76854049464589,1.015685183304087
2025-03-30,cappuccino,53,60.58847601306062,59.65281074196883,1.015685183304087
2025-03-30,cold_coffee,100,107.68312694921914,106.02018097666763,1.015685183304087
2025-03-30,croissant,48,44.65294967903339,43.96337606675976,1.015685183304087
2025-03-30,espresso,54,69.40260711690794,68.33082559217507,1.015685183304087
2025-03-30,hot_chocolate,14,25.258797072977135,24.868726538678747,1.015685183304087
2025-03-30,iced_latte,72,80.76234521191435,79.51513573250072,1.015685183304087
2025-03-30,latte,73,67.3205289034007,66.28090082440983,1.015685183304087
2025-03-30,masala_chai,38,52.16030028159716,51.35479097166355,1.015685183304087
2025-03-30,sandwich,53,47.400823505435454,46.66881459394498,1.015685183304087
2025-03-31,americano,30,36.60030451876377,32.2002990344892,1.1366448640604798
2025-03-31,cappuccino,50,54.900456778145674,48.30044855173381,1.1366448640604798
2025-03-31,cold_coffee,80,86.31535785105814,75.93872156577605,1.1366448640604798
2025-03-31,croissant,31,35.79237936198331,31.489500805133474,1.1366448640604798
2025-03-31,espresso,43,48.80040602501837,42.9337320459856,1.1366448640604798
2025-03-31,hot_chocolate,19,22.887512415298385,20.136027653823596,1.1366448640604798
2025-03-31,iced_latte,66,64.73651838829362,56.95404117433204,1.1366448640604798
2025-03-31,latte,51,61.00050753127297,53.66716505748201,1.1366448640604798
2025-03-31,masala_chai,66,47.26351444336761,41.58160207976162,1.1366448640604798
2025-03-31,sandwich,39,42.950855234379965,37.78740096616016,1.1366448640604798
2025-04-01,americano,40,31.864446852726132,30.423216102658994,1.0473727282876308
2025-04-01,cappuccino,49,47.796670279089206,45.6348241539885,1.0473727282876308
2025-04-01,cold_coffee,63,79.42477029680522,75.83238340247627,1.0473727282876308
2025-04-01,croissant,39,32.25086022255895,30.792151973716635,1.0473727282876308
2025-04-01,espresso,23,42.48592913696818,40.56428813687866,1.0473727282876308
2025-04-01,hot_chocolate,11,20.146403002619962,19.235180044794266,1.0473727282876308
2025-04-01,iced_latte,49,59.56857772260391,56.87428755185719,1.0473727282876308
2025-04-01,latte,48,53.10741142121023,50.70536017109833,1.0473727282876308
2025-04-01,masala_chai,45,41.374838980571624,39.503452651680284,1.0473727282876308
2025-04-01,sandwich,48,38.70103226707074,36.95058236845996,1.0473727282876308
2025-04-02,americano,32,32.75331777740504,30.984715576268535,1.0570798268837778
2025-04-02,cappuccino,71,49.12997666610755,46.4770733644028,1.0570798268837778
2025-04-02,cold_coffee,77,77.19415036420578,73.02584762379824,1.0570798268837778
2025-04-02,croissant,44,32.575423055694564,30.816426751540043,1.0570798268837778
2025-04-02,espresso,74,43.67109036987337,41.31295410169137,1.0570798268837778
2025-04-02,hot_chocolate,22,26.873533400677765,25.422425740447334,1.0570798268837778
2025-04-02,iced_latte,50,57.89561277315435,54.76938571784869,1.0570798268837778
2025-04-02,latte,68,54.58886296234173,51.64119262711423,1.0570798268837778
2025-04-02,masala_chai,38,42.678118243949704,40.373600137430316,1.0570798268837778
2025-04-02,sandwich,35,39.09050766683348,36.97971210184805,1.0570798268837778
2025-04-03,americano,31,30.921656834383718,31.859653768314253,0.970558470573732
2025-04-03,cappuccino,56,59.771243880896364,61.5843822841126,0.970558470573732
2025-04-03,cold_coffee,77,64.19060802074983,66.13780618781726,0.970558470573732
2025-04-03,croissant,24,30.531363868722508,31.457521411022583,0.970558470573732
2025-04-03,espresso,46,46.03223994762624,47.42861078778172,0.970558470573732
2025-04-03,hot_chocolate,22,23.868902183090345,24.592956433609384,0.970558470573732
2025-04-03,iced_latte,42,48.14295601556236,49.60335464086293,0.970558470573732
2025-04-03,latte,54,51.536094723972866,53.09942294719042,0.970558470573732
2025-04-03,masala_chai,66,48.87292823538349,50.355470295873,0.970558470573732
2025-04-03,sandwich,42,35.20086657805654,36.2686717444731,0.970558470573732
2025-04-04,americano,54,41.962415208547434,35.966458959155894,1.1667096629167928
2025-04-04,cappuccino,53,62.943622812821154,53.949688438733844,1.1667096629167928
2025-04-04,cold_coffee,59,65.31191219944421,55.97957596079506,1.1667096629167928
2025-04-04,croissant,36,37.86669680913907,32.4559725634497,1.1667096629167928
2025-04-04,espresso,60,62.46832037518387,53.54230136314469,1.1667096629167928
2025-04-04,hot_chocolate,32,33.57876867658065,28.780741039405804,1.1667096629167928
2025-04-04,iced_latte,49,48.98393414958314,41.984681970596284,1.1667096629167928
2025-04-04,latte,45,69.9373586809124,59.944098265259825,1.1667096629167928
2025-04-04,masala_chai,71,67.52792143114209,57.87894244599055,1.1667096629167928
2025-04-04,sandwich,35,43.658073968183864,37.419827190800824,1.1667096629167928
2025-04-05,americano,32,35.12528356991304,35.39659531950826,0.9923350890913033
2025-04-05,cappuccino,69,52.68792535486955,53.09489297926238,0.9923350890913033
2025-04-05,cold_coffee,87,83.00019369125602,83.64129677935765,0.9923350890913033
2025-04-05,croissant,30,38.03768465651525,38.33149212867899,0.9923350890913033
2025-04-05,espresso,45,46.833711426550714,47.19546042601101,0.9923350890913033
2025-04-05,hot_chocolate,25,22.70206961226624,22.877423021546964,0.9923350890913033
2025-04-05,iced_latte,40,62.250145268442026,62.730972584518256,0.9923350890913033
2025-04-05,latte,69,58.54213928318839,58.99432553251376,0.9923350890913033
2025-04-05,masala_chai,21,46.11338584416337,46.4695709655799,0.9923350890913033
2025-04-05,sandwich,56,40.37846525076235,40.690353182751544,0.9923350890913033
2025-04-06,americano,30,30.91370523722506,32.849703803042615,0.9410649612725507
2025-04-06,cappuccino,58,59.7558735255639,63.498138794541134,0.9410649612725507
2025-04-06,cold_coffee,106,84.362362600946,89.64563135669974,0.9410649612725507
2025-04-06,croissant,47,35.01777500197183,37.21079462422998,0.9410649612725507
2025-04-06,espresso,29,41.2182736496334,43.79960507072348,0.9410649612725507
2025-04-06,hot_chocolate,19,19.623631183965024,20.85257871829492,0.9410649612725507
2025-04-06,iced_latte,35,63.271771950709514,67.23422351752482,0.9410649612725507
2025-04-06,latte,54,51.52284206204177,54.74950633840436,0.9410649612725507
2025-04-06,masala_chai,33,40.220696168518764,42.73955340355093,0.9410649612725507
2025-04-06,sandwich,44,37.17271500209317,39.50068967802875,0.9410649612725507
2025-04-07,americano,41,31.941346648874102,26.699172281256445,1.1963422053835657
2025-04-07,cappuccino,40,47.91201997331116,40.04875842188467,1.1963422053835657
2025-04-07,cold_coffee,130,89.76729603414111,75.03479826272645,1.1963422053835657
2025-04-07,croissant,32,33.564036472177285,28.05554825462012,1.1963422053835657
2025-04-07,espresso,46,42.58846219849881,35.5988963750086,1.1963422053835657
2025-04-07,hot_chocolate,20,19.89435843124738,16.629320893070844,1.1963422053835657
2025-04-07,iced_latte,63,67.32547202560582,56.27609869704482,1.1963422053835657
2025-04-07,latte,52,53.23557774812351,44.49862046876075,1.1963422053835657
2025-04-07,masala_chai,38,41.164793987400564,34.40887883262674,1.1963422053835657
2025-04-07,sandwich,35,40.276843766612735,33.66665790554414,1.1963422053835657
2025-04-08,americano,29,25.983709269915224,26.730169653786735,0.9720742369562266
2025-04-08,cappuccino,44,38.97556390487283,40.09525448068009,0.9720742369562266
2025-04-08,cold_coffee,64,70.72429816127911,72.75606684396048,0.9720742369562266
2025-04-08,croissant,22,27.032061433454068,27.808638893771388,0.9720742369562266
2025-04-08,espresso,33,34.64494569322029,35.640226205048975,0.9720742369562266
2025-04-08,hot_chocolate,11,16.248566134355627,16.71535518237103,0.9720742369562266
2025-04-08,iced_latte,50,53.04322362095934,54.56705013297037,0.9720742369562266
2025-04-08,latte,38,43.30618211652538,44.550282756311226,0.9720742369562266
2025-04-08,masala_chai,40,43.239507654201304,44.481692869048246,0.9720742369562266
2025-04-08,sandwich,46,32.438473720144884,33.37036667252567,0.9720742369562266
2025-04-09,americano,31,28.976684096276216,28.34745021698221,1.0221971949673643
2025-04-09,cappuccino,42,43.46502614441432,42.52117532547331,1.0221971949673643
2025-04-09,cold_coffee,53,93.07575088678605,91.0545943043384,1.0221971949673643
2025-04-09,croissant,15,29.328078181350847,28.69121371663244,1.0221971949673643
2025-04-09,espresso,46,38.63557879503496,37.796600289309616,1.0221971949673643
2025-04-09,hot_chocolate,20,18.320605349948032,17.922770127081943,1.0221971949673643
2025-04-09,iced_latte,45,54.17008701610948,52.99377388512494,1.0221971949673643
2025-04-09,latte,41,48.294473493793696,47.245750361637015,1.0221971949673643
2025-04-09,masala_chai,31,37.62518283199847,36.80814525537779,1.0221971949673643
2025-04-09,sandwich,31,35.19369381762102,34.42945645995893,1.0221971949673643
2025-04-10,americano,30,27.19146622006868,27.01867689383009,1.0063951808934821
2025-04-10,cappuccino,29,40.78719933010303,40.52801534074514,1.0063951808934821
2025-04-10,cold_coffee,70,67.23692667575118,66.80966677131535,1.0063951808934821
2025-04-10,croissant,37,35.37692558175551,35.15212140657084,1.0063951808934821
2025-04-10,espresso,55,46.72073233688777,46.42384346018916,1.0063951808934821
2025-04-10,hot_chocolate,21,22.176669943723812,22.035747353276538,1.0063951808934821
2025-04-10,iced_latte,55,50.42769500681337,50.10725007848651,1.0063951808934821
2025-04-10,latte,47,45.31911036678113,45.03112815638348,1.0063951808934821
2025-04-10,masala_chai,23,35.324799568165204,35.10032662994639,1.0063951808934821
2025-04-10,sandwich,38,32.94299310173073,32.73365545379877,1.0063951808934821
2025-04-11,americano,29,28.810459411146297,31.91527866216462,0.9027168371649197
2025-04-11,cappuccino,49,43.215689116719446,47.872917993246936,0.9027168371649197
2025-04-11,cold_coffee,69,66.8959612832668,74.10514408190373,0.9027168371649197
2025-04-11,croissant,30,29.460081196367664,32.634908294045175,0.9027168371649197
2025-04-11,espresso,48,42.8893570521919,47.51141807312533,0.9027168371649197
2025-04-11,hot_chocolate,29,21.930056442257193,24.293394716255563,0.9027168371649197
2025-04-11,iced_latte,47,50.17197096245009,55.57885806142779,0.9027168371649197
2025-04-11,latte,35,48.01743235191051,53.192131103607714,0.9027168371649197
2025-04-11,masala_chai,35,45.21845575807492,50.09151695905927,0.9027168371649197
2025-04-11,sandwich,31,33.96574067345918,37.62612956254619,0.9027168371649197
2025-04-12,americano,44,37.8930215573921,37.97695933430283,0.9977897709984667
2025-04-12,cappuccino,64,56.83953233608817,56.965439001454264,0.9977897709984667
2025-04-12,cold_coffee,115,94.79999818348969,95.00999202329503,0.9977897709984667
2025-04-12,croissant,46,43.14933307457494,43.24491423819302,0.9977897709984667
2025-04-12,espresso,38,56.4103233540465,56.53527926789418,0.9977897709984667
2025-04-12,hot_chocolate,39,29.017137633618788,29.08141421873063,0.9977897709984667
2025-04-12,iced_latte,67,71.09999863761725,71.25749401747125,0.9977897709984667
2025-04-12,latte,36,63.15503592898685,63.29493222383806,0.9977897709984667
2025-04-12,masala_chai,51,59.65236459326705,59.78450203350373,0.9977897709984667
2025-04-12,sandwich,50,44.008414819046116,44.105898956057494,0.9977897709984667
2025-04-13,americano,42,42.1966542828034,37.06766087830905,1.1383684128689031
2025-04-13,cappuccino,36,63.2949814242051,55.60149131746357,1.1383684128689031
2025-04-13,cold_coffee,106,108.01419742661764,94.88509713160566,1.1383684128689031
2025-04-13,croissant,47,46.85215963954905,41.157290653798775,1.1383684128689031
2025-04-13,espresso,66,56.26220571040454,49.423547837745396,1.1383684128689031
2025-04-13,hot_chocolate,21,27.001051977980836,23.719080460018294,1.1383684128689031
2025-04-13,iced_latte,69,81.01064806996325,71.16382284870426,1.1383684128689031
2025-04-13,latte,56,70.32775713800568,61.77943479718175,1.1383684128689031
2025-04-13,masala_chai,46,55.1205722173216,48.42067962726352,1.1383684128689031
2025-04-13,sandwich,51,64.09197095814599,56.30160696098562,1.1383684128689031
2025-04-14,americano,24,26.175581635105313,28.81044628869,0.9085448164466983
2025-04-14,cappuccino,39,39.26337245265797,43.215669433034996,0.9085448164466983
2025-04-14,cold_coffee,56,58.863845765302315,64.78914930748019,0.9085448164466983
2025-04-14,croissant,32,26.49946779293216,29.166935205872484,0.9085448164466983
2025-04-14,espresso,24,38.96688528203379,42.88933751714368,0.9085448164466983
2025-04-14,hot_chocolate,19,25.778720822427438,28.373637002572455,0.9085448164466983
2025-04-14,iced_latte,32,44.14788432397673,48.59186198061013,0.9085448164466983
2025-04-14,latte,51,56.219032721446126,61.87810629014176,0.9085448164466983
2025-04-14,masala_chai,57,41.16522304493258,45.308962529695556,0.9085448164466983
2025-04-14,sandwich,40,30.552327573027664,33.62776059030004,0.9085448164466983
2025-04-15,americano,26,28.903087137856012,28.26821622572921,1.02245882467635
2025-04-15,cappuccino,39,43.354630706784036,42.40232433859383,1.02245882467635
2025-04-15,cold_coffee,51,73.79329171745815,72.17238478118348,1.02245882467635
2025-04-15,croissant,36,29.473815461669425,28.82640821355236,1.02245882467635
2025-04-15,espresso,29,38.537449517141354,37.69095496763895,1.02245882467635
2025-04-15,hot_chocolate,22,18.219333357928804,17.819136495492586,1.02245882467635
2025-04-15,iced_latte,54,55.34496878809362,54.129288585887615,1.02245882467635
2025-04-15,latte,56,48.171811896426696,47.11369370954869,1.02245882467635
2025-04-15,masala_chai,43,37.47336759665858,36.650246144161784,1.02245882467635
2025-04-15,sandwich,49,35.36857855400331,34.591689856262825,1.02245882467635
2025-04-16,americano,23,26.27951275864806,28.849102175816643,0.9109300039388195
2025-04-16,cappuccino,52,39.41926913797209,43.27365326372496,0.9109300039388195
2025-04-16,cold_coffee,83,78.00652776656798,85.63394270610402,0.9109300039388195
2025-04-16,croissant,30,26.804970186356442,29.425938404106773,0.9109300039388195
2025-04-16,espresso,34,39.12160475397446,42.94688349797947,0.9109300039388195
2025-04-16,hot_chocolate,11,20.02355426858374,21.981441144767228,0.9109300039388195
2025-04-16,iced_latte,64,58.50489582492598,64.22545702957801,0.9109300039388195
2025-04-16,latte,39,43.7991879310801,48.0818369596944,0.9109300039388195
2025-04-16,masala_chai,35,41.266724563852826,45.301751380915555,0.9109300039388195
2025-04-16,sandwich,44,39.825456007624794,43.71955675564681,0.9109300039388195
2025-04-17,americano,36,27.100612326296176,29.40782654962109,0.9215442113876775
2025-04-17,cappuccino,27,40.650918489444265,44.111739824431645,0.9215442113876775
2025-04-17,cold_coffee,63,67.55051857222777,73.30144092653896,0.9215442113876775
2025-04-17,croissant,29,27.429255688032132,29.764449007529088,0.9215442113876775
2025-04-17,espresso,36,36.1341497683949,39.21043539949479,0.9215442113876775
2025-04-17,hot_chocolate,26,17.134452704193798,18.59319660680461,0.9215442113876775
2025-04-17,iced_latte,41,50.66288892917083,54.976080694904226,0.9215442113876775
2025-04-17,latte,40,45.16768721049362,49.013044249368484,0.9215442113876775
2025-04-17,masala_chai,49,35.189171067611625,38.18500581173762,0.9215442113876775
2025-04-17,sandwich,31,32.91510682563856,35.717338809034906,0.9215442113876775
2025-04-18,americano,34,33.18791302090613,33.95644660082011,0.9773670788069027
2025-04-18,cappuccino,74,49.781869531359206,50.93466990123017,0.9773670788069027
2025-04-18,cold_coffee,51,74.03854564208186,75.75305864861197,0.9773670788069027
2025-04-18,croissant,30,33.514675447940306,34.29077587599179,0.9773670788069027
2025-04-18,espresso,52,49.4059546589541,50.55004995591342,0.9773670788069027
2025-04-18,hot_chocolate,28,25.38873025873237,25.976657910071058,0.9773670788069027
2025-04-18,iced_latte,81,55.528909231561386,56.81479398645897,0.9773670788069027
2025-04-18,latte,25,55.31318836817689,56.59407766803352,0.9773670788069027
2025-04-18,masala_chai,60,52.21932126204004,53.4285657808175,0.9773670788069027
2025-04-18,sandwich,24,38.64044933997822,39.53524748055523,0.9773670788069027
2025-04-19,americano,52,48.636983925541,47.041885422308624,1.0339080478793041
2025-04-19,cappuccino,47,56.61344928932971,54.75675463156722,1.0339080478793041
2025-04-19,cold_coffee,116,132.7285371409327,128.37557209577608,1.0339080478793041
2025-04-19,croissant,42,42.752926015310294,41.35080107268994,1.0339080478793041
2025-04-19,espresso,56,50.32306603495976,48.672670783615324,1.0339080478793041
2025-04-19,hot_chocolate,30,23.95833693353022,23.172599326093124,1.0339080478793041
2025-04-19,iced_latte,78,99.54640285569953,96.28167907183204,1.0339080478793041
2025-04-19,latte,75,62.9038325436997,60.84083847951916,1.0339080478793041
2025-04-19,masala_chai,48,49.10513153620212,47.49467966413831,1.0339080478793041
2025-04-19,sandwich,61,45.38387530856016,43.895465754086246,1.0339080478793041
2025-04-20,americano,69,47.365485505262,45.34585067349061,1.0445384704835206
2025-04-20,cappuccino,53,55.133425128124955,52.78257018394306,1.0445384704835206
2025-04-20,cold_coffee,129,113.09326037809262,108.27103412068811,1.0445384704835206
2025-04-20,croissant,34,43.22621845293863,41.38307939288159,1.0445384704835206
2025-04-20,espresso,46,49.007489002777724,46.91784016350493,1.0445384704835206
2025-04-20,hot_chocolate,23,22.98463484952638,22.004584320275644,1.0445384704835206
2025-04-20,iced_latte,85,84.81994528356948,81.2032755905161,1.0445384704835206
2025-04-20,latte,71,61.25936125347219,58.64730020438119,1.0445384704835206
2025-04-20,masala_chai,44,47.464075670364124,45.440237015294265,1.0445384704835206
2025-04-20,sandwich,46,45.88629343465793,43.92973043244353,1.0445384704835206
2025-04-21,americano,29,27.250395190708538,26.57923758547495,1.0252511985370252
2025-04-21,cappuccino,35,52.67473297173043,51.37739223996447,1.0252511985370252
2025-04-21,cold_coffee,62,72.99474424848704,71.19693627536975,1.0252511985370252
2025-04-21,croissant,55,36.35110597135205,35.455804414784396,1.0252511985370252
2025-04-21,espresso,34,36.33386025427805,35.43898344729993,1.0252511985370252
2025-04-21,hot_chocolate,22,22.003591149519888,21.461658548575954,1.0252511985370252
2025-04-21,iced_latte,61,54.74605818636528,53.39770220652731,1.0252511985370252
2025-04-21,latte,70,45.41732531784757,44.29872930912492,1.0252511985370252
2025-04-21,masala_chai,26,35.22478999208046,34.35722878680291,1.0252511985370252
2025-04-21,sandwich,42,33.85014988052302,33.01644507104722,1.0252511985370252
2025-04-22,americano,0,0.0,0.0,0.9529217618625135
2025-04-22,cappuccino,0,0.0,0.0,0.9529217618625135
2025-04-22,cold_coffee,0,0.0,0.0,0.9529217618625135
2025-04-22,croissant,0,0.0,0.0,0.9529217618625135
2025-04-22,espresso,0,0.0,0.0,0.9529217618625135
2025-04-22,hot_chocolate,0,0.0,0.0,0.9529217618625135
2025-04-22,iced_latte,0,0.0,0.0,0.9529217618625135
2025-04-22,latte,0,0.0,0.0,0.9529217618625135
2025-04-22,masala_chai,0,0.0,0.0,0.9529217618625135
2025-04-22,sandwich,0,0.0,0.0,0.9529217618625135
2025-04-23,americano,28,28.150739784151742,27.12571378176303,1.0377879826733942
2025-04-23,cappuccino,51,42.22610967622761,40.68857067264454,1.0377879826733942
2025-04-23,cold_coffee,56,83.67105111552418,80.62441704131447,1.0377879826733942
2025-04-23,croissant,42,30.103079673069576,29.006964982888434,1.0377879826733942
2025-04-23,espresso,38,37.534319712202326,36.16761837568404,1.0377879826733942
2025-04-23,hot_chocolate,18,22.436997826526486,21.62002085312999,1.0377879826733942
2025-04-23,iced_latte,97,62.75328833664312,60.46831278098584,1.0377879826733942
2025-04-23,latte,38,46.9178996402529,45.20952296960505,1.0377879826733942
2025-04-23,masala_chai,55,36.15284721974188,34.83644812171588,1.0377879826733942
2025-04-23,sandwich,39,36.12369560768349,34.808357979466116,1.0377879826733942
2025-04-24,americano,28,29.1431421611168,26.675904957572627,1.0924893534996565
2025-04-24,cappuccino,31,43.71471324167519,40.01385743635893,1.0924893534996565
2025-04-24,cold_coffee,85,91.60987241459544,83.85424729415841,1.0924893534996565
2025-04-24,croissant,42,31.71448357673406,29.02955848049281,1.0924893534996565
2025-04-24,espresso,45,38.85752288148906,35.5678732767635,1.0924893534996565
2025-04-24,hot_chocolate,23,23.06594472623558,21.113198634244476,1.0924893534996565
2025-04-24,iced_latte,66,68.70740431094656,62.89068547061879,1.0924893534996565
2025-04-24,latte,50,48.57190360186132,44.459841595954366,1.0924893534996565
2025-04-24,masala_chai,28,37.29658237926634,34.13908086132948,1.0924893534996565
2025-04-24,sandwich,35,38.05738029208087,34.83547017659137,1.0924893534996565
2025-04-25,americano,31,27.853588222060885,29.268151227804555,0.9516688637169592
2025-04-25,cappuccino,48,41.780382333091325,43.90222684170683,0.9516688637169592
2025-04-25,cold_coffee,68,83.45280125645574,87.69100728010775,0.9516688637169592
2025-04-25,croissant,25,29.859876197551316,31.376329872689936,0.9516688637169592
2025-04-25,espresso,44,47.85839900697746,50.288919635403005,0.9516688637169592
2025-04-25,hot_chocolate,12,17.210104650025038,18.084131262640092,0.9516688637169592
2025-04-25,iced_latte,50,62.58960094234183,65.76825546008084,0.9516688637169592
2025-04-25,latte,25,46.42264703676814,48.78025204634092,0.9516688637169592
2025-04-25,masala_chai,37,35.75334644217694,37.56910392395745,0.9516688637169592
2025-04-25,sandwich,36,35.83185143706159,37.65159584722793,0.9516688637169592
2025-04-26,americano,21,32.263785299591795,32.219716789187935,1.001367749775462
2025-04-26,cappuccino,47,48.39567794938769,48.3295751837819,1.001367749775462
2025-04-26,cold_coffee,100,98.48134542540711,98.34683156861173,1.001367749775462
2025-04-26,croissant,49,37.848886930898274,37.7971898329911,1.001367749775462
2025-04-26,espresso,51,43.01838039945573,42.95962238558391,1.001367749775462
2025-04-26,hot_chocolate,21,20.195913762372744,20.168328535546806,1.001367749775462
2025-04-26,iced_latte,76,73.86100906905533,73.7601236764588,1.001367749775462
2025-04-26,latte,58,53.77297549931967,53.6995279819799,1.001367749775462
2025-04-26,masala_chai,52,53.717038103555964,53.643666990075324,1.001367749775462
2025-04-26,sandwich,38,40.17804920356893,40.12317074579055,1.001367749775462
2025-04-27,americano,34,41.31212017763839,41.55254102507623,0.9942140518604446
2025-04-27,cappuccino,42,48.08730788677109,48.367157753188735,0.9942140518604446
2025-04-27,cold_coffee,66,97.85383693824096,98.42330910041942,0.9942140518604446
2025-04-27,croissant,44,37.607719452160694,37.82658209445585,0.9942140518604446
2025-04-27,espresso,36,42.744273677129854,42.99302911394554,0.9942140518604446
2025-04-27,hot_chocolate,10,20.067228403361646,20.184012050333035,0.9942140518604446
2025-04-27,iced_latte,65,73.39037770368071,73.81748182531456,0.9942140518604446
2025-04-27,latte,98,68.85353362939733,69.25423504179373,0.9942140518604446
2025-04-27,masala_chai,67,41.418814633322484,41.65985640196558,0.9942140518604446
2025-04-27,sandwich,68,51.445928671671034,51.74532443531825,0.9942140518604446
2025-04-28,americano,37,35.23961066236445,37.94513827496807,0.9286989655170547
2025-04-28,cappuccino,41,41.01890681099222,44.16814095206284,0.9286989655170547
2025-04-28,cold_coffee,68,68.70949591344416,73.98468014357057,0.9286989655170547
2025-04-28,croissant,23,27.746836701571674,29.877105210431214,0.9286989655170547
2025-04-28,espresso,33,36.461250498659744,39.26056973516696,0.9286989655170547
2025-04-28,hot_chocolate,10,17.272279682817473,18.598362143324994,0.9286989655170547
2025-04-28,iced_latte,58,51.53212193508312,55.488510107677925,0.9286989655170547
2025-04-28,latte,37,45.576563123324675,49.0757121689587,0.9286989655170547
2025-04-28,masala_chai,22,35.4899680529053,38.214716900374924,0.9286989655170547
2025-04-28,sandwich,38,33.296204041886,35.85252625251745,0.9286989655170547
2025-04-29,americano,30,29.208549223258707,29.419249396660238,0.9928380166821846
2025-04-29,cappuccino,52,43.81282383488808,44.12887409499037,0.9928380166821846
2025-04-29,cold_coffee,73,78.86841781865259,79.43734677103828,0.9928380166821846
2025-04-29,croissant,20,30.31113979548564,30.52979366843532,0.9928380166821846
2025-04-29,espresso,40,38.94473229767829,39.22566586221367,0.9928380166821846
2025-04-29,hot_chocolate,15,18.28345111273772,18.415341481218075,0.9928380166821846
2025-04-29,iced_latte,46,59.15131336398943,59.5780100782787,0.9928380166821846
2025-04-29,latte,49,48.68091537209787,49.032082327767085,0.9928380166821846
2025-04-29,masala_chai,42,48.63027499737389,48.981076651238695,0.9928380166821846
2025-04-29,sandwich,42,36.373367754582766,36.63575240212238,0.9928380166821846
2025-04-30,americano,30,32.96246565699293,30.95217518551553,1.0649482777681534
2025-04-30,cappuccino,32,49.44369848548939,46.428262778273286,1.0649482777681534
2025-04-30,cold_coffee,69,80.29999915610026,75.40272220955892,1.0649482777681534
2025-04-30,croissant,36,34.21510392384182,32.12841847638603,1.0649482777681534
2025-04-30,espresso,39,49.07033722400242,46.07767179720758,1.0649482777681534
2025-04-30,hot_chocolate,27,32.139696254387374,30.17958423459173,1.0649482777681534
2025-04-30,iced_latte,43,60.2249993670752,56.55204165716919,1.0649482777681534
2025-04-30,latte,64,54.937442761654886,51.58695864252587,1.0649482777681534
2025-04-30,masala_chai,61,51.580120226361586,48.434390010432914,1.0649482777681534
2025-04-30,sandwich,44,39.44800217101764,37.042176596303904,1.0649482777681534
2025-05-01,americano,27,32.48356580584182,32.35473054374265,1.0039819605953755
2025-05-01,cappuccino,43,48.72534870876274,48.53209581561398,1.0039819605953755
2025-05-01,cold_coffee,115,77.67646263139585,77.36838477190628,1.0039819605953755
2025-05-01,croissant,45,32.61417954779887,32.48482624972485,1.0039819605953755
2025-05-01,espresso,38,48.35741187924673,48.165618285183236,1.0039819605953755
2025-05-01,hot_chocolate,30,24.602644444252743,24.50506623611347,1.0039819605953755
2025-05-01,iced_latte,71,58.25734697354689,58.0262885789297,1.0039819605953755
2025-05-01,latte,48,54.1392763430697,53.92455090623775,1.0039819605953755
2025-05-01,masala_chai,56,50.856152864239064,50.654448844957976,1.0039819605953755
2025-05-01,sandwich,27,38.36962299741043,38.21744264673511,1.0039819605953755
2025-05-02,americano,32,30.04439526573603,34.692977915612175,0.8660079667653944
2025-05-02,cappuccino,71,58.07550631263408,67.0611686513122,0.8660079667653944
2025-05-02,cold_coffee,74,66.8528624267401,77.1965905538267,0.8660079667653944
2025-05-02,croissant,19,29.49406289507582,34.057496035790976,0.8660079667653944
2025-05-02,espresso,32,44.72628421436431,51.64650434039353,0.8660079667653944
2025-05-02,hot_chocolate,34,22.960968920483733,26.513577012743543,0.8660079667653944
2025-05-02,iced_latte,47,50.13964682005508,57.89744291537002,0.8660079667653944
2025-05-02,latte,52,50.073992109560045,57.82162985935362,0.8660079667653944
2025-05-02,masala_chai,54,47.24954156149217,54.560169622887884,0.8660079667653944
2025-05-02,sandwich,15,34.69889752361862,40.06764239504821,0.8660079667653944
2025-05-03,americano,30,37.58943717206313,36.238170980623096,1.0372884766221389
2025-05-03,cappuccino,65,56.38415575809468,54.35725647093463,1.0372884766221389
2025-05-03,cold_coffee,94,100.80050827761443,97.17692864560165,1.0372884766221389
2025-05-03,croissant,51,42.556740754170434,41.02690978767415,1.0372884766221389
2025-05-03,espresso,36,55.958385434139274,53.946791751089386,1.0372884766221389
2025-05-03,hot_chocolate,26,28.498251246447786,27.473795273664326,1.0372884766221389
2025-05-03,iced_latte,123,97.42317166006549,93.92100062397067,1.0372884766221389
2025-05-03,latte,75,62.64906195343853,60.39695163437181,1.0372884766221389
2025-05-03,masala_chai,57,58.87931886582607,56.76272338198788,1.0372884766221389
2025-05-03,sandwich,40,44.28982069438552,42.69768891929888,1.0372884766221389
2025-05-04,americano,26,33.228613067056905,34.28907410346413,0.9690729171278472
2025-05-04,cappuccino,37,49.84291960058535,51.43361115519618,0.9690729171278472
2025-05-04,cold_coffee,103,95.65528763432872,98.70803934737263,0.9690729171278472
2025-05-04,croissant,46,37.236248038590716,38.424609108829564,0.9690729171278472
2025-05-04,espresso,44,44.30481742274253,45.718765471285494,0.9690729171278472
2025-05-04,hot_chocolate,21,20.925033890944604,21.59283736146763,0.9690729171278472
2025-05-04,iced_latte,71,71.74146572574655,74.03102951052949,0.9690729171278472
2025-05-04,latte,55,55.38102177842816,57.14845683910687,0.9690729171278472
2025-05-04,masala_chai,45,43.05995369488918,44.434173047071546,0.9690729171278472
2025-05-04,sandwich,30,40.334397404438924,41.621633100616016,0.9690729171278472
2025-05-05,americano,27,26.42451207745197,26.419075126362465,1.0002057964203326
2025-05-05,cappuccino,60,51.07830942806438,51.06779985765941,1.0002057964203326
2025-05-05,cold_coffee,70,76.48000823136944,76.46427215787601,1.0002057964203326
2025-05-05,croissant,22,27.263834965661,27.25822532046543,1.0002057964203326
2025-05-05,espresso,39,35.232682769935955,35.22543350181662,1.0002057964203326
2025-05-05,hot_chocolate,11,16.376165573483952,16.372796110653546,1.0002057964203326
2025-05-05,iced_latte,77,57.36000617352709,57.34820411840702,1.0002057964203326
2025-05-05,latte,37,44.040853462419946,44.03179187727078,1.0002057964203326
2025-05-05,masala_chai,65,43.775613740097064,43.76660672910211,1.0002057964203326
2025-05-05,sandwich,34,33.384287713054285,33.37741875975359,1.0002057964203326
2025-05-06,americano,19,26.984026595280543,27.887928738512873,0.9675880503099518
2025-05-06,cappuccino,27,40.4760398929208,41.8318931077693,0.9675880503099518
2025-05-06,cold_coffee,62,70.38515627513529,72.74289533917714,0.9675880503099518
2025-05-06,croissant,31,34.73045168993699,35.893841060574935,0.9675880503099518
2025-05-06,espresso,46,35.97870212704071,37.18390498468382,0.9675880503099518
2025-05-06,hot_chocolate,10,16.941732813819556,17.509241467370888,0.9675880503099518
2025-05-06,iced_latte,25,52.78886720635149,54.55717150438288,0.9675880503099518
2025-05-06,latte,49,44.9733776588009,46.47988123085478,0.9675880503099518
2025-05-06,masala_chai,35,34.91537078205888,36.08495451227853,0.9675880503099518
2025-05-06,sandwich,19,33.001016952723816,34.10647428123203,0.9675880503099518
2025-05-07,americano,54,32.69373768348209,30.03566432333544,1.088497238866847
2025-05-07,cappuccino,50,49.04060652522313,45.05349648500316,1.088497238866847
2025-05-07,cold_coffee,76,81.93455842308427,75.27309716318638,1.088497238866847
2025-05-07,croissant,28,32.24788893401593,29.62606406570842,1.088497238866847
2025-05-07,espresso,52,43.59165024464279,40.04755243111392,1.088497238866847
2025-05-07,hot_chocolate,18,20.629424765668624,18.95220679396888,1.088497238866847
2025-05-07,iced_latte,51,61.450918817313195,56.45482287238978,1.088497238866847
2025-05-07,latte,46,54.48956280580348,50.059440538892396,1.088497238866847
2025-05-07,masala_chai,62,42.40921289373805,38.961249858462764,1.088497238866847
2025-05-07,sandwich,39,39.487210939611344,36.27681314168378,1.088497238866847
2025-05-08,americano,27,30.07648464391312,30.589542676980315,0.9832276657913788
2025-05-08,cappuccino,49,45.114726965869686,45.88431401547048,0.9832276657913788
2025-05-08,cold_coffee,53,71.27038864076674,72.4861505838556,0.9832276657913788
2025-05-08,croissant,54,29.151683252399764,29.64896561259411,0.9832276657913788
2025-05-08,espresso,33,40.10197952521749,40.78605690264042,0.9832276657913788
2025-05-08,hot_chocolate,14,19.11127580708755,19.437284437786133,0.9832276657913788
2025-05-08,iced_latte,57,53.452791480575044,54.3646129378917,0.9832276657913788
2025-05-08,latte,65,50.12747440652187,50.98257112830053,0.9832276657913788
2025-05-08,masala_chai,38,39.150989543474104,39.81884451142078,0.9832276657913788
2025-05-08,sandwich,19,35.69593867640787,36.30485585215605,0.9832276657913788
2025-05-09,americano,40,33.96456502607127,33.39451132603247,1.017070281234941
2025-05-09,cappuccino,67,50.9468475391069,50.0917669890487,1.017070281234941
2025-05-09,cold_coffee,96,77.94902483117096,76.64074574721046,1.017070281234941
2025-05-09,croissant,28,32.59265011320364,32.04562232772074,1.017070281234941
2025-05-09,espresso,69,45.28608670142835,44.52601510137662,1.017070281234941
2025-05-09,hot_chocolate,32,21.66834994369969,21.3046731808835,1.017070281234941
2025-05-09,iced_latte,45,58.46176862337822,57.48055931040785,1.017070281234941
2025-05-09,latte,41,56.60760837678545,55.657518876720786,1.017070281234941
2025-05-09,masala_chai,27,44.300672099354756,43.5571394786644,1.017070281234941
2025-05-09,sandwich,51,39.90936748555548,39.239537544147844,1.017070281234941
2025-05-10,americano,44,43.37098018753969,41.133930015244765,1.0543845475369324
2025-05-10,cappuccino,78,65.05647028130952,61.70089502286712,1.0543845475369324
2025-05-10,cold_coffee,87,92.22312122116486,87.46630575779992,1.0543845475369324
2025-05-10,croissant,50,45.668360860359,43.31281311646817,1.0543845475369324
2025-05-10,espresso,57,64.56521322416911,61.234976721723584,1.0543845475369324
2025-05-10,hot_chocolate,30,33.84902512682766,32.10311191101937,1.0543845475369324
2025-05-10,iced_latte,49,69.16734091587364,65.59972931834993,1.0543845475369324
2025-05-10,latte,71,72.2849669792328,68.55655002540792,1.0543845475369324
2025-05-10,masala_chai,52,68.92764834204756,65.37239994939625,1.0543845475369324
2025-05-10,sandwich,36,47.5281583614596,45.07668333388091,1.0543845475369324
2025-05-11,americano,33,43.29340278699442,40.65430784766593,1.0649155053682706
2025-05-11,cappuccino,69,64.94010418049163,60.9814617714989,1.0649155053682706
2025-05-11,cold_coffee,101,95.81512717628146,89.9743939244706,1.0649155053682706
2025-05-11,croissant,48,46.160083921084095,43.346240794119105,1.0649155053682706
2025-05-11,espresso,75,64.4497258317716,60.52097608390396,1.0649155053682706
2025-05-11,hot_chocolate,34,33.6199588426541,31.570541205546252,1.0649155053682706
2025-05-11,iced_latte,101,71.86134538221113,67.48079544335297,1.0649155053682706
2025-05-11,latte,93,72.15567131165736,67.75717974610988,1.0649155053682706
2025-05-11,masala_chai,72,68.63256182911417,64.44883324839894,1.0649155053682706
2025-05-11,sandwich,34,48.03990634320969,45.11147231967146,1.0649155053682706
2025-05-12,americano,33,29.921990419293408,32.65595848577599,0.9162796563551052
2025-05-12,cappuccino,45,44.882985628940105,48.98393772866398,0.9162796563551052
2025-05-12,cold_coffee,61,54.511498818927905,59.49220681791707,0.9162796563551052
2025-05-12,croissant,28,27.59422553075322,30.11550604596098,0.9162796563551052
2025-05-12,espresso,25,44.544063407362344,48.614048231252276,0.9162796563551052
2025-05-12,hot_chocolate,19,23.446314457925858,25.588600920371423,0.9162796563551052
2025-05-12,iced_latte,38,40.88362411419593,44.61915511343781,0.9162796563551052
2025-05-12,latte,49,49.86998403215567,54.42659747629331,0.9162796563551052
2025-05-12,masala_chai,47,47.648945375500226,52.0026228291964,0.9162796563551052
2025-05-12,sandwich,19,32.46379474206261,35.43000711289527,0.9162796563551052
2025-05-13,americano,36,26.964756029888594,30.147897436557013,0.8944158074914844
2025-05-13,cappuccino,36,40.4471340448329,45.22184615483553,0.8944158074914844
2025-05-13,cold_coffee,30,59.04788190040577,66.0183791541139,0.8944158074914844
2025-05-13,croissant,29,26.33881051523333,29.44806016913347,0.8944158074914844
2025-05-13,espresso,25,40.141708005659396,44.88036511591012,0.8944158074914844
2025-05-13,hot_chocolate,16,20.648657848283744,23.086195117901397,0.8944158074914844
2025-05-13,iced_latte,21,44.28591142530432,49.51378436558542,0.8944158074914844
2025-05-13,latte,38,44.94126004981434,50.24649572759504,0.8944158074914844
2025-05-13,masala_chai,26,42.44875155778189,47.459751048939324,0.8944158074914844
2025-05-13,sandwich,20,30.9868359002745,34.64477666956878,0.8944158074914844
2025-05-14,americano,23,30.346956551291427,31.97149184413451,0.9491880047148592
2025-05-14,cappuccino,51,45.52043482693714,47.957237766201764,0.9491880047148592
2025-05-14,cold_coffee,64,60.85623172314162,64.11399155999989,0.9491880047148592
2025-05-14,croissant,37,28.838436251518864,30.382217335523613,0.9491880047148592
2025-05-14,espresso,43,45.17669907311992,47.595101127190524,0.9491880047148592
2025-05-14,hot_chocolate,23,23.49566356716904,24.753434989127634,0.9491880047148592
2025-05-14,iced_latte,49,45.64217379235621,48.08549366999991,0.9491880047148592
2025-05-14,latte,58,50.57826091881905,53.285819740224184,0.9491880047148592
2025-05-14,masala_chai,41,48.03659208709415,50.60809012385758,0.9491880047148592
2025-05-14,sandwich,29,33.92757206061043,35.743785100616016,0.9491880047148592
2025-05-15,americano,31,40.393661236257074,39.30131578242363,1.0277941191557247
2025-05-15,cappuccino,49,47.01822167900324,45.746731570741105,1.0277941191557247
2025-05-15,cold_coffee,66,66.47913274303464,64.68137101002633,1.0277941191557247
2025-05-15,croissant,41,30.313191144956942,29.49344677108829,1.0277941191557247
2025-05-15,espresso,52,46.66317577635704,45.40128699577327,1.0277941191557247
2025-05-15,hot_chocolate,24,24.09946773890083,23.447757960219885,1.0277941191557247
2025-05-15,iced_latte,59,64.25173912020098,62.5142116720615,1.0277941191557247
2025-05-15,latte,55,52.24246853222582,50.8297017452679,1.0277941191557247
2025-05-15,masala_chai,40,49.44381306565752,48.10672891013703,1.0277941191557247
2025-05-15,sandwich,33,35.66257781759639,34.69817267186857,1.0277941191557247
2025-05-16,americano,30,32.25983304891073,34.826747241005584,0.9262947477026356
2025-05-16,cappuccino,39,48.38974957336612,52.2401208615084,0.9262947477026356
2025-05-16,cold_coffee,62,57.37684867780428,61.942323240100805,0.9262947477026356
2025-05-16,croissant,24,29.52790513003773,31.877439878906607,0.9262947477026356
2025-05-16,espresso,47,48.024346933653526,51.84564314195007,0.9262947477026356
2025-05-16,hot_chocolate,28,32.672877427868215,35.272657551931886,0.9262947477026356
2025-05-16,iced_latte,51,43.03263650835321,46.4567424300756,0.9262947477026356
2025-05-16,latte,76,69.28658300882891,74.79971486470274,0.9262947477026356
2025-05-16,masala_chai,47,51.44893277110352,55.5427231976705,0.9262947477026356
2025-05-16,sandwich,40,34.73871191769145,37.50287044577248,0.9262947477026356
2025-05-17,americano,48,43.892270892322806,49.65297697952969,0.8839806505543094
2025-05-17,cappuccino,45,51.09060331866374,57.79606520417256,0.8839806505543094
2025-05-17,cold_coffee,31,60.737165809751076,68.708705073652,0.8839806505543094
2025-05-17,croissant,38,33.94530868951681,38.40051099334702,0.8839806505543094
2025-05-17,espresso,83,65.34124469407278,73.91705310868498,0.8839806505543094
2025-05-17,hot_chocolate,22,27.173850306063837,30.7403225274492,0.8839806505543094
2025-05-17,iced_latte,43,45.5528743573133,51.53152880523899,0.8839806505543094
2025-05-17,latte,46,56.767337020737486,64.21785022685839,0.8839806505543094
2025-05-17,masala_chai,60,54.7294691473991,61.91251936688932,0.8839806505543094
2025-05-17,sandwich,42,45.5253825079819,51.50042874743325,0.8839806505543094
2025-05-18,americano,34,38.23912216354026,40.05219117109319,0.95473233911703
2025-05-18,cappuccino,70,57.358683245310395,60.07828675663979,0.95473233911703
2025-05-18,cold_coffee,84,66.57169221361166,69.72812115611323,0.95473233911703
2025-05-18,croissant,23,37.82515317998447,39.61859427006159,0.95473233911703
2025-05-18,espresso,61,56.925554029865744,59.62462116085069,0.95473233911703
2025-05-18,hot_chocolate,33,30.599350183815943,32.05018718871018,0.95473233911703
2025-05-18,iced_latte,48,49.92876916020875,52.296090867084935,0.95473233911703
2025-05-18,latte,53,63.73187027256709,66.75365195182198,0.95473233911703
2025-05-18,masala_chai,50,61.53622054932181,64.45389773455528,0.95473233911703
2025-05-18,sandwich,31,39.365544033468005,41.23202118603696,0.95473233911703
2025-05-19,americano,30,33.78290415892113,32.76749815064875,1.0309882067774612
2025-05-19,cappuccino,69,65.30200546183208,63.33923611594474,1.0309882067774612
2025-05-19,cold_coffee,26,48.802076917209405,47.33524263070774,1.0309882067774612
2025-05-19,croissant,36,28.975995207569234,28.10506950233593,1.0309882067774612
2025-05-19,espresso,43,50.29170198415441,48.780094334299086,1.0309882067774612
2025-05-19,hot_chocolate,30,27.250572263433618,26.431507251290657,1.0309882067774612
2025-05-19,iced_latte,63,47.16695578338539,45.74926800648301,1.0309882067774612
2025-05-19,latte,54,56.30484026486854,54.612496917747904,1.0309882067774612
2025-05-19,masala_chai,46,54.58295758811352,52.942368524973105,1.0309882067774612
2025-05-19,sandwich,38,34.08940612655204,33.06478764980698,1.0309882067774612
2025-05-20,americano,43,28.834574865981214,34.2449451198739,0.8420096678515978
2025-05-20,cappuccino,49,43.25186229897184,51.36741767981086,0.8420096678515978
2025-05-20,cold_coffee,29,38.760170062626344,46.03292758089534,0.8420096678515978
2025-05-20,croissant,22,24.181503883722485,28.718796003164677,0.8420096678515978
2025-05-20,espresso,40,42.925257082043245,50.97952995191585,0.8420096678515978
2025-05-20,hot_chocolate,15,23.46933849282228,27.873003587600962,0.8420096678515978
2025-05-20,iced_latte,22,29.070127546969754,34.5246956856715,0.8420096678515978
2025-05-20,latte,53,48.057624776635365,57.07490853312317,0.8420096678515978
2025-05-20,masala_chai,53,46.79807196766833,55.57901976003959,0.8420096678515978
2025-05-20,sandwich,25,36.66086095167144,43.539714983572885,0.8420096678515978
2025-05-21,americano,37,35.491878051898325,36.135130234450244,0.982198703079845
2025-05-21,cappuccino,61,53.237817077847495,54.202695351675374,0.982198703079845
2025-05-21,cold_coffee,50,44.394779085077595,45.199386789934145,0.982198703079845
2025-05-21,croissant,22,29.10228630769121,29.629734000295684,0.982198703079845
2025-05-21,espresso,61,68.0873782398877,69.32138886600904,0.982198703079845
2025-05-21,hot_chocolate,26,29.149085030930333,29.677380900146375,0.982198703079845
2025-05-21,iced_latte,45,33.2960843138082,33.899540092450614,0.982198703079845
2025-05-21,latte,40,59.153130086497214,60.225217057417076,0.982198703079845
2025-05-21,masala_chai,28,57.862569331013894,58.91126627389786,0.982198703079845
2025-05-21,sandwich,31,34.23798389140142,34.85851058858316,0.982198703079845
2025-05-22,americano,26,27.847396460219368,33.31386486154688,0.8359101105786954
2025-05-22,cappuccino,26,41.77109469032905,49.97079729232032,0.8359101105786954
2025-05-22,cold_coffee,51,60.76898511889311,72.69799031001446,0.8359101105786954
2025-05-22,croissant,23,24.300781441277337,29.07104619712526,0.8359101105786954
2025-05-22,espresso,46,47.847760240926746,57.24031763152385,0.8359101105786954
2025-05-22,hot_chocolate,15,18.45387488906001,22.076386749628508,0.8359101105786954
2025-05-22,iced_latte,36,35.3675493391958,42.31023036042842,0.8359101105786954
2025-05-22,latte,44,46.41232743369895,55.52310810257814,0.8359101105786954
2025-05-22,masala_chai,49,37.0186392785379,44.28543070607212,0.8359101105786954
2025-05-22,sandwich,24,29.75605890768654,35.59719942505134,0.8359101105786954
2025-05-23,americano,31,36.59531417359542,38.71469564971912,0.9452564086955679
2025-05-23,cappuccino,55,54.89297126039315,58.0720434745787,0.9452564086955679
2025-05-23,cold_coffee,43,52.02571915708639,55.038737297619264,0.9452564086955679
2025-05-23,croissant,24,31.231682973922847,33.04043504663655,0.9452564086955679
2025-05-23,espresso,66,54.47846122930064,57.633527504436245,0.9452564086955679
2025-05-23,hot_chocolate,31,29.578266303382872,31.2912623826589,0.9452564086955679
2025-05-23,iced_latte,32,39.01928936781478,41.279052973214434,0.9452564086955679
2025-05-23,latte,46,60.99219028932573,64.52449274953189,0.9452564086955679
2025-05-23,masala_chai,62,59.186118268868285,62.61382385182002,0.9452564086955679
2025-05-23,sandwich,34,36.74315643990922,38.871100054866524,0.9452564086955679
2025-05-24,americano,44,45.477615471652086,42.70547290131254,1.064913051700555
2025-05-24,cappuccino,67,87.90776186530685,82.5492388556299,1.064913051700555
2025-05-24,cold_coffee,79,76.49637158540409,71.83344355038881,1.064913051700555
2025-05-24,croissant,39,41.1134539506943,38.6073340776887,1.064913051700555
2025-05-24,espresso,58,67.70130458563092,63.574490403248426,1.064913051700555
2025-05-24,hot_chocolate,32,37.72563656025938,35.42602515765534,1.064913051700555
2025-05-24,iced_latte,51,44.520888262705185,41.80706414632629,1.064913051700555
2025-05-24,latte,78,75.7960257860868,71.17578816885423,1.064913051700555
2025-05-24,masala_chai,66,74.51400235282503,69.97191201087634,1.064913051700555
2025-05-24,sandwich,45,42.787757505247455,40.17957845189321,1.064913051700555
2025-05-25,americano,30,35.0749384138153,41.26822378301286,0.8499260495978294
2025-05-25,cappuccino,29,52.61240762072297,61.90233567451929,0.8499260495978294
2025-05-25,cold_coffee,41,51.20858447669838,60.25063533577941,0.8499260495978294
2025-05-25,croissant,22,32.838514449964315,38.63690784098563,0.8499260495978294
2025-05-25,espresso,62,67.28752406480433,79.1686807300984,0.8499260495978294
2025-05-25,hot_chocolate,27,28.69166065726226,33.75783183823895,0.8499260495978294
2025-05-25,iced_latte,41,38.40643835752379,45.18797650183456,0.8499260495978294
2025-05-25,latte,59,58.458230689692165,68.78037297168808,0.8499260495978294
2025-05-25,masala_chai,66,57.06857938102331,67.14534683108866,0.8499260495978294
2025-05-25,sandwich,33,34.1758295180624,40.21035657659137,0.8499260495978294
2025-05-26,americano,27,35.93414058190679,35.33248800066472,1.0170283106366795
2025-05-26,cappuccino,45,69.46032328976831,68.29733505283131,1.0170283106366795
2025-05-26,cold_coffee,40,41.49221528070697,40.79750273100268,1.0170283106366795
2025-05-26,croissant,35,28.73743677669361,28.25628006235482,1.0170283106366795
2025-05-26,espresso,51,53.49418986303277,52.598525826232276,1.0170283106366795
2025-05-26,hot_chocolate,20,29.80891398194138,29.309817308114482,1.0170283106366795
2025-05-26,iced_latte,30,31.119161460530236,30.598127048252014,1.0170283106366795
2025-05-26,latte,55,59.890234303178005,58.88748000110789,1.0170283106366795
2025-05-26,masala_chai,42,58.877243410793945,57.89144982005038,1.0170283106366795
2025-05-26,sandwich,39,33.8087491490513,33.24268242629978,1.0170283106366795
2025-05-27,americano,26,34.39651017729904,35.3890296129502,0.9719540364201463
2025-05-27,cappuccino,56,51.59476526594857,53.083544419425316,0.9719540364201463
2025-05-27,cold_coffee,42,42.34172905301854,43.563509658305996,0.9719540364201463
2025-05-27,croissant,31,28.063448548933042,28.873225993581926,0.9719540364201463
2025-05-27,espresso,73,65.98603193523155,67.89007449186391,0.9719540364201463
2025-05-27,hot_chocolate,28,28.30602704785782,29.12280415246095,0.9719540364201463
2025-05-27,iced_latte,43,31.756296789763905,32.672632243729495,0.9719540364201463
2025-05-27,latte,66,57.327516962165085,58.98171602158369,0.9719540364201463
2025-05-27,masala_chai,91,72.33619969609407,74.42347784522737,0.9719540364201463
2025-05-27,sandwich,30,33.01582182227417,33.968501168919914,0.9719540364201463
2025-05-28,americano,45,35.3973690054897,37.54667363595319,0.9427564569020729
2025-05-28,cappuccino,53,53.09605350823457,56.320010453929804,0.9427564569020729
2025-05-28,cold_coffee,62,43.92376364904219,46.59078527383101,0.9427564569020729
2025-05-28,croissant,29,28.952320343149875,30.71028591868583,0.9427564569020729
2025-05-28,espresso,55,52.69511243535685,55.894724506596994,0.9427564569020729
2025-05-28,hot_chocolate,22,29.100551807752996,30.867517898926216,0.9427564569020729
2025-05-28,iced_latte,29,32.94282273678165,34.94308895537326,0.9427564569020729
2025-05-28,latte,89,58.9956150091495,62.57778939325532,0.9427564569020729
2025-05-28,masala_chai,41,57.73735226532059,61.24312577507804,0.9427564569020729
2025-05-28,sandwich,21,34.061553344882206,36.129748139630394,0.9427564569020729
2025-05-29,americano,20,43.53811027678601,40.989253590172524,1.0621835350333042
2025-05-29,cappuccino,49,65.30716541517903,61.4838803852588,1.0621835350333042
2025-05-29,cold_coffee,78,52.323973176138026,49.260764689312786,1.0621835350333042
2025-05-29,croissant,40,35.256485854030664,33.19246127546612,1.0621835350333042
2025-05-29,espresso,68,64.81401529877529,61.01960081384907,1.0621835350333042
2025-05-29,hot_chocolate,36,35.936600684959345,33.83276006423181,1.0621835350333042
2025-05-29,iced_latte,36,39.24297988210351,36.94557351698459,1.0621835350333042
2025-05-29,latte,80,72.56351712797668,68.31542265028754,1.0621835350333042
2025-05-29,masala_chai,59,71.15805106730848,66.9922369537364,1.0621835350333042
2025-05-29,sandwich,55,41.47821865180077,39.04995444172484,1.0621835350333042
2025-05-30,americano,53,45.75762563792144,44.95110966675797,1.0179420703324684
2025-05-30,cappuccino,61,68.63643845688219,67.42666450013698,1.0179420703324684
2025-05-30,cold_coffee,40,47.61636238516865,46.77708464256394,1.0179420703324684
2025-05-30,croissant,53,45.648651771391556,44.84405655469404,1.0179420703324684
2025-05-30,espresso,65,68.11814819884745,66.917509536274,1.0179420703324684
2025-05-30,hot_chocolate,25,38.454591336950564,37.77679738139811,1.0179420703324684
2025-05-30,iced_latte,49,35.712271788876485,35.082813481922955,1.0179420703324684
2025-05-30,latte,78,76.26270939653574,74.91851611126329,1.0179420703324684
2025-05-30,masala_chai,79,75.46170280659378,74.1316279245118,1.0179420703324684
2025-05-30,sandwich,55,41.674533852470404,40.93998574875597,1.0179420703324684
2025-05-31,americano,43,41.7992906164653,41.994557967853574,0.9953501748598533
2025-05-31,cappuccino,73,62.69893592469794,62.99183695178035,0.9953501748598533
2025-05-31,cold_coffee,103,85.98896721236598,86.39066871563402,0.9953501748598533
2025-05-31,croissant,33,42.17175654775409,42.36876389125258,0.9953501748598533
2025-05-31,espresso,52,55.73238748862039,55.99274395713809,0.9953501748598533
2025-05-31,hot_chocolate,43,27.451320168812146,27.579560301656983,0.9953501748598533
2025-05-31,iced_latte,52,64.49172540927447,64.7930015367255,0.9953501748598533
2025-05-31,latte,74,69.66548436077551,69.99092994642263,0.9953501748598533
2025-05-31,masala_chai,57,55.31595814450689,55.57436924376434,0.9953501748598533
2025-05-31,sandwich,48,45.68055261844635,45.893951467761816,0.9953501748598533
2025-06-01,americano,33,37.99756248790277,42.804233191242574,0.8877057163513628
2025-06-01,cappuccino,64,73.44889656166772,82.74014147791735,0.8877057163513628
2025-06-01,cold_coffee,147,90.59238938006318,102.05227668513268,0.8877057163513628
2025-06-01,croissant,41,36.88306276666601,41.54874986979055,0.8877057163513628
2025-06-01,espresso,36,50.663416650537016,57.07231092165676,0.8877057163513628
2025-06-01,hot_chocolate,21,24.92962622656865,28.08321019834602,0.8877057163513628
2025-06-01,iced_latte,46,52.72477061919678,59.39442503074723,0.8877057163513628
2025-06-01,latte,57,63.32927081317126,71.34038865207094,0.8877057163513628
2025-06-01,masala_chai,45,50.259726232020064,56.61755388778725,0.8877057163513628
2025-06-01,sandwich,41,39.54827243045773,44.551107086488706,0.8877057163513628
2025-06-02,americano,26,35.50124240636973,37.092064244238884,0.9571115312592439
2025-06-02,cappuccino,50,53.251863609554604,55.63809636635834,0.9571115312592439
2025-06-02,cold_coffee,42,48.004343141059735,50.15543285525127,0.9571115312592439
2025-06-02,croissant,41,29.664161261513737,30.993421657437835,0.9571115312592439
2025-06-02,espresso,62,52.849745977119994,55.21795971634269,0.9571115312592439
2025-06-02,hot_chocolate,42,36.682143847500896,38.325882250357246,0.9571115312592439
2025-06-02,iced_latte,39,36.00325735579478,37.61657464143843,0.9571115312592439
2025-06-02,latte,53,59.16873734394956,61.82010707373149,0.9571115312592439
2025-06-02,masala_chai,38,57.18745263276916,59.75004037150121,0.9571115312592439
2025-06-02,sandwich,30,34.54649796349786,36.09453740260139,0.9571115312592439
2025-06-03,americano,28,39.42528835020423,37.99669581851348,1.0375978095178129
2025-06-03,cappuccino,63,59.137932525306354,56.99504372777023,1.0375978095178129
2025-06-03,cold_coffee,52,52.88560805529778,50.969274963942446,1.0375978095178129
2025-06-03,croissant,40,32.86076454650213,31.67004040011709,1.0375978095178129
2025-06-03,espresso,64,58.69136777053057,56.56466044180001,1.0375978095178129
2025-06-03,hot_chocolate,25,31.643320627068253,30.496711092492934,1.0375978095178129
2025-06-03,iced_latte,37,39.664206041473335,38.22695622295683,1.0375978095178129
2025-06-03,latte,58,65.70881391700705,63.32782636418914,1.0375978095178129
2025-06-03,masala_chai,72,63.540294788016205,61.23788447235092,1.0375978095178129
2025-06-03,sandwich,67,49.31600611263038,47.52901910572485,1.0375978095178129
2025-06-04,americano,23,39.424829748465555,35.84696979971099,1.0998092717109778
2025-06-04,cappuccino,74,59.13724462269832,53.77045469956647,1.0998092717109778
2025-06-04,cold_coffee,34,55.043270383428485,50.04801450509455,1.0998092717109778
2025-06-04,croissant,49,33.273715030857055,30.254077581190963,1.0998092717109778
2025-06-04,espresso,58,58.69068506244063,53.36442106105842,1.0998092717109778
2025-06-04,hot_chocolate,46,40.57362456480231,36.89150983577521,1.0998092717109778
2025-06-04,iced_latte,47,53.19903709738579,48.37114803971768,1.0998092717109778
2025-06-04,latte,73,65.70804958077592,59.74494966618497,1.0998092717109778
2025-06-04,masala_chai,54,63.38090518292908,57.62899696628957,1.0998092717109778
2025-06-04,sandwich,54,49.9357442377687,45.40400369609856,1.0998092717109778
2025-06-05,americano,33,36.741427520824836,34.054476867434126,1.0789015395494215
2025-06-05,cappuccino,43,55.112141281237264,51.08171530115119,1.0789015395494215
2025-06-05,cold_coffee,71,81.30038939069689,75.35478114587744,1.0789015395494215
2025-06-05,croissant,30,32.025518593948604,29.683448785626283,1.0789015395494215
2025-06-05,espresso,56,63.12960055124543,58.512846851261386,1.0789015395494215
2025-06-05,hot_chocolate,28,30.877957640969658,28.619810528646692,1.0789015395494215
2025-06-05,iced_latte,57,47.31682662538558,43.856482626900664,1.0789015395494215
2025-06-05,latte,66,61.235712534708064,56.75746144572354,1.0789015395494215
2025-06-05,masala_chai,49,48.452648728469356,44.909240512071655,1.0789015395494215
2025-06-05,sandwich,41,38.8188104169074,35.97993792197125,1.0789015395494215
2025-06-06,americano,42,39.64333034987265,36.640076074609105,1.0819663766294618
2025-06-06,cappuccino,48,59.46499552480898,54.96011411191366,1.0819663766294618
2025-06-06,cold_coffee,58,76.13939723604324,70.37131548693078,1.0819663766294618
2025-06-06,croissant,30,35.78578788614027,33.074768919917865,1.0819663766294618
2025-06-06,espresso,48,52.857773799830206,48.85343476614548,1.0819663766294618
2025-06-06,hot_chocolate,30,25.494369215566365,23.562995825236587,1.0819663766294618
2025-06-06,iced_latte,60,57.10454792703242,52.778486615198084,1.0819663766294618
2025-06-06,latte,63,66.07221724978776,61.06679345768185,1.0819663766294618
2025-06-06,masala_chai,26,51.914845683402774,47.98193992416635,1.0819663766294618
2025-06-06,sandwich,34,43.37671258926093,40.090628993839836,1.0819663766294618
2025-06-07,americano,33,31.94231093223082,36.614761476559686,0.8723888848130252
2025-06-07,cappuccino,32,47.913466398346216,54.92214221483951,0.8723888848130252
2025-06-07,cold_coffee,82,84.50237892635764,96.86319988415329,0.8723888848130252
2025-06-07,croissant,36,32.02964633585749,36.7148721097269,0.8723888848130252
2025-06-07,espresso,45,42.58974790964108,48.81968196874623,0.8723888848130252
2025-06-07,hot_chocolate,26,26.657462845945563,30.55685750931928,0.8723888848130252
2025-06-07,iced_latte,51,49.180384535140156,56.37438233257723,0.8723888848130252
2025-06-07,latte,49,53.23718488705135,61.02460246093279,0.8723888848130252
2025-06-07,masala_chai,25,41.976652250390075,48.11690403344229,0.8723888848130252
2025-06-07,sandwich,34,34.34414292422948,39.3679281363039,0.8723888848130252
2025-06-08,americano,34,38.577273314260886,40.0457617444237,0.9633297416207272
2025-06-08,cappuccino,43,57.86590997139134,60.068642616635564,0.9633297416207272
2025-06-08,cold_coffee,89,74.36530084938674,77.19610185010266,0.9633297416207272
2025-06-08,croissant,46,39.178870488865655,40.670259409774125,0.9633297416207272
2025-06-08,espresso,51,57.428950564919106,59.615049846067635,0.9633297416207272
2025-06-08,hot_chocolate,24,30.047605375352497,31.191402151458277,0.9633297416207272
2025-06-08,iced_latte,55,55.77397563704006,57.89707638757701,0.9633297416207272
2025-06-08,latte,66,64.29545552376813,66.74293624070616,0.9633297416207272
2025-06-08,masala_chai,73,61.24793596691409,63.57940933482362,0.9633297416207272
2025-06-08,sandwich,37,40.36252757525626,41.898973769199166,0.9633297416207272
2025-06-09,americano,39,39.90798338445473,35.684887076317956,1.1183441129883638
2025-06-09,cappuccino,64,59.8619750766821,53.52733061447694,1.1183441129883638
2025-06-09,cold_coffee,63,53.533101617421046,47.86818385834169,1.1183441129883638
2025-06-09,croissant,33,33.26308824613817,29.743160320533885,1.1183441129883638
2025-06-09,espresso,54,59.409942902424525,53.12313286442156,1.1183441129883638
2025-06-09,hot_chocolate,22,32.03073881405035,28.64121914001941,1.1183441129883638
2025-06-09,iced_latte,22,40.149826213065786,35.901137893756264,1.1183441129883638
2025-06-09,latte,69,66.51330564075789,59.47481179386327,1.1183441129883638
2025-06-09,masala_chai,54,64.31823671444043,57.51202690428939,1.1183441129883638
2025-06-09,sandwich,52,38.73776171267427,34.638499244353184,1.1183441129883638
2025-06-10,americano,33,27.122262064431727,34.49662206635139,0.7862295042182479
2025-06-10,cappuccino,31,52.427052959597425,66.68161481897823,0.7862295042182479
2025-06-10,cold_coffee,48,39.41232815661804,50.12827418096695,0.7862295042182479
2025-06-10,croissant,21,23.178538861022396,29.48062714088673,0.7862295042182479
2025-06-10,espresso,19,40.376183008539144,51.35419466188234,0.7862295042182479
2025-06-10,hot_chocolate,48,27.773359470497034,35.32474846274337,0.7862295042182479
2025-06-10,iced_latte,19,29.55924611746353,37.59620563572521,0.7862295042182479
2025-06-10,latte,49,45.20377010738621,57.494370110585656,0.7862295042182479
2025-06-10,masala_chai,43,43.493943154549896,55.319652749226385,0.7862295042182479
2025-06-10,sandwich,29,26.993426124541827,34.33275650394414,0.7862295042182479
2025-06-11,americano,21,34.93935532990604,37.41529120664936,0.9338255617718326
2025-06-11,cappuccino,34,52.40903299485907,56.122936809974036,0.9338255617718326
2025-06-11,cold_coffee,33,43.26472550132291,46.330628837395274,0.9338255617718326
2025-06-11,croissant,23,28.402744737032585,30.415471475359336,0.9338255617718326
2025-06-11,espresso,49,52.01327977914816,55.69913901313496,0.9338255617718326
2025-06-11,hot_chocolate,27,28.324679584049864,30.331874328120616,0.9338255617718326
2025-06-11,iced_latte,41,41.81513418297962,44.77831395366812,0.9338255617718326
2025-06-11,latte,53,58.23225888317674,62.35881867774893,0.9338255617718326
2025-06-11,masala_chai,70,56.592738124172016,60.603115229351225,0.9338255617718326
2025-06-11,sandwich,35,33.077468618291064,35.42146410677617,0.9338255617718326
2025-06-12,americano,31,42.7847586602441,38.795223987966786,1.102835716930382
2025-06-12,cappuccino,54,64.17713799036616,58.19283598195019,1.102835716930382
2025-06-12,cold_coffee,41,52.138608938010506,47.27685922535444,1.102835716930382
2025-06-12,croissant,32,34.60692704038752,31.379947628747434,1.102835716930382
2025-06-12,espresso,66,63.69252098288766,57.7534078785266,1.102835716930382
2025-06-12,hot_chocolate,42,34.75423982992059,31.513523996715556,1.102835716930382
2025-06-12,iced_latte,35,39.10395670350789,35.45764441901584,1.102835716930382
2025-06-12,latte,59,71.30793110040685,64.65870664661132,1.102835716930382
2025-06-12,masala_chai,56,69.36960162484918,62.90111986754618,1.102835716930382
2025-06-12,sandwich,48,40.30277896563253,36.54468054209446,1.102835716930382
2025-06-13,americano,34,47.06129436688255,42.12144707470482,1.117276295931064
2025-06-13,cappuccino,59,70.59194155032381,63.18217061205721,1.117276295931064
2025-06-13,cold_coffee,55,51.27353249254204,45.89154238684897,1.117276295931064
2025-06-13,croissant,43,47.36699029108501,42.39505524603697,1.117276295931064
2025-06-13,espresso,70,70.05888481801284,62.705066842602626,1.117276295931064
2025-06-13,hot_chocolate,32,38.76704493959658,34.69781385390504,1.117276295931064
2025-06-13,iced_latte,19,38.455149369406534,34.41865679013673,1.117276295931064
2025-06-13,latte,97,78.43549061147093,70.2024117911747,1.117276295931064
2025-06-13,masala_chai,112,76.83941380168639,68.77386916873012,1.117276295931064
2025-06-13,sandwich,31,42.806475076131115,38.313240182419726,1.117276295931064
2025-06-14,americano,54,48.40836343223409,45.357467021360605,1.0672633771510367
2025-06-14,cappuccino,66,72.61254514835115,68.03620053204091,1.0672633771510367
2025-06-14,cold_coffee,70,63.5609135604015,59.555040415676615,1.0672633771510367
2025-06-14,croissant,25,43.60391114450264,40.85581130020534,1.0672633771510367
2025-06-14,espresso,95,72.06423035219312,67.52244281497046,1.0672633771510367
2025-06-14,hot_chocolate,22,39.55896081957862,37.06579056912615,1.0672633771510367
2025-06-14,iced_latte,34,47.670685170301134,44.66628031175747,1.0672633771510367
2025-06-14,latte,95,80.68060572039015,75.59577836893433,1.0672633771510367
2025-06-14,masala_chai,75,78.72331935875022,73.76184833484591,1.0672633771510367
2025-06-14,sandwich,39,44.92125587079342,42.0901314825462,1.0672633771510367
2025-06-15,americano,41,48.82561332462888,47.1047043303912,1.036533696977849
2025-06-15,cappuccino,35,73.2384199869433,70.65705649558679,1.036533696977849
2025-06-15,cold_coffee,61,66.56533289719688,64.219169228436,1.036533696977849
2025-06-15,croissant,54,41.109091148765366,39.66015892066448,1.036533696977849
2025-06-15,espresso,60,72.68537905931807,70.12350806466003,1.036533696977849
2025-06-15,hot_chocolate,28,40.991907916755586,39.54710593227496,1.036533696977849
2025-06-15,iced_latte,50,38.74102374616859,37.375556490949755,1.036533696977849
2025-06-15,latte,109,104.86600799963247,101.16989761681958,1.036533696977849
2025-06-15,masala_chai,77,80.48105860460262,77.6444208608517,1.036533696977849
2025-06-15,sandwich,51,42.351063325251204,40.858356509519496,1.036533696977849
2025-06-16,americano,22,36.40858596354939,38.572273528725624,0.9439056252786114
2025-06-16,cappuccino,53,54.61287894532411,57.85841029308846,0.9439056252786114
2025-06-16,cold_coffee,52,38.72666654040132,41.02811287830859,0.9439056252786114
2025-06-16,croissant,22,28.224109439622076,29.90141035687885,0.9439056252786114
2025-06-16,espresso,60,54.200483958681964,57.42150751849124,0.9439056252786114
2025-06-16,hot_chocolate,41,30.08191816740878,31.869624845735544,0.9439056252786114
2025-06-16,iced_latte,34,29.044999905300983,30.771084658731436,0.9439056252786114
2025-06-16,latte,63,60.68097660591567,64.28712254787605,0.9439056252786114
2025-06-16,masala_chai,90,59.535421007326526,63.07348893037218,0.9439056252786114
2025-06-16,sandwich,28,32.86943226480051,34.82279518685831,0.9439056252786114
2025-06-17,americano,47,39.875963589300305,39.119625642277704,1.0193339771177463
2025-06-17,cappuccino,53,59.81394538395046,58.67943846341656,1.0193339771177463
2025-06-17,cold_coffee,36,43.44507609221651,42.62104184446119,1.0193339771177463
2025-06-17,croissant,23,31.144748964930788,30.554018274751538,1.0193339771177463
2025-06-17,espresso,82,59.362275893456754,58.23633590759787,1.0193339771177463
2025-06-17,hot_chocolate,29,32.84808234182285,32.22504407701939,1.0193339771177463
2025-06-17,iced_latte,36,32.58380706916238,31.96578138334589,1.0193339771177463
2025-06-17,latte,58,66.45993931550049,65.19937607046283,1.0193339771177463
2025-06-17,masala_chai,62,65.10755193200598,63.87263977612433,1.0193339771177463
2025-06-17,sandwich,42,36.27077122475599,35.58281391474332,1.0193339771177463
2025-06-18,americano,33,36.02423606977776,38.87454084883126,0.9266793969313416
2025-06-18,cappuccino,47,54.03635410466663,58.31181127324688,0.9266793969313416
2025-06-18,cold_coffee,39,44.25267102554447,47.75402493255517,0.9266793969313416
2025-06-18,croissant,14,29.211540929788217,31.522812556878854,0.9266793969313416
2025-06-18,espresso,45,53.62831259578564,57.8714847587779,0.9266793969313416
2025-06-18,hot_chocolate,22,29.23339081656967,31.546391247474336,0.9266793969313416
2025-06-18,iced_latte,27,33.18950326915835,35.81551869941637,0.9266793969313416
2025-06-18,latte,65,60.04039344962959,64.79090141471876,0.9266793969313416
2025-06-18,masala_chai,87,58.379147202943734,62.99821426511017,0.9266793969313416
2025-06-18,sandwich,41,34.019382187988654,36.71105918685832,0.9266793969313416
2025-06-19,americano,24,34.82047820905419,35.73309285458112,0.9744602391614715
2025-06-19,cappuccino,49,52.23071731358129,53.59963928187169,0.9744602391614715
2025-06-19,cold_coffee,30,68.33701317617974,70.1280672415984,0.9744602391614715
2025-06-19,croissant,33,29.234039754691985,30.000238675564677,0.9744602391614715
2025-06-19,espresso,42,46.427304278738916,47.64412380610816,0.9744602391614715
2025-06-19,hot_chocolate,30,23.05172398414326,23.65588975080132,0.9744602391614715
2025-06-19,iced_latte,52,39.77214166853661,40.814535134610274,0.9744602391614715
2025-06-19,latte,72,58.03413034842365,59.55515475763521,0.9744602391614715
2025-06-19,masala_chai,31,46.265092749530346,47.47766085288582,0.9744602391614715
2025-06-19,sandwich,26,35.43519970265695,36.363925667351126,0.9744602391614715
2025-06-20,americano,36,42.70321325563849,41.00982064314175,1.0412923681679143
2025-06-20,cappuccino,48,64.05481988345774,61.514730964712626,1.0412923681679143
2025-06-20,cold_coffee,72,56.82622716286103,54.57278752829338,1.0412923681679143
2025-06-20,croissant,22,35.504026113511486,34.096116709256684,1.0412923681679143
2025-06-20,espresso,79,63.57112652942946,61.050218433156,1.0412923681679143
2025-06-20,hot_chocolate,51,34.30852310245918,32.94802127746579,1.0412923681679143
2025-06-20,iced_latte,44,42.61967037214578,40.92959064622004,1.0412923681679143
2025-06-20,latte,68,71.17202209273083,68.34970107190293,1.0412923681679143
2025-06-20,masala_chai,52,68.85762663679888,66.12708278842894,1.0412923681679143
2025-06-20,sandwich,20,41.347528926014554,39.70789587055442,1.0412923681679143
2025-06-21,americano,29,41.050214108904456,42.96167996638116,0.9555076556835653
2025-06-21,cappuccino,62,61.575321163356676,64.44251994957173,0.9555076556835653
2025-06-21,cold_coffee,70,67.90037024667852,71.06208918661456,0.9555076556835653
2025-06-21,croissant,41,38.47568491543941,40.26727016427105,0.9555076556835653
2025-06-21,espresso,34,54.73361881187261,57.28223995517488,0.9555076556835653
2025-06-21,hot_chocolate,30,27.3121304842724,28.583894981703146,0.9555076556835653
2025-06-21,iced_latte,89,50.92527768500889,53.29656688996093,0.9555076556835653
2025-06-21,latte,102,68.41702351484076,71.6027999439686,0.9555076556835653
2025-06-21,masala_chai,52,54.67891255075015,57.22498634679503,0.9555076556835653
2025-06-21,sandwich,53,41.25597916340822,43.17702628336756,0.9555076556835653
2025-06-22,americano,49,47.15962907512688,43.40704922205661,1.0864509318261482
2025-06-22,cappuccino,94,70.73944361269032,65.11057383308491,1.0864509318261482
2025-06-22,cold_coffee,53,72.66532627368154,66.88321041019579,1.0864509318261482
2025-06-22,croissant,35,44.65706229405101,41.10361635843942,1.0864509318261482
2025-06-22,espresso,77,70.20527305682317,64.61890822700983,1.0864509318261482
2025-06-22,hot_chocolate,48,37.7753907164254,34.76953225391512,1.0864509318261482
2025-06-22,iced_latte,47,54.49899470526116,50.162407807646844,1.0864509318261482
2025-06-22,latte,63,78.59938179187812,72.345082036761,1.0864509318261482
2025-06-22,masala_chai,84,75.92948130072702,69.88763051921899,1.0864509318261482
2025-06-22,sandwich,32,46.00622442103889,42.34542313264886,1.0864509318261482
2025-06-23,americano,36,34.72553512430816,36.68476364797786,0.9465928541213949
2025-06-23,cappuccino,47,52.08830268646223,55.02714547196678,0.9465928541213949
2025-06-23,cold_coffee,45,40.01278766135874,42.270325079199615,0.9465928541213949
2025-06-23,croissant,25,27.60086826971974,29.158120251539625,0.9465928541213949
2025-06-23,espresso,68,66.61723116297064,70.37580188031652,0.9465928541213949
2025-06-23,hot_chocolate,44,28.405845169953476,30.008514269124827,0.9465928541213949
2025-06-23,iced_latte,31,30.009590746019054,31.702743809399706,0.9465928541213949
2025-06-23,latte,68,57.87589187384693,61.14127274662977,0.9465928541213949
2025-06-23,masala_chai,54,56.50008374667673,59.68784097690952,0.9465928541213949
2025-06-23,sandwich,35,32.143613671212535,33.957169158061596,0.9465928541213949
2025-06-24,americano,49,39.91129240453836,38.54816550380073,1.0353616542557187
2025-06-24,cappuccino,55,59.86693860680753,57.8222482557011,1.0353616542557187
2025-06-24,cold_coffee,44,46.357500277246395,44.77421013874712,1.0353616542557187
2025-06-24,croissant,46,31.802065290477866,30.715900245831623,1.0353616542557187
2025-06-24,espresso,48,59.41486895173994,57.38561854934736,1.0353616542557187
2025-06-24,hot_chocolate,37,32.615216473907,31.501279132606868,1.0353616542557187
2025-06-24,iced_latte,37,34.7681252079348,33.58065760406035,1.0353616542557187
2025-06-24,latte,58,66.5188206742306,64.24694250633456,1.0353616542557187
2025-06-24,masala_chai,40,64.90509480621644,62.68833169495174,1.0353616542557187
2025-06-24,sandwich,43,37.03627330323031,35.7713395613963,1.0353616542557187
2025-06-25,americano,58,41.4281997528231,38.19336562919849,1.0846962311473176
2025-06-25,cappuccino,130,80.08028302736422,73.82738201520324,1.0846962311473176
2025-06-25,cold_coffee,28,49.68413158367598,45.80465033157117,1.0846962311473176
2025-06-25,croissant,34,33.342529184507924,30.73904769563039,1.0846962311473176
2025-06-25,espresso,80,61.673048175723686,56.85743750625016,1.0846962311473176
2025-06-25,hot_chocolate,50,33.719673262613746,31.08674326907855,1.0846962311473176
2025-06-25,iced_latte,37,37.26309868775698,34.353487748678376,1.0846962311473176
2025-06-25,latte,81,69.04699958803849,63.65560938199747,1.0846962311473176
2025-06-25,masala_chai,90,67.23733165946156,61.98724557966105,1.0846962311473176
2025-06-25,sandwich,34,38.83027760049645,35.79829678160164,1.0846962311473176
2025-06-26,americano,37,40.84345425597294,38.81760788501026,1.052188851434737
2025-06-26,cappuccino,53,61.26518138395941,58.22641182751539,1.052188851434737
2025-06-26,cold_coffee,43,51.391375452175666,48.842349338809036,1.052188851434737
2025-06-26,croissant,28,33.36870558873906,31.713608772073922,1.052188851434737
2025-06-26,espresso,60,60.802553261318934,57.78673018480492,1.052188851434737
2025-06-26,hot_chocolate,21,33.04486590289073,31.40583162217659,1.052188851434737
2025-06-26,iced_latte,38,38.543531589131746,36.63176200410677,1.052188851434737
2025-06-26,latte,61,68.07242375995492,64.69601314168378,1.052188851434737
2025-06-26,masala_chai,76,66.08973180578145,62.81166324435318,1.052188851434737
2025-06-26,sandwich,51,38.8607623017995,36.93325798767967,1.052188851434737
2025-06-27,americano,49,38.12949754762579,42.05959435628645,0.9065588513439086
2025-06-27,cappuccino,69,57.19424632143869,63.089391534429694,0.9065588513439086
2025-06-27,cold_coffee,62,47.594251737159524,52.49990297552603,0.9065588513439086
2025-06-27,croissant,34,31.073648000989657,34.276481835597544,0.9065588513439086
2025-06-27,espresso,49,56.762358808763324,62.6129883621093,0.9065588513439086
2025-06-27,hot_chocolate,39,30.879972585986007,34.06284384098027,0.9065588513439086
2025-06-27,iced_latte,21,35.695688802869626,39.374927231644506,0.9065588513439086
2025-06-27,latte,76,63.54916257937633,70.09932392714411,0.9065588513439086
2025-06-27,masala_chai,63,61.72907291809266,68.0916333524114,0.9065588513439086
2025-06-27,sandwich,39,36.1879679631252,39.91794676041068,0.9065588513439086
2025-06-28,americano,45,50.814095442090576,46.62335547097746,1.089884992806273
2025-06-28,cappuccino,95,76.22114316313585,69.93503320646617,1.089884992806273
2025-06-28,cold_coffee,118,80.84226441467125,74.17504135598365,1.089884992806273
2025-06-28,croissant,52,48.60119115309021,44.59295381978809,1.089884992806273
2025-06-28,espresso,52,75.64557897528046,69.40693694708617,1.089884992806273
2025-06-28,hot_chocolate,39,40.54017372927524,37.19674460778749,1.089884992806273
2025-06-28,iced_latte,82,60.63169831100343,55.631281016987735,1.089884992806273
2025-06-28,latte,66,84.69015907015095,77.70559245162909,1.089884992806273
2025-06-28,masala_chai,104,81.64990100248906,74.91607054085047,1.089884992806273
2025-06-28,sandwich,33,50.069511796272835,45.940179126012325,1.089884992806273
2025-06-29,americano,47,56.29190976008578,56.7660310216636,0.9916477996956158
2025-06-29,cappuccino,76,65.52378296073982,66.07566010921641,0.9916477996956158
2025-06-29,cold_coffee,82,78.90096851088826,79.56551563479165,0.9916477996956158
2025-06-29,croissant,36,42.08445769817343,42.43891602551951,0.9916477996956158
2025-06-29,espresso,93,58.24336263176873,58.73392009708125,0.9916477996956158
2025-06-29,hot_chocolate,15,28.745549612026192,28.98766035768907,0.9916477996956158
2025-06-29,iced_latte,59,59.17572638316619,59.674136726093735,0.9916477996956158
2025-06-29,latte,86,72.80420328971091,73.41740012135156,0.9916477996956158
2025-06-29,masala_chai,55,57.866008504176975,58.353387686574635,0.9916477996956158
2025-06-29,sandwich,43,45.12552573696919,45.50559760312116,0.9916477996956158
2025-06-30,americano,54,37.64813785205503,38.572881245257655,0.9760260741912735
2025-06-30,cappuccino,50,56.47220677808255,57.859321867886486,0.9760260741912735
2025-06-30,cold_coffee,49,52.98491705966211,54.286374576176094,0.9760260741912735
2025-06-30,croissant,12,31.853759922389482,32.6361772135885,0.9760260741912735
2025-06-30,espresso,36,56.045771559693584,57.42241220976869,0.9760260741912735
2025-06-30,hot_chocolate,25,30.03619440289739,30.773967209621027,0.9760260741912735
2025-06-30,iced_latte,25,39.73868779474658,40.714780932132065,0.9760260741912735
2025-06-30,latte,73,62.746896420091716,64.28813540876276,0.9760260741912735
2025-06-30,masala_chai,45,60.49437074111747,61.98028140922625,0.9760260741912735
2025-06-30,sandwich,49,37.096476201950914,38.00766924458316,0.9760260741912735
2025-07-01,americano,45,40.0053269033136,41.48552740027016,0.9643200752234641
2025-07-01,cappuccino,54,60.00799035497041,62.22829110040525,0.9643200752234641
2025-07-01,cold_coffee,42,52.37481165541812,54.312684139943045,0.9643200752234641
2025-07-01,croissant,35,31.846330164413658,33.024647088295694,0.9643200752234641
2025-07-01,espresso,52,53.3404358710848,55.314036533693546,0.9643200752234641
2025-07-01,hot_chocolate,26,26.537199668653187,27.51907831277251,0.9643200752234641
2025-07-01,iced_latte,57,39.281108741563585,40.73451310495728,0.9643200752234641
2025-07-01,latte,66,66.675544838856,69.14254566711693,0.9643200752234641
2025-07-01,masala_chai,58,53.207251331448575,55.17592415476649,0.9643200752234641
2025-07-01,sandwich,51,38.21559619729638,39.62957650595482,0.9643200752234641
2025-07-02,americano,56,40.328031833124626,44.19506865542757,0.9125007169362541
2025-07-02,cappuccino,49,60.49204774968694,66.29260298314135,0.9125007169362541
2025-07-02,cold_coffee,43,45.76596316783648,50.1544407784105,0.9125007169362541
2025-07-02,croissant,35,31.71215881804332,34.75302345462013,0.9125007169362541
2025-07-02,espresso,72,60.03525774510461,65.79201159060413,0.9125007169362541
2025-07-02,hot_chocolate,41,32.49760671546193,35.61378759742077,0.9125007169362541
2025-07-02,iced_latte,36,34.32447237587737,37.615830583807885,0.9125007169362541
2025-07-02,latte,54,67.21338638854102,73.65844775904593,0.9125007169362541
2025-07-02,masala_chai,43,65.12533393491618,71.37017289539921,0.9125007169362541
2025-07-02,sandwich,29,36.562253696097,40.06819174767967,0.9125007169362541
2025-07-03,americano,61,49.2808348259209,46.474519384242996,1.0603839583251156
2025-07-03,cappuccino,61,73.92125223888135,69.7117790763645,1.0603839583251156
2025-07-03,cold_coffee,60,43.29465152304317,40.8292215127692,1.0603839583251156
2025-07-03,croissant,29,35.772828317247026,33.73573132297331,1.0603839583251156
2025-07-03,espresso,100,94.54001943383885,89.15640291575659,1.0603839583251156
2025-07-03,hot_chocolate,50,41.00339632658747,38.6684426944299,1.0603839583251156
2025-07-03,iced_latte,37,32.47098864228238,30.621916134576903,1.0603839583251156
2025-07-03,latte,66,82.13472470986815,77.45753230707165,1.0603839583251156
2025-07-03,masala_chai,64,80.86669684816954,76.26171276289307,1.0603839583251156
2025-07-03,sandwich,33,41.243966765767155,38.895313760604516,1.0603839583251156
2025-07-04,americano,48,42.891556874283744,43.36505744414489,0.9890810574741882
2025-07-04,cappuccino,103,82.90893725699179,83.82420897708421,0.9890810574741882
2025-07-04,cold_coffee,47,47.14221308769051,47.66263870028748,0.9890810574741882
2025-07-04,croissant,39,33.39240093711411,33.76103574603697,0.9890810574741882
2025-07-04,espresso,67,63.85150861543858,64.55639619516715,0.9890810574741882
2025-07-04,hot_chocolate,23,34.701906856216624,35.084997932156064,0.9890810574741882
2025-07-04,iced_latte,39,35.35665981576787,35.7469790252156,0.9890810574741882
2025-07-04,latte,73,71.48592812380625,72.2750957402415,0.9890810574741882
2025-07-04,masala_chai,65,89.43790426859955,90.42525240246408,0.9890810574741882
2025-07-04,sandwich,30,38.499474021613906,38.92448827190143,0.9890810574741882
2025-07-05,americano,35,45.09374150852178,47.28359967985364,0.9536867288836112
2025-07-05,cappuccino,73,67.64061226278267,70.92539951978046,0.9536867288836112
2025-07-05,cold_coffee,51,57.38825330841006,60.17516189576103,0.9536867288836112
2025-07-05,croissant,28,39.98479072354004,41.926546225872684,0.9536867288836112
2025-07-05,espresso,82,67.12984172789649,70.38982476612514,0.9536867288836112
2025-07-05,hot_chocolate,29,36.374322818012345,38.14074550517469,0.9536867288836112
2025-07-05,iced_latte,30,43.041189981307554,45.13137142182078,0.9536867288836112
2025-07-05,latte,63,75.1562358475363,78.80599946642272,0.9536867288836112
2025-07-05,masala_chai,52,72.85785048764154,76.39599910646673,0.9536867288836112
2025-07-05,sandwich,47,40.78086800491368,42.761282892813135,0.9536867288836112
2025-07-06,americano,36,43.496142984126976,44.708338309258025,0.9728865940678446
2025-07-06,cappuccino,56,65.24421447619046,67.06250746388703,0.9728865940678446
2025-07-06,cold_coffee,54,51.09917926102999,52.5232638342497,0.9728865940678446
2025-07-06,croissant,36,48.474152035752276,49.82507964579057,0.9728865940678446
2025-07-06,espresso,55,64.75153971747058,66.55610233740677,0.9728865940678446
2025-07-06,hot_chocolate,32,35.438255769745965,36.4258855922468,0.9728865940678446
2025-07-06,iced_latte,41,38.324384445772495,39.392447875687274,0.9728865940678446
2025-07-06,latte,60,72.49357164021163,74.5138971820967,0.9728865940678446
2025-07-06,masala_chai,77,70.62887736170799,72.59723568231496,0.9728865940678446
2025-07-06,sandwich,31,38.36485666169341,39.43404801301848,0.9728865940678446
2025-07-07,americano,49,37.18141110895899,39.41340239968789,0.9433697383419358
2025-07-07,cappuccino,47,55.77211666343849,59.12010359953184,0.9433697383419358
2025-07-07,cold_coffee,35,40.86617817434583,43.319365158110884,0.9433697383419358
2025-07-07,croissant,29,28.9468762068283,30.68455032032854,0.9433697383419358
2025-07-07,espresso,49,55.35096799391952,58.67367347526351,0.9433697383419358
2025-07-07,hot_chocolate,41,30.082047822782354,31.887866019164957,0.9433697383419358
2025-07-07,iced_latte,19,30.64963363075938,32.48952386858316,0.9433697383419358
2025-07-07,latte,55,61.96901851493164,65.68900399947981,0.9433697383419358
2025-07-07,masala_chai,57,60.16409564556471,63.77573203832991,0.9433697383419358
2025-07-07,sandwich,35,33.3740455090491,35.37748154579055,0.9433697383419358
2025-07-08,americano,43,36.90766274983923,37.100463044208446,0.9948032914268624
2025-07-08,cappuccino,52,55.361494124758856,55.65069456631267,0.9948032914268624
2025-07-08,cold_coffee,65,54.91751632732993,55.204397493056995,0.9948032914268624
2025-07-08,croissant,27,30.57946567011491,30.73920837782341,0.9948032914268624
2025-07-08,espresso,46,49.21021699978565,49.4672840589446,0.9948032914268624
2025-07-08,hot_chocolate,24,24.09378886838426,24.21965133813153,0.9948032914268624
2025-07-08,iced_latte,32,41.188137245497444,41.403298119792744,0.9948032914268624
2025-07-08,latte,63,61.512771249732076,61.83410507368076,0.9948032914268624
2025-07-08,masala_chai,46,48.696212964874576,48.95059494126604,0.9948032914268624
2025-07-08,sandwich,35,36.69535880413789,36.88705005338809,0.9948032914268624
2025-07-09,americano,43,37.62031500530568,40.52403757448074,0.9283456747408697
2025-07-09,cappuccino,49,56.43047250795851,60.7860563617211,0.9283456747408697
2025-07-09,cold_coffee,45,44.79238035585912,48.24967851373044,0.9283456747408697
2025-07-09,croissant,27,30.0300202800487,32.34788624229979,0.9283456747408697
2025-07-09,espresso,49,56.00435243508287,60.32704622738231,0.9283456747408697
2025-07-09,hot_chocolate,26,30.134293379121527,32.46020765652078,0.9283456747408697
2025-07-09,iced_latte,30,33.59428526689435,36.18725888529784,0.9283456747408697
2025-07-09,latte,63,62.70052500884278,67.54006262413455,0.9283456747408697
2025-07-09,masala_chai,60,60.570684306535384,65.24583024899917,0.9283456747408697
2025-07-09,sandwich,20,34.622846911114976,37.29521002053389,0.9283456747408697
2025-07-10,americano,39,43.38361775490391,38.849048417225475,1.1167227904523866
2025-07-10,cappuccino,45,65.07542663235589,58.273572625838234,1.1167227904523866
2025-07-10,cold_coffee,51,53.76247564987426,48.14308090559786,1.1167227904523866
2025-07-10,croissant,34,35.06611427501403,31.40091218234086,1.1167227904523866
2025-07-10,espresso,55,64.58402643124853,57.83353486059456,1.1167227904523866
2025-07-10,hot_chocolate,38,34.577443231012346,30.963318315555245,1.1167227904523866
2025-07-10,iced_latte,74,51.96115558944033,46.53003953504948,1.1167227904523866
2025-07-10,latte,70,72.30602959150653,64.74841402870913,1.1167227904523866
2025-07-10,masala_chai,51,69.67549796325537,62.39283245489213,1.1167227904523866
2025-07-10,sandwich,44,40.429167046486754,36.20340463375769,1.1167227904523866
2025-07-11,americano,29,45.31592217775162,42.94377533769832,1.0552384326109983
2025-07-11,cappuccino,60,67.97388326662744,64.41566300654749,1.0552384326109983
2025-07-11,cold_coffee,53,67.34004344645706,63.815002719182814,1.0552384326109983
2025-07-11,croissant,30,35.81303072182006,33.93833053749487,1.0552384326109983
2025-07-11,espresso,50,67.46059612221924,63.929244839292004,1.0552384326109983
2025-07-11,hot_chocolate,34,36.44404587569194,34.5363140210101,1.0552384326109983
2025-07-11,iced_latte,52,39.191905285838004,37.14033158256439,1.0552384326109983
2025-07-11,latte,62,75.52653696291937,71.57295889616387,1.0552384326109983
2025-07-11,masala_chai,90,73.10708435129347,69.28015706403254,1.0552384326109983
2025-07-11,sandwich,38,41.29031777339253,39.128898737347015,1.0552384326109983
2025-07-12,americano,0,0.0,0.0,0.9952244900334053
2025-07-12,cappuccino,0,0.0,0.0,0.9952244900334053
2025-07-12,cold_coffee,0,0.0,0.0,0.9952244900334053
2025-07-12,croissant,0,0.0,0.0,0.9952244900334053
2025-07-12,espresso,0,0.0,0.0,0.9952244900334053
2025-07-12,hot_chocolate,0,0.0,0.0,0.9952244900334053
2025-07-12,iced_latte,0,0.0,0.0,0.9952244900334053
2025-07-12,latte,0,0.0,0.0,0.9952244900334053
2025-07-12,masala_chai,0,0.0,0.0,0.9952244900334053
2025-07-12,sandwich,0,0.0,0.0,0.9952244900334053
2025-07-13,americano,69,47.316661875017246,47.68633288514634,0.9922478624846356
2025-07-13,cappuccino,95,70.97499281252587,71.52949932771952,0.9922478624846356
2025-07-13,cold_coffee,68,59.73742219791082,60.204132915263216,0.9922478624846356
2025-07-13,croissant,43,41.8511039454412,42.17807417659138,0.9922478624846356
2025-07-13,espresso,50,70.43904356798683,70.98936287109163,0.9922478624846356
2025-07-13,hot_chocolate,43,38.20560123101425,38.504090233407624,0.9922478624846356
2025-07-13,iced_latte,38,44.803066648433116,45.15309968644741,0.9922478624846356
2025-07-13,latte,100,78.86110312502875,79.47722147524391,0.9922478624846356
2025-07-13,masala_chai,63,76.48765188283014,77.0852271642102,0.9922478624846356
2025-07-13,sandwich,30,42.68433859412872,43.01781863983573,0.9922478624846356
2025-07-14,americano,31,39.10581332105929,41.13402050768587,0.9506927073601373
2025-07-14,cappuccino,63,58.65871998158894,61.701030761528806,0.9506927073601373
2025-07-14,cold_coffee,34,38.120987392079364,40.09811698033625,0.9506927073601373
2025-07-14,croissant,36,29.32453373107284,30.845438809034903,0.9506927073601373
2025-07-14,espresso,49,58.215773876010594,61.23511143538997,0.9506927073601373
2025-07-14,hot_chocolate,33,32.11716990665915,33.78291393003466,0.9506927073601373
2025-07-14,iced_latte,32,28.590740544059525,30.07358773525219,0.9506927073601373
2025-07-14,latte,85,65.17635553509882,68.55670084614312,0.9506927073601373
2025-07-14,masala_chai,71,63.75438434750434,67.06097969819935,0.9506927073601373
2025-07-14,sandwich,39,33.809462419354574,35.562976509240244,0.9506927073601373
2025-07-15,americano,36,40.887575975529636,41.40555963071155,0.9874899974833884
2025-07-15,cappuccino,67,61.331363963294464,62.10833944606733,0.9874899974833884
2025-07-15,cold_coffee,42,41.8177168346492,42.34748396563142,0.9874899974833884
2025-07-15,croissant,34,31.124011995350838,31.51830608377824,0.9874899974833884
2025-07-15,espresso,62,60.86823608007647,61.63934443406897,0.9874899974833884
2025-07-15,hot_chocolate,27,33.379631945934214,33.802501322547045,0.9874899974833884
2025-07-15,iced_latte,34,31.3632876259869,31.760612974223562,0.9874899974833884
2025-07-15,latte,48,68.14595995921604,69.0092660511859,0.9874899974833884
2025-07-15,masala_chai,57,66.45952212913522,67.30146360824602,0.9874899974833884
2025-07-15,sandwich,42,35.88415500640449,36.33875289659137,0.9874899974833884
2025-07-16,americano,43,40.90361141927437,41.76754209774127,0.9793157405229833
2025-07-16,cappuccino,74,61.35541712891157,62.65131314661192,0.9793157405229833
2025-07-16,cold_coffee,68,44.95725746760327,45.90680574948665,0.9793157405229833
2025-07-16,croissant,14,31.844724039552315,32.51732073921971,0.9793157405229833
2025-07-16,espresso,66,60.89210761445376,62.17821800958247,0.9793157405229833
2025-07-16,hot_chocolate,40,33.09353674698574,33.79250978781656,0.9793157405229833
2025-07-16,iced_latte,53,33.717943100702456,34.43010431211499,0.9793157405229833
2025-07-16,latte,68,68.17268569879063,69.61257016290213,0.9793157405229833
2025-07-16,masala_chai,67,66.18707349397148,67.58501957563313,0.9793157405229833
2025-07-16,sandwich,44,36.715093598542666,37.49055802874743,0.9793157405229833
2025-07-17,americano,57,42.25464912480865,42.21874484227925,1.000850434627167
2025-07-17,cappuccino,59,63.381973687212984,63.32811726341888,1.000850434627167
2025-07-17,cold_coffee,56,44.97956307106524,44.941343396449504,1.000850434627167
2025-07-17,croissant,38,32.56922246746135,32.54154800821355,1.000850434627167
2025-07-17,espresso,68,62.90336115667307,62.84991141569079,1.000850434627167
2025-07-17,hot_chocolate,35,34.32362961947267,34.29446441941026,1.000850434627167
2025-07-17,iced_latte,32,33.734672303298936,33.70600754733713,1.000850434627167
2025-07-17,latte,86,70.42441520801442,70.36457473713209,1.000850434627167
2025-07-17,masala_chai,79,68.510101923502,68.45188806759437,1.000850434627167
2025-07-17,sandwich,30,37.550397668367204,37.51849064476386,1.000850434627167
2025-07-18,americano,47,48.52330165607132,44.26129281725987,1.096292009734281
2025-07-18,cappuccino,95,72.78495248410698,66.39193922588981,1.096292009734281
2025-07-18,cold_coffee,70,66.56245862519596,60.715993580332075,1.096292009734281
2025-07-18,croissant,35,37.40100176490293,34.11591203147433,1.096292009734281
2025-07-18,espresso,105,72.23533579868221,65.89059772148718,1.096292009734281
2025-07-18,hot_chocolate,45,39.4156824977417,35.953634750375734,1.096292009734281
2025-07-18,iced_latte,30,38.739350919864044,35.336708263753266,1.096292009734281
2025-07-18,latte,71,80.87216942678555,73.7688213620998,1.096292009734281
2025-07-18,masala_chai,81,78.67385982316648,71.76359868046055,1.096292009734281
2025-07-18,sandwich,58,43.121154976005734,39.33363975393511,1.096292009734281
2025-07-19,americano,28,50.355201030700364,50.35584336521862,0.9999872440917413
2025-07-19,cappuccino,53,75.53280154605055,75.53376504782793,0.9999872440917413
2025-07-19,cold_coffee,50,54.1738370084703,54.17452805378011,0.9999872440917413
2025-07-19,croissant,49,42.36648466251721,42.36702509240248,0.9999872440917413
2025-07-19,espresso,64,74.96243519133385,74.96339141747754,0.9999872440917413
2025-07-19,hot_chocolate,34,41.48042181078017,41.48095093798482,0.9999872440917413
2025-07-19,iced_latte,50,40.63037775635272,40.63089604033508,0.9999872440917413
2025-07-19,latte,113,83.92533505116727,83.92640560869769,0.9999872440917413
2025-07-19,masala_chai,81,82.21754588602913,82.21859465887975,0.9999872440917413
2025-07-19,sandwich,48,43.20998028475735,43.21053147433265,0.9999872440917413
2025-07-20,americano,50,47.09497358483296,50.01676755333385,0.9415837105949455
2025-07-20,cappuccino,80,70.64246037724944,75.02515133000077,0.9415837105949455
2025-07-20,cold_coffee,46,51.897075814894556,55.11679442935888,0.9415837105949455
2025-07-20,croissant,26,39.92177680565865,42.39854232443532,0.9415837105949455
2025-07-20,espresso,72,70.10902216512349,74.45861836418631,0.9415837105949455
2025-07-20,hot_chocolate,38,38.67857844959233,41.078215366696426,0.9415837105949455
2025-07-20,iced_latte,37,38.92280686117091,41.33759582201915,0.9415837105949455
2025-07-20,latte,66,78.49162264138826,83.36127925555641,0.9415837105949455
2025-07-20,masala_chai,55,76.77914846348664,81.54256238669768,0.9415837105949455
2025-07-20,sandwich,54,40.71659951129167,43.24267619876796,0.9415837105949455
2025-07-21,americano,26,34.93708858873877,41.245677317457336,0.8470484875260264
2025-07-21,cappuccino,52,52.405632883108154,61.868515976186,0.8470484875260264
2025-07-21,cold_coffee,41,34.33079695168693,40.52990762306518,0.8470484875260264
2025-07-21,croissant,26,26.26408286693816,31.00658728952771,0.8470484875260264
2025-07-21,espresso,66,52.009905342459,61.40133192890088,0.8470484875260264
2025-07-21,hot_chocolate,33,28.664763509415508,33.84075874232023,0.8470484875260264
2025-07-21,iced_latte,44,25.748097713765198,30.39743071729889,0.8470484875260264
2025-07-21,latte,83,58.22848098123128,68.74279552909556,0.8470484875260264
2025-07-21,masala_chai,62,56.92962163150052,67.20940119706111,0.8470484875260264
2025-07-21,sandwich,29,30.280942599528707,35.74877122792607,0.8470484875260264
2025-07-22,americano,49,42.80974595672546,43.53752771820983,0.9832838059571312
2025-07-22,cappuccino,57,64.21461893508818,65.30629157731475,0.9832838059571312
2025-07-22,cold_coffee,22,37.91169472236947,38.556207773061125,0.9832838059571312
2025-07-22,croissant,20,31.1532678325142,31.682885087474336,0.9832838059571312
2025-07-22,espresso,73,63.72971889997963,64.81314805947093,0.9832838059571312
2025-07-22,hot_chocolate,27,35.58362025924288,36.18855516958879,0.9832838059571312
2025-07-22,iced_latte,30,28.4337710417771,28.917155829795842,0.9832838059571312
2025-07-22,latte,66,71.34957659454243,72.56254619701639,0.9832838059571312
2025-07-22,masala_chai,60,70.21293880148922,71.40658513453677,0.9832838059571312
2025-07-22,sandwich,42,35.91788526572225,36.52850280673511,0.9832838059571312
2025-07-23,americano,44,40.88794401155128,43.35256028300596,0.9431494644061242
2025-07-23,cappuccino,61,61.33191601732692,65.02884042450893,0.9431494644061242
2025-07-23,cold_coffee,25,47.41467867173061,50.27270911041269,0.9431494644061242
2025-07-23,croissant,27,29.903891196768374,31.70641804435318,0.9431494644061242
2025-07-23,espresso,42,60.868783965416135,64.53779200706387,0.9431494644061242
2025-07-23,hot_chocolate,37,33.91830683025874,35.96281195114306,0.9431494644061242
2025-07-23,iced_latte,26,27.595342986947212,29.258716702260184,0.9431494644061242
2025-07-23,latte,67,68.14657335258546,72.25426713834325,0.9431494644061242
2025-07-23,masala_chai,71,66.99393371180705,71.03214945256987,0.9431494644061242
2025-07-23,sandwich,43,34.47742749745059,36.55563492172484,0.9431494644061242
2025-07-24,americano,24,42.36540473930785,45.176050013161344,0.9377846165604417
2025-07-24,cappuccino,67,63.548107108961766,67.76407501974201,0.9377846165604417
2025-07-24,cold_coffee,23,36.92267827479696,39.372237103035516,0.9377846165604417
2025-07-24,croissant,38,30.676149498731327,32.7112952772074,0.9377846165604417
2025-07-24,espresso,97,63.06824006498901,67.25237218787771,0.9377846165604417
2025-07-24,hot_chocolate,19,35.284781224544304,37.625677155976405,0.9377846165604417
2025-07-24,iced_latte,22,27.69200870609771,29.52917782727663,0.9377846165604417
2025-07-24,latte,48,70.60900789884641,75.29341668860225,0.9377846165604417
2025-07-24,masala_chai,67,69.55368669174503,74.16808237572768,0.9377846165604417
2025-07-24,sandwich,28,35.36779589265494,37.71419926078029,0.9377846165604417
2025-07-25,americano,59,47.68665380917788,46.65642488620863,1.0220811801478982
2025-07-25,cappuccino,48,71.52998071376683,69.98463732931296,1.0220811801478982
2025-07-25,cold_coffee,57,43.60384832593071,42.66182488520247,1.0220811801478982
2025-07-25,croissant,24,35.05102736714171,34.293780227975354,1.0220811801478982
2025-07-25,espresso,52,70.98984062207711,69.45616649726851,1.0220811801478982
2025-07-25,hot_chocolate,40,39.47909160671813,38.62617996841052,1.0220811801478982
2025-07-25,iced_latte,39,42.14289464490726,41.23243384523435,1.0220811801478982
2025-07-25,latte,87,79.47775634862981,77.76070814368106,1.0220811801478982
2025-07-25,masala_chai,102,78.05536525950113,76.36904658415321,1.0220811801478982
2025-07-25,sandwich,32,40.41177272917515,39.53871132166571,1.0220811801478982
2025-07-26,americano,42,48.60219012661583,49.09969854357087,0.9898673834725574
2025-07-26,cappuccino,74,72.90328518992374,73.64954781535629,0.9898673834725574
2025-07-26,cold_coffee,51,52.28788828722405,52.823124754139,0.9898673834725574
2025-07-26,croissant,42,52.69534045647565,53.23474774127311,0.9898673834725574
2025-07-26,espresso,79,72.35277494577112,73.09340236259739,0.9898673834725574
2025-07-26,hot_chocolate,65,51.59325742999723,52.12138342108287,0.9898673834725574
2025-07-26,iced_latte,48,39.21591621541805,39.61734356560426,0.9898673834725574
2025-07-26,latte,61,81.0036502110264,81.83283090595145,0.9898673834725574
2025-07-26,masala_chai,92,79.35531415037569,80.16762192122042,0.9898673834725574
2025-07-26,sandwich,36,41.70571528225492,42.132629055770025,0.9898673834725574
2025-07-27,americano,43,50.859076800639365,49.62991947436885,1.0247664582028047
2025-07-27,cappuccino,114,76.28861520095906,74.44487921155329,1.0247664582028047
2025-07-27,cold_coffee,60,52.99273223847542,51.71200893070993,1.0247664582028047
2025-07-27,croissant,32,42.36465009328511,41.34078526299795,1.0247664582028047
2025-07-27,espresso,94,75.7125415155149,73.88272802009601,1.0247664582028047
2025-07-27,hot_chocolate,51,42.06341031016039,41.04682581427339,1.0247664582028047
2025-07-27,iced_latte,47,51.2172025500729,49.979390074784085,1.0247664582028047
2025-07-27,latte,95,84.7651280010656,82.71653245728142,1.0247664582028047
2025-07-27,masala_chai,84,83.20649665521992,81.19556996541849,1.0247664582028047
2025-07-27,sandwich,36,43.20810919016498,42.16385972072278,1.0247664582028047
2025-07-28,americano,50,39.04994788591157,41.564167227023106,0.9395099310572279
2025-07-28,cappuccino,47,58.57492182886734,62.346250840534644,0.9395099310572279
2025-07-28,cold_coffee,50,38.06652885080225,40.5174310482978,0.9395099310572279
2025-07-28,croissant,24,29.28264154936725,31.16799576180698,0.9395099310572279
2025-07-28,espresso,58,58.13260850329877,61.87545930236448,0.9395099310572279
2025-07-28,hot_chocolate,22,32.07128824559208,34.13618865050457,0.9395099310572279
2025-07-28,iced_latte,14,28.549896638101696,30.388073286223356,0.9395099310572279
2025-07-28,latte,74,65.08324647651925,69.27361204503848,0.9395099310572279
2025-07-28,masala_chai,59,63.6633066758828,67.7622498404489,0.9395099310572279
2025-07-28,sandwich,36,33.76116319809401,35.934865701848054,0.9395099310572279
2025-07-29,americano,53,46.90781740997888,45.07256628056811,1.0407176977229715
2025-07-29,cappuccino,72,70.36172611496832,67.60884942085217,1.0407176977229715
2025-07-29,cold_coffee,45,48.360249768420715,46.46817275638732,1.0407176977229715
2025-07-29,croissant,35,35.7960554442483,34.39554792098563,1.0407176977229715
2025-07-29,espresso,95,69.83040779479056,67.09831873482631,1.0407176977229715
2025-07-29,hot_chocolate,44,38.256136739672066,36.759379439183384,1.0407176977229715
2025-07-29,iced_latte,40,36.270187326315536,34.851129567290485,1.0407176977229715
2025-07-29,latte,77,78.17969568329815,75.12094380094686,1.0407176977229715
2025-07-29,masala_chai,78,76.20683566829916,73.22527120950781,1.0407176977229715
2025-07-29,sandwich,47,41.27074627689804,39.65604348537166,1.0407176977229715
2025-07-30,americano,44,42.461385284988935,44.3633650900383,0.9571272422371663
2025-07-30,cappuccino,66,63.692077927483396,66.54504763505744,0.9571272422371663
2025-07-30,cold_coffee,42,52.984967736983336,55.35833209922804,0.9571272422371663
2025-07-30,croissant,32,33.298242455265736,34.78977609856263,0.9571272422371663
2025-07-30,espresso,50,56.61518037998525,59.1511534533844,0.9571272422371663
2025-07-30,hot_chocolate,26,28.335911938696825,29.605167096137755,0.9571272422371663
2025-07-30,iced_latte,38,39.7387258027375,41.51874907442103,0.9571272422371663
2025-07-30,latte,77,70.76897547498153,73.93894181673048,0.9571272422371663
2025-07-30,masala_chai,48,56.64349504825242,59.18073642523775,0.9571272422371663
2025-07-30,sandwich,41,39.95789094631889,41.74773131827517,0.9571272422371663
2025-07-31,americano,44,47.11631367700844,45.25228083084002,1.0411920197599864
2025-07-31,cappuccino,69,70.67447051551265,67.87842124626003,1.0411920197599864
2025-07-31,cold_coffee,58,48.18815047428661,46.2817132284541,1.0411920197599864
2025-07-31,croissant,40,35.865386418054285,34.44646687392197,1.0411920197599864
2025-07-31,espresso,67,70.14079058713227,67.36585495853204,1.0411920197599864
2025-07-31,hot_chocolate,33,38.464623340081864,36.94287183352467,1.0411920197599864
2025-07-31,iced_latte,37,46.57359904086979,44.731037269768784,1.0411920197599864
2025-07-31,latte,114,78.52718946168073,75.42046805140004,1.0411920197599864
2025-07-31,masala_chai,59,76.58384281167592,73.55400479282379,1.0411920197599864
2025-07-31,sandwich,31,41.35068081140377,39.71475004287475,1.0411920197599864
2025-08-01,americano,62,50.114240825564494,49.516311831555036,1.0120753943880856
2025-08-01,cappuccino,98,75.17136123834676,74.27446774733258,1.0120753943880856
2025-08-01,cold_coffee,61,53.78260642849012,53.14090899424327,1.0120753943880856
2025-08-01,croissant,48,39.233036760160886,38.76493488301996,1.0120753943880856
2025-08-01,espresso,74,74.60372420634197,73.71360337383598,1.0120753943880856
2025-08-01,hot_chocolate,39,40.46449231845423,39.98169755220618,1.0120753943880856
2025-08-01,iced_latte,47,40.336954821367584,39.855681745682446,1.0120753943880856
2025-08-01,latte,89,83.52373470927417,82.52718638592508,1.0120753943880856
2025-08-01,masala_chai,82,81.00995409952922,80.0433984945449,1.0120753943880856
2025-08-01,sandwich,39,44.78552827601357,44.25117785132155,1.0120753943880856
2025-08-02,americano,40,49.19057985925194,52.37041101445331,0.9392819133246101
2025-08-02,cappuccino,46,73.78586978887793,78.55561652168,0.9392819133246101
2025-08-02,cold_coffee,53,61.1267366948503,65.07815792863593,0.9392819133246101
2025-08-02,croissant,53,43.860687231649834,46.695977649994255,0.9392819133246101
2025-08-02,espresso,74,73.22869493610321,77.96242416391108,0.9392819133246101
2025-08-02,hot_chocolate,50,39.599709400226466,42.15955703869819,0.9392819133246101
2025-08-02,iced_latte,50,45.84505252113772,48.80861844647694,0.9392819133246101
2025-08-02,latte,80,81.98429976541992,87.2840183574222,0.9392819133246101
2025-08-02,masala_chai,58,79.39766505201526,84.53017557953967,0.9392819133246101
2025-08-02,sandwich,46,44.291021468634334,47.15413002243942,0.9392819133246101
2025-08-03,americano,64,57.82518443733036,50.7098859790574,1.1403138327152125
2025-08-03,cappuccino,84,86.73777665599552,76.06482896858608,1.1403138327152125
2025-08-03,cold_coffee,111,93.34239295591888,81.85675756792355,1.1403138327152125
2025-08-03,croissant,69,51.68877657495771,45.32855350169791,1.1403138327152125
2025-08-03,espresso,62,86.08279883874421,75.49044514681682,1.1403138327152125
2025-08-03,hot_chocolate,44,46.50426545747444,40.781988364328335,1.1403138327152125
2025-08-03,iced_latte,56,54.3252727003448,47.640632904531515,1.1403138327152125
2025-08-03,latte,90,96.37530739555058,84.51647663176232,1.1403138327152125
2025-08-03,masala_chai,104,93.28797546493533,81.80903606405126,1.1403138327152125
2025-08-03,sandwich,49,52.19591523675224,45.77328954474579,1.1403138327152125
2025-08-04,americano,31,41.666677660506885,39.81731101227153,1.046446296879902
2025-08-04,cappuccino,46,62.500016490760345,59.72596651840731,1.046446296879902
2025-08-04,cold_coffee,32,46.91542961848854,44.8330982281386,1.046446296879902
2025-08-04,croissant,36,33.11265922277177,31.642960868131418,1.046446296879902
2025-08-04,espresso,61,62.02806383117532,59.274961377491614,1.046446296879902
2025-08-04,hot_chocolate,33,33.44229290004145,31.957963824568377,1.046446296879902
2025-08-04,iced_latte,32,35.186572213866405,33.624823671103954,1.046446296879902
2025-08-04,latte,68,69.44446276751148,66.36218502045256,1.046446296879902
2025-08-04,masala_chai,74,67.15265993411921,64.1721033696067,1.046446296879902
2025-08-04,sandwich,38,37.798958693437775,36.12125993100616,1.046446296879902
2025-08-05,americano,33,41.240968613574374,42.345977598653796,0.9739052196278838
2025-08-05,cappuccino,61,61.861452920361565,63.5189663979807,0.9739052196278838
2025-08-05,cold_coffee,50,40.85695421759039,41.95167393517132,0.9739052196278838
2025-08-05,croissant,23,31.489246189912176,32.33296788566735,0.9739052196278838
2025-08-05,espresso,53,61.394322207910065,63.03931940252668,0.9739052196278838
2025-08-05,hot_chocolate,28,33.634481876826584,34.535682938097274,0.9739052196278838
2025-08-05,iced_latte,24,30.642715663192792,31.46375545137849,0.9739052196278838
2025-08-05,latte,75,68.73494768929062,70.57662933108966,0.9739052196278838
2025-08-05,masala_chai,34,67.00042533352993,68.79563224759171,0.9739052196278838
2025-08-05,sandwich,27,35.94579064194983,36.90892082464065,0.9739052196278838
2025-08-06,americano,30,43.26278389464686,41.61728488599291,1.0395388361629467
2025-08-06,cappuccino,74,64.8941758419703,62.42592732898937,1.0395388361629467
2025-08-06,cold_coffee,41,58.41311452888369,56.19137303661783,1.0395388361629467
2025-08-06,croissant,38,33.61615388158666,32.33756422767967,1.0395388361629467
2025-08-06,espresso,67,64.40414430918304,61.95453413448784,1.0395388361629467
2025-08-06,hot_chocolate,35,35.03727210125059,33.70463024794442,1.0395388361629467
2025-08-06,iced_latte,48,33.9964326558103,32.70337910731158,1.0395388361629467
2025-08-06,latte,85,72.10463982441145,69.36214147665486,1.0395388361629467
2025-08-06,masala_chai,78,70.03951568825826,67.37556429039428,1.0395388361629467
2025-08-06,sandwich,34,38.37371089569591,36.91416766817249,1.0395388361629467
2025-08-07,americano,45,52.39322691868884,53.50421672279261,0.9792354720402721
2025-08-07,cappuccino,56,60.98571613335382,62.27890826533061,0.9792354720402721
2025-08-07,cold_coffee,60,42.940673005609796,43.851222950636554,0.9792354720402721
2025-08-07,croissant,16,31.67059087226462,32.342160569692,0.9792354720402721
2025-08-07,espresso,41,60.525198320049086,61.80862524714579,0.9792354720402721
2025-08-07,hot_chocolate,22,32.89412952176581,33.5916441560575,0.9792354720402721
2025-08-07,iced_latte,36,32.20550475420735,32.888417212977416,0.9792354720402721
2025-08-07,latte,49,67.76190681483759,69.19878696147846,0.9792354720402721
2025-08-07,masala_chai,37,65.78825904353162,67.183288312115,0.9792354720402721
2025-08-07,sandwich,27,36.152800296819244,36.91941451170431,0.9792354720402721
2025-08-08,americano,45,44.07685515328565,47.05043276066138,0.9368002070777567
2025-08-08,cappuccino,92,66.11528272992848,70.57564914099208,0.9368002070777567
2025-08-08,cold_coffee,47,44.01716699577725,46.98671783291325,0.9368002070777567
2025-08-08,croissant,32,33.738808720652315,36.01494583983574,0.9368002070777567
2025-08-08,espresso,74,65.6160303252796,70.04271543658328,0.9368002070777567
2025-08-08,hot_chocolate,30,35.91138798256675,38.3340948382028,0.9368002070777567
2025-08-08,iced_latte,43,33.01287524683294,35.240038374684936,0.9368002070777567
2025-08-08,latte,64,73.46142525547609,78.41738793443564,0.9368002070777567
2025-08-08,masala_chai,72,71.57183565097348,76.40032005782088,0.9368002070777567
2025-08-08,sandwich,35,38.5137245733713,41.111994086242305,0.9368002070777567
2025-08-09,americano,40,50.224680131972,49.585767324591984,1.0128850039407002
2025-08-09,cappuccino,58,75.33702019795798,74.37865098688796,1.0128850039407002
2025-08-09,cold_coffee,66,53.18379595638817,52.507239962555346,1.0128850039407002
2025-08-09,croissant,46,42.59866073824109,42.05675922983163,1.0128850039407002
2025-08-09,espresso,86,74.76813223529808,73.81699990068707,1.0128850039407002
2025-08-09,hot_chocolate,98,53.155891310627794,52.479690294378,1.0128850039407002
2025-08-09,iced_latte,31,51.40186464857104,50.74797676793365,1.0128850039407002
2025-08-09,latte,77,83.7078002199533,82.64294554098662,1.0128850039407002
2025-08-09,masala_chai,60,81.88152320411758,80.83990076420498,1.0128850039407002
2025-08-09,sandwich,45,43.01661274315461,42.469394428583165,1.0128850039407002
2025-08-10,americano,24,47.03854207592039,51.126610575775096,0.9200402989007895
2025-08-10,cappuccino,108,70.55781311388058,76.68991586366265,0.9200402989007895
2025-08-10,cold_coffee,54,49.80993840634151,54.13886594516731,0.9200402989007895
2025-08-10,croissant,45,39.896299792222024,43.363643788090364,0.9200402989007895
2025-08-10,espresso,67,70.02501409360316,76.11081186037717,0.9200402989007895
2025-08-10,hot_chocolate,38,38.63223187843285,41.98971710759668,0.9200402989007895
2025-08-10,iced_latte,41,37.35745380475615,40.6041494588755,0.9200402989007895
2025-08-10,latte,76,78.39757012653398,85.21101762629183,0.9200402989007895
2025-08-10,masala_chai,84,76.68714791924573,83.35194448641766,0.9200402989007895
2025-08-10,sandwich,47,40.28773788435483,43.78910133880904,0.9200402989007895
2025-08-11,americano,34,47.28813196472203,43.745638887496995,1.0809793425656773
2025-08-11,cappuccino,104,70.93219794708304,65.61845833124549,1.0809793425656773
2025-08-11,cold_coffee,32,39.60297543843132,36.636200044706364,1.0809793425656773
2025-08-11,croissant,45,34.259822256910994,31.693318186447637,1.0809793425656773
2025-08-11,espresso,80,70.39657185686774,65.12295756714762,1.0809793425656773
2025-08-11,hot_chocolate,42,39.38476219358449,36.43433379596853,1.0809793425656773
2025-08-11,iced_latte,17,29.702231578823493,27.477150033529774,1.0809793425656773
2025-08-11,latte,119,78.81355327453673,72.90939814582833,1.0809793425656773
2025-08-11,masala_chai,100,77.63560705134681,71.81969533948785,1.0809793425656773
2025-08-11,sandwich,26,39.10847502827347,36.17874411498973,1.0809793425656773
2025-08-12,americano,45,43.88040435372541,44.22844072390691,0.992130937367788
2025-08-12,cappuccino,86,65.82060653058811,66.34266108586036,0.992130937367788
2025-08-12,cold_coffee,50,37.94405161800403,38.24500394945146,0.992130937367788
2025-08-12,croissant,34,32.11045894805376,32.36514227975359,0.992130937367788
2025-08-12,espresso,52,65.32357929680803,65.84169169254749,0.992130937367788
2025-08-12,hot_chocolate,39,36.40068129336622,36.68939242025904,0.992130937367788
2025-08-12,iced_latte,22,28.458038713503015,28.683752962088587,0.992130937367788
2025-08-12,latte,54,73.13400725620902,73.71406787317818,0.992130937367788
2025-08-12,masala_chai,70,71.89700953636276,72.46725893571261,0.992130937367788
2025-08-12,sandwich,50,36.65492110552439,36.94564872936345,0.992130937367788
2025-08-13,americano,49,51.59736570903777,57.96218451795994,0.8901901496319554
2025-08-13,cappuccino,71,77.39604856355665,86.94327677693991,0.8901901496319554
2025-08-13,cold_coffee,45,37.118500742704505,41.69727193459842,0.8901901496319554
2025-08-13,croissant,41,35.64769789763763,40.04503747022587,0.8901901496319554
2025-08-13,espresso,92,76.81161238238633,86.28674717884005,0.8901901496319554
2025-08-13,hot_chocolate,31,43.798092228129065,49.200827762739415,0.8901901496319554
2025-08-13,iced_latte,22,27.838875557028373,31.27295395094881,0.8901901496319554
2025-08-13,latte,75,85.99560951506294,96.60364086326656,0.8901901496319554
2025-08-13,masala_chai,106,85.51890311396272,96.0681301060454,0.8901901496319554
2025-08-13,sandwich,48,40.69277104214896,45.71244813141684,0.8901901496319554
2025-08-14,americano,44,52.2912900733379,54.16167658662177,0.96546660607353
2025-08-14,cappuccino,127,78.43693511000684,81.24251487993266,0.96546660607353
2025-08-14,cold_coffee,34,42.41383974257702,43.93092363398303,0.96546660607353
2025-08-14,croissant,30,48.33454531139164,50.06340458316223,0.96546660607353
2025-08-14,espresso,95,77.8446389441276,80.62903310629777,0.96546660607353
2025-08-14,hot_chocolate,46,43.72628725964555,45.290315568216926,0.96546660607353
2025-08-14,iced_latte,20,31.81037980693276,32.94819272548727,0.96546660607353
2025-08-14,latte,106,87.15215012222986,90.26946097770299,0.96546660607353
2025-08-14,masala_chai,111,86.02144631597396,89.09831347333267,0.96546660607353
2025-08-14,sandwich,50,42.81590567082948,44.34737089971252,0.96546660607353
2025-08-15,americano,24,42.2005667126637,45.37700555782293,0.9299989321439123
2025-08-15,cappuccino,67,63.300850068995544,68.0655083367344,0.9299989321439123
2025-08-15,cold_coffee,59,38.28578003383474,41.167552682641386,0.9299989321439123
2025-08-15,croissant,25,31.34791008187846,33.70746889957454,0.9299989321439123
2025-08-15,espresso,38,62.82285012241198,67.55152930938041,0.9299989321439123
2025-08-15,hot_chocolate,42,34.797769542719664,37.416999460957335,0.9299989321439123
2025-08-15,iced_latte,32,28.714335025376048,30.875664511981032,0.9299989321439123
2025-08-15,latte,80,70.33427785443949,75.62834259637155,0.9299989321439123
2025-08-15,masala_chai,70,68.93751204149068,74.12644214823999,0.9299989321439123
2025-08-15,sandwich,32,35.78445181157937,38.477949355367564,0.9299989321439123
2025-08-16,americano,30,50.65558184951153,53.20614899178315,0.9520625493368159
2025-08-16,cappuccino,62,75.9833727742673,79.80922348767474,0.9520625493368159
2025-08-16,cold_coffee,70,54.50522941543046,57.24963076574907,0.9520625493368159
2025-08-16,croissant,23,43.17949378665183,45.35363124694868,0.9520625493368159
2025-08-16,espresso,76,75.4096040478165,79.20656484213673,0.9520625493368159
2025-08-16,hot_chocolate,51,41.519743866542356,43.610310998436,0.9520625493368159
2025-08-16,iced_latte,40,40.87892206157285,42.9372230743118,0.9520625493368159
2025-08-16,latte,80,84.4259697491859,88.67691498630528,0.9520625493368159
2025-08-16,masala_chai,62,82.50148147737971,86.65552650385028,0.9520625493368159
2025-08-16,sandwich,58,43.60314457018646,45.798613337494864,0.9520625493368159
2025-08-17,americano,77,77.70421373093554,72.15039373798595,1.0769756020059749
2025-08-17,cappuccino,104,90.44770478280896,83.98305831101564,1.0769756020059749
2025-08-17,cold_coffee,38,58.942002299620086,54.729189955496395,1.0769756020059749
2025-08-17,croissant,57,49.880143644438796,46.31501730543574,1.0769756020059749
2025-08-17,espresso,77,89.76471240580823,83.34888203466491,1.0769756020059749
2025-08-17,hot_chocolate,55,50.020172238696716,46.44503751573308,1.0769756020059749
2025-08-17,iced_latte,30,44.206501724715075,41.04689246662231,1.0769756020059749
2025-08-17,latte,142,100.49744975867661,93.31450923446181,1.0769756020059749
2025-08-17,masala_chai,152,98.79762335963443,91.73617598728696,1.0769756020059749
2025-08-17,sandwich,55,50.36953710611759,46.76943192798359,1.0769756020059749
2025-08-18,americano,46,52.27912245223107,46.49690163622905,1.1243571208516114
2025-08-18,cappuccino,104,78.41868367834661,69.74535245434357,1.1243571208516114
2025-08-18,cold_coffee,28,36.134280087365894,32.13772512064231,1.1243571208516114
2025-08-18,croissant,30,35.67003760866267,31.72482919096509,1.1243571208516114
2025-08-18,espresso,53,77.82652533341842,69.21868851995262,1.1243571208516114
2025-08-18,hot_chocolate,35,44.59923667836356,39.66643324550048,1.1243571208516114
2025-08-18,iced_latte,29,27.100710065524414,24.103293840481726,1.1243571208516114
2025-08-18,latte,95,87.13187075371843,77.49483606038173,1.1243571208516114
2025-08-18,masala_chai,67,86.86575879156479,77.25815684412694,1.1243571208516114
2025-08-18,sandwich,57,40.718272401268976,36.21471474332649,1.1243571208516114
2025-08-19,americano,32,42.34561315613503,42.1124592166332,1.0055364598467749
2025-08-19,cappuccino,56,63.51841973420255,63.168688824949804,1.0055364598467749
2025-08-19,cold_coffee,38,40.58623812768314,40.36277126526842,1.0055364598467749
2025-08-19,croissant,48,30.979786885534672,30.809212915318273,1.0055364598467749
2025-08-19,espresso,65,56.46081754151338,56.1499456221776,1.0055364598467749
2025-08-19,hot_chocolate,29,29.061077100703375,28.901067500955406,1.0055364598467749
2025-08-19,iced_latte,17,30.439678595762352,30.272078448951316,1.0055364598467749
2025-08-19,latte,50,70.57602192689173,70.18743202772201,1.0055364598467749
2025-08-19,masala_chai,58,73.82147375203897,73.4150144722629,1.0055364598467749
2025-08-19,sandwich,27,36.80766758677387,36.6050054439425,1.0055364598467749
2025-08-20,americano,24,37.24167173737139,43.74873602806052,0.8512628047924519
2025-08-20,cappuccino,65,55.86250760605708,65.62310404209077,0.8512628047924519
2025-08-20,cold_coffee,15,36.89489670859689,43.34137060950562,0.8512628047924519
2025-08-20,croissant,32,28.43561170568594,33.40403403696099,0.8512628047924519
2025-08-20,espresso,73,55.44067637278587,65.12756819711274,0.8512628047924519
2025-08-20,hot_chocolate,21,30.372815557514595,35.6797165182377,0.8512628047924519
2025-08-20,iced_latte,24,27.671172531447674,32.50602795712922,0.8512628047924519
2025-08-20,latte,48,62.06945289561898,72.91456004676753,0.8512628047924519
2025-08-20,masala_chai,43,60.50313390831203,71.07456541938706,0.8512628047924519
2025-08-20,sandwich,31,32.45998773625187,38.13157059548256,0.8512628047924519
2025-08-21,americano,59,46.362766646319066,42.800327880999035,1.0832339129556425
2025-08-21,cappuccino,46,69.54414996947861,64.20049182149856,1.0832339129556425
2025-08-21,cold_coffee,51,51.31899264350347,47.37572562095823,1.0832339129556425
2025-08-21,croissant,48,35.479917057765505,32.753698562628344,1.0832339129556425
2025-08-21,espresso,55,61.817022195092086,57.06710384133204,1.0832339129556425
2025-08-21,hot_chocolate,32,31.250381559975533,28.849153618822502,1.0832339129556425
2025-08-21,iced_latte,37,38.4892444826276,35.53179421571867,1.0832339129556425
2025-08-21,latte,67,77.27127774386514,71.33387980166508,1.0832339129556425
2025-08-21,masala_chai,70,62.15795251611984,57.381837637006434,1.0832339129556425
2025-08-21,sandwich,41,42.15435690031544,38.91528542094456,1.0832339129556425
2025-08-22,americano,52,55.29936113516747,59.373677111326444,0.9313784125493934
2025-08-22,cappuccino,59,64.36845636133494,69.11096015758397,0.9313784125493934
2025-08-22,cold_coffee,30,41.837936325965636,44.92044883394467,0.9313784125493934
2025-08-22,croissant,51,32.6019645097796,35.00399415586695,0.9313784125493934
2025-08-22,espresso,64,63.882394662813525,68.58908667203588,0.9313784125493934
2025-08-22,hot_chocolate,43,35.06762141462586,37.65131437676105,0.9313784125493934
2025-08-22,iced_latte,41,31.37845224447422,33.6903366254585,0.9313784125493934
2025-08-22,latte,89,71.52050706814994,76.78995573064887,0.9313784125493934
2025-08-22,masala_chai,72,69.78544184631455,74.9270553257682,0.9313784125493934
2025-08-22,sandwich,33,37.215987442730345,39.957966537856265,0.9313784125493934
2025-08-23,americano,67,49.25538340766493,48.744449439165535,1.010481890233206
2025-08-23,cappuccino,76,73.88307511149739,73.1166741587483,1.010481890233206
2025-08-23,cold_coffee,69,63.636372911672375,62.97626263938875,1.010481890233206
2025-08-23,croissant,38,43.03833013369908,42.591886652977415,1.010481890233206
2025-08-23,espresso,49,65.67384454355323,64.9925992522207,1.010481890233206
2025-08-23,hot_chocolate,30,33.06758711274176,32.724571743794634,1.010481890233206
2025-08-23,iced_latte,36,47.72727968375429,47.23219697954157,1.010481890233206
2025-08-23,latte,93,82.09230567944154,81.24074906527588,1.010481890233206
2025-08-23,masala_chai,70,65.90410572145876,65.22047189410684,1.010481890233206
2025-08-23,sandwich,59,45.23449777951616,44.765273100616014,1.010481890233206
2025-08-24,americano,47,45.28807109038719,47.90563397125257,0.9453600200252827
2025-08-24,cappuccino,66,67.9321066355808,71.85845095687885,0.9453600200252827
2025-08-24,cold_coffee,33,61.88081554379332,65.45740694866531,0.9453600200252827
2025-08-24,croissant,31,40.2703760948655,42.597925913757706,0.9453600200252827
2025-08-24,espresso,74,60.38409478718293,63.874178628336765,0.9453600200252827
2025-08-24,hot_chocolate,24,30.192047393591466,31.937089314168382,0.9453600200252827
2025-08-24,iced_latte,42,46.41061165784499,49.09305521149898,0.9453600200252827
2025-08-24,latte,80,75.48011848397867,79.84272328542096,0.9453600200252827
2025-08-24,masala_chai,51,60.38409478718293,63.874178628336765,0.9453600200252827
2025-08-24,sandwich,35,42.325300084474016,44.771620533880906,0.9453600200252827
2025-08-25,americano,49,41.04798907556799,39.26605621939193,1.0453809989528828
2025-08-25,cappuccino,66,79.34533970792782,75.9008818673813,1.0453809989528828
2025-08-25,cold_coffee,35,46.16888396805577,44.164648118055844,1.0453809989528828
2025-08-25,croissant,30,31.57014744857048,30.19965685256673,1.0453809989528828
2025-08-25,espresso,39,54.730652100757304,52.35474162585589,1.0453809989528828
2025-08-25,hot_chocolate,30,27.6127256129187,26.414030521481916,1.0453809989528828
2025-08-25,iced_latte,18,34.626662976041835,33.12348608854189,1.0453809989528828
2025-08-25,latte,88,68.41331512594664,65.44342703231986,1.0453809989528828
2025-08-25,masala_chai,58,54.97749501522098,52.59086885096418,1.0453809989528828
2025-08-25,sandwich,29,37.50908607750949,35.88078041889117,1.0453809989528828
2025-08-26,americano,35,40.12575574612944,39.980629280150026,1.0036299195033298
2025-08-26,cappuccino,79,60.18863361919416,59.97094392022503,1.0036299195033298
2025-08-26,cold_coffee,41,43.75751260121419,43.599250830294736,1.0036299195033298
2025-08-26,croissant,23,31.570791284735513,31.456606335888303,1.0036299195033298
2025-08-26,espresso,105,59.73413476770079,59.51808889601622,1.0036299195033298
2025-08-26,hot_chocolate,42,32.33460623107646,32.21765872332504,1.0036299195033298
2025-08-26,iced_latte,37,32.818134450910655,32.69943812272106,1.0036299195033298
2025-08-26,latte,88,86.18074687742578,85.8690491412157,1.0036299195033298
2025-08-26,masala_chai,67,64.7986803117709,64.564317038135,1.0036299195033298
2025-08-26,sandwich,55,36.03887648111916,35.90853140264477,1.0036299195033298
2025-08-27,americano,41,41.99029773740026,44.34301535375262,0.9469427688310499
2025-08-27,cappuccino,48,62.98544660610039,66.51452303062892,0.9469427688310499
2025-08-27,cold_coffee,43,39.968173861004644,42.20759181713084,0.9469427688310499
2025-08-27,croissant,35,31.663118078840583,33.43720351540041,0.9469427688310499
2025-08-27,espresso,84,62.50982834693889,66.01225586642784,0.9469427688310499
2025-08-27,hot_chocolate,33,34.417261499751646,36.34566167313143,0.9469427688310499
2025-08-27,iced_latte,33,29.97613039575349,31.65569386284814,0.9469427688310499
2025-08-27,latte,43,69.98382956233377,73.9050255895877,0.9469427688310499
2025-08-27,masala_chai,58,68.3885495838045,72.22036202697498,0.9469427688310499
2025-08-27,sandwich,16,36.144269909451104,38.1694344147844,0.9469427688310499
2025-08-28,americano,55,43.60925254582898,43.99771509613646,0.991170847180162
2025-08-28,cappuccino,50,65.41387881874347,65.99657264420469,0.991170847180162
2025-08-28,cold_coffee,24,38.62556028172649,38.969629092314946,0.991170847180162
2025-08-28,croissant,29,32.15227765583036,32.43868375195073,0.991170847180162
2025-08-28,espresso,98,64.91992288375833,65.49821664797011,0.991170847180162
2025-08-28,hot_chocolate,22,36.067384595772886,36.388665686024794,0.991170847180162
2025-08-28,iced_latte,35,28.969170211294873,29.227221819236213,0.991170847180162
2025-08-28,latte,121,93.66248399018251,94.49681077348896,0.991170847180162
2025-08-28,masala_chai,60,71.34563492598717,71.98116765536678,0.991170847180162
2025-08-28,sandwich,42,36.70265824427927,37.029598225872704,0.991170847180162
2025-08-29,americano,55,52.739440339311116,51.842043384449006,1.0173102157298703
2025-08-29,cappuccino,90,79.10916050896668,77.76306507667351,1.0173102157298703
2025-08-29,cold_coffee,43,45.24121319571308,44.47140360549188,1.0173102157298703
2025-08-29,croissant,42,38.49689234853082,37.84184190159851,1.0173102157298703
2025-08-29,espresso,94,78.5117882073887,77.17585746552278,1.0173102157298703
2025-08-29,hot_chocolate,40,43.79340389952029,43.04822975566078,1.0173102157298703
2025-08-29,iced_latte,41,43.72539935152683,42.98138235066872,1.0173102157298703
2025-08-29,latte,106,87.89906723218519,86.40340564074833,1.0173102157298703
2025-08-29,masala_chai,99,86.45554841550415,84.98444926504206,1.0173102157298703
2025-08-29,sandwich,42,43.94520035126407,43.197443288953444,1.0173102157298703
2025-08-30,americano,46,59.17063419763207,53.60290370737853,1.103869941834646
2025-08-30,cappuccino,61,88.75595129644812,80.4043555610678,1.103869941834646
2025-08-30,cold_coffee,87,69.5240402436678,62.982093821775734,1.103869941834646
2025-08-30,croissant,58,51.84412639747344,46.96579228464889,1.103869941834646
2025-08-30,espresso,121,88.08573375699272,79.79720293007807,1.103869941834646
2025-08-30,hot_chocolate,64,47.968522561674256,43.454867954779125,1.103869941834646
2025-08-30,iced_latte,38,52.14303018275084,47.23657036633179,1.103869941834646
2025-08-30,latte,85,98.61772366272014,89.33817284563091,1.103869941834646
2025-08-30,masala_chai,80,95.84115603076222,86.82286961403531,1.103869941834646
2025-08-30,sandwich,45,52.3527892567112,47.42659191326488,1.103869941834646
2025-08-31,americano,59,54.39816619409347,53.18549324667478,1.022800821678842
2025-08-31,cappuccino,107,81.59724929114022,79.77823987001219,1.022800821678842
2025-08-31,cold_coffee,83,76.64469736730761,74.93609287632538,1.022800821678842
2025-08-31,croissant,39,46.60215181526183,45.56327178029471,1.022800821678842
2025-08-31,espresso,84,80.98108883263107,79.17581518922461,1.022800821678842
2025-08-31,hot_chocolate,34,44.49825988015216,43.50628092682991,1.022800821678842
2025-08-31,iced_latte,48,44.60721386777304,43.61280605402138,1.022800821678842
2025-08-31,latte,134,90.66361032348911,88.64248874445796,1.022800821678842
2025-08-31,masala_chai,103,88.50838250957416,86.5353064189908,1.022800821678842
2025-08-31,sandwich,53,47.059383626002486,46.01031073553348,1.022800821678842
2025-09-01,americano,41,47.76085185630184,44.789009481346845,1.0663520450523174
2025-09-01,cappuccino,97,71.64127778445274,67.18351422202025,1.0663520450523174
2025-09-01,cold_coffee,51,45.483831036930766,42.65367262900428,1.0663520450523174
2025-09-01,croissant,22,36.97126674519657,34.670788992,1.0663520450523174
2025-09-01,espresso,119,71.10029726180855,66.67619534439982,1.0663520450523174
2025-09-01,hot_chocolate,19,39.186251023515624,36.7479494275205,1.0663520450523174
2025-09-01,iced_latte,29,34.11287327769808,31.99025447175321,1.0663520450523174
2025-09-01,latte,60,79.60141976050303,74.64834913557804,1.0663520450523174
2025-09-01,masala_chai,124,77.82581018653703,72.98322401840448,1.0663520450523174
2025-09-01,sandwich,45,41.78989782040674,39.189588480000005,1.0663520450523174
2025-09-02,americano,39,42.51831205425437,43.70573230868236,0.972831475605041
2025-09-02,cappuccino,92,63.77746808138157,65.55859846302354,0.972831475605041
2025-09-02,cold_coffee,31,42.482212157956575,43.66862424094087,0.972831475605041
2025-09-02,croissant,31,33.41047876924211,34.3435421314497,0.972831475605041
2025-09-02,espresso,77,63.295869077530796,65.06354971519058,0.972831475605041
2025-09-02,hot_chocolate,59,44.68586600041239,45.93382011269788,0.972831475605041
2025-09-02,iced_latte,28,31.861659118467426,32.75146818070565,0.972831475605041
2025-09-02,latte,83,70.8638534237573,72.84288718113729,0.972831475605041
2025-09-02,masala_chai,98,69.07560825720127,71.00470121429872,0.972831475605041
2025-09-02,sandwich,46,37.76501637123097,38.819690067843936,0.972831475605041
2025-09-03,americano,49,51.76046440714153,48.474566846224995,1.0677860118139957
2025-09-03,cappuccino,83,77.64069661071228,72.71185026933749,1.0677860118139957
2025-09-03,cold_coffee,47,45.14038129661699,42.274744936891224,1.0677860118139957
2025-09-03,croissant,40,38.98049348125727,36.50590385149897,1.0677860118139957
2025-09-03,espresso,78,77.05441303328512,72.162785596322,1.0677860118139957
2025-09-03,hot_chocolate,47,42.937529775087974,40.21173652775621,1.0677860118139957
2025-09-03,iced_latte,38,33.85528597246274,31.706058702668415,1.0677860118139957
2025-09-03,latte,100,86.2674406785692,80.79094474370832,1.0677860118139957
2025-09-03,masala_chai,93,84.80830242784386,79.42443662824189,1.0677860118139957
2025-09-03,sandwich,37,44.060996091847905,41.26388209281315,1.0677860118139957
2025-09-04,americano,63,46.250515853700364,43.00260003132928,1.0755283592156017
2025-09-04,cappuccino,91,69.37577378055055,64.50390004699392,1.0755283592156017
2025-09-04,cold_coffee,39,41.981255177104565,39.0331457254387,1.0755283592156017
2025-09-04,croissant,46,35.26910431664583,32.79235179104723,1.0755283592156017
2025-09-04,espresso,85,68.85190062363161,64.01681558061964,1.0755283592156017
2025-09-04,hot_chocolate,32,38.17543547805325,35.4945875215184,1.0755283592156017
2025-09-04,iced_latte,46,31.485941382828422,29.274859294079025,1.0755283592156017
2025-09-04,latte,98,77.0841930895006,71.67100005221546,1.0755283592156017
2025-09-04,masala_chai,101,97.41129780502247,90.57064555328502,1.0755283592156017
2025-09-04,sandwich,54,39.86588492538974,37.066326130595485,1.0755283592156017
2025-09-05,americano,44,48.22091796901738,49.04995441067633,0.9830981200366111
2025-09-05,cappuccino,67,72.33137695352606,73.57493161601448,0.9830981200366111
2025-09-05,cold_coffee,54,46.66262418284274,47.46486971321337,0.9830981200366111
2025-09-05,croissant,30,37.51450435744663,38.159471158432865,0.9830981200366111
2025-09-05,espresso,81,71.78518532604528,73.01934960812656,0.9830981200366111
2025-09-05,hot_chocolate,41,39.484672184568595,40.1635110268527,0.9830981200366111
2025-09-05,iced_latte,30,34.996968137132065,35.59865228491003,0.9830981200366111
2025-09-05,latte,86,80.36819661502896,81.74992401779387,0.9830981200366111
2025-09-05,masala_chai,96,78.49694691248382,79.84650292033979,0.9830981200366111
2025-09-05,sandwich,42,42.403938028025024,43.132966245979475,0.9830981200366111
2025-09-06,americano,27,52.48854701530694,54.71155744633481,0.9593685404914974
2025-09-06,cappuccino,95,78.73282052296041,82.0673361695022,0.9593685404914974
2025-09-06,cold_coffee,50,58.34349742593817,60.81447844438177,0.9593685404914974
2025-09-06,croissant,65,46.39223273139516,48.35705026102669,0.9593685404914974
2025-09-06,espresso,73,78.13829005514947,81.44762597188998,0.9593685404914974
2025-09-06,hot_chocolate,42,42.89325702493202,44.70988490299799,0.9593685404914974
2025-09-06,iced_latte,36,43.757623069453636,45.610858833286336,0.9593685404914974
2025-09-06,latte,89,87.48091169217821,91.18592907722466,0.9593685404914974
2025-09-06,masala_chai,91,85.35865202605311,88.97378684350304,0.9593685404914974
2025-09-06,sandwich,57,46.38811666070655,48.35275986529774,0.9593685404914974
2025-09-07,americano,44,50.54627513696093,53.77004231243256,0.9400452921956091
2025-09-07,cappuccino,65,75.81941270544138,80.65506346864882,0.9400452921956091
2025-09-07,cold_coffee,75,59.42067168540086,63.21043483619333,0.9400452921956091
2025-09-07,croissant,36,45.46425030407846,48.36389340123204,0.9400452921956091
2025-09-07,espresso,58,75.24688208091267,80.0460176819384,0.9400452921956091
2025-09-07,hot_chocolate,32,41.0179139548858,43.633976251381085,0.9400452921956091
2025-09-07,iced_latte,62,44.56550376405065,47.407826127145,0.9400452921956091
2025-09-07,latte,60,84.24379189493489,89.6167371873876,0.9400452921956091
2025-09-07,masala_chai,63,81.91286641208549,87.13714870138477,0.9400452921956091
2025-09-07,sandwich,34,45.46021656702726,48.359602398357296,0.9400452921956091
2025-09-08,americano,45,34.15123126623424,40.084612957700216,0.8519785709861475
2025-09-08,cappuccino,64,51.22684689935136,60.126919436550324,0.8519785709861475
2025-09-08,cold_coffee,35,36.377455773187094,42.69761824065709,0.8519785709861475
2025-09-08,croissant,30,27.377824787632992,32.134405394661194,0.8519785709861475
2025-09-08,espresso,62,50.840020655235435,59.67288660369611,0.8519785709861475
2025-09-08,hot_chocolate,19,27.63044600828013,32.43091663244354,0.8519785709861475
2025-09-08,iced_latte,17,27.283091829890317,32.023213680492816,0.8519785709861475
2025-09-08,latte,57,56.91871877705706,66.80768826283368,0.8519785709861475
2025-09-08,masala_chai,49,55.26089201656026,64.86183326488708,0.8519785709861475
2025-09-08,sandwich,31,30.946099529273745,36.322626628336764,0.8519785709861475
2025-09-09,americano,46,41.945297178244914,39.508225314999066,1.061685176790784
2025-09-09,cappuccino,69,62.91794576736738,59.26233797249861,1.061685176790784
2025-09-09,cold_coffee,47,45.400218467095776,42.76241155059694,1.061685176790784
2025-09-09,croissant,39,43.54974340900755,41.01945130349076,1.061685176790784
2025-09-09,espresso,79,62.44283722327722,58.81483380226399,1.061685176790784
2025-09-09,hot_chocolate,32,33.86851975613566,31.900718307579613,1.061685176790784
2025-09-09,iced_latte,53,34.05016385032182,32.071808662947696,1.061685176790784
2025-09-09,latte,82,69.90882863040818,65.84704219166511,1.061685176790784
2025-09-09,masala_chai,66,67.80481043159567,63.86526996312892,1.061685176790784
2025-09-09,sandwich,46,38.19920284623073,35.97978353780697,1.061685176790784
2025-09-10,americano,25,39.55181878091999,41.35153472474545,0.956477650568348
2025-09-10,cappuccino,69,59.32772817137998,62.02730208711817,0.956477650568348
2025-09-10,cold_coffee,36,40.80327206615662,42.65993255766189,0.956477650568348
2025-09-10,croissant,17,31.391790554408654,32.82020289314168,0.956477650568348
2025-09-10,espresso,47,58.879730224023284,61.55891900771168,0.956477650568348
2025-09-10,hot_chocolate,40,41.40220249568592,43.28611596003769,0.956477650568348
2025-09-10,iced_latte,43,30.602454049617467,31.99494941824642,0.956477650568348
2025-09-10,latte,67,65.91969796819998,68.91922454124243,0.956477650568348
2025-09-10,masala_chai,55,64.12783426356236,67.04582613661385,0.956477650568348
2025-09-10,sandwich,39,35.483223464037465,37.09780719178645,0.956477650568348
2025-09-11,americano,62,54.61712624511758,53.452580524141126,1.0217865201185283
2025-09-11,cappuccino,49,63.57433494931687,62.21880373010028,1.0217865201185283
2025-09-11,cold_coffee,44,45.09695177214483,44.1353950988838,1.0217865201185283
2025-09-11,croissant,34,32.88233714106117,32.18122033675565,1.0217865201185283
2025-09-11,espresso,71,72.8228349934901,71.2701073655215,1.0217865201185283
2025-09-11,hot_chocolate,25,28.739705517171434,28.12691785544166,1.0217865201185283
2025-09-11,iced_latte,29,33.822713829108615,33.10154632416285,1.0217865201185283
2025-09-11,latte,58,70.63814994368542,69.13200414455586,1.0217865201185283
2025-09-11,masala_chai,68,56.99290661349804,55.77770453155597,1.0217865201185283
2025-09-11,sandwich,40,38.6851025188955,37.86025921971253,1.0217865201185283
2025-09-12,americano,57,43.43137478425902,43.80704287000332,0.9914244819752136
2025-09-12,cappuccino,101,65.14706217638852,65.71056430500498,0.9914244819752136
2025-09-12,cold_coffee,45,49.662594053032,50.09216027638261,0.9914244819752136
2025-09-12,croissant,46,44.41049282266358,44.79462997946613,0.9914244819752136
2025-09-12,espresso,54,57.90849971234535,58.40939049333776,0.9914244819752136
2025-09-12,hot_chocolate,19,29.186812866729554,29.439269856016374,0.9914244819752136
2025-09-12,iced_latte,30,37.246945539774,37.56912020728696,0.9914244819752136
2025-09-12,latte,54,72.3856246404317,73.0117381166722,0.9914244819752136
2025-09-12,masala_chai,60,58.140597597501284,58.64349595409209,0.9914244819752136
2025-09-12,sandwich,42,40.544167565161096,40.89486219301848,0.9914244819752136
2025-09-13,americano,44,43.28960163981141,46.98346290822293,0.9213795442105432
2025-09-13,cappuccino,58,83.67835368520247,90.81854943599794,0.9213795442105432
2025-09-13,cold_coffee,45,52.54475997075765,57.028355253728876,0.9213795442105432
2025-09-13,croissant,32,39.328502590594375,42.684366977445585,0.9213795442105432
2025-09-13,espresso,57,64.44406716606228,69.94301921612474,0.9213795442105432
2025-09-13,hot_chocolate,44,34.98894310336512,37.97451693302391,0.9213795442105432
2025-09-13,iced_latte,36,39.408569978068236,42.77126644029666,0.9213795442105432
2025-09-13,latte,69,72.14933606635233,78.30577151370487,0.9213795442105432
2025-09-13,masala_chai,63,70.01288389852743,75.98701787819253,0.9213795442105432
2025-09-13,sandwich,40,39.32501323715718,42.68057988073922,0.9213795442105432
2025-09-14,americano,57,50.10903295062803,47.386503636940986,1.057453686276289
2025-09-14,cappuccino,73,75.16354942594204,71.07975545541147,1.057453686276289
2025-09-14,cold_coffee,84,67.95688949478304,64.26464853896913,1.057453686276289
2025-09-14,croissant,43,45.62676603088877,43.147767720739225,1.057453686276289
2025-09-14,espresso,75,66.8120439341707,63.182004849254646,1.057453686276289
2025-09-14,hot_chocolate,38,33.472900867627104,31.654247653623838,1.057453686276289
2025-09-14,iced_latte,39,50.96766712108728,48.19848640422685,1.057453686276289
2025-09-14,latte,80,83.51505491771339,78.97750606156832,1.057453686276289
2025-09-14,masala_chai,64,66.87888939526498,63.245218455639304,1.057453686276289
2025-09-14,sandwich,56,47.484869624906864,44.90491663244354,1.057453686276289
2025-09-15,americano,33,37.72762082456615,38.53331360193234,0.9790910071817498
2025-09-15,cappuccino,53,56.59143123684923,57.79997040289851,0.9790910071817498
2025-09-15,cold_coffee,32,41.49376064075821,42.3798812739536,0.9790910071817498
2025-09-15,croissant,33,30.54885500241165,31.201241537642712,0.9790910071817498
2025-09-15,espresso,57,56.16409572589135,57.363508921970464,0.9790910071817498
2025-09-15,hot_chocolate,28,30.402113074602457,31.051365860373874,0.9790910071817498
2025-09-15,iced_latte,30,31.12032048056865,31.784910955465197,0.9790910071817498
2025-09-15,latte,64,62.87936804094358,64.2221893365539,0.9790910071817498
2025-09-15,masala_chai,59,60.92595629106848,62.22706147249775,0.9790910071817498
2025-09-15,sandwich,28,44.497969509690094,45.44824657084189,0.9790910071817498
2025-09-16,americano,39,34.77379737701327,41.38662548329838,0.8402182340535657
2025-09-16,cappuccino,42,52.160696065519886,62.07993822494756,0.8402182340535657
2025-09-16,cold_coffee,15,35.87406998922015,42.69613361774901,0.8402182340535657
2025-09-16,croissant,30,27.599533919973485,32.84805399523614,0.8402182340535657
2025-09-16,espresso,46,51.7668181017026,61.611157677402126,0.8402182340535657
2025-09-16,hot_chocolate,41,28.24690220727513,33.61853035609595,0.8402182340535657
2025-09-16,iced_latte,25,26.90555249191511,32.02210021331175,0.8402182340535657
2025-09-16,latte,68,57.95632896168877,68.97770913883063,0.8402182340535657
2025-09-16,masala_chai,52,56.380929718042566,67.10272097528434,0.8402182340535657
2025-09-16,sandwich,33,31.196705007582487,37.12928825297742,0.8402182340535657
2025-09-17,americano,27,44.9852052161758,43.406060555398724,1.0363807413197894
2025-09-17,cappuccino,57,67.47780782426369,65.10909083309808,1.0363807413197894
2025-09-17,cold_coffee,45,51.37167843538316,49.56834528781708,1.0363807413197894
2025-09-17,croissant,44,34.04790127480117,32.85269584558522,1.0363807413197894
2025-09-17,espresso,79,66.96826666485717,64.61743642551265,1.0363807413197894
2025-09-17,hot_chocolate,38,37.24260135305635,35.93525030736232,1.0363807413197894
2025-09-17,iced_latte,42,29.898316849392994,28.84877695750954,1.0363807413197894
2025-09-17,latte,58,74.97534202695965,72.34343425899786,1.0363807413197894
2025-09-17,masala_chai,80,73.6335293827309,71.04872412908942,1.0363807413197894
2025-09-17,sandwich,40,38.48551701188598,37.13453509650924,1.0363807413197894
2025-09-18,americano,53,45.427056131984074,42.9999763556085,1.0564437467663632
2025-09-18,cappuccino,52,68.14058419797611,64.49996453341275,1.0564437467663632
2025-09-18,cold_coffee,47,45.753050790610295,43.30855374993172,1.0564437467663632
2025-09-18,croissant,31,35.78549375696957,33.873544016427104,1.0564437467663632
2025-09-18,espresso,68,67.62603825473359,64.01290978504827,1.0564437467663632
2025-09-18,hot_chocolate,42,37.011457191947855,35.03400659546247,1.0564437467663632
2025-09-18,iced_latte,24,34.31478809295772,32.48141531244879,1.0564437467663632
2025-09-18,latte,98,75.71176021997346,71.66662725934751,1.0564437467663632
2025-09-18,masala_chai,57,73.76428704540976,69.82320381108094,1.0564437467663632
2025-09-18,sandwich,37,40.44957771837392,38.28843498973306,1.0564437467663632
2025-09-19,americano,46,50.08838693191229,50.06398412590551,1.0004874323614639
2025-09-19,cappuccino,75,75.13258039786844,75.09597618885827,1.0004874323614639
2025-09-19,cold_coffee,36,39.68367044679718,39.66433676546169,1.0004874323614639
2025-09-19,croissant,41,36.60643024913616,36.58859578349077,1.0004874323614639
2025-09-19,espresso,83,74.56523620931928,74.52890840749689,1.0004874323614639
2025-09-19,hot_chocolate,61,42.05207891932568,42.03159136149226,1.0004874323614639
2025-09-19,iced_latte,43,29.762752835097885,29.74825257409627,1.0004874323614639
2025-09-19,latte,105,83.48064488652051,83.43997354317588,1.0004874323614639
2025-09-19,masala_chai,87,82.56253489894868,82.52231085409562,1.0004874323614639
2025-09-19,sandwich,33,41.377510546889766,41.357351635318274,1.0004874323614639
2025-09-20,americano,40,49.017079659118,48.705151585778296,1.0064044164361206
2025-09-20,cappuccino,49,73.52561948867701,73.05772737866745,1.0064044164361206
2025-09-20,cold_coffee,49,53.192729304705175,52.85422881297687,1.0064044164361206
2025-09-20,croissant,41,43.00024680497623,42.72660781562218,1.0064044164361206
2025-09-20,espresso,68,72.97040984852515,72.50605090439485,1.0064044164361206
2025-09-20,hot_chocolate,61,51.77416095821943,51.44468775441398,1.0064044164361206
2025-09-20,iced_latte,40,39.894546978528886,39.64067160973266,1.0064044164361206
2025-09-20,latte,93,81.69513276519665,81.17525264296381,1.0064044164361206
2025-09-20,masala_chai,68,79.8328938671734,79.32486440180544,1.0064044164361206
2025-09-20,sandwich,55,42.99643168237796,42.722816971170424,1.0064044164361206
2025-09-21,americano,51,50.36734018259985,48.348056738199226,1.0417655554458967
2025-09-21,cappuccino,109,75.55101027389976,72.52208510729884,1.0417655554458967
2025-09-21,cold_coffee,47,55.98567591207843,53.741147055025664,1.0417655554458967
2025-09-21,croissant,56,44.51739475910998,42.73264222107597,1.0417655554458967
2025-09-21,espresso,123,96.62436394419949,92.75058427406185,1.0417655554458967
2025-09-21,hot_chocolate,31,41.159822303414316,39.50967862994576,1.0417655554458967
2025-09-21,iced_latte,37,41.98925693405882,40.305860291269255,1.0417655554458967
2025-09-21,latte,73,83.94556697099975,80.58009456366538,1.0417655554458967
2025-09-21,masala_chai,67,81.9090736665011,78.62524657137696,1.0417655554458967
2025-09-21,sandwich,30,44.513445030180954,42.72885084123203,1.0417655554458967
2025-09-22,americano,25,40.0154731886618,41.077938585271006,0.9741353769638732
2025-09-22,cappuccino,42,60.02320978299271,61.61690787790651,0.9741353769638732
2025-09-22,cold_coffee,64,39.66292232793628,40.71602701829319,0.9741353769638732
2025-09-22,croissant,41,31.365260922439,32.198051383983575,0.9741353769638732
2025-09-22,espresso,55,59.56996008668099,61.15162378389858,0.9741353769638732
2025-09-22,hot_chocolate,40,32.66766824179842,33.53503939423189,0.9741353769638732
2025-09-22,iced_latte,28,29.74719174595221,30.537020263719892,0.9741353769638732
2025-09-22,latte,55,66.69245531443633,68.46323097545167,0.9741353769638732
2025-09-22,masala_chai,85,65.04198799853744,66.76894150098153,0.9741353769638732
2025-09-22,sandwich,36,35.45323610610175,36.39456788501027,0.9741353769638732
2025-09-23,americano,50,43.51932687723054,43.87946633104136,0.9917925288540702
2025-09-23,cappuccino,70,65.27899031584582,65.81919949656205,0.9917925288540702
2025-09-23,cold_coffee,37,37.35085232688571,37.65994524080693,0.9917925288540702
2025-09-23,croissant,41,32.610680807344195,32.88054694767967,0.9917925288540702
2025-09-23,espresso,70,64.78605295639498,65.32218288763438,0.9917925288540702
2025-09-23,hot_chocolate,38,36.17342656278836,36.47277581792595,0.9917925288540702
2025-09-23,iced_latte,32,28.013139245164282,28.244958930605197,0.9917925288540702
2025-09-23,latte,59,72.53221146205091,73.13244388506894,0.9917925288540702
2025-09-23,masala_chai,99,71.37673364849651,71.96740404060726,0.9917925288540702
2025-09-23,sandwich,42,36.86097715247672,37.166016157700206,0.9917925288540702
2025-09-24,americano,62,46.20783868973279,45.12998330888298,1.0238833542984638
2025-09-24,cappuccino,79,69.31175803459915,67.69497496332444,1.0238833542984638
2025-09-24,cold_coffee,32,39.97683047506141,39.04432112039991,1.0238833542984638
2025-09-24,croissant,40,34.711956096148405,33.90225649281315,1.0238833542984638
2025-09-24,espresso,60,68.78836827597759,67.18379392260894,1.0238833542984638
2025-09-24,hot_chocolate,65,38.36973866321048,37.474716726399315,1.0238833542984638
2025-09-24,iced_latte,26,29.982622856296064,29.283240840299936,1.0238833542984638
2025-09-24,latte,72,77.01306448288797,75.21663884813829,1.0238833542984638
2025-09-24,masala_chai,66,75.7483205986592,73.98139669001635,1.0238833542984638
2025-09-24,sandwich,42,39.23612107753798,38.320889691991795,1.0238833542984638
2025-09-25,americano,33,35.5678708333226,43.25825089207093,0.8222216594486036
2025-09-25,cappuccino,44,53.351806249983895,64.88737633810639,0.8222216594486036
2025-09-25,cold_coffee,36,35.2545049656408,42.877129981327776,0.8222216594486036
2025-09-25,croissant,30,27.87910426256985,33.90704190554415,0.8222216594486036
2025-09-25,espresso,50,52.948933926629095,64.39739615000849,0.8222216594486036
2025-09-25,hot_chocolate,31,29.036752832385478,35.314993832512314,0.8222216594486036
2025-09-25,iced_latte,29,26.440878724230608,32.157847485995845,0.8222216594486036
2025-09-25,latte,62,59.279784722204326,72.09708482011821,0.8222216594486036
2025-09-25,masala_chai,49,57.812762002524316,70.31286677766988,0.8222216594486036
2025-09-25,sandwich,34,31.51271300728773,38.32629880903492,0.8222216594486036
2025-09-26,americano,63,45.8575953562774,46.95971712379274,0.9765304853815455
2025-09-26,cappuccino,89,68.78639303441612,70.43957568568914,0.9765304853815455
2025-09-26,cold_coffee,36,44.732103255226164,45.80717542857727,0.9765304853815455
2025-09-26,croissant,33,35.76520784659364,36.62477350373718,0.9765304853815455
2025-09-26,espresso,70,68.26697043329324,69.9076695046753,0.9765304853815455
2025-09-26,hot_chocolate,19,37.511985024672704,38.41353197490419,0.9765304853815455
2025-09-26,iced_latte,36,33.54907744141962,34.35538157143294,0.9765304853815455
2025-09-26,latte,64,76.4293255937957,78.26619520632127,0.9765304853815455
2025-09-26,masala_chai,70,74.61247087412617,76.40567498000222,0.9765304853815455
2025-09-26,sandwich,47,40.42664785428115,41.39824456016428,0.9765304853815455
2025-09-27,americano,50,51.36637757981667,50.38694714922495,1.0194381776631765
2025-09-27,cappuccino,62,77.04956636972501,75.58042072383743,1.0194381776631765
2025-09-27,cold_coffee,67,55.29800012058622,54.24360332211998,1.0194381776631765
2025-09-27,croissant,52,44.948656837506,44.09159655030801,1.0194381776631765
2025-09-27,espresso,94,76.46774655895038,75.00969478525397,1.0194381776631765
2025-09-27,hot_chocolate,34,42.14446953474498,41.34087819955038,1.0194381776631765
2025-09-27,iced_latte,28,41.473500090439664,40.682702491589986,1.0194381776631765
2025-09-27,latte,56,85.61062929969444,83.97824524870825,1.0194381776631765
2025-09-27,masala_chai,78,83.70097676491368,82.10500508895849,1.0194381776631765
2025-09-27,sandwich,53,44.94466884559422,44.087684599589316,1.0194381776631765
2025-09-28,americano,65,50.372659866365815,52.553635731055444,0.9585000003453457
2025-09-28,cappuccino,115,75.55898979954873,78.83045359658317,0.9585000003453457
2025-09-28,cold_coffee,55,60.654964253246845,63.281131175162216,0.9585000003453457
2025-09-28,croissant,55,45.64917882601131,47.62564299380699,0.9585000003453457
2025-09-28,espresso,84,74.98842569102999,78.23518587794659,0.9585000003453457
2025-09-28,hot_chocolate,43,40.754579179907616,42.51912275975359,0.9585000003453457
2025-09-28,iced_latte,55,45.49122318993514,47.46084838137167,0.9585000003453457
2025-09-28,latte,75,83.95443311060968,87.58939288509241,0.9585000003453457
2025-09-28,masala_chai,68,81.50915835981523,85.03824551950719,0.9585000003453457
2025-09-28,sandwich,38,45.64512868149653,47.621417490924024,0.9585000003453457
2025-09-29,americano,27,37.986702939678054,40.58514440071643,0.9359755521532034
2025-09-29,cappuccino,53,56.980054409517074,60.87771660107464,0.9359755521532034
2025-09-29,cold_coffee,52,47.432426093347885,50.67699256057492,0.9359755521532034
2025-09-29,croissant,23,30.982641070615415,33.10197686183162,0.9359755521532034
2025-09-29,espresso,47,50.64893725290406,54.1135258676219,0.9359755521532034
2025-09-29,hot_chocolate,29,25.248609066806804,26.975714278778547,0.9359755521532034
2025-09-29,iced_latte,42,35.574319570010914,38.00774442043119,0.9359755521532034
2025-09-29,latte,73,63.31117156613009,67.64190733452739,0.9359755521532034
2025-09-29,masala_chai,68,50.57302079859978,54.03241642610963,0.9359755521532034
2025-09-29,sandwich,30,46.97186335751276,50.18492550308009,0.9359755521532034
2025-09-30,americano,32,44.003962650072026,42.83418232554443,1.0273095051899703
2025-09-30,cappuccino,56,66.00594397510804,64.25127348831666,1.0273095051899703
2025-09-30,cold_coffee,45,54.508115773289546,53.05909805945959,1.0273095051899703
2025-09-30,croissant,29,35.80081277727528,34.84910107071869,1.0273095051899703
2025-09-30,espresso,72,58.67195020009604,57.11224310072592,1.0273095051899703
2025-09-30,hot_chocolate,22,29.27736178270304,28.499066381449534,1.0273095051899703
2025-09-30,iced_latte,41,40.88108682996715,39.79432354459468,1.0273095051899703
2025-09-30,latte,70,73.33993775012004,71.39030387590739,1.0273095051899703
2025-09-30,masala_chai,71,58.61330757609483,57.055159404230416,1.0273095051899703
2025-09-30,sandwich,42,42.11860326738268,40.99894243613963,1.0273095051899703
2025-10-01,americano,44,40.15657972720873,42.21623659365425,0.9512117367004921
2025-10-01,cappuccino,62,60.23486959081308,63.32435489048137,0.9512117367004921
2025-10-01,cold_coffee,65,47.9984281449784,50.46029847305349,0.9512117367004921
2025-10-01,croissant,38,35.14276200661633,36.945256929353604,0.9512117367004921
2025-10-01,espresso,105,77.03611030976218,80.98734207904178,0.9512117367004921
2025-10-01,hot_chocolate,26,32.10160235739466,33.74811424083857,0.9512117367004921
2025-10-01,iced_latte,38,35.99882110873379,37.84522385479011,0.9512117367004921
2025-10-01,latte,58,66.92763287868121,70.36039432275709,0.9512117367004921
2025-10-01,masala_chai,56,64.58958191554943,67.90242321819326,0.9512117367004921
2025-10-01,sandwich,34,38.22409186069257,40.18463017843122,0.9512117367004921
2025-10-02,americano,46,54.66329747593184,53.2637170610267,1.026276431539721
2025-10-02,cappuccino,50,63.62807826198467,61.998966659035084,1.026276431539721
2025-10-02,cold_coffee,49,46.061234899806024,44.88189875967474,1.026276431539721
2025-10-02,croissant,52,46.42438592309793,45.23575178809036,1.026276431539721
2025-10-02,espresso,72,63.147607336597495,61.53079754726242,1.026276431539721
2025-10-02,hot_chocolate,29,34.3193518133682,33.44065084090349,1.026276431539721
2025-10-02,iced_latte,27,34.54592617485453,33.661424069756066,1.026276431539721
2025-10-02,latte,69,70.69786473553852,68.88774073226121,1.026276431539721
2025-10-02,masala_chai,53,68.6387036267364,66.88130168180697,1.026276431539721
2025-10-02,sandwich,38,39.18403663351555,38.18078193097331,1.026276431539721
2025-10-03,americano,68,46.184523155542664,46.549075217216306,0.9921684360006617
2025-10-03,cappuccino,89,69.27678473331399,69.82361282582445,0.9921684360006617
2025-10-03,cold_coffee,48,56.99859982853204,57.44851152319265,0.9921684360006617
2025-10-03,croissant,37,40.82428477745801,41.14652643256511,0.9921684360006617
2025-10-03,espresso,58,68.75365906650363,69.29635792854206,0.9921684360006617
2025-10-03,hot_chocolate,41,36.77301860930053,37.063282074895604,0.9921684360006617
2025-10-03,iced_latte,57,42.74894987139903,43.08638364239448,0.9921684360006617
2025-10-03,latte,100,76.97420525923778,77.58179202869384,0.9921684360006617
2025-10-03,masala_chai,64,74.13676527804135,74.72195505118034,0.9921684360006617
2025-10-03,sandwich,58,44.40377256593657,44.7542684838111,0.9921684360006617
2025-10-04,americano,36,52.183325487393304,49.84847785229718,1.0468388953021668
2025-10-04,cappuccino,77,78.27498823108998,74.77271677844578,1.0468388953021668
2025-10-04,cold_coffee,56,55.910225518768776,53.40862454545163,1.0468388953021668
2025-10-04,croissant,26,48.0142434286329,45.86593375934292,1.0468388953021668
2025-10-04,espresso,86,77.68391496505153,74.208090006656,1.0468388953021668
2025-10-04,hot_chocolate,35,42.94338626446409,41.02196284182641,1.0468388953021668
2025-10-04,iced_latte,43,41.93266913907658,40.05646840908872,1.0468388953021668
2025-10-04,latte,90,86.97220914565551,83.0807964204953,1.0468388953021668
2025-10-04,masala_chai,83,85.15982884986975,81.34950777243392,1.0468388953021668
2025-10-04,sandwich,53,46.19828595924977,44.13122799178644,1.0468388953021668
2025-10-05,americano,68,43.152783368087434,47.06967287866837,0.9167852829426388
2025-10-05,cappuccino,93,64.72917505213115,70.60450931800256,0.9167852829426388
2025-10-05,cold_coffee,69,55.57487439822951,60.61929159666354,0.9167852829426388
2025-10-05,croissant,42,42.055140074712256,45.8723987581109,0.9167852829426388
2025-10-05,espresso,45,64.24038948000072,70.07135768345454,0.9167852829426388
2025-10-05,hot_chocolate,39,34.70440280485987,37.8544501646753,0.9167852829426388
2025-10-05,iced_latte,52,41.68115579867214,45.46446869749766,0.9167852829426388
2025-10-05,latte,70,71.92130561347908,78.44945479778063,0.9167852829426388
2025-10-05,masala_chai,61,69.61734467874815,75.93636806133586,0.9167852829426388
2025-10-05,sandwich,41,40.46456318978973,44.13744847638605,0.9167852829426388
2025-10-06,americano,48,38.7551197140621,40.27434208707506,0.9622781578969475
2025-10-06,cappuccino,95,58.132679571093135,60.41151313061259,0.9622781578969475
2025-10-06,cold_coffee,44,39.47410260032133,41.021509504685966,0.9622781578969475
2025-10-06,croissant,33,32.262166982504375,33.5268619761807,0.9622781578969475
2025-10-06,espresso,60,57.69370572319922,59.95533126231238,0.9622781578969475
2025-10-06,hot_chocolate,11,31.607123098166497,32.846140005134956,0.9622781578969475
2025-10-06,iced_latte,20,29.605576950241005,30.766132128514478,0.9622781578969475
2025-10-06,latte,85,64.59186619010349,67.12390347845843,0.9622781578969475
2025-10-06,masala_chai,39,62.96189425190567,65.4300357284514,0.9622781578969475
2025-10-06,sandwich,48,35.090925241791666,36.46650914168378,0.9622781578969475
2025-10-07,americano,62,43.12435315784769,39.61427705291627,1.0886063400890216
2025-10-07,cappuccino,60,64.68652973677155,59.42141557937442,1.0886063400890216
2025-10-07,cold_coffee,41,49.52461574725327,45.49359481334948,1.0886063400890216
2025-10-07,croissant,46,37.271175389578644,34.23751453305955,1.0886063400890216
2025-10-07,espresso,59,64.19806618967618,58.97271017586242,1.0886063400890216
2025-10-07,hot_chocolate,31,34.6468744105403,31.826816668830922,1.0886063400890216
2025-10-07,iced_latte,35,37.143461810439945,34.1201961100121,1.0886063400890216
2025-10-07,latte,73,71.87392192974616,66.0237950881938,1.0886063400890216
2025-10-07,masala_chai,92,69.53670186176106,63.87681138810439,1.0886063400890216
2025-10-07,sandwich,50,40.53912528500229,37.23947196714579,1.0886063400890216
2025-10-08,americano,29,40.156517771931064,40.521409727471784,0.9909950824022458
2025-10-08,cappuccino,36,60.23477665789659,60.782114591207666,0.9909950824022458
2025-10-08,cold_coffee,42,42.91265284449493,43.302589091029056,0.9909950824022458
2025-10-08,croissant,35,33.933988980958354,34.24233841675565,0.9909950824022458
2025-10-08,espresso,46,59.77992936921775,60.323134222126264,0.9909950824022458
2025-10-08,hot_chocolate,28,32.55413525410945,32.84994631375547,0.9909950824022458
2025-10-08,iced_latte,55,32.18448963337121,32.476941818271804,0.9909950824022458
2025-10-08,latte,60,66.9275296198851,67.53568287911963,0.9909950824022458
2025-10-08,masala_chai,76,83.81854997551194,84.5801875952094,0.9909950824022458
2025-10-08,sandwich,27,36.909333186835944,37.244718810677625,0.9909950824022458
2025-10-09,americano,30,36.73907582146933,40.832214240708126,0.8997571281559819
2025-10-09,cappuccino,83,55.10861373220399,61.24832136106219,0.8997571281559819
2025-10-09,cold_coffee,35,38.32961682874332,42.599959065951964,0.8997571281559819
2025-10-09,croissant,28,30.814128398946274,34.24716230045175,0.8997571281559819
2025-10-09,espresso,53,54.69247533293168,60.78582055251047,0.8997571281559819
2025-10-09,hot_chocolate,27,29.87316440564689,33.20136453586181,0.8997571281559819
2025-10-09,iced_latte,41,28.747212621557495,31.949969299463977,0.8997571281559819
2025-10-09,latte,72,61.2317930357822,68.05369040118019,0.8997571281559819
2025-10-09,masala_chai,33,59.59714954105088,66.23692958475692,0.8997571281559819
2025-10-09,sandwich,49,43.190621289871714,48.002533059548256,0.8997571281559819
2025-10-10,americano,55,43.473600436983524,46.04100572849206,0.944236550638169
2025-10-10,cappuccino,72,65.21040065547527,69.06150859273808,0.944236550638169
2025-10-10,cold_coffee,41,43.57727614479131,46.15080417649507,0.944236550638169
2025-10-10,croissant,32,36.009624195863985,38.13623204008214,0.944236550638169
2025-10-10,espresso,57,64.7179812330499,68.54000852785225,0.944236550638169
2025-10-10,hot_chocolate,39,35.526308564017455,37.62437340516711,0.944236550638169
2025-10-10,iced_latte,33,32.68295710859348,34.6131031323713,0.944236550638169
2025-10-10,latte,55,72.45600072830588,76.73500954748677,0.944236550638169
2025-10-10,masala_chai,73,70.69824072169446,74.8734421198931,0.944236550638169
2025-10-10,sandwich,37,39.16696083456904,41.48003040985627,0.944236550638169
2025-10-11,americano,47,47.47404404089737,49.03204945244065,0.9682247544424082
2025-10-11,cappuccino,88,71.21106606134605,73.54807417866098,0.9682247544424082
2025-10-11,cold_coffee,77,53.79429390652511,55.55971757560026,0.9682247544424082
2025-10-11,croissant,32,44.45234945432365,45.911188750718686,0.9682247544424082
2025-10-11,espresso,80,70.67333417091515,72.99269497774335,0.9682247544424082
2025-10-11,hot_chocolate,21,38.79544184115659,40.068632477279024,0.9682247544424082
2025-10-11,iced_latte,33,40.34572042989384,41.6697881817002,0.9682247544424082
2025-10-11,latte,58,79.12340673482893,81.72008242073441,0.9682247544424082
2025-10-11,masala_chai,58,77.20389753548946,79.73757867815566,0.9682247544424082
2025-10-11,sandwich,40,42.77110717580701,44.17477138398357,0.9682247544424082
2025-10-12,americano,80,46.287258705205545,45.26784470092117,1.0225196054952366
2025-10-12,cappuccino,64,69.43088805780832,67.90176705138175,1.0225196054952366
2025-10-12,cold_coffee,72,63.99278425901225,62.583430102563796,1.0225196054952366
2025-10-12,croissant,59,44.65014721693747,43.66678836960987,1.0225196054952366
2025-10-12,espresso,67,79.531372345714,77.77980189161713,1.0225196054952366
2025-10-12,hot_chocolate,35,30.91995057258706,30.23898065759982,1.0225196054952366
2025-10-12,iced_latte,56,47.99458819425919,46.93757257692285,1.0225196054952366
2025-10-12,latte,89,77.1454311753426,75.44640783486862,1.0225196054952366
2025-10-12,masala_chai,79,61.778092153675445,60.41751358278796,1.0225196054952366
2025-10-12,sandwich,60,44.71495149446567,43.730165420944566,1.0225196054952366
2025-10-13,americano,35,38.76746878351272,38.55715580370026,1.0054545771187893
2025-10-13,cappuccino,49,58.151203175269075,57.83573370555039,1.0054545771187893
2025-10-13,cold_coffee,29,47.41234971246017,47.1551383736539,1.0054545771187893
2025-10-13,croissant,43,33.08136095460063,32.90189503080082,1.0054545771187893
2025-10-13,espresso,55,51.68995837801696,51.40954107160035,1.0054545771187893
2025-10-13,hot_chocolate,19,25.896720871822087,25.75623152070302,1.0054545771187893
2025-10-13,iced_latte,39,35.55926228434514,35.36635378024043,1.0054545771187893
2025-10-13,latte,70,64.61244797252118,64.26192633950042,1.0054545771187893
2025-10-13,masala_chai,41,51.741674189991315,51.46097632601289,1.0054545771187893
2025-10-13,sandwich,28,37.450597307095066,37.247428336755654,1.0054545771187893
2025-10-14,americano,67,48.96582923272176,40.35338820822998,1.2134254744620252
2025-10-14,cappuccino,111,73.44874384908265,60.53008231234498,1.2134254744620252
2025-10-14,cold_coffee,55,53.17054885106557,43.81855331876797,1.2134254744620252
2025-10-14,croissant,49,41.58564628021709,34.271281718932244,1.2134254744620252
2025-10-14,espresso,113,72.89411471537866,60.07300509963039,1.2134254744620252
2025-10-14,hot_chocolate,31,39.616366693140584,32.64837233675565,1.2134254744620252
2025-10-14,iced_latte,40,39.877911638299175,32.86391498907597,1.2134254744620252
2025-10-14,latte,86,81.60971538786961,67.25564701371665,1.2134254744620252
2025-10-14,masala_chai,98,79.23273338628117,65.2967446735113,1.2134254744620252
2025-10-14,sandwich,48,45.23189051566341,37.27619987186858,1.2134254744620252
2025-10-15,americano,58,43.98406891663556,41.692285329831485,1.0549690085029775
2025-10-15,cappuccino,88,65.97610337495333,62.53842799474722,1.0549690085029775
2025-10-15,cold_coffee,39,43.04342354703597,40.80065215196745,1.0549690085029775
2025-10-15,croissant,50,46.59823343163424,44.17023917864477,1.0549690085029775
2025-10-15,espresso,59,65.47790194709498,62.06618528065527,1.0549690085029775
2025-10-15,hot_chocolate,30,36.051451961451804,34.17299624053369,1.0549690085029775
2025-10-15,iced_latte,30,32.282567660276975,30.600489113975584,1.0549690085029775
2025-10-15,latte,77,73.3067815277259,69.48714221638579,1.0549690085029775
2025-10-15,masala_chai,64,71.63575492639598,67.90318421585538,1.0549690085029775
2025-10-15,sandwich,40,39.33077087690256,37.28144671540041,1.0549690085029775
2025-10-16,americano,32,39.01385943652651,42.56005091060376,0.9166779315765873
2025-10-16,cappuccino,61,58.52078915478976,63.840076365905645,0.9166779315765873
2025-10-16,cold_coffee,46,39.421009528931144,43.00420918951463,0.9166779315765873
2025-10-16,croissant,22,32.396465499017246,35.341164418891175,0.9166779315765873
2025-10-16,espresso,51,58.07888459806536,63.35800459183732,0.9166779315765873
2025-10-16,hot_chocolate,30,31.849974905850317,34.745000188966905,0.9166779315765873
2025-10-16,iced_latte,33,29.565757146698356,32.253156892135976,0.9166779315765873
2025-10-16,latte,48,65.02309906087751,70.9334181843396,0.9166779315765873
2025-10-16,masala_chai,52,63.41394403318423,69.17799790829379,0.9166779315765873
2025-10-16,sandwich,41,35.23699909992997,38.43989026694046,0.9166779315765873
2025-10-17,americano,69,57.97800948605812,58.625006640480606,0.988963802453956
2025-10-17,cappuccino,73,67.48640304177165,68.23950772951943,0.988963802453956
2025-10-17,cold_coffee,36,42.64214105054026,43.11799981428096,0.988963802453956
2025-10-17,croissant,36,36.619958544639175,37.028613639622186,0.988963802453956
2025-10-17,espresso,89,86.31030538377586,87.27347266867665,0.988963802453956
2025-10-17,hot_chocolate,29,37.02453029907979,37.43770015364498,0.988963802453956
2025-10-17,iced_latte,32,31.981605787905192,32.33849986071071,0.988963802453956
2025-10-17,latte,83,74.98489226863518,75.82167525502159,0.988963802453956
2025-10-17,masala_chai,59,73.42231104223798,74.24165663096285,0.988963802453956
2025-10-17,sandwich,42,39.830809515811744,40.27529563466119,0.988963802453956
2025-10-18,americano,66,64.84153149858227,64.3020243159138,1.0083902052603801
2025-10-18,cappuccino,83,97.2622972478734,96.4530364738707,1.0083902052603801
2025-10-18,cold_coffee,71,75.25863110556497,74.63244953488234,1.0083902052603801
2025-10-18,croissant,73,61.171476614328654,60.662505739564715,1.0083902052603801
2025-10-18,espresso,63,96.52784624384415,95.72469639262248,1.0083902052603801
2025-10-18,hot_chocolate,54,52.82929979762477,52.38973913276312,1.0083902052603801
2025-10-18,iced_latte,53,56.443973329173716,55.97433715116175,1.0083902052603801
2025-10-18,latte,126,108.0692191643038,107.17004052652301,1.0083902052603801
2025-10-18,masala_chai,101,105.28944090123015,104.41339111781929,1.0083902052603801
2025-10-18,sandwich,55,58.85789647771567,58.36817550455853,1.0083902052603801
2025-10-19,americano,57,58.308591974733666,62.38173800629802,0.9347061149345801
2025-10-19,cappuccino,74,87.4628879621005,93.57260700944703,0.9347061149345801
2025-10-19,cold_coffee,66,67.67614385862142,72.40366012086918,0.9347061149345801
2025-10-19,croissant,57,55.00830390588226,58.850908351800264,0.9347061149345801
2025-10-19,espresso,132,111.85880754503002,119.67270327835503,0.9347061149345801
2025-10-19,hot_chocolate,33,47.50662137395589,50.82519587162524,0.9347061149345801
2025-10-19,iced_latte,47,50.75710789396609,54.302745090651904,0.9347061149345801
2025-10-19,latte,64,97.18098662455608,103.96956334383002,0.9347061149345801
2025-10-19,masala_chai,91,94.68127767605078,101.2952372550569,0.9347061149345801
2025-10-19,sandwich,66,52.92782250655621,56.62509494790309,0.9347061149345801
2025-10-20,americano,39,47.53829632927152,47.28155468697056,1.0054300592271284
2025-10-20,cappuccino,54,55.33457692727205,55.03572965563374,1.0054300592271284
2025-10-20,cold_coffee,41,37.27470042414539,37.07338972220341,1.0054300592271284
2025-10-20,croissant,22,30.63261343905445,30.467174874999923,1.0054300592271284
2025-10-20,espresso,57,54.916732225555855,54.62014162155666,1.0054300592271284
2025-10-20,hot_chocolate,47,30.11587697318689,29.953229164778396,1.0054300592271284
2025-10-20,iced_latte,32,27.95602531810904,27.80504229165256,1.0054300592271284
2025-10-20,latte,55,61.48286325252449,61.150810728481915,1.0054300592271284
2025-10-20,masala_chai,75,59.96131998638224,59.637484911157685,1.0054300592271284
2025-10-20,sandwich,30,33.318491864898284,33.13854758879014,1.0054300592271284
2025-10-21,americano,51,45.513530870871,43.10591245306826,1.055853554206144
2025-10-21,cappuccino,66,68.2702963063065,64.65886867960239,1.055853554206144
2025-10-21,cold_coffee,40,40.140733683518214,38.017330645534926,1.055853554206144
2025-10-21,croissant,55,36.221107813353875,34.305048904804934,1.055853554206144
2025-10-21,espresso,80,67.7547708757303,64.17061400780388,1.055853554206144
2025-10-21,hot_chocolate,38,37.79320424141184,35.793983067876404,1.055853554206144
2025-10-21,iced_latte,18,30.105550262638655,28.51299798415119,1.055853554206144
2025-10-21,latte,83,75.855884784785,71.84318742178043,1.055853554206144
2025-10-21,masala_chai,65,74.61014463655815,70.66334563097121,1.055853554206144
2025-10-21,sandwich,36,39.39698741075116,37.31292777659137,1.055853554206144
2025-10-22,americano,45,46.68657293742805,45.34318921062802,1.0296270233785223
2025-10-22,cappuccino,84,70.02985940614205,68.014783815942,1.0296270233785223
2025-10-22,cold_coffee,32,38.62263732333521,37.511289473155514,1.0296270233785223
2025-10-22,croissant,43,36.41894040383513,35.37100287474333,1.0296270233785223
2025-10-22,espresso,52,69.50104709131682,67.50118782164687,1.0296270233785223
2025-10-22,hot_chocolate,38,39.07864862617522,37.954179269640946,1.0296270233785223
2025-10-22,iced_latte,28,28.966977992501413,28.13346710486664,1.0296270233785223
2025-10-22,latte,81,77.81095489571341,75.57198201771335,1.0296270233785223
2025-10-22,masala_chai,89,76.83985320178172,74.62882330889741,1.0296270233785223
2025-10-22,sandwich,23,39.612166033028224,38.472344969199185,1.0296270233785223
2025-10-23,americano,34,41.521663567862326,42.795859731698876,0.9702261814150972
2025-10-23,cappuccino,63,62.28249535179348,64.1937895975483,0.9702261814150972
2025-10-23,cold_coffee,40,37.509613589542646,38.660689958741386,0.9702261814150972
2025-10-23,croissant,45,42.90337257562263,44.219969938398364,0.9702261814150972
2025-10-23,espresso,50,61.81218524665588,63.70904684977825,0.9702261814150972
2025-10-23,hot_chocolate,42,34.37518527130279,35.43007386294791,0.9702261814150972
2025-10-23,iced_latte,24,28.132210192156986,28.99551746905604,0.9702261814150972
2025-10-23,latte,77,69.20277261310387,71.3264328861648,0.9702261814150972
2025-10-23,masala_chai,66,67.96427002281813,70.04992374426618,0.9702261814150972
2025-10-23,sandwich,25,36.2121606840283,37.32342146365503,0.9702261814150972
2025-10-24,americano,32,47.17648934036398,46.84964245421891,1.0069765075894541
2025-10-24,cappuccino,74,70.76473401054596,70.27446368132836,1.0069765075894541
2025-10-24,cold_coffee,45,46.861523157956285,46.53685841205523,1.0069765075894541
2025-10-24,croissant,36,37.72353651469504,37.46218132238194,1.0069765075894541
2025-10-24,espresso,75,62.90198578715198,62.46618993895855,1.0069765075894541
2025-10-24,hot_chocolate,22,32.34406536252245,32.119980077737004,1.0069765075894541
2025-10-24,iced_latte,39,35.14614236846721,34.90264380904142,1.0069765075894541
2025-10-24,latte,73,78.62748223393997,78.08273742369819,1.0069765075894541
2025-10-24,masala_chai,55,63.78880685092176,63.34686695285701,1.0069765075894541
2025-10-24,sandwich,46,42.70589039399438,42.41001659137577,1.0069765075894541
2025-10-25,americano,41,51.462610937279926,48.17714923192208,1.06819543617124
2025-10-25,cappuccino,82,77.19391640591991,72.26572384788314,1.06819543617124
2025-10-25,cold_coffee,48,64.63519912986504,60.50877670994235,1.06819543617124
2025-10-25,croissant,55,48.175298669820805,45.099704640657095,1.06819543617124
2025-10-25,espresso,56,68.61681458303991,64.23619897589612,1.06819543617124
2025-10-25,hot_chocolate,25,34.79210296296451,32.5709151947613,1.06819543617124
2025-10-25,iced_latte,48,48.476399347398775,45.38158253245676,1.06819543617124
2025-10-25,latte,92,85.77101822879989,80.29524871987014,1.06819543617124
2025-10-25,masala_chai,62,69.09881732654719,64.68742983420697,1.06819543617124
2025-10-25,sandwich,25,48.245219277469296,45.1651613963039,1.06819543617124
2025-10-26,americano,33,49.51746849834989,46.876915839859144,1.0563294877912062
2025-10-26,cappuccino,69,74.27620274752483,70.31537375978871,1.0563294877912062
2025-10-26,cold_coffee,68,67.91311068428466,64.29159790501687,1.0563294877912062
2025-10-26,croissant,46,47.646843166165816,45.10604287474334,1.0563294877912062
2025-10-26,espresso,80,66.02329133113318,62.502554453145514,1.0563294877912062
2025-10-26,hot_chocolate,29,33.11082930363267,31.345171829736284,1.0563294877912062
2025-10-26,iced_latte,49,50.93483301321349,48.21869842876266,1.0563294877912062
2025-10-26,latte,72,82.52911416391646,78.12819306643189,1.0563294877912062
2025-10-26,masala_chai,55,66.12240058148467,62.59637863536988,1.0563294877912062
2025-10-26,sandwich,49,47.71599678469435,45.17150882956879,1.0563294877912062
2025-10-27,americano,57,40.76362311539187,42.55129210661725,0.9579879034755007
2025-10-27,cappuccino,75,61.145434673087806,63.82693815992586,0.9579879034755007
2025-10-27,cold_coffee,31,31.886159723862246,33.28451184840842,0.9579879034755007
2025-10-27,croissant,43,31.24697175169488,32.61729259663244,0.9579879034755007
2025-10-27,espresso,40,60.68371078666749,63.344965595611406,0.9579879034755007
2025-10-27,hot_chocolate,31,34.36057166054483,35.867437924724854,0.9579879034755007
2025-10-27,iced_latte,30,23.914619792896683,24.963383886306314,0.9579879034755007
2025-10-27,latte,49,67.93937185898646,70.91882017769541,0.9579879034755007
2025-10-27,masala_chai,74,86.76121358678255,90.56608467812595,0.9579879034755007
2025-10-27,sandwich,50,33.986717332587105,35.477188395893215,0.9579879034755007
2025-10-28,americano,56,52.304211345464594,55.856592388530835,0.9364017586616032
2025-10-28,cappuccino,55,60.88210200612078,65.01707354024988,0.9364017586616032
2025-10-28,cold_coffee,38,32.0038462112517,34.17747341375642,0.9364017586616032
2025-10-28,croissant,40,31.19027994433785,33.308651607957295,0.9364017586616032
2025-10-28,espresso,59,60.42236660801631,64.52611397737853,0.9364017586616032
2025-10-28,hot_chocolate,48,34.178396830340084,36.499714480663926,0.9364017586616032
2025-10-28,iced_latte,14,24.002884658438774,25.633105060317313,0.9364017586616032
2025-10-28,latte,36,67.64678000680088,72.24119282249988,0.9364017586616032
2025-10-28,masala_chai,69,67.00323845770232,71.55394342004429,0.9364017586616032
2025-10-28,sandwich,46,43.71785408173492,46.68706960164272,0.9364017586616032
2025-10-29,americano,36,40.872313105922075,43.69294785190352,0.9354441646843803
2025-10-29,cappuccino,53,61.308469658883105,65.53942177785527,0.9354441646843803
2025-10-29,cold_coffee,32,46.14341059134579,49.32780847151323,0.9354441646843803
2025-10-29,croissant,34,34.01635511440495,36.36385409051336,0.9354441646843803
2025-10-29,espresso,83,70.22734210639531,75.07379355997168,0.9354441646843803
2025-10-29,hot_chocolate,23,27.57715698424102,29.480281159854773,0.9354441646843803
2025-10-29,iced_latte,41,34.60755794350935,36.99585635363493,0.9354441646843803
2025-10-29,latte,85,68.12052184320345,72.82157975317251,0.9354441646843803
2025-10-29,masala_chai,37,54.82437887974205,58.60785811651286,0.9354441646843803
2025-10-29,sandwich,39,38.5090812615905,41.166627272279264,0.9354441646843803
2025-10-30,americano,61,44.563987774978216,43.58997366643716,1.0223449116072996
2025-10-30,cappuccino,65,66.84598166246731,65.38496049965573,1.0223449116072996
2025-10-30,cold_coffee,41,50.71528576633986,49.60682563246374,1.0223449116072996
2025-10-30,croissant,43,47.914462586631934,46.867218726899395,1.0223449116072996
2025-10-30,espresso,66,59.41865036663763,58.11996488858289,1.0223449116072996
2025-10-30,hot_chocolate,27,30.037931783191425,29.381406844356178,1.0223449116072996
2025-10-30,iced_latte,40,38.036464324754895,37.205119224347804,1.0223449116072996
2025-10-30,latte,81,74.27331295829701,72.6499561107286,1.0223449116072996
2025-10-30,masala_chai,65,59.746353300638575,58.44050537377564,1.0223449116072996
2025-10-30,sandwich,41,42.092403359124205,41.17240950800822,1.0223449116072996
2025-10-31,americano,45,49.35516702795409,46.61529158861643,1.058776323089798
2025-10-31,cappuccino,86,74.03275054193115,69.92293738292466,1.058776323089798
2025-10-31,cold_coffee,62,57.994242464730604,54.77478217069267,1.058776323089798
2025-10-31,croissant,43,41.592963701408365,39.28399492352526,1.058776323089798
2025-10-31,espresso,57,65.80688937060548,62.15372211815526,1.058776323089798
2025-10-31,hot_chocolate,29,42.699196928828904,40.328817331521925,1.058776323089798
2025-10-31,iced_latte,65,43.49568184854795,41.0810866280195,1.058776323089798
2025-10-31,latte,83,82.25861171325684,77.69215264769407,1.058776323089798
2025-10-31,masala_chai,49,66.0376170212568,62.37164128164581,1.058776323089798
2025-10-31,sandwich,41,47.08637400159437,44.47244708323614,1.058776323089798
2025-11-01,americano,55,57.7251259177502,49.138149248246684,1.1747517316153275
2025-11-01,cappuccino,97,86.58768887662532,73.70722387237005,1.1747517316153275
2025-11-01,cold_coffee,66,78.92064697099343,67.18070282175673,1.1747517316153275
2025-11-01,croissant,50,56.465217731135645,48.065660353182764,1.1747517316153275
2025-11-01,espresso,78,76.96683455700028,65.51753233099559,1.1747517316153275
2025-11-01,hot_chocolate,42,38.329791066644745,32.62799282188744,1.1747517316153275
2025-11-01,iced_latte,39,59.19048522824506,50.38552711631753,1.1747517316153275
2025-11-01,latte,122,96.20854319625037,81.89691541374451,1.1747517316153275
2025-11-01,masala_chai,84,76.81305471898425,65.38662821408522,1.1747517316153275
2025-11-01,sandwich,55,54.49090941885816,46.38504285831622,1.1747517316153275
2025-11-02,americano,61,49.260461992433854,50.93804960508709,0.9670661200093201
2025-11-02,cappuccino,88,73.89069298865077,76.40707440763063,0.9670661200093201
2025-11-02,cold_coffee,87,64.19158412152846,66.3776579422613,0.9670661200093201
2025-11-02,croissant,52,47.46791779153054,49.08445948977415,0.9670661200093201
2025-11-02,espresso,87,84.63996905916471,87.52242200186787,0.9670661200093201
2025-11-02,hot_chocolate,30,32.90605433537079,34.02668509889857,0.9670661200093201
2025-11-02,iced_latte,41,48.143688091146345,49.78324345669597,0.9670661200093201
2025-11-02,latte,107,82.10076998738975,84.89674934181181,0.9670661200093201
2025-11-02,masala_chai,61,65.74632945715923,67.98535084294505,0.9670661200093201
2025-11-02,sandwich,50,45.80820038623225,47.368219647474334,0.9670661200093201
2025-11-03,americano,26,36.987789957150135,41.87526483536428,0.8832849201687533
2025-11-03,cappuccino,83,55.481684935725205,62.812897253046415,0.8832849201687533
2025-11-03,cold_coffee,66,43.32526175666184,49.05015444890021,0.8832849201687533
2025-11-03,croissant,23,31.687358997558544,35.874448067679694,0.8832849201687533
2025-11-03,espresso,97,63.55290370644353,71.95062686488707,0.8832849201687533
2025-11-03,hot_chocolate,27,24.65852663810009,27.916843223576183,0.8832849201687533
2025-11-03,iced_latte,16,32.49394631749638,36.78761583667516,0.8832849201687533
2025-11-03,latte,39,61.64631659525025,69.79210805894049,0.8832849201687533
2025-11-03,masala_chai,45,49.31705327620018,55.83368644715237,0.8832849201687533
2025-11-03,sandwich,23,34.56802799733657,39.13576152837783,0.8832849201687533
2025-11-04,americano,45,40.90853965704333,41.748683534030484,0.9798761588182215
2025-11-04,cappuccino,59,61.362809485564995,62.623025301045736,0.9798761588182215
2025-11-04,cold_coffee,46,44.588984984664116,45.50471463500103,0.9798761588182215
2025-11-04,croissant,26,34.26652086261017,34.97025675564682,0.9798761588182215
2025-11-04,espresso,69,54.54471954272443,55.66491137870731,0.9798761588182215
2025-11-04,hot_chocolate,15,27.518918860935948,28.084078394279036,0.9798761588182215
2025-11-04,iced_latte,33,33.44173873849809,34.128535976250774,0.9798761588182215
2025-11-04,latte,85,68.18089942840554,69.58113922338414,0.9798761588182215
2025-11-04,masala_chai,64,54.79072387528278,55.91596793350199,0.9798761588182215
2025-11-04,sandwich,37,37.38165912284745,38.149371006160166,0.9798761588182215
2025-11-05,americano,25,47.262108406495024,40.551540002880664,1.1654824552443055
2025-11-05,cappuccino,64,70.89316260974255,60.827310004321006,1.1654824552443055
2025-11-05,cold_coffee,52,46.105746079490245,39.559365198531175,1.1654824552443055
2025-11-05,croissant,32,39.499289455329944,33.890934417412744,1.1654824552443055
2025-11-05,espresso,69,70.35783128474989,60.367988353802936,1.1654824552443055
2025-11-05,hot_chocolate,37,38.46806915766703,33.00613319794973,1.1654824552443055
2025-11-05,iced_latte,47,44.560965927342366,38.23392255012677,1.1654824552443055
2025-11-05,latte,55,78.77018067749172,67.58590000480112,1.1654824552443055
2025-11-05,masala_chai,101,76.70567576705736,65.814526355078,1.1654824552443055
2025-11-05,sandwich,41,41.400324776709446,35.522048908090355,1.1654824552443055
2025-11-06,americano,35,39.76170292423863,43.66327516745222,0.910644077242242
2025-11-06,cappuccino,36,59.64255438635793,65.49491275117832,0.910644077242242
2025-11-06,cold_coffee,36,36.09422619383277,39.63593142025266,0.910644077242242
2025-11-06,croissant,40,32.49148355546666,35.679673724846005,0.910644077242242
2025-11-06,espresso,54,59.192179110517046,65.0003449094758,0.910644077242242
2025-11-06,hot_chocolate,58,42.082274161082125,46.21154983901328,0.910644077242242
2025-11-06,iced_latte,21,27.070669645374583,29.726948565189502,0.910644077242242
2025-11-06,latte,48,66.26950487373104,72.77212527908704,0.910644077242242
2025-11-06,masala_chai,81,83.53567543092906,91.73251934378705,0.910644077242242
2025-11-06,sandwich,29,34.055244796104084,37.39687727310062,0.910644077242242
2025-11-07,americano,47,52.26448977021038,47.421129718447354,1.1021350625874884
2025-11-07,cappuccino,78,78.39673465531557,71.13169457767103,1.1021350625874884
2025-11-07,cold_coffee,50,51.39525592059007,46.63244793240599,1.1021350625874884
2025-11-07,croissant,50,43.78936449584554,39.731395889938405,1.1021350625874884
2025-11-07,espresso,87,77.80474205274038,70.59456204040707,1.1021350625874884
2025-11-07,hot_chocolate,52,42.49714127458698,38.55892323651896,1.1021350625874884
2025-11-07,iced_latte,51,38.54644194044254,34.97433594930448,1.1021350625874884
2025-11-07,latte,96,87.10748295035063,79.03521619741225,1.1021350625874884
2025-11-07,masala_chai,81,84.782062228733,76.92529264942328,1.1021350625874884
2025-11-07,sandwich,40,45.89687401703596,41.64360210924025,1.1021350625874884
2025-11-08,americano,57,44.553393328656774,47.79834749496417,0.932111582588723
2025-11-08,cappuccino,48,66.83008999298515,71.69752124244624,0.932111582588723
2025-11-08,cold_coffee,44,55.78129858257389,59.84401398344855,0.932111582588723
2025-11-08,croissant,59,42.39882360290127,45.486854143737176,0.932111582588723
2025-11-08,espresso,65,59.40452443820901,63.731129993285535,0.932111582588723
2025-11-08,hot_chocolate,46,38.54498384151747,41.35232794175538,0.932111582588723
2025-11-08,iced_latte,66,53.912337547590745,57.83893104070414,0.932111582588723
2025-11-08,latte,94,74.25565554776126,79.66391249160692,0.932111582588723
2025-11-08,masala_chai,53,59.61280455132146,63.954579757244055,0.932111582588723
2025-11-08,sandwich,26,40.916347253149475,43.896404698151954,0.932111582588723
2025-11-09,americano,92,55.867110760433405,50.15361159182721,1.1139199947374725
2025-11-09,cappuccino,81,83.80066614065008,75.23041738774079,1.1139199947374725
2025-11-09,cold_coffee,69,66.13685732140249,59.373076732489714,1.1139199947374725
2025-11-09,croissant,47,52.243116740849445,46.90024147843943,1.1139199947374725
2025-11-09,espresso,74,74.48948101391119,66.87148212243626,1.1139199947374725
2025-11-09,hot_chocolate,53,37.76983395166771,33.907133483647776,1.1139199947374725
2025-11-09,iced_latte,41,49.60264299105187,44.52980754936729,1.1139199947374725
2025-11-09,latte,67,93.11185126738899,83.58935265304532,1.1139199947374725
2025-11-09,masala_chai,70,75.01273663907125,67.34122467812436,1.1139199947374725
2025-11-09,sandwich,37,50.41643433732324,45.260372895277214,1.1139199947374725
2025-11-10,americano,51,51.723312916428455,49.02444616083277,1.0550514481436795
2025-11-10,cappuccino,50,60.20593623472272,57.06445533120934,1.0550514481436795
2025-11-10,cold_coffee,68,50.121690983466905,47.50639513518891,1.0550514481436795
2025-11-10,croissant,33,35.08016329525052,33.24971816016428,1.0550514481436795
2025-11-10,espresso,60,68.96441722190461,65.36592821444368,1.0550514481436795
2025-11-10,hot_chocolate,22,26.544982314439977,25.15989372949045,1.0550514481436795
2025-11-10,iced_latte,32,37.59126823760019,35.62979635139169,1.0550514481436795
2025-11-10,latte,59,66.89548470524747,63.40495036801038,1.0550514481436795
2025-11-10,masala_chai,67,53.30274977397221,50.521469704398065,1.0550514481436795
2025-11-10,sandwich,49,38.2692690493642,36.2724198110883,1.0550514481436795
2025-11-11,americano,44,41.78060775254321,41.37388247459822,1.00983048371626
2025-11-11,cappuccino,63,62.67091162881482,62.060823711897335,1.00983048371626
2025-11-11,cold_coffee,53,47.020342291101116,46.56260931840991,1.00983048371626
2025-11-11,croissant,58,35.34872334759319,35.00461108829569,1.00983048371626
2025-11-11,espresso,53,55.707477003390956,55.16517663279763,1.00983048371626
2025-11-11,hot_chocolate,26,27.99335594694752,27.72084661569103,1.00983048371626
2025-11-11,iced_latte,37,35.26525671832583,34.92195698880743,1.00983048371626
2025-11-11,latte,65,69.6343462542387,68.95647079099705,1.00983048371626
2025-11-11,masala_chai,51,55.84691992692733,55.30326210930574,1.00983048371626
2025-11-11,sandwich,44,38.56224365191984,38.18684845995893,1.00983048371626
2025-11-12,americano,41,39.82661298436872,42.23499845536208,0.9429765464881272
2025-11-12,cappuccino,62,59.73991947655308,63.35249768304311,0.9429765464881272
2025-11-12,cold_coffee,54,46.27877242608892,49.07733134874061,0.9429765464881272
2025-11-12,croissant,36,34.0341805974029,36.09228747433266,0.9429765464881272
2025-11-12,espresso,89,53.102150645824956,56.3133312738161,0.9429765464881272
2025-11-12,hot_chocolate,35,26.577639678199336,28.184836385571725,0.9429765464881272
2025-11-12,iced_latte,32,34.7090793195667,36.80799851155546,0.9429765464881272
2025-11-12,latte,52,66.37768830728119,70.39166409227012,0.9429765464881272
2025-11-12,masala_chai,52,53.12870836002313,56.341494979792756,0.9429765464881272
2025-11-12,sandwich,29,37.12819701534862,39.37340451745381,0.9429765464881272
2025-11-13,americano,44,41.51706879224214,41.99241443073422,0.9886802022475714
2025-11-13,cappuccino,70,62.27560318836322,62.988621646101336,0.9886802022475714
2025-11-13,cold_coffee,47,42.83404975121837,43.324474035025204,0.9886802022475714
2025-11-13,croissant,26,35.31043179193049,35.714715144147846,0.9886802022475714
2025-11-13,espresso,57,61.80534512760967,62.51297941144901,0.9886802022475714
2025-11-13,hot_chocolate,21,33.556288410247994,33.94048786853861,0.9886802022475714
2025-11-13,iced_latte,42,32.12553731341378,32.4933555262689,0.9886802022475714
2025-11-13,latte,61,69.19511465373688,69.98735738455701,0.9886802022475714
2025-11-13,masala_chai,84,86.5285328600215,87.51923287562124,0.9886802022475714
2025-11-13,sandwich,25,37.00986433806618,37.43360517782341,0.9886802022475714
2025-11-14,americano,63,48.30675684869031,44.25778933995936,1.091485986288864
2025-11-14,cappuccino,57,72.46013527303548,66.38668400993905,1.091485986288864
2025-11-14,cold_coffee,86,72.33602117481463,66.27297288604011,1.091485986288864
2025-11-14,croissant,30,41.28096173552167,37.82088112361397,1.091485986288864
2025-11-14,espresso,61,64.40900913158708,59.01038578661249,1.091485986288864
2025-11-14,hot_chocolate,43,32.23672517798038,29.534712843714757,1.091485986288864
2025-11-14,iced_latte,34,42.099564323742115,38.57087021967534,1.091485986288864
2025-11-14,latte,81,80.51126141448385,73.7629822332656,1.091485986288864
2025-11-14,masala_chai,75,64.44122168862104,59.03989835703355,1.091485986288864
2025-11-14,sandwich,50,45.0337764387509,41.2591430439425,1.091485986288864
2025-11-15,americano,53,52.96548829645272,50.070480832292446,1.0578186471557343
2025-11-15,cappuccino,61,79.44823244467908,75.10572124843867,1.0578186471557343
2025-11-15,cold_coffee,67,63.205471993913136,59.75076367188287,1.0578186471557343
2025-11-15,croissant,69,49.653696251021444,46.93970595482547,1.0578186471557343
2025-11-15,espresso,72,70.62065106193697,66.76064110972327,1.0578186471557343
2025-11-15,hot_chocolate,32,35.77235645697289,33.81709762174991,1.0578186471557343
2025-11-15,iced_latte,67,47.40410399543486,44.81307275391217,1.0578186471557343
2025-11-15,latte,81,88.27581382742119,83.45080138715407,1.0578186471557343
2025-11-15,masala_chai,81,71.08118039271872,67.19599865614205,1.0578186471557343
2025-11-15,sandwich,31,47.91755302546124,45.298457494866526,1.0578186471557343
2025-11-16,americano,39,57.65414867473997,49.06336063073019,1.1750957931452632
2025-11-16,cappuccino,50,86.48122301210996,73.59504094609528,1.1750957931452632
2025-11-16,cold_coffee,81,66.63383953369274,56.7050277282846,1.1750957931452632
2025-11-16,croissant,61,53.51138868635043,45.53789486652978,1.1750957931452632
2025-11-16,espresso,75,99.06211112498278,84.30130692565325,1.1750957931452632
2025-11-16,hot_chocolate,45,39.0950984247705,33.26971184206906,1.1750957931452632
2025-11-16,iced_latte,63,49.975379650269566,42.528770796213465,1.1750957931452632
2025-11-16,latte,88,96.09024779123328,81.77226771788364,1.1750957931452632
2025-11-16,masala_chai,70,77.52839681106634,65.9762355233642,1.1750957931452632
2025-11-16,sandwich,61,51.64036110990461,43.94566078028748,1.1750957931452632
2025-11-17,americano,44,40.2011082153778,41.58155181384956,0.9668015372622054
2025-11-17,cappuccino,51,60.301662323066694,62.37232772077433,0.9668015372622054
2025-11-17,cold_coffee,35,41.76432820885082,43.1984503532331,0.9668015372622054
2025-11-17,croissant,33,33.17261006321403,34.31170595482547,0.9668015372622054
2025-11-17,espresso,77,53.60147762050373,55.442069085132744,0.9668015372622054
2025-11-17,hot_chocolate,23,27.20578010764021,28.139984328822756,0.9668015372622054
2025-11-17,iced_latte,29,31.32324615663812,32.39883776492483,0.9668015372622054
2025-11-17,latte,82,67.00184702562966,69.30258635641593,0.9668015372622054
2025-11-17,masala_chai,35,54.00500002014669,55.85944781705497,0.9668015372622054
2025-11-17,sandwich,24,36.18830188714258,37.43095195071869,0.9668015372622054
2025-11-18,americano,48,44.54599986527359,44.488483600950474,1.0012928349017023
2025-11-18,cappuccino,59,66.8189997979104,66.73272540142571,1.0012928349017023
2025-11-18,cold_coffee,27,34.7351124832455,34.69026369958542,1.0012928349017023
2025-11-18,croissant,36,34.71237180916568,34.66755238748255,1.0012928349017023
2025-11-18,espresso,82,66.31443345639434,66.22881053863176,1.0012928349017023
2025-11-18,hot_chocolate,34,37.28689785754439,37.238754296294225,1.0012928349017023
2025-11-18,iced_latte,27,33.57130716808521,33.52796104985704,1.0012928349017023
2025-11-18,latte,76,74.24333310878932,74.14747266825078,1.0012928349017023
2025-11-18,masala_chai,64,73.31675629654343,73.22209222014557,1.0012928349017023
2025-11-18,sandwich,19,36.383020719767224,36.33604421361806,1.0012928349017023
2025-11-19,americano,54,54.505354067156986,54.59124818544985,0.998426595449859
2025-11-19,cappuccino,74,63.44423213417074,63.54421288786363,0.998426595449859
2025-11-19,cold_coffee,36,44.29377721820185,44.3635790753796,0.998426595449859
2025-11-19,croissant,35,34.98873499323124,35.04387318275155,0.998426595449859
2025-11-19,espresso,55,56.39487300815178,56.483744789212125,0.998426595449859
2025-11-19,hot_chocolate,36,28.594976904799342,28.64003927290755,0.998426595449859
2025-11-19,iced_latte,43,33.22033291365138,33.27268430653469,0.998426595449859
2025-11-19,latte,53,70.49359126018972,70.60468098651515,0.998426595449859
2025-11-19,masala_chai,65,56.791022023154184,56.88051808913,0.998426595449859
2025-11-19,sandwich,24,38.169529083524985,38.22967983572895,0.998426595449859
2025-11-20,americano,58,50.0468960335261,42.38820185392631,1.1806798553520237
2025-11-20,cappuccino,79,75.07034405028915,63.582302780889464,1.1806798553520237
2025-11-20,cold_coffee,71,57.691422567384365,48.86288379179932,1.1806798553520237
2025-11-20,croissant,28,42.66122640813003,36.132763860369614,1.1806798553520237
2025-11-20,espresso,72,66.72919471136814,56.51760247190175,1.1806798553520237
2025-11-20,hot_chocolate,31,33.431393324098536,28.3153753937225,1.1806798553520237
2025-11-20,iced_latte,37,43.268566925538266,36.647162843849486,1.1806798553520237
2025-11-20,latte,102,83.41149338921016,70.64700308987719,1.1806798553520237
2025-11-20,masala_chai,52,66.79595728180118,56.57414834259685,1.1806798553520237
2025-11-20,sandwich,56,46.539519717960026,39.417560574948666,1.1806798553520237
2025-11-21,americano,35,45.826190817187445,47.871958982460605,0.957265835600697
2025-11-21,cappuccino,54,68.73928622578117,71.80793847369091,0.957265835600697
2025-11-21,cold_coffee,37,43.995373556170335,45.9594105628586,0.957265835600697
2025-11-21,croissant,31,38.1082037002071,39.80942626694046,0.957265835600697
2025-11-21,espresso,69,68.22021933950235,71.26569945609023,0.957265835600697
2025-11-21,hot_chocolate,48,37.37400542084649,39.042451982414896,0.957265835600697
2025-11-21,iced_latte,42,32.996530167127744,34.46955792214394,0.957265835600697
2025-11-21,latte,61,76.3769846953124,79.786598304101,0.957265835600697
2025-11-21,masala_chai,92,74.44961598589748,77.77318819612879,0.957265835600697
2025-11-21,sandwich,38,39.94228837027054,41.725387958932245,0.957265835600697
2025-11-22,americano,28,44.07320642345316,49.82473843889207,0.8845647323870466
2025-11-22,cappuccino,69,85.19305365358217,96.3107057452811,0.8845647323870466
2025-11-22,cold_coffee,38,46.69714641339908,52.791101322098,0.8845647323870466
2025-11-22,croissant,48,41.12137895162589,46.487698916796724,0.8845647323870466
2025-11-22,espresso,74,65.61059855918592,74.17274977958041,0.8845647323870466
2025-11-22,hot_chocolate,36,36.0523365104788,40.757148901007604,0.8845647323870466
2025-11-22,iced_latte,34,35.02285981004931,39.5933259915735,0.8845647323870466
2025-11-22,latte,76,73.45534403908859,83.04123073148678,0.8845647323870466
2025-11-22,masala_chai,59,71.70918590586544,81.06719981063937,0.8845647323870466
2025-11-22,sandwich,34,38.12735012627097,43.10295078505133,0.8845647323870466
2025-11-23,americano,53,56.19881986852784,50.37787040239994,1.1155457628445247
2025-11-23,cappuccino,106,84.29822980279175,75.5668056035999,1.1155457628445247
2025-11-23,cold_coffee,58,65.99942964526889,59.16335469463599,1.1155457628445247
2025-11-23,croissant,31,52.42208932629388,46.99232525667352,1.1155457628445247
2025-11-23,espresso,49,74.93175982470379,67.17049386986659,1.1155457628445247
2025-11-23,hot_chocolate,40,38.032104176352036,34.09282294199582,1.1155457628445247
2025-11-23,iced_latte,51,49.49957223395168,44.372516020977,1.1155457628445247
2025-11-23,latte,76,93.66469978087972,83.96311733733322,1.1155457628445247
2025-11-23,masala_chai,69,75.49586075766702,67.6761664758248,1.1155457628445247
2025-11-23,sandwich,46,50.58914914005983,45.349236960985635,1.1155457628445247
2025-11-24,americano,40,37.53196241635745,41.31132686454181,0.9085150554331808
2025-11-24,cappuccino,79,56.29794362453617,61.9669902968127,0.9085150554331808
2025-11-24,cold_coffee,29,39.938506005285475,43.960202713693896,0.9085150554331808
2025-11-24,croissant,44,31.2032693313793,34.345351950718694,0.9085150554331808
2025-11-24,espresso,46,50.04261655514326,55.0817691527224,0.9085150554331808
2025-11-24,hot_chocolate,22,25.323372738905658,27.873366090594338,0.9085150554331808
2025-11-24,iced_latte,47,29.953879503964107,32.970152035270424,0.9085150554331808
2025-11-24,latte,70,62.55327069392909,68.85221144090302,0.9085150554331808
2025-11-24,masala_chai,45,50.34377482581185,55.41325322540516,0.9085150554331808
2025-11-24,sandwich,27,34.03993017968651,37.4676566735113,0.9085150554331808
2025-11-25,americano,48,49.9135187427038,42.504533716215704,1.1743104647601752
2025-11-25,cappuccino,60,74.8702781140557,63.756800574323556,1.1743104647601752
2025-11-25,cold_coffee,50,51.85440579549749,44.15732240458873,1.1743104647601752
2025-11-25,croissant,25,41.186966420524534,35.07331975359343,1.1743104647601752
2025-11-25,espresso,42,66.55135832360507,56.67271162162094,1.1743104647601752
2025-11-25,hot_chocolate,36,33.77857665110679,28.764604987153252,1.1743104647601752
2025-11-25,iced_latte,42,38.89080434662313,33.117991803441555,1.1743104647601752
2025-11-25,latte,75,83.18919790450634,70.84088952702618,1.1743104647601752
2025-11-25,masala_chai,79,67.05236995616437,57.09935487108021,1.1743104647601752
2025-11-25,sandwich,56,44.93123609511767,38.26180336755647,1.1743104647601752
2025-11-26,americano,35,41.321582503313444,43.71581221544742,0.9452319517630293
2025-11-26,cappuccino,59,61.982373754970155,65.57371832317112,0.9452319517630293
2025-11-26,cold_coffee,43,43.27317649226136,45.780484262671216,0.9452319517630293
2025-11-26,croissant,40,34.18253758636035,36.163121149897336,0.9452319517630293
2025-11-26,espresso,45,55.095443337751256,58.28774962059656,0.9452319517630293
2025-11-26,hot_chocolate,28,27.936102091673284,29.55475853261983,0.9452319517630293
2025-11-26,iced_latte,27,32.45488236919603,34.33536319700342,0.9452319517630293
2025-11-26,latte,80,68.86930417218906,72.85968702574569,0.9452319517630293
2025-11-26,masala_chai,53,55.4824644346197,58.69719525576217,0.9452319517630293
2025-11-26,sandwich,37,37.2900410033022,39.450677618069825,0.9452319517630293
2025-11-27,americano,34,47.71998153040401,45.27929081327807,1.0539030243912348
2025-11-27,cappuccino,55,71.57997229560601,67.9189362199171,1.0539030243912348
2025-11-27,cold_coffee,36,44.67876042633494,42.393616293247376,1.0539030243912348
2025-11-27,croissant,38,38.117755024511034,36.16818069815196,1.0539030243912348
2025-11-27,espresso,42,63.62664204053868,60.37238775103742,1.0539030243912348
2025-11-27,hot_chocolate,35,32.7166820443584,31.043351510691895,1.0539030243912348
2025-11-27,iced_latte,30,33.509070319751196,31.79521221993552,1.0539030243912348
2025-11-27,latte,81,79.53330255067335,75.46548468879678,1.0539030243912348
2025-11-27,masala_chai,84,64.52367964074136,61.22354538076416,1.0539030243912348
2025-11-27,sandwich,44,41.58300548128475,39.45619712525667,1.0539030243912348
2025-11-28,americano,84,51.114720268453155,53.35201430726273,0.9580654251229458
2025-11-28,cappuccino,79,76.67208040267977,80.02802146089414,0.9580654251229458
2025-11-28,cold_coffee,49,46.34996532325515,48.37870578338342,0.9580654251229458
2025-11-28,croissant,34,40.423144238994034,42.19246742340864,0.9580654251229458
2025-11-28,espresso,82,68.15296035793757,71.13601907635034,0.9580654251229458
2025-11-28,hot_chocolate,44,35.184562303968164,36.72459247702528,0.9580654251229458
2025-11-28,iced_latte,17,34.76247399244134,36.28402933753755,0.9580654251229458
2025-11-28,latte,97,85.19120044742195,88.92002384543791,0.9580654251229458
2025-11-28,masala_chai,76,69.25217801504479,72.28334954907474,0.9580654251229458
2025-11-28,sandwich,46,44.09797553344803,46.02814628008214,0.9580654251229458
2025-11-29,americano,48,56.705977235907824,60.63380009176913,0.9352205725203343
2025-11-29,cappuccino,115,85.05896585386175,90.95070013765371,0.9352205725203343
2025-11-29,cold_coffee,28,47.21114398742634,50.481293263466824,0.9352205725203343
2025-11-29,croissant,39,47.50390510647258,50.79433291170432,0.9352205725203343
2025-11-29,espresso,121,75.60796964787711,80.84506678902552,0.9352205725203343
2025-11-29,hot_chocolate,42,40.06144961553182,42.83636480276504,0.9352205725203343
2025-11-29,iced_latte,24,35.408357990569755,37.86096994760012,0.9352205725203343
2025-11-29,latte,101,94.50996205984639,101.0563334862819,0.9352205725203343
2025-11-29,masala_chai,56,77.83270349385388,83.22390009460746,0.9352205725203343
2025-11-29,sandwich,47,45.84292940344904,49.01830728542094,0.9352205725203343
2025-11-30,americano,45,60.93470036746683,61.81165446222814,0.9858124798245419
2025-11-30,cappuccino,95,91.40205055120028,92.71748169334224,0.9858124798245419
2025-11-30,cold_coffee,32,41.58060487023616,42.17902057563403,0.9858124798245419
2025-11-30,croissant,71,63.852879892698226,64.77183155975361,0.9858124798245419
2025-11-30,espresso,69,90.71185167972412,92.0173496848704,0.9858124798245419
2025-11-30,hot_chocolate,49,52.66349104776098,53.42140835662194,0.9858124798245419
2025-11-30,iced_latte,38,31.185453652677122,31.634265431725524,0.9858124798245419
2025-11-30,latte,84,101.55783394577806,103.01942410371356,0.9858124798245419
2025-11-30,masala_chai,136,101.90791654256105,103.3745449851669,0.9858124798245419
2025-11-30,sandwich,49,45.94213394974826,46.60331948518768,0.9858124798245419
2025-12-01,americano,40,42.82936601541232,48.75402455805738,0.8784785749207258
2025-12-01,cappuccino,62,64.24404902311849,73.13103683708609,0.8784785749207258
2025-12-01,cold_coffee,30,33.05645510884931,37.629210378673534,0.8784785749207258
2025-12-01,croissant,43,33.07691772565025,37.65250362381931,0.8784785749207258
2025-12-01,espresso,42,57.105821353883094,65.00536607740985,0.8784785749207258
2025-12-01,hot_chocolate,45,38.33493570647365,43.637872113082565,0.8784785749207258
2025-12-01,iced_latte,39,24.792341331636983,28.22190778400515,0.8784785749207258
2025-12-01,latte,76,71.38227669235388,81.25670759676233,0.8784785749207258
2025-12-01,masala_chai,57,58.28857246993766,66.3517291530959,0.8784785749207258
2025-12-01,sandwich,46,34.515044583287214,39.28956899876797,0.8784785749207258
2025-12-02,americano,36,45.89857229194937,50.18523424793509,0.9145832032026014
2025-12-02,cappuccino,64,68.84785843792406,75.27785137190264,0.9145832032026014
2025-12-02,cold_coffee,36,38.0700119130461,41.625531476782115,0.9145832032026014
2025-12-02,croissant,28,36.25385469663932,39.63975565010267,0.9145832032026014
2025-12-02,espresso,70,61.19809638926584,66.91364566391347,0.9145832032026014
2025-12-02,hot_chocolate,24,31.594052906633465,34.54475524588729,0.9145832032026014
2025-12-02,iced_latte,19,28.552508934784573,31.219148607586583,0.9145832032026014
2025-12-02,latte,75,76.49762048658229,83.64205707989183,0.9145832032026014
2025-12-02,masala_chai,72,62.18514123338017,67.99287480420162,0.9145832032026014
2025-12-02,sandwich,41,37.83010924866712,41.36322328706366,0.9145832032026014
2025-12-03,americano,47,45.928036291825364,51.44017228291565,0.8928437494187597
2025-12-03,cappuccino,60,68.89205443773807,77.1602584243735,0.8928437494187597
2025-12-03,cold_coffee,57,33.8232791152251,37.8826408733264,0.8928437494187597
2025-12-03,croissant,41,36.10499669567988,40.438202898529774,0.8928437494187597
2025-12-03,espresso,61,68.37183396194067,76.577602751266,0.8928437494187597
2025-12-03,hot_chocolate,38,38.29025342434718,42.88572714909422,0.8928437494187597
2025-12-03,iced_latte,33,25.367459336418825,28.411980654994803,0.8928437494187597
2025-12-03,latte,93,98.64268963020915,110.48146967980168,0.8928437494187597
2025-12-03,masala_chai,76,75.44037163750292,84.49448370626386,0.8928437494187597
2025-12-03,sandwich,44,46.64605262974436,52.24436264476387,0.8928437494187597
2025-12-04,americano,22,47.53811134955738,48.017107702513194,0.9900244646986361
2025-12-04,cappuccino,51,71.30716702433607,72.02566155376978,0.9900244646986361
2025-12-04,cold_coffee,26,37.622613298245305,38.0017006041337,0.9900244646986361
2025-12-04,croissant,40,38.22108240773231,38.60619991786448,0.9900244646986361
2025-12-04,espresso,69,70.76870945241551,71.48177845681575,0.9900244646986361
2025-12-04,hot_chocolate,36,39.27748187974778,39.673243723026445,0.9900244646986361
2025-12-04,iced_latte,27,28.216959973683984,28.50127545310028,0.9900244646986361
2025-12-04,latte,62,79.23018558259562,80.02851283752197,0.9900244646986361
2025-12-04,masala_chai,106,77.73445186590142,78.51770803417855,0.9900244646986361
2025-12-04,sandwich,36,38.31883453665235,38.7049370020534,0.9900244646986361
2025-12-05,americano,65,49.94352695615727,53.17871072355818,0.939163930012923
2025-12-05,cappuccino,76,74.91529043423589,79.76806608533725,0.939163930012923
2025-12-05,cold_coffee,43,36.48738045390153,38.85091759582319,0.939163930012923
2025-12-05,croissant,43,39.163626928124444,41.700522855030805,0.939163930012923
2025-12-05,espresso,91,74.34958705447359,79.16571822924517,0.939163930012923
2025-12-05,hot_chocolate,50,41.67963112317314,44.37950584686491,0.939163930012923
2025-12-05,iced_latte,27,27.365535340426145,29.138188196867393,0.939163930012923
2025-12-05,latte,79,83.23921159359544,88.63118453926363,0.939163930012923
2025-12-05,masala_chai,82,82.07715567618584,87.39385431365156,0.939163930012923
2025-12-05,sandwich,44,39.263789656840885,41.80717380862424,0.939163930012923
2025-12-06,americano,38,51.95231109872278,54.030027899844136,0.9615451466178616
2025-12-06,cappuccino,64,77.92846664808418,81.0450418497662,0.9615451466178616
2025-12-06,cold_coffee,60,51.931284725711514,54.00816062394427,0.9615451466178616
2025-12-06,croissant,35,47.3250723509421,49.21773305954825,0.9615451466178616
2025-12-06,espresso,67,69.26974813163038,72.04003719979218,0.9615451466178616
2025-12-06,hot_chocolate,43,35.47616616697548,36.89495630211366,0.9615451466178616
2025-12-06,iced_latte,47,38.94846354428363,40.50612046795819,0.9615451466178616
2025-12-06,latte,87,86.58718516453797,90.05004649974022,0.9615451466178616
2025-12-06,masala_chai,99,70.10599254075586,72.90972533879105,0.9615451466178616
2025-12-06,sandwich,41,43.684682170100395,45.43175359342915,0.9615451466178616
2025-12-07,americano,51,47.314160319612455,52.83530740379333,0.8955026978080101
2025-12-07,cappuccino,73,70.97124047941868,79.25296110568999,0.8955026978080101
2025-12-07,cold_coffee,49,50.825836447499235,56.75676530278412,0.8955026978080101
2025-12-07,croissant,32,44.08077055706722,49.224609445585216,0.8955026978080101
2025-12-07,espresso,61,63.08554709281661,70.44707653839112,0.8955026978080101
2025-12-07,hot_chocolate,23,32.019481521174164,35.75587387905216,0.8955026978080101
2025-12-07,iced_latte,46,38.119377335624414,42.567573977088074,0.8955026978080101
2025-12-07,latte,80,78.85693386602075,88.05884567298888,0.8955026978080101
2025-12-07,masala_chai,63,63.560467421056686,70.97741589906816,0.8955026978080101
2025-12-07,sandwich,33,40.68994205267743,45.43810102669405,0.8955026978080101
2025-12-08,americano,27,40.60665773104907,41.712669522014494,0.9734849914033502
2025-12-08,cappuccino,52,60.90998659657361,62.56900428302175,0.9734849914033502
2025-12-08,cold_coffee,37,40.484731708255836,41.58742257535385,0.9734849914033502
2025-12-08,croissant,22,33.972240558067355,34.8975493798768,0.9734849914033502
2025-12-08,espresso,60,54.14221030806543,55.61689269601933,0.9734849914033502
2025-12-08,hot_chocolate,20,27.315844776730927,28.059851993560915,0.9734849914033502
2025-12-08,iced_latte,39,30.36354878119188,31.19056693151539,0.9734849914033502
2025-12-08,latte,64,67.6777628850818,69.52111587002418,0.9734849914033502
2025-12-08,masala_chai,57,54.38639926754182,55.86773267982265,0.9734849914033502
2025-12-08,sandwich,54,45.68208053527658,46.926332648870634,0.9734849914033502
2025-12-09,americano,27,41.617108424085735,42.49042089561485,0.9794468387669174
2025-12-09,cappuccino,62,62.425662636128614,63.735631343422284,0.9794468387669174
2025-12-09,cold_coffee,51,41.82541689407663,42.70310060598397,0.9794468387669174
2025-12-09,croissant,28,34.904754191796926,35.637211546611915,0.9794468387669174
2025-12-09,espresso,61,71.50705914791364,73.00759604057535,0.9794468387669174
2025-12-09,hot_chocolate,23,27.967587064925745,28.554471726240667,0.9794468387669174
2025-12-09,iced_latte,31,31.369062670557476,32.02732545448798,0.9794468387669174
2025-12-09,latte,58,69.36184737347624,70.8173681593581,0.9794468387669174
2025-12-09,masala_chai,53,55.71188031867943,56.88096394166564,0.9794468387669174
2025-12-09,sandwich,35,36.42235220013592,37.186655526899386,0.9794468387669174
2025-12-10,americano,39,44.465259665239955,43.592168498215194,1.0200286243401842
2025-12-10,cappuccino,83,66.69788949785992,65.38825274732278,1.0200286243401842
2025-12-10,cold_coffee,60,45.40858000512297,44.516966408169154,1.0200286243401842
2025-12-10,croissant,35,37.48046646045022,36.7445241889117,1.0200286243401842
2025-12-10,espresso,52,59.2870128869866,58.122891330953586,1.0200286243401842
2025-12-10,hot_chocolate,27,29.821902134039153,29.236338493274886,1.0200286243401842
2025-12-10,iced_latte,54,43.88715851010596,43.02541856459647,1.0200286243401842
2025-12-10,latte,67,74.10876610873324,72.65361416369197,1.0200286243401842
2025-12-10,masala_chai,62,59.46514098419732,58.29752181970672,1.0200286243401842
2025-12-10,sandwich,35,39.11005195873067,38.34211219712526,1.0200286243401842
2025-12-11,americano,63,41.34094658701719,44.478998698917614,0.9294486790689201
2025-12-11,cappuccino,61,62.011419880525786,66.71849804837642,0.9294486790689201
2025-12-11,cold_coffee,43,51.03180582071758,54.90545843998503,0.9294486790689201
2025-12-11,croissant,43,34.15691832461632,36.749655030800824,0.9294486790689201
2025-12-11,espresso,57,55.121262116022926,59.30533159855682,0.9294486790689201
2025-12-11,hot_chocolate,25,27.94919348330177,30.07072269046637,0.9294486790689201
2025-12-11,iced_latte,26,29.70051098765763,31.954976812071287,0.9294486790689201
2025-12-11,latte,102,68.90157764502865,74.13166449819602,0.9294486790689201
2025-12-11,masala_chai,52,55.50846457837789,59.72192529660032,0.9294486790689201
2025-12-11,sandwich,29,35.64200173003443,38.34746611909652,0.9294486790689201
2025-12-12,americano,49,41.02231378864192,49.40625291225775,0.8303061124974372
2025-12-12,cappuccino,50,61.53347068296288,74.10937936838663,0.8303061124974372
2025-12-12,cold_coffee,44,39.611086012580145,47.70660533069652,0.8303061124974372
2025-12-12,croissant,44,33.9784961273394,40.922854373716625,0.8303061124974372
2025-12-12,espresso,56,54.696418384855896,65.87500388301034,0.8303061124974372
2025-12-12,hot_chocolate,24,27.706056882239178,33.368484785573216,0.8303061124974372
2025-12-12,iced_latte,27,29.70831450943511,35.77995399802239,0.8303061124974372
2025-12-12,latte,46,68.37052298106984,82.34375485376289,0.8303061124974372
2025-12-12,masala_chai,42,55.053103073769954,66.30458603776674,0.8303061124974372
2025-12-12,sandwich,33,35.45582204591938,42.70210891170432,0.8303061124974372
2025-12-13,americano,30,47.104739874446494,51.832506000421375,0.9087876220776119
2025-12-13,cappuccino,68,70.65710981166974,77.74875900063206,0.9087876220776119
2025-12-13,cold_coffee,56,53.94520579042904,59.35952964137317,0.9087876220776119
2025-12-13,croissant,26,44.77221081284265,49.26586776180699,0.9087876220776119
2025-12-13,espresso,68,62.80631983259531,69.11000800056182,0.9087876220776119
2025-12-13,hot_chocolate,35,31.623753211489692,34.797737604737065,0.9087876220776119
2025-12-13,iced_latte,48,40.45890434282178,44.51964723102988,0.9087876220776119
2025-12-13,latte,78,78.50789979074413,86.38751000070228,0.9087876220776119
2025-12-13,masala_chai,51,63.02652708991484,69.35231682164381,0.9087876220776119
2025-12-13,sandwich,38,41.32819459647014,45.476185626283375,0.9087876220776119
2025-12-14,americano,44,50.99074384356939,51.81594089835575,0.9840744558435194
2025-12-14,cappuccino,70,98.56458217184804,100.15967957156394,0.9840744558435194
2025-12-14,cold_coffee,46,53.05023615304501,53.90876253115617,0.9840744558435194
2025-12-14,croissant,67,47.033407418650285,47.79456182340862,0.9840744558435194
2025-12-14,espresso,58,67.98765845809253,69.08792119780766,0.9840744558435194
2025-12-14,hot_chocolate,34,34.645886916478005,35.20657071296559,0.9840744558435194
2025-12-14,iced_latte,29,39.78767711478377,40.43157189836714,0.9840744558435194
2025-12-14,latte,91,84.98457307261565,86.35990149725957,0.9840744558435194
2025-12-14,masala_chai,75,68.63661889480285,69.74738393749848,0.9840744558435194
2025-12-14,sandwich,41,43.41545300183104,44.11805706776181,0.9840744558435194
2025-12-15,americano,58,41.14175681223603,42.49056929543961,0.9682561917722212
2025-12-15,cappuccino,63,79.52659177622942,82.13383240097862,0.9682561917722212
2025-12-15,cold_coffee,38,38.78433616627824,40.055861760398756,0.9682561917722212
2025-12-15,croissant,30,33.82280526143969,34.931669478439424,0.9682561917722212
2025-12-15,espresso,76,54.85567574964802,56.65409239391946,0.9682561917722212
2025-12-15,hot_chocolate,42,27.87021284327642,28.78392421355441,0.9682561917722212
2025-12-15,iced_latte,28,29.088252124708692,30.041896320299077,0.9682561917722212
2025-12-15,latte,99,68.56959468706005,70.81761549239934,0.9682561917722212
2025-12-15,masala_chai,68,55.296281227663904,57.10914290819444,0.9682561917722212
2025-12-15,sandwich,27,35.29336201193708,36.45043771663245,0.9682561917722212
2025-12-16,americano,28,45.52552861761456,44.8245404646239,1.0156384905617468
2025-12-16,cappuccino,57,68.28829292642185,67.23681069693586,1.0156384905617468
2025-12-16,cold_coffee,53,38.6778122451696,38.08226313260047,1.0156384905617468
2025-12-16,croissant,34,36.22990697970416,35.672049963039015,1.0156384905617468
2025-12-16,espresso,60,60.700704823486085,59.766053952831875,1.0156384905617468
2025-12-16,hot_chocolate,34,31.243399223635887,30.762322926886366,1.0156384905617468
2025-12-16,iced_latte,22,29.00835918387719,28.56169734945034,1.0156384905617468
2025-12-16,latte,78,75.87588102935761,74.70756744103984,1.0156384905617468
2025-12-16,masala_chai,77,79.36504788586409,78.14300917442337,1.0156384905617468
2025-12-16,sandwich,32,37.80512032664782,37.223008657084186,1.0156384905617468
2025-12-17,americano,37,45.36071988149278,44.18363554925083,1.0266407306146157
2025-12-17,cappuccino,81,68.04107982223918,66.27545332387626,1.0266407306146157
2025-12-17,cold_coffee,47,57.35397543374036,55.86567308644032,1.0266407306146157
2025-12-17,croissant,31,37.76029787825071,36.78044008213553,1.0266407306146157
2025-12-17,espresso,66,60.480959841990376,58.91151406566778,1.0266407306146157
2025-12-17,hot_chocolate,26,30.574961475996435,29.781558985773167,1.0266407306146157
2025-12-17,iced_latte,36,33.380013702436884,32.51382173630826,1.0266407306146157
2025-12-17,latte,72,75.601199802488,73.63939258208475,1.0266407306146157
2025-12-17,masala_chai,58,60.814521575034085,59.23642006549502,1.0266407306146157
2025-12-17,sandwich,35,39.402049959913775,38.37958965092402,1.0266407306146157
2025-12-18,americano,48,44.749798049440315,45.442744960060324,0.9847512092143853
2025-12-18,cappuccino,70,67.12469707416048,68.1641174400905,0.9847512092143853
2025-12-18,cold_coffee,56,44.259932225291934,44.945293604261344,0.9847512092143853
2025-12-18,croissant,24,37.34498499904619,37.92326899383984,0.9847512092143853
2025-12-18,espresso,49,59.66639739925375,60.590326613413765,0.9847512092143853
2025-12-18,hot_chocolate,28,30.133027331213313,30.599634759781445,0.9847512092143853
2025-12-18,iced_latte,37,33.19494916896895,33.708970203196,0.9847512092143853
2025-12-18,latte,64,74.58299674906719,75.7379082667672,0.9847512092143853
2025-12-18,masala_chai,44,59.965476460822835,60.89403688944143,0.9847512092143853
2025-12-18,sandwich,40,38.96867999900472,39.5721067761807,0.9847512092143853
2025-12-19,americano,43,54.1660593940413,49.70242338576057,1.0898072106793797
2025-12-19,cappuccino,92,81.24908909106196,74.55363507864087,1.0898072106793797
2025-12-19,cold_coffee,43,51.47248398536849,47.230816130571235,1.0898072106793797
2025-12-19,croissant,38,44.64160189286927,40.962843203285416,1.0898072106793797
2025-12-19,espresso,89,72.22141252538839,66.26989784768075,1.0898072106793797
2025-12-19,hot_chocolate,21,36.65644969976154,33.635719547964925,1.0898072106793797
2025-12-19,iced_latte,55,38.60436298902637,35.42311209792843,1.0898072106793797
2025-12-19,latte,81,90.27676565673548,82.83737230960094,1.0898072106793797
2025-12-19,masala_chai,51,72.76510943415983,66.7687905907674,1.0898072106793797
2025-12-19,sandwich,51,46.58254110560272,42.74383638603697,1.0898072106793797
2025-12-20,americano,48,51.59026698688081,52.90695668284549,0.9751131083978679
2025-12-20,cappuccino,67,77.38540048032124,79.36043502426824,0.9751131083978679
2025-12-20,cold_coffee,50,50.346455727698924,51.63140080274302,0.9751131083978679
2025-12-20,croissant,38,46.64412832336698,47.834582390143744,0.9751131083978679
2025-12-20,espresso,59,68.78702264917445,70.54260891046067,0.9751131083978679
2025-12-20,hot_chocolate,35,45.53451824595665,46.69665278192276,0.9751131083978679
2025-12-20,iced_latte,39,37.7598417957742,38.72355060205727,0.9751131083978679
2025-12-20,latte,97,85.98377831146803,88.17826113807583,0.9751131083978679
2025-12-20,masala_chai,71,69.72194397481182,71.5013913507598,0.9751131083978679
2025-12-20,sandwich,38,43.056118452338744,44.154999129363446,0.9751131083978679
2025-12-21,americano,69,48.649813151315044,54.00806974470304,0.9007878522836206
2025-12-21,cappuccino,79,72.97471972697257,81.01210461705456,0.9007878522836206
2025-12-21,cold_coffee,48,49.02072468919906,54.41983322146808,0.9007878522836206
2025-12-21,croissant,36,44.42764853212462,49.32087885010266,0.9007878522836206
2025-12-21,espresso,62,64.86641753508671,72.01075965960405,0.9007878522836206
2025-12-21,hot_chocolate,37,33.187817301976565,36.843100423524696,0.9007878522836206
2025-12-21,iced_latte,34,36.7655435168993,40.81487491610107,0.9007878522836206
2025-12-21,latte,79,81.08302191885838,90.01344957450505,0.9007878522836206
2025-12-21,masala_chai,49,65.61668711826569,72.8436634129983,0.9007878522836206
2025-12-21,sandwich,47,41.010137106576586,45.52696509240247,0.9007878522836206
2025-12-22,americano,74,49.438285432118384,45.63694792898691,1.0832951736616243
2025-12-22,cappuccino,89,74.15742814817757,68.45542189348036,1.0832951736616243
2025-12-22,cold_coffee,49,41.00598387657134,37.85301077080205,1.0832951736616243
2025-12-22,croissant,48,39.04976401240644,36.04720574948665,1.0832951736616243
2025-12-22,espresso,79,65.91771390949117,60.84926390531588,1.0832951736616243
2025-12-22,hot_chocolate,37,34.03059676062216,31.413965083584767,1.0832951736616243
2025-12-22,iced_latte,38,30.754487907428512,28.389758078101544,1.0832951736616243
2025-12-22,latte,95,82.39714238686396,76.06157988164485,1.0832951736616243
2025-12-22,masala_chai,60,66.98087997982631,61.83068254003715,1.0832951736616243
2025-12-22,sandwich,29,40.747579839032824,37.61447556468173,1.0832951736616243
2025-12-23,americano,30,48.23697221192584,54.68080238716656,0.8821555300228537
2025-12-23,cappuccino,69,72.35545831788878,82.02120358074986,0.8821555300228537
2025-12-23,cold_coffee,41,42.996497412100005,48.740268522701555,0.8821555300228537
2025-12-23,croissant,44,38.96787098208842,44.173470160164264,0.8821555300228537
2025-12-23,espresso,68,64.31596294923443,72.90773651622206,0.8821555300228537
2025-12-23,hot_chocolate,36,32.90618642235509,37.30202362558743,0.8821555300228537
2025-12-23,iced_latte,25,32.24737305907502,36.55520139202618,0.8821555300228537
2025-12-23,latte,66,80.39495368654306,91.1346706452776,0.8821555300228537
2025-12-23,masala_chai,63,65.05986576593578,73.7510150440822,0.8821555300228537
2025-12-23,sandwich,42,40.66212624217923,46.09405581930185,0.8821555300228537
2025-12-24,americano,45,56.926064311001376,56.94644508676935,0.9996421062677939
2025-12-24,cappuccino,71,85.38909646650208,85.41966763015404,0.9996421062677939
2025-12-24,cold_coffee,58,49.143578155814794,49.161172631367464,0.9996421062677939
2025-12-24,croissant,33,45.529706761624446,45.546007392197126,0.9996421062677939
2025-12-24,espresso,76,75.90141908133516,75.9285934490258,0.9996421062677939
2025-12-24,hot_chocolate,51,38.98933707411105,39.003296109323955,0.9996421062677939
2025-12-24,iced_latte,39,36.85768361686109,36.87087947352559,0.9996421062677939
2025-12-24,latte,69,94.87677385166896,94.91074181128225,0.9996421062677939
2025-12-24,masala_chai,77,76.93303598540149,76.96057969450109,0.9996421062677939
2025-12-24,sandwich,65,47.509259229521156,47.526268583162214,0.9996421062677939
2025-12-25,americano,31,34.349928075773455,37.6921151707113,0.9113292772294485
2025-12-25,cappuccino,80,66.39805684750021,72.858470046478,0.9113292772294485
2025-12-25,cold_coffee,48,33.43465029791609,36.687782487973486,0.9113292772294485
2025-12-25,croissant,33,28.523024122525197,31.29826379466119,0.9113292772294485
2025-12-25,espresso,49,45.79990410103127,50.25615356094839,0.9113292772294485
2025-12-25,hot_chocolate,24,23.17640688668879,25.43143018201706,0.9113292772294485
2025-12-25,iced_latte,31,25.07598772343707,27.515836865980113,0.9113292772294485
2025-12-25,latte,49,57.24988012628909,62.82019195118549,0.9113292772294485
2025-12-25,masala_chai,34,46.075529575183985,50.55859690501679,0.9113292772294485
2025-12-25,sandwich,25,29.763155606113255,32.65905787268994,0.9113292772294485
2025-12-26,americano,59,50.695604483167706,49.87547694726147,1.0164435026210064
2025-12-26,cappuccino,91,76.04340672475158,74.81321542089222,1.0164435026210064
2025-12-26,cold_coffee,44,47.790748834602276,47.017614566248696,1.0164435026210064
2025-12-26,croissant,41,41.67706220885512,41.0028320328542,1.0164435026210064
2025-12-26,espresso,63,67.59413931089028,66.50063592968196,1.0164435026210064
2025-12-26,hot_chocolate,45,34.34217195956569,33.786601882948524,1.0164435026210064
2025-12-26,iced_latte,35,35.8430616259517,35.26321092468652,1.0164435026210064
2025-12-26,latte,64,84.49267413861283,83.12579491210244,1.0164435026210064
2025-12-26,masala_chai,81,68.13706121742312,67.03477472355773,1.0164435026210064
2025-12-26,sandwich,34,43.48910839184884,42.785563860369614,1.0164435026210064
2025-12-27,americano,40,54.10686825573404,53.64936611566361,1.0085276336552438
2025-12-27,cappuccino,89,81.16030238360108,80.47404917349543,1.0085276336552438
2025-12-27,cold_coffee,61,55.84367817568127,55.371490390684656,1.0085276336552438
2025-12-27,croissant,43,49.78307938851874,49.36213716632444,1.0085276336552438
2025-12-27,espresso,59,72.1424910076454,71.53248815421817,1.0085276336552438
2025-12-27,hot_chocolate,52,36.79993299943401,36.488770135190705,1.0085276336552438
2025-12-27,iced_latte,44,41.882758631760936,41.52861779301348,1.0085276336552438
2025-12-27,latte,130,90.17811375955675,89.4156101927727,1.0085276336552438
2025-12-27,masala_chai,83,72.86753509614033,72.25140161211434,1.0085276336552438
2025-12-27,sandwich,37,45.95361174324807,45.56504969199178,1.0085276336552438
2025-12-28,americano,52,59.19768188065255,51.27225365901722,1.1545753825127891
2025-12-28,cappuccino,79,88.79652282097882,76.90838048852582,1.1545753825127891
2025-12-28,cold_coffee,57,64.1021290113815,55.520089880897366,1.1545753825127891
2025-12-28,croissant,92,71.2503096331209,61.711266940451736,1.1545753825127891
2025-12-28,espresso,91,78.93024250753676,68.36300487868964,1.1545753825127891
2025-12-28,hot_chocolate,70,40.02151864526724,34.66340894794189,1.1545753825127891
2025-12-28,iced_latte,57,48.07659675853613,41.64006741067302,1.1545753825127891
2025-12-28,latte,119,127.14278754435682,110.12081971438403,1.1545753825127891
2025-12-28,masala_chai,66,79.48469251611719,68.84322472139384,1.1545753825127891
2025-12-28,sandwich,65,51.03714486950938,44.204255211498975,1.1545753825127891
2025-12-29,americano,50,42.85841735474941,45.06900779249672,0.9509509850333262
2025-12-29,cappuccino,54,64.2876260321241,67.60351168874506,0.9509509850333262
2025-12-29,cold_coffee,44,43.07293901863876,45.29459424991212,0.9509509850333262
2025-12-29,croissant,35,35.945854468620134,37.79990244960986,0.9509509850333262
2025-12-29,espresso,80,57.144556472999206,60.092010389995615,0.9509509850333262
2025-12-29,hot_chocolate,14,28.80177321834706,30.287337277785873,0.9509509850333262
2025-12-29,iced_latte,30,32.30470426397908,33.9709456874341,0.9509509850333262
2025-12-29,latte,115,92.04986545264047,96.79769714883315,0.9509509850333262
2025-12-29,masala_chai,56,57.37359246549495,60.332859809261656,0.9509509850333262
2025-12-29,sandwich,33,37.508717706386236,39.443376469158125,0.9509509850333262
2025-12-30,americano,47,62.39783593450506,54.841594469222755,1.137783037462977
2025-12-30,cappuccino,94,93.59675390175758,82.26239170383413,1.137783037462977
2025-12-30,cold_coffee,85,70.70550723697461,62.14322494614914,1.137783037462977
2025-12-30,croissant,43,54.333571442775494,47.75389477059548,1.137783037462977
2025-12-30,espresso,105,83.1971145793401,73.12212595896368,1.137783037462977
2025-12-30,hot_chocolate,57,41.30838417940086,36.306029198246875,1.137783037462977
2025-12-30,iced_latte,77,53.02913042773095,46.60741870961185,1.137783037462977
2025-12-30,latte,106,103.99639322417512,91.4026574487046,1.137783037462977
2025-12-30,masala_chai,70,82.90643366664631,72.86664586906716,1.137783037462977
2025-12-30,sandwich,79,56.69590063593965,49.8301510649692,1.137783037462977
2025-12-31,americano,57,64.57278254959226,58.9745606742533,1.094926046270371
2025-12-31,cappuccino,118,96.85917382438839,88.46184101137995,1.094926046270371
2025-12-31,cold_coffee,42,61.428048870268086,56.10246379607962,1.094926046270371
2025-12-31,croissant,72,54.98984460148017,50.22242807063655,1.094926046270371
2025-12-31,espresso,62,96.12776690230565,87.79384436943857,1.094926046270371
2025-12-31,hot_chocolate,49,52.138969291265504,47.6187131257546,1.094926046270371
2025-12-31,iced_latte,32,46.07103665270106,42.07684784705971,1.094926046270371
2025-12-31,latte,122,107.62130424932043,98.29093445708882,1.094926046270371
2025-12-31,masala_chai,137,104.38226867746683,95.33271131235071,1.094926046270371
2025-12-31,sandwich,62,55.13048359023077,50.35087417823409,1.094926046270371
